ISO-10303-21;
HEADER;
FILE_DESCRIPTION (( 'STEP AP214' ),
    '1' );
FILE_NAME ('HC-49S_L7.0-W4.0.STEP',
    '2022-03-13T04:45:39',
    ( 'Sky123.Org' ),
    ( 'Sky123.Org' ),
    'SwSTEP 2.0',
    'SolidWorks 2017',
    '' );
FILE_SCHEMA (( 'AUTOMOTIVE_DESIGN' ));
ENDSEC;

DATA;
#1 = CARTESIAN_POINT ( 'NONE',  ( -0.7123666158536584600, -0.1347112386578366800, 0.01000000000000000000 ) ) ;
#2 = ORIENTED_EDGE ( 'NONE', *, *, #794, .T. ) ;
#3 = CARTESIAN_POINT ( 'NONE',  ( 0.3156673051435928700, -0.2516301317854660000, 6.776263578034402700E-018 ) ) ;
#4 = LINE ( 'NONE', #4095, #3924 ) ;
#5 = COLOUR_RGB ( '',0.2980392156862745100, 0.2980392156862745100, 0.2980392156862745100 ) ;
#6 = PRESENTATION_STYLE_ASSIGNMENT (( #4072 ) ) ;
#7 = DIRECTION ( 'NONE',  ( 0.0000000000000000000, -1.000000000000000000, 0.0000000000000000000 ) ) ;
#8 = LINE ( 'NONE', #2784, #3613 ) ;
#9 = ADVANCED_FACE ( 'NONE', ( #1969 ), #49, .T. ) ;
#10 = LINE ( 'NONE', #3373, #851 ) ;
#11 = ORIENTED_EDGE ( 'NONE', *, *, #4005, .F. ) ;
#12 = CARTESIAN_POINT ( 'NONE',  ( 0.4393102134146348900, -0.2261746532919830500, 0.0000000000000000000 ) ) ;
#13 = DIRECTION ( 'NONE',  ( -0.0000000000000000000, 0.0000000000000000000, -1.000000000000000000 ) ) ;
#14 = CARTESIAN_POINT ( 'NONE',  ( 0.5654144404474135100, -0.2550719493636587900, 0.01000000000000000000 ) ) ;
#15 = ORIENTED_EDGE ( 'NONE', *, *, #1309, .F. ) ;
#16 = VECTOR ( 'NONE', #3274, 1000.000000000000000 ) ;
#17 = CARTESIAN_POINT ( 'NONE',  ( 0.4457335509202433600, -0.2260091042500413600, -0.0000000000000000000 ) ) ;
#18 = CARTESIAN_POINT ( 'NONE',  ( 0.4942627770300098700, -0.2190856217435321900, 3.388131789017201400E-018 ) ) ;
#19 = ORIENTED_EDGE ( 'NONE', *, *, #205, .T. ) ;
#20 = B_SPLINE_CURVE_WITH_KNOTS ( 'NONE', 3,
 ( #1737, #1755, #1540, #1515, #1550, #1444, #1423, #1416, #1408, #1351, #1272 ),
 .UNSPECIFIED., .F., .F.,
 ( 4, 1, 1, 1, 1, 1, 1, 1, 4 ),
 ( 0.0000000000000000000, 0.1451868664724689000, 0.2834426109197292200, 0.4165243659288286900, 0.5431811235350828500, 0.6651530826377133300, 0.7813602063127153000, 0.8927566556418089500, 0.9999999999999998900 ),
 .UNSPECIFIED. ) ;
#21 = CARTESIAN_POINT ( 'NONE',  ( 0.4091822946474112900, -0.2792319737929689900, -0.0000000000000000000 ) ) ;
#22 = ORIENTED_EDGE ( 'NONE', *, *, #2754, .T. ) ;
#23 = CARTESIAN_POINT ( 'NONE',  ( -0.04268292682926762300, 0.2250448589031389100, 0.01000000000000000000 ) ) ;
#24 = DIRECTION ( 'NONE',  ( 0.0000000000000000000, 0.0000000000000000000, -1.000000000000000000 ) ) ;
#25 = CARTESIAN_POINT ( 'NONE',  ( 0.1463414634146348300, 0.005532663781187717100, 0.0000000000000000000 ) ) ;
#26 = VECTOR ( 'NONE', #4003, 1000.000000000000000 ) ;
#27 = VERTEX_POINT ( 'NONE', #276 ) ;
#28 = ADVANCED_FACE ( 'NONE', ( #2854 ), #150, .T. ) ;
#29 = EDGE_LOOP ( 'NONE', ( #378, #3850, #85, #4415 ) ) ;
#30 = CARTESIAN_POINT ( 'NONE',  ( -0.7123666158536584600, -0.1347112386578366800, 0.01000000000000000000 ) ) ;
#31 = DIRECTION ( 'NONE',  ( -1.000000000000000000, 0.0000000000000000000, 0.0000000000000000000 ) ) ;
#32 = ORIENTED_EDGE ( 'NONE', *, *, #1043, .F. ) ;
#33 = CARTESIAN_POINT ( 'NONE',  ( 0.3523311418886930200, 0.1639609332968831300, 0.01000000000000000000 ) ) ;
#34 = DIRECTION ( 'NONE',  ( 0.0000000000000000000, -0.0000000000000000000, 1.000000000000000000 ) ) ;
#35 = SURFACE_STYLE_FILL_AREA ( #3956 ) ;
#36 = CARTESIAN_POINT ( 'NONE',  ( -0.5262737158895529600, 0.1030975487269055700, 0.01000000000000000000 ) ) ;
#37 = B_SPLINE_SURFACE_WITH_KNOTS ( 'NONE', 3, 1, ( 
 ( #2807, #3562 ),
 ( #2841, #3001 ),
 ( #4013, #1322 ),
 ( #3977, #2991 ),
 ( #2994, #2972 ),
 ( #2964, #2947 ),
 ( #2931, #2918 ) ),
 .UNSPECIFIED., .F., .F., .F.,
 ( 4, 1, 1, 1, 4 ),
 ( 2, 2 ),
 ( 0.0000000000000000000, 0.1744817153170500300, 0.3982857591281133700, 0.6738978473986659800, 1.000000000000000000 ),
 ( 0.0000000000000000000, 1.000000000000000000 ),
 .UNSPECIFIED. ) ;
#38 = AXIS2_PLACEMENT_3D ( 'NONE', #3325, #3283, #3308 ) ;
#39 = EDGE_LOOP ( 'NONE', ( #273, #1713, #130, #2126 ) ) ;
#40 = DIRECTION ( 'NONE',  ( 0.0000000000000000000, 1.000000000000000000, 0.0000000000000000000 ) ) ;
#41 = VECTOR ( 'NONE', #3462, 1000.000000000000000 ) ;
#42 = EDGE_LOOP ( 'NONE', ( #3524, #2927, #3671, #368 ) ) ;
#43 = LINE ( 'NONE', #1817, #841 ) ;
#44 = CARTESIAN_POINT ( 'NONE',  ( 3.799999999999999800, 0.2499999999999994700, 0.2899999999999999800 ) ) ;
#45 = VERTEX_POINT ( 'NONE', #3208 ) ;
#46 = AXIS2_PLACEMENT_3D ( 'NONE', #1054, #3473, #1437 ) ;
#47 =( LENGTH_UNIT ( ) NAMED_UNIT ( * ) SI_UNIT ( .MILLI., .METRE. ) );
#48 = EDGE_CURVE ( 'NONE', #460, #3962, #3065, .T. ) ;
#49 = PLANE ( 'NONE',  #495 ) ;
#50 = CARTESIAN_POINT ( 'NONE',  ( 0.6552522120671927500, 0.09699711865594502800, 6.776263578034402700E-018 ) ) ;
#51 = ORIENTED_EDGE ( 'NONE', *, *, #1471, .T. ) ;
#52 = CARTESIAN_POINT ( 'NONE',  ( -0.1524390243902424600, -0.2749551410968610900, 0.0000000000000000000 ) ) ;
#54 = COLOUR_RGB ( '',0.6666666666666666300, 0.6666666666666666300, 0.6666666666666666300 ) ;
#53 = DIRECTION ( 'NONE',  ( -0.0000000000000000000, -0.0000000000000000000, -1.000000000000000000 ) ) ;
#55 = DIRECTION ( 'NONE',  ( 1.000000000000000000, 0.0000000000000000000, 0.0000000000000000000 ) ) ;
#56 = MECHANICAL_DESIGN_GEOMETRIC_PRESENTATION_REPRESENTATION (  '', ( #3073 ), #299 ) ;
#57 = CARTESIAN_POINT ( 'NONE',  ( 0.5971118219282970400, -0.1283517632070821100, 0.01000000000000000000 ) ) ;
#58 = VECTOR ( 'NONE', #1354, 1000.000000000000000 ) ;
#59 = CARTESIAN_POINT ( 'NONE',  ( -1.500000000000000400, 0.0000000000000000000, 1.000000000000000000 ) ) ;
#60 = LINE ( 'NONE', #2481, #702 ) ;
#61 = CIRCLE ( 'NONE', #2487, 0.2000000000000000900 ) ;
#62 = DIRECTION ( 'NONE',  ( -1.000000000000000000, 0.0000000000000000000, -0.0000000000000000000 ) ) ;
#63 = PLANE ( 'NONE',  #713 ) ;
#64 = CARTESIAN_POINT ( 'NONE',  ( 0.4348425162981094900, 0.1761187030552720500, 0.01000000000000000000 ) ) ;
#65 = MECHANICAL_DESIGN_GEOMETRIC_PRESENTATION_REPRESENTATION (  '', ( #4040 ), #309 ) ;
#66 = CARTESIAN_POINT ( 'NONE',  ( -0.3964004182984792200, 0.2088781016803973600, 0.0000000000000000000 ) ) ;
#67 = DIRECTION ( 'NONE',  ( 0.0000000000000000000, -1.000000000000000000, 0.0000000000000000000 ) ) ;
#68 = DIRECTION ( 'NONE',  ( 0.3222024856061135900, -0.9466707760722531400, 0.0000000000000000000 ) ) ;
#69 = ADVANCED_FACE ( 'NONE', ( #3285 ), #1882, .F. ) ;
#70 = ORIENTED_EDGE ( 'NONE', *, *, #3570, .T. ) ;
#71 = CARTESIAN_POINT ( 'NONE',  ( -0.8112500380320643000, 0.1605088030029309400, 6.776263578034402700E-018 ) ) ;
#72 = MECHANICAL_DESIGN_GEOMETRIC_PRESENTATION_REPRESENTATION (  '', ( #4048 ), #313 ) ;
#73 = EDGE_CURVE ( 'NONE', #4114, #894, #3172, .T. ) ;
#74 = CARTESIAN_POINT ( 'NONE',  ( 0.6429387546605859200, 0.1190480376029081100, 0.01000000000000000000 ) ) ;
#75 = ORIENTED_EDGE ( 'NONE', *, *, #4051, .F. ) ;
#76 = ORIENTED_EDGE ( 'NONE', *, *, #590, .F. ) ;
#77 = CARTESIAN_POINT ( 'NONE',  ( 3.500000000000000000, -2.000000000000000000, 0.0000000000000000000 ) ) ;
#78 = UNCERTAINTY_MEASURE_WITH_UNIT (LENGTH_MEASURE( 1.000000000000000100E-005 ), #4388, 'distance_accuracy_value', 'NONE');
#79 = ORIENTED_EDGE ( 'NONE', *, *, #1208, .T. ) ;
#80 = AXIS2_PLACEMENT_3D ( 'NONE', #2323, #1658, #2418 ) ;
#81 = DIRECTION ( 'NONE',  ( 1.000000000000000000, 0.0000000000000000000, 0.0000000000000000000 ) ) ;
#82 = DIRECTION ( 'NONE',  ( 1.000000000000000000, 0.0000000000000000000, 0.0000000000000000000 ) ) ;
#83 = VERTEX_POINT ( 'NONE', #291 ) ;
#84 =( NAMED_UNIT ( * ) SI_UNIT ( $, .STERADIAN. ) SOLID_ANGLE_UNIT ( ) );
#85 = ORIENTED_EDGE ( 'NONE', *, *, #1592, .T. ) ;
#86 = LINE ( 'NONE', #1028, #93 ) ;
#87 = CARTESIAN_POINT ( 'NONE',  ( 0.6429387546605859200, 0.1190480376029081100, 6.776263578034402700E-018 ) ) ;
#88 = B_SPLINE_SURFACE_WITH_KNOTS ( 'NONE', 3, 1, ( 
 ( #1762, #1736 ),
 ( #4204, #1157 ),
 ( #1162, #1190 ),
 ( #1241, #4025 ),
 ( #1095, #1131 ),
 ( #1308, #4189 ),
 ( #889, #3665 ),
 ( #3706, #2973 ),
 ( #2138, #3127 ),
 ( #3050, #240 ),
 ( #1546, #855 ) ),
 .UNSPECIFIED., .F., .F., .F.,
 ( 4, 1, 1, 1, 1, 1, 1, 1, 4 ),
 ( 2, 2 ),
 ( 0.0000000000000000000, 0.1352946047634291100, 0.2667656579247481000, 0.3948160188358722500, 0.5200516544342459500, 0.6421757029708216000, 0.7626518205584230700, 0.8818340043805018600, 1.000000000000000000 ),
 ( 0.0000000000000000000, 1.000000000000000000 ),
 .UNSPECIFIED. ) ;
#89 = ORIENTED_EDGE ( 'NONE', *, *, #2963, .T. ) ;
#90 = CARTESIAN_POINT ( 'NONE',  ( 0.3154158025699777500, 0.1468322624720492200, 0.01000000000000000000 ) ) ;
#91 = AXIS2_PLACEMENT_3D ( 'NONE', #2805, #2983, #3113 ) ;
#92 = ADVANCED_FACE ( 'NONE', ( #3506 ), #260, .T. ) ;
#93 = VECTOR ( 'NONE', #2831, 1000.000000000000000 ) ;
#94 = PLANE ( 'NONE',  #2522 ) ;
#95 = LINE ( 'NONE', #1480, #3639 ) ;
#96 = CARTESIAN_POINT ( 'NONE',  ( -0.6646341463414632300, -0.2749551410968610900, 0.0000000000000000000 ) ) ;
#97 = VERTEX_POINT ( 'NONE', #2226 ) ;
#98 = LINE ( 'NONE', #3949, #1065 ) ;
#99 = CARTESIAN_POINT ( 'NONE',  ( -0.1524390243902424600, 0.2250448589031389100, 0.0000000000000000000 ) ) ;
#100 = DIRECTION ( 'NONE',  ( 0.0000000000000000000, -0.0000000000000000000, -1.000000000000000000 ) ) ;
#101 = ORIENTED_EDGE ( 'NONE', *, *, #1819, .F. ) ;
#102 = CARTESIAN_POINT ( 'NONE',  ( 0.3109756097560982800, -0.2490405069505196000, 0.01000000000000000000 ) ) ;
#103 = SURFACE_STYLE_FILL_AREA ( #4063 ) ;
#104 = VERTEX_POINT ( 'NONE', #705 ) ;
#105 = COLOUR_RGB ( '',0.6666666666666666300, 0.6666666666666666300, 0.6666666666666666300 ) ;
#106 = VERTEX_POINT ( 'NONE', #734 ) ;
#107 = EDGE_CURVE ( 'NONE', #1601, #1917, #3646, .T. ) ;
#108 = CARTESIAN_POINT ( 'NONE',  ( 0.6282416040731024800, 0.1395686924965503200, 0.01000000000000000000 ) ) ;
#109 = B_SPLINE_SURFACE_WITH_KNOTS ( 'NONE', 3, 1, ( 
 ( #2171, #358 ),
 ( #2053, #1813 ),
 ( #1537, #1350 ),
 ( #1229, #3863 ),
 ( #121, #2627 ),
 ( #465, #2607 ),
 ( #1600, #1573 ),
 ( #1554, #1539 ),
 ( #1516, #1513 ),
 ( #1475, #1458 ),
 ( #1452, #4408 ),
 ( #3887, #4400 ),
 ( #3904, #3896 ),
 ( #787, #4319 ),
 ( #4002, #3029 ),
 ( #721, #1982 ),
 ( #532, #215 ),
 ( #3714, #2768 ),
 ( #2699, #2710 ) ),
 .UNSPECIFIED., .F., .F., .F.,
 ( 4, 1, 1, 1, 1, 1, 1, 1, 1, 1, 1, 1, 1, 1, 1, 1, 4 ),
 ( 2, 2 ),
 ( 0.0000000000000000000, 0.06863117867660112300, 0.1345664660386772200, 0.1983281540108811900, 0.2607897666408450200, 0.3219991514841584200, 0.3827217465030197100, 0.4435374740357287400, 0.5051334294849249000, 0.5662138747646717800, 0.6261058646175454700, 0.6853493221605164700, 0.7449958703477971300, 0.8054158418145626100, 0.8676362663459532600, 0.9323077823023292500, 1.000000000000000000 ),
 ( 0.0000000000000000000, 1.000000000000000000 ),
 .UNSPECIFIED. ) ;
#110 = SURFACE_STYLE_FILL_AREA ( #3688 ) ;
#111 = SURFACE_STYLE_FILL_AREA ( #929 ) ;
#112 = CARTESIAN_POINT ( 'NONE',  ( -0.4878048780487790900, -0.02009614719442206300, 0.01000000000000000000 ) ) ;
#113 = EDGE_CURVE ( 'NONE', #2971, #2563, #3748, .T. ) ;
#114 = LINE ( 'NONE', #4179, #1481 ) ;
#115 = FACE_OUTER_BOUND ( 'NONE', #4306, .T. ) ;
#116 = B_SPLINE_SURFACE_WITH_KNOTS ( 'NONE', 3, 1, ( 
 ( #3145, #4325 ),
 ( #1617, #3 ),
 ( #1487, #2294 ),
 ( #2336, #2327 ),
 ( #2318, #2343 ),
 ( #2368, #2359 ),
 ( #2395, #2402 ),
 ( #2408, #2412 ),
 ( #2542, #2524 ),
 ( #2480, #2518 ),
 ( #2557, #2552 ) ),
 .UNSPECIFIED., .F., .F., .F.,
 ( 4, 1, 1, 1, 1, 1, 1, 1, 4 ),
 ( 2, 2 ),
 ( 0.0000000000000000000, 0.1124483899088009100, 0.2265276752126780500, 0.3444019493260278000, 0.4658649724874585600, 0.5916594493521166700, 0.7221684870248877800, 0.8586063875549265800, 1.000000000000000000 ),
 ( 0.0000000000000000000, 1.000000000000000000 ),
 .UNSPECIFIED. ) ;
#117 = FILL_AREA_STYLE_COLOUR ( '', #2137 ) ;
#118 = CARTESIAN_POINT ( 'NONE',  ( 0.6157147486115227600, -0.03760110979840524500, 0.01000000000000000000 ) ) ;
#119 = ORIENTED_EDGE ( 'NONE', *, *, #2615, .T. ) ;
#120 = CARTESIAN_POINT ( 'NONE',  ( -0.4805904874864129800, 0.1591784151038042900, 0.0000000000000000000 ) ) ;
#121 = CARTESIAN_POINT ( 'NONE',  ( -0.3723473547832405500, 0.2160973510452043300, 0.01000000000000000000 ) ) ;
#122 = CARTESIAN_POINT ( 'NONE',  ( 0.4767545418744458800, -0.2231603268169375100, -0.0000000000000000000 ) ) ;
#123 = ADVANCED_FACE ( 'NONE', ( #968 ), #825, .T. ) ;
#124 =( GEOMETRIC_REPRESENTATION_CONTEXT ( 3 ) GLOBAL_UNCERTAINTY_ASSIGNED_CONTEXT ( ( #1343 ) ) GLOBAL_UNIT_ASSIGNED_CONTEXT ( ( #1254, #1312, #1403 ) ) REPRESENTATION_CONTEXT ( 'NONE', 'WORKASPACE' ) );
#125 = ORIENTED_EDGE ( 'NONE', *, *, #4326, .F. ) ;
#126 = CARTESIAN_POINT ( 'NONE',  ( -0.5542802873806451600, -0.04662243073984359600, 0.01000000000000000000 ) ) ;
#127 = FACE_BOUND ( 'NONE', #3947, .T. ) ;
#128 = CARTESIAN_POINT ( 'NONE',  ( 0.4942627770300098700, -0.2190856217435321900, 0.0000000000000000000 ) ) ;
#129 = CARTESIAN_POINT ( 'NONE',  ( 0.6282416040731024800, 0.1395686924965503200, 6.776263578034402700E-018 ) ) ;
#130 = ORIENTED_EDGE ( 'NONE', *, *, #3299, .T. ) ;
#131 = CARTESIAN_POINT ( 'NONE',  ( -0.7292301829268291700, -0.07983318987734888700, 0.01000000000000000000 ) ) ;
#132 =( GEOMETRIC_REPRESENTATION_CONTEXT ( 3 ) GLOBAL_UNCERTAINTY_ASSIGNED_CONTEXT ( ( #3298 ) ) GLOBAL_UNIT_ASSIGNED_CONTEXT ( ( #1337, #2922, #2489 ) ) REPRESENTATION_CONTEXT ( 'NONE', 'WORKASPACE' ) );
#133 = CARTESIAN_POINT ( 'NONE',  ( -1.500000000000000400, -1.349999999999998800, 1.800000000000000000 ) ) ;
#134 = PLANE ( 'NONE',  #2018 ) ;
#135 = CARTESIAN_POINT ( 'NONE',  ( 0.5445714248179758200, -0.2645104882134307600, 6.776263578034402700E-018 ) ) ;
#136 = CARTESIAN_POINT ( 'NONE',  ( 0.5546881159329756200, -0.1858273651296294700, 0.01000000000000000000 ) ) ;
#137 = EDGE_LOOP ( 'NONE', ( #1993, #4359, #1220, #817 ) ) ;
#138 = DIRECTION ( 'NONE',  ( 0.0000000000000000000, 0.0000000000000000000, 1.000000000000000000 ) ) ;
#139 = EDGE_CURVE ( 'NONE', #2865, #2985, #3609, .T. ) ;
#140 = ORIENTED_EDGE ( 'NONE', *, *, #3042, .F. ) ;
#141 = CARTESIAN_POINT ( 'NONE',  ( -0.9695121951219510800, -0.2749551410968610900, 0.01000000000000000000 ) ) ;
#142 = VERTEX_POINT ( 'NONE', #867 ) ;
#143 = CARTESIAN_POINT ( 'NONE',  ( -0.2195121951219497800, -0.2200770923163732900, 0.0000000000000000000 ) ) ;
#144 = VECTOR ( 'NONE', #1920, 1000.000000000000000 ) ;
#145 = ORIENTED_EDGE ( 'NONE', *, *, #1398, .F. ) ;
#146 = AXIS2_PLACEMENT_3D ( 'NONE', #2114, #1027, #998 ) ;
#147 = EDGE_CURVE ( 'NONE', #1627, #1303, #752, .T. ) ;
#148 = UNCERTAINTY_MEASURE_WITH_UNIT (LENGTH_MEASURE( 1.000000000000000100E-005 ), #2038, 'distance_accuracy_value', 'NONE');
#149 = ADVANCED_FACE ( 'NONE', ( #757 ), #814, .T. ) ;
#150 = PLANE ( 'NONE',  #941 ) ;
#151 = DIRECTION ( 'NONE',  ( 1.000000000000000000, 1.858632295689435900E-016, -0.0000000000000000000 ) ) ;
#152 = CARTESIAN_POINT ( 'NONE',  ( 0.5445714248179758200, -0.2645104882134307600, 0.01000000000000000000 ) ) ;
#153 = CARTESIAN_POINT ( 'NONE',  ( 3.500000000000000000, 2.000000000000000000, 0.0000000000000000000 ) ) ;
#154 = ORIENTED_EDGE ( 'NONE', *, *, #798, .F. ) ;
#155 =( NAMED_UNIT ( * ) SI_UNIT ( $, .STERADIAN. ) SOLID_ANGLE_UNIT ( ) );
#156 = CARTESIAN_POINT ( 'NONE',  ( -0.4672507317253940500, 0.08006126960779098900, 0.0000000000000000000 ) ) ;
#157 = ORIENTED_EDGE ( 'NONE', *, *, #1984, .F. ) ;
#158 = CARTESIAN_POINT ( 'NONE',  ( 0.5107842865561871300, -0.2132732091469785600, -0.0000000000000000000 ) ) ;
#159 = LINE ( 'NONE', #4338, #383 ) ;
#160 = STYLED_ITEM ( 'NONE', ( #4053 ), #1450 ) ;
#161 = LINE ( 'NONE', #3324, #1061 ) ;
#162 = ORIENTED_EDGE ( 'NONE', *, *, #3512, .F. ) ;
#163 = LINE ( 'NONE', #326, #1297 ) ;
#164 =( NAMED_UNIT ( * ) SI_UNIT ( $, .STERADIAN. ) SOLID_ANGLE_UNIT ( ) );
#165 = ORIENTED_EDGE ( 'NONE', *, *, #1052, .T. ) ;
#166 = VECTOR ( 'NONE', #1656, 1000.000000000000000 ) ;
#167 = DIRECTION ( 'NONE',  ( -1.000000000000000000, 0.0000000000000000000, 0.0000000000000000000 ) ) ;
#168 = CARTESIAN_POINT ( 'NONE',  ( 0.5224595266993281600, -0.2719800253693980800, 6.776263578034402700E-018 ) ) ;
#169 = DIRECTION ( 'NONE',  ( -0.0000000000000000000, -0.0000000000000000000, -1.000000000000000000 ) ) ;
#170 = CARTESIAN_POINT ( 'NONE',  ( -0.2932545731707302800, 0.1701668101226511100, 0.01000000000000000000 ) ) ;
#171 = CARTESIAN_POINT ( 'NONE',  ( 0.6113948168277751900, 0.1584196055067120200, 0.01000000000000000000 ) ) ;
#172 = ADVANCED_FACE ( 'NONE', ( #2689 ), #1154, .T. ) ;
#173 = SURFACE_STYLE_FILL_AREA ( #1380 ) ;
#174 = DIRECTION ( 'NONE',  ( -1.000000000000000000, 0.0000000000000000000, 0.0000000000000000000 ) ) ;
#175 = CARTESIAN_POINT ( 'NONE',  ( 2.850000000000000500, 0.0000000000000000000, 1.800000000000000000 ) ) ;
#176 = CARTESIAN_POINT ( 'NONE',  ( 0.5224595266993281600, -0.2719800253693980800, 0.01000000000000000000 ) ) ;
#177 = VECTOR ( 'NONE', #3660, 1000.000000000000000 ) ;
#178 = SURFACE_STYLE_FILL_AREA ( #1332 ) ;
#179 = ADVANCED_FACE ( 'NONE', ( #2587 ), #3652, .T. ) ;
#180 = AXIS2_PLACEMENT_3D ( 'NONE', #1100, #1109, #1121 ) ;
#181 = CARTESIAN_POINT ( 'NONE',  ( 0.5929558394664787800, 0.1755063587573295600, 0.01000000000000000000 ) ) ;
#182 = B_SPLINE_SURFACE_WITH_KNOTS ( 'NONE', 3, 1, ( 
 ( #322, #551 ),
 ( #247, #219 ),
 ( #201, #193 ),
 ( #186, #184 ),
 ( #176, #168 ),
 ( #152, #135 ),
 ( #14, #2684 ),
 ( #1022, #698 ),
 ( #679, #637 ),
 ( #365, #4121 ),
 ( #4084, #3749 ),
 ( #3717, #3441 ),
 ( #4071, #3400 ),
 ( #3098, #3069 ),
 ( #3044, #2726 ),
 ( #2711, #2423 ),
 ( #2410, #2396 ),
 ( #2378, #2055 ),
 ( #2042, #2019 ) ),
 .UNSPECIFIED., .F., .F., .F.,
 ( 4, 1, 1, 1, 1, 1, 1, 1, 1, 1, 1, 1, 1, 1, 1, 1, 4 ),
 ( 2, 2 ),
 ( 0.0000000000000000000, 0.06783324845577362600, 0.1326555365079042600, 0.1950508840508277100, 0.2555829330687771100, 0.3147998341472899000, 0.3736004728263745400, 0.4325455953267435300, 0.4924306292835654000, 0.5526712559629696200, 0.6125130441881164700, 0.6726102503570063900, 0.7338383693139459700, 0.7965942385677738900, 0.8614497992905731900, 0.9291989423509055000, 1.000000000000000000 ),
 ( 0.0000000000000000000, 1.000000000000000000 ),
 .UNSPECIFIED. ) ;
#183 = PLANE ( 'NONE',  #480 ) ;
#184 = CARTESIAN_POINT ( 'NONE',  ( 0.4990013883092910800, -0.2772962828177703600, 6.776263578034402700E-018 ) ) ;
#185 = CARTESIAN_POINT ( 'NONE',  ( -1.500000000000000400, -1.549999999999998900, 1.000000000000000000 ) ) ;
#186 = CARTESIAN_POINT ( 'NONE',  ( 0.4990013883092910800, -0.2772962828177703600, 0.01000000000000000000 ) ) ;
#187 = CARTESIAN_POINT ( 'NONE',  ( 0.5263499968943466900, -0.2057552587062764500, 0.0000000000000000000 ) ) ;
#188 = ORIENTED_EDGE ( 'NONE', *, *, #2509, .F. ) ;
#189 = ORIENTED_EDGE ( 'NONE', *, *, #848, .F. ) ;
#190 = AXIS2_PLACEMENT_3D ( 'NONE', #1642, #2974, #2875 ) ;
#191 = VERTEX_POINT ( 'NONE', #1311 ) ;
#192 = DIRECTION ( 'NONE',  ( -0.0000000000000000000, -0.0000000000000000000, -1.000000000000000000 ) ) ;
#193 = CARTESIAN_POINT ( 'NONE',  ( 0.4742051573765537800, -0.2804805589472413900, 6.776263578034402700E-018 ) ) ;
#194 = CARTESIAN_POINT ( 'NONE',  ( 0.4280678353658543500, 0.1762643710982608700, 0.0000000000000000000 ) ) ;
#195 = ADVANCED_FACE ( 'NONE', ( #286 ), #1211, .T. ) ;
#196 = ORIENTED_EDGE ( 'NONE', *, *, #4258, .F. ) ;
#197 = ORIENTED_EDGE ( 'NONE', *, *, #2238, .T. ) ;
#198 = EDGE_CURVE ( 'NONE', #3036, #2297, #1262, .T. ) ;
#199 = ORIENTED_EDGE ( 'NONE', *, *, #4398, .F. ) ;
#200 = CARTESIAN_POINT ( 'NONE',  ( 0.5929558394664787800, 0.1755063587573295600, 6.776263578034402700E-018 ) ) ;
#201 = CARTESIAN_POINT ( 'NONE',  ( 0.4742051573765537800, -0.2804805589472413900, 0.01000000000000000000 ) ) ;
#202 = UNCERTAINTY_MEASURE_WITH_UNIT (LENGTH_MEASURE( 1.000000000000000100E-005 ), #3468, 'distance_accuracy_value', 'NONE');
#203 = CARTESIAN_POINT ( 'NONE',  ( 0.5410302369630549700, -0.1966890952908888200, -0.0000000000000000000 ) ) ;
#204 = DIRECTION ( 'NONE',  ( 0.3390537954853692900, 0.9407669869669987900, 0.0000000000000000000 ) ) ;
#205 = EDGE_CURVE ( 'NONE', #1469, #106, #393, .T. ) ;
#206 = B_SPLINE_SURFACE_WITH_KNOTS ( 'NONE', 3, 1, ( 
 ( #1221, #2284 ),
 ( #2755, #3740 ),
 ( #884, #3842 ),
 ( #3173, #2880 ),
 ( #2763, #2028 ),
 ( #2118, #3926 ),
 ( #662, #50 ),
 ( #74, #87 ),
 ( #108, #129 ),
 ( #171, #4361 ),
 ( #181, #200 ),
 ( #229, #244 ),
 ( #1470, #265 ),
 ( #294, #300 ),
 ( #305, #426 ),
 ( #430, #454 ),
 ( #468, #2517 ),
 ( #478, #492 ),
 ( #494, #502 ) ),
 .UNSPECIFIED., .F., .F., .F.,
 ( 4, 1, 1, 1, 1, 1, 1, 1, 1, 1, 1, 1, 1, 1, 1, 1, 4 ),
 ( 2, 2 ),
 ( 0.0000000000000000000, 0.07064371857535413400, 0.1382567155089045600, 0.2033641242175800200, 0.2663240938030567700, 0.3279047615429893100, 0.3887377151730920800, 0.4494235281093023100, 0.5108610114593154000, 0.5720793960475145700, 0.6317344287314452500, 0.6911172105788376800, 0.7503600294901704400, 0.8100329005312619800, 0.8713624508287359800, 0.9344271412311532200, 1.000000000000000000 ),
 ( 0.0000000000000000000, 1.000000000000000000 ),
 .UNSPECIFIED. ) ;
#207 = CARTESIAN_POINT ( 'NONE',  ( 0.5503284455404371400, 0.1336729282781080900, 1.524659305057740600E-017 ) ) ;
#208 = FILL_AREA_STYLE_COLOUR ( '', #1250 ) ;
#209 = SURFACE_SIDE_STYLE ('',( #2939 ) ) ;
#210 = B_SPLINE_SURFACE_WITH_KNOTS ( 'NONE', 3, 1, ( 
 ( #1385, #4092 ),
 ( #3645, #1268 ),
 ( #3013, #350 ),
 ( #449, #4365 ),
 ( #4224, #4133 ),
 ( #2219, #3914 ),
 ( #1486, #520 ),
 ( #3092, #4344 ),
 ( #4281, #1125 ),
 ( #1150, #2803 ),
 ( #3198, #3168 ) ),
 .UNSPECIFIED., .F., .F., .F.,
 ( 4, 1, 1, 1, 1, 1, 1, 1, 4 ),
 ( 2, 2 ),
 ( 0.0000000000000000000, 0.1451868664724689000, 0.2834426109197292200, 0.4165243659288286900, 0.5431811235350828500, 0.6651530826377133300, 0.7813602063127153000, 0.8927566556418089500, 0.9999999999999998900 ),
 ( 0.0000000000000000000, 1.000000000000000000 ),
 .UNSPECIFIED. ) ;
#211 = MECHANICAL_DESIGN_GEOMETRIC_PRESENTATION_REPRESENTATION (  '', ( #3961 ), #447 ) ;
#212 = CARTESIAN_POINT ( 'NONE',  ( 0.5761349786781614400, 0.1060958577627817800, 0.0000000000000000000 ) ) ;
#213 = VECTOR ( 'NONE', #1801, 1000.000000000000000 ) ;
#214 = ORIENTED_EDGE ( 'NONE', *, *, #2372, .F. ) ;
#215 = CARTESIAN_POINT ( 'NONE',  ( -0.5542882031863094500, 0.008118969072721247600, 6.776263578034402700E-018 ) ) ;
#216 = EDGE_CURVE ( 'NONE', #3212, #2761, #1194, .T. ) ;
#217 = LINE ( 'NONE', #2708, #1359 ) ;
#218 = DIRECTION ( 'NONE',  ( 0.0000000000000000000, 0.0000000000000000000, -1.000000000000000000 ) ) ;
#219 = CARTESIAN_POINT ( 'NONE',  ( 0.4572313600440441300, -0.2808591235300452200, 6.776263578034402700E-018 ) ) ;
#220 = ORIENTED_EDGE ( 'NONE', *, *, #3775, .T. ) ;
#221 = VECTOR ( 'NONE', #1207, 1000.000000000000000 ) ;
#222 = ORIENTED_EDGE ( 'NONE', *, *, #4327, .T. ) ;
#223 = ORIENTED_EDGE ( 'NONE', *, *, #1460, .F. ) ;
#224 = ADVANCED_FACE ( 'NONE', ( #2274 ), #1577, .T. ) ;
#225 = CYLINDRICAL_SURFACE ( 'NONE', #4272, 1.550000000000000300 ) ;
#226 = PRESENTATION_LAYER_ASSIGNMENT (  '', '', ( #4191 ) ) ;
#227 = DIRECTION ( 'NONE',  ( 0.0000000000000000000, -0.0000000000000000000, 1.000000000000000000 ) ) ;
#228 = VECTOR ( 'NONE', #3774, 1000.000000000000000 ) ;
#229 = CARTESIAN_POINT ( 'NONE',  ( 0.5730602608781829600, 0.1904165701611277300, 0.01000000000000000000 ) ) ;
#230 = CARTESIAN_POINT ( 'NONE',  ( -0.7123666158536584600, -0.1347112386578366800, 0.0000000000000000000 ) ) ;
#231 = B_SPLINE_CURVE_WITH_KNOTS ( 'NONE', 3,
 ( #503, #924, #406, #388, #1196, #372, #367, #364, #337, #250, #245, #203, #187, #158, #128, #122, #3819, #17, #12 ),
 .UNSPECIFIED., .F., .F.,
 ( 4, 1, 1, 1, 1, 1, 1, 1, 1, 1, 1, 1, 1, 1, 1, 1, 4 ),
 ( 0.0000000000000000000, 0.07377411937406352900, 0.1440791147260412600, 0.2113485183089115200, 0.2760768857398837000, 0.3385209158196765800, 0.3998851166931335400, 0.4602540674652130800, 0.5205889643912479100, 0.5802076845630441700, 0.6386329085525458400, 0.6963645494905240700, 0.7540017746600128400, 0.8128056813744977100, 0.8727544255255603700, 0.9351819969782670900, 1.000000000000000000 ),
 .UNSPECIFIED. ) ;
#232 = DIRECTION ( 'NONE',  ( 0.0000000000000000000, 0.0000000000000000000, -1.000000000000000000 ) ) ;
#233 = FACE_OUTER_BOUND ( 'NONE', #4156, .T. ) ;
#234 = CARTESIAN_POINT ( 'NONE',  ( -0.3127223659116400400, -0.2195965401031683100, 0.01000000000000000000 ) ) ;
#235 = DIRECTION ( 'NONE',  ( 0.0000000000000000000, -1.000000000000000000, 0.0000000000000000000 ) ) ;
#236 = EDGE_CURVE ( 'NONE', #2789, #3257, #2910, .T. ) ;
#237 = FILL_AREA_STYLE ('',( #3385 ) ) ;
#238 = ORIENTED_EDGE ( 'NONE', *, *, #4203, .T. ) ;
#239 = ORIENTED_EDGE ( 'NONE', *, *, #3953, .T. ) ;
#240 = CARTESIAN_POINT ( 'NONE',  ( 0.3155717748205165700, -0.1967512352590506100, 6.776263578034402700E-018 ) ) ;
#241 = CARTESIAN_POINT ( 'NONE',  ( -0.4221823489837568900, -0.1800535754266360300, 1.185846126156020500E-017 ) ) ;
#242 = ADVANCED_FACE ( 'NONE', ( #1438 ), #1631, .T. ) ;
#243 = ORIENTED_EDGE ( 'NONE', *, *, #733, .T. ) ;
#244 = CARTESIAN_POINT ( 'NONE',  ( 0.5730602608781829600, 0.1904165701611277300, 6.776263578034402700E-018 ) ) ;
#245 = CARTESIAN_POINT ( 'NONE',  ( 0.5546881159329756200, -0.1858273651296294700, 0.0000000000000000000 ) ) ;
#246 = CARTESIAN_POINT ( 'NONE',  ( 0.6744179057464898500, -0.1115820310669490400, 0.0000000000000000000 ) ) ;
#247 = CARTESIAN_POINT ( 'NONE',  ( 0.4572313600440441300, -0.2808591235300452200, 0.01000000000000000000 ) ) ;
#248 = ORIENTED_EDGE ( 'NONE', *, *, #2592, .F. ) ;
#249 = AXIS2_PLACEMENT_3D ( 'NONE', #2664, #3305, #724 ) ;
#250 = CARTESIAN_POINT ( 'NONE',  ( 0.5673533901101536200, -0.1734595390745556100, -0.0000000000000000000 ) ) ;
#251 = ORIENTED_EDGE ( 'NONE', *, *, #994, .F. ) ;
#252 = LINE ( 'NONE', #1426, #26 ) ;
#253 = VECTOR ( 'NONE', #3079, 1000.000000000000000 ) ;
#254 = VERTEX_POINT ( 'NONE', #1640 ) ;
#255 = CARTESIAN_POINT ( 'NONE',  ( -0.8112500380320643000, 0.1605088030029309400, 0.01000000000000000000 ) ) ;
#256 = CARTESIAN_POINT ( 'NONE',  ( -0.4849282495683435700, -0.06451255395217828100, 0.01000000000000000000 ) ) ;
#257 = DIRECTION ( 'NONE',  ( 1.858632295689435900E-016, -1.000000000000000000, 0.0000000000000000000 ) ) ;
#258 = CARTESIAN_POINT ( 'NONE',  ( -0.8038300304878047700, 0.1290082735372852800, 0.0000000000000000000 ) ) ;
#259 =( NAMED_UNIT ( * ) SI_UNIT ( $, .STERADIAN. ) SOLID_ANGLE_UNIT ( ) );
#260 = PLANE ( 'NONE',  #2781 ) ;
#261 = ORIENTED_EDGE ( 'NONE', *, *, #3270, .F. ) ;
#262 = ORIENTED_EDGE ( 'NONE', *, *, #1551, .F. ) ;
#263 = ADVANCED_FACE ( 'NONE', ( #2688 ), #1998, .T. ) ;
#264 = ORIENTED_EDGE ( 'NONE', *, *, #1460, .T. ) ;
#265 = CARTESIAN_POINT ( 'NONE',  ( 0.5519480709241034700, 0.2030169446059528200, 6.776263578034402700E-018 ) ) ;
#266 = LINE ( 'NONE', #3347, #3794 ) ;
#267 = DIRECTION ( 'NONE',  ( 0.0000000000000000000, 0.0000000000000000000, 1.000000000000000000 ) ) ;
#269 = CIRCLE ( 'NONE', #617, 0.2000000000000000900 ) ;
#268 = LINE ( 'NONE', #3758, #2310 ) ;
#270 = AXIS2_PLACEMENT_3D ( 'NONE', #4127, #2624, #2250 ) ;
#271 = ORIENTED_EDGE ( 'NONE', *, *, #48, .T. ) ;
#272 = CARTESIAN_POINT ( 'NONE',  ( -0.8475609756097559600, 0.2250448589031389100, 0.0000000000000000000 ) ) ;
#273 = ORIENTED_EDGE ( 'NONE', *, *, #2866, .F. ) ;
#274 = CARTESIAN_POINT ( 'NONE',  ( -0.5548780487804863000, -0.01866703134076352200, 0.01000000000000000000 ) ) ;
#275 = PRESENTATION_STYLE_ASSIGNMENT (( #2255 ) ) ;
#276 = CARTESIAN_POINT ( 'NONE',  ( -0.5548780487804863000, -0.01866703134076352200, 0.01000000000000000000 ) ) ;
#277 = CARTESIAN_POINT ( 'NONE',  ( -1.500000000000000400, -1.549999999999998900, 2.000000000000000000 ) ) ;
#278 = ORIENTED_EDGE ( 'NONE', *, *, #3521, .F. ) ;
#279 = LINE ( 'NONE', #2793, #1742 ) ;
#280 = LINE ( 'NONE', #2995, #2431 ) ;
#281 = STYLED_ITEM ( 'NONE', ( #3561 ), #2216 ) ;
#282 = FACE_OUTER_BOUND ( 'NONE', #4376, .T. ) ;
#283 = CARTESIAN_POINT ( 'NONE',  ( -0.03048780487804810300, 0.005532663781187717100, 0.0000000000000000000 ) ) ;
#284 = LINE ( 'NONE', #3053, #699 ) ;
#285 =( NAMED_UNIT ( * ) PLANE_ANGLE_UNIT ( ) SI_UNIT ( $, .RADIAN. ) );
#286 = FACE_OUTER_BOUND ( 'NONE', #2515, .T. ) ;
#287 = CARTESIAN_POINT ( 'NONE',  ( 0.4280678353658543500, 0.1762643710982608700, 6.776263578034402700E-018 ) ) ;
#288 = CARTESIAN_POINT ( 'NONE',  ( -0.5914634146341462000, -0.2749551410968610900, 0.0000000000000000000 ) ) ;
#289 = FACE_OUTER_BOUND ( 'NONE', #2286, .T. ) ;
#290 = ADVANCED_FACE ( 'NONE', ( #1795 ), #2505, .T. ) ;
#291 = CARTESIAN_POINT ( 'NONE',  ( -0.04268292682926762300, 0.2250448589031389100, 0.01000000000000000000 ) ) ;
#292 = VECTOR ( 'NONE', #2848, 1000.000000000000000 ) ;
#293 = AXIS2_PLACEMENT_3D ( 'NONE', #410, #2797, #744 ) ;
#294 = CARTESIAN_POINT ( 'NONE',  ( 0.5296491528746722900, 0.2133905728109923300, 0.01000000000000000000 ) ) ;
#295 = EDGE_CURVE ( 'NONE', #3005, #97, #2280, .T. ) ;
#296 = CARTESIAN_POINT ( 'NONE',  ( -0.8134527439024388200, 0.1640692491470413500, 0.01000000000000000000 ) ) ;
#297 = SURFACE_SIDE_STYLE ('',( #3481 ) ) ;
#298 = EDGE_CURVE ( 'NONE', #2896, #2364, #4015, .T. ) ;
#299 =( GEOMETRIC_REPRESENTATION_CONTEXT ( 3 ) GLOBAL_UNCERTAINTY_ASSIGNED_CONTEXT ( ( #1826 ) ) GLOBAL_UNIT_ASSIGNED_CONTEXT ( ( #2867, #2859, #4041 ) ) REPRESENTATION_CONTEXT ( 'NONE', 'WORKASPACE' ) );
#300 = CARTESIAN_POINT ( 'NONE',  ( 0.5296491528746722900, 0.2133905728109923300, 6.776263578034402700E-018 ) ) ;
#301 = ORIENTED_EDGE ( 'NONE', *, *, #3643, .T. ) ;
#302 = DIRECTION ( 'NONE',  ( -1.000000000000000000, 0.0000000000000000000, 0.0000000000000000000 ) ) ;
#303 = DIRECTION ( 'NONE',  ( -0.0000000000000000000, -0.0000000000000000000, -1.000000000000000000 ) ) ;
#304 = VERTEX_POINT ( 'NONE', #3030 ) ;
#305 = CARTESIAN_POINT ( 'NONE',  ( 0.5060815322072960100, 0.2213092042433529300, 0.01000000000000000000 ) ) ;
#306 = ORIENTED_EDGE ( 'NONE', *, *, #1705, .T. ) ;
#307 =( NAMED_UNIT ( * ) PLANE_ANGLE_UNIT ( ) SI_UNIT ( $, .RADIAN. ) );
#308 = CARTESIAN_POINT ( 'NONE',  ( 0.6829268292682934000, -0.03438730573100741400, 0.0000000000000000000 ) ) ;
#309 =( GEOMETRIC_REPRESENTATION_CONTEXT ( 3 ) GLOBAL_UNCERTAINTY_ASSIGNED_CONTEXT ( ( #1804 ) ) GLOBAL_UNIT_ASSIGNED_CONTEXT ( ( #2460, #1522, #363 ) ) REPRESENTATION_CONTEXT ( 'NONE', 'WORKASPACE' ) );
#310 = ADVANCED_FACE ( 'NONE', ( #3921 ), #2606, .T. ) ;
#311 = DIRECTION ( 'NONE',  ( 0.0000000000000000000, -0.0000000000000000000, 1.000000000000000000 ) ) ;
#312 = ORIENTED_EDGE ( 'NONE', *, *, #2210, .F. ) ;
#313 =( GEOMETRIC_REPRESENTATION_CONTEXT ( 3 ) GLOBAL_UNCERTAINTY_ASSIGNED_CONTEXT ( ( #1317 ) ) GLOBAL_UNIT_ASSIGNED_CONTEXT ( ( #1555, #4076, #4045 ) ) REPRESENTATION_CONTEXT ( 'NONE', 'WORKASPACE' ) );
#314 = DIRECTION ( 'NONE',  ( 1.000000000000000000, 2.168404344971008900E-016, -0.0000000000000000000 ) ) ;
#315 = EDGE_CURVE ( 'NONE', #2465, #833, #703, .T. ) ;
#316 =( LENGTH_UNIT ( ) NAMED_UNIT ( * ) SI_UNIT ( .MILLI., .METRE. ) );
#317 = DIRECTION ( 'NONE',  ( -0.0000000000000000000, -0.0000000000000000000, -1.000000000000000000 ) ) ;
#318 = ORIENTED_EDGE ( 'NONE', *, *, #3981, .F. ) ;
#319 = CARTESIAN_POINT ( 'NONE',  ( 0.4485518292682934000, -0.2810527020724708500, 0.01000000000000000000 ) ) ;
#320 = DIRECTION ( 'NONE',  ( -1.000000000000000000, 0.0000000000000000000, 0.0000000000000000000 ) ) ;
#321 = CARTESIAN_POINT ( 'NONE',  ( 0.6040308745227659400, -0.1109712601688162800, 3.388131789017201400E-018 ) ) ;
#322 = CARTESIAN_POINT ( 'NONE',  ( 0.4485518292682934000, -0.2810527020724708500, 0.01000000000000000000 ) ) ;
#323 = CARTESIAN_POINT ( 'NONE',  ( 0.5519480709241034700, 0.2030169446059528200, 0.0000000000000000000 ) ) ;
#324 = LINE ( 'NONE', #1786, #2945 ) ;
#325 = AXIS2_PLACEMENT_3D ( 'NONE', #2556, #2177, #2600 ) ;
#326 = CARTESIAN_POINT ( 'NONE',  ( -0.9695121951219510800, -0.2749551410968610900, 0.01000000000000000000 ) ) ;
#327 = VERTEX_POINT ( 'NONE', #4254 ) ;
#328 = ORIENTED_EDGE ( 'NONE', *, *, #1553, .F. ) ;
#329 = LINE ( 'NONE', #1558, #2039 ) ;
#330 = ORIENTED_EDGE ( 'NONE', *, *, #3452, .T. ) ;
#331 = DIRECTION ( 'NONE',  ( 0.0000000000000000000, -1.000000000000000000, 0.0000000000000000000 ) ) ;
#332 =( NAMED_UNIT ( * ) SI_UNIT ( $, .STERADIAN. ) SOLID_ANGLE_UNIT ( ) );
#333 = VERTEX_POINT ( 'NONE', #4286 ) ;
#334 = CARTESIAN_POINT ( 'NONE',  ( -0.4343974082350612900, 0.1226846784038028900, 0.0000000000000000000 ) ) ;
#335 = ADVANCED_FACE ( 'NONE', ( #1744 ), #3986, .T. ) ;
#336 = CARTESIAN_POINT ( 'NONE',  ( 0.3109756097560982800, -0.2490405069505196000, 0.0000000000000000000 ) ) ;
#337 = CARTESIAN_POINT ( 'NONE',  ( 0.5787608400088551900, -0.1596678594511102000, 0.0000000000000000000 ) ) ;
#338 = STYLED_ITEM ( 'NONE', ( #2197 ), #1205 ) ;
#339 = CARTESIAN_POINT ( 'NONE',  ( 3.500000000000000000, -2.000000000000000000, 0.5000000000000000000 ) ) ;
#340 = FACE_OUTER_BOUND ( 'NONE', #539, .T. ) ;
#341 = CARTESIAN_POINT ( 'NONE',  ( 0.3109756097560982800, 0.1442521759763096800, 0.01000000000000000000 ) ) ;
#342 = CARTESIAN_POINT ( 'NONE',  ( 0.3704262831464875100, -0.2183676282297354900, -0.0000000000000000000 ) ) ;
#343 = DIRECTION ( 'NONE',  ( 1.000000000000000000, 0.0000000000000000000, -0.0000000000000000000 ) ) ;
#344 = ORIENTED_EDGE ( 'NONE', *, *, #815, .F. ) ;
#345 = CARTESIAN_POINT ( 'NONE',  ( 0.7256097560975616200, -0.2749551410968610900, -0.0000000000000000000 ) ) ;
#346 = ORIENTED_EDGE ( 'NONE', *, *, #2584, .T. ) ;
#347 = B_SPLINE_CURVE_WITH_KNOTS ( 'NONE', 3,
 ( #3733, #1712, #2044, #4404, #2398, #342, #2728, #667, #3072, #1012, #3425 ),
 .UNSPECIFIED., .F., .F.,
 ( 4, 1, 1, 1, 1, 1, 1, 1, 4 ),
 ( 0.0000000000000000000, 0.1352946047634291100, 0.2667656579247481000, 0.3948160188358722500, 0.5200516544342459500, 0.6421757029708216000, 0.7626518205584230700, 0.8818340043805018600, 1.000000000000000000 ),
 .UNSPECIFIED. ) ;
#348 = DIRECTION ( 'NONE',  ( -0.3222024856061135900, 0.9466707760722531400, 0.0000000000000000000 ) ) ;
#349 = PRESENTATION_STYLE_ASSIGNMENT (( #2360 ) ) ;
#350 = CARTESIAN_POINT ( 'NONE',  ( 0.4114767199714093300, 0.2310193926286043000, 6.776263578034402700E-018 ) ) ;
#351 = EDGE_CURVE ( 'NONE', #2946, #104, #3331, .T. ) ;
#352 =( LENGTH_UNIT ( ) NAMED_UNIT ( * ) SI_UNIT ( .MILLI., .METRE. ) );
#353 = VERTEX_POINT ( 'NONE', #3772 ) ;
#354 = DIRECTION ( 'NONE',  ( 0.3222024856061135900, -0.9466707760722531400, 0.0000000000000000000 ) ) ;
#355 = ORIENTED_EDGE ( 'NONE', *, *, #764, .T. ) ;
#356 = ORIENTED_EDGE ( 'NONE', *, *, #2725, .F. ) ;
#357 = VERTEX_POINT ( 'NONE', #4159 ) ;
#358 = CARTESIAN_POINT ( 'NONE',  ( -0.2935403963414620600, 0.2250448589031389400, 6.776263578034402700E-018 ) ) ;
#359 = VECTOR ( 'NONE', #2703, 1000.000000000000000 ) ;
#360 = VERTEX_POINT ( 'NONE', #3893 ) ;
#361 = CARTESIAN_POINT ( 'NONE',  ( -0.4980903209863217800, -0.1871178259049332800, 0.0000000000000000000 ) ) ;
#362 = ORIENTED_EDGE ( 'NONE', *, *, #2802, .F. ) ;
#363 =( NAMED_UNIT ( * ) SI_UNIT ( $, .STERADIAN. ) SOLID_ANGLE_UNIT ( ) );
#364 = CARTESIAN_POINT ( 'NONE',  ( 0.5887538488854255900, -0.1446084336339169300, -0.0000000000000000000 ) ) ;
#365 = CARTESIAN_POINT ( 'NONE',  ( 0.6195335880197236900, -0.2136739659598344000, 0.01000000000000000000 ) ) ;
#366 = CARTESIAN_POINT ( 'NONE',  ( 0.4393102134146348900, -0.2261746532919830500, 0.01000000000000000000 ) ) ;
#367 = CARTESIAN_POINT ( 'NONE',  ( 0.5971118219282970400, -0.1283517632070821100, 0.0000000000000000000 ) ) ;
#368 = ORIENTED_EDGE ( 'NONE', *, *, #2264, .T. ) ;
#369 = EDGE_CURVE ( 'NONE', #2948, #3133, #1080, .T. ) ;
#370 = LINE ( 'NONE', #1338, #579 ) ;
#371 = LINE ( 'NONE', #1478, #2998 ) ;
#372 = CARTESIAN_POINT ( 'NONE',  ( 0.6040308745227659400, -0.1109712601688162800, -0.0000000000000000000 ) ) ;
#373 = CARTESIAN_POINT ( 'NONE',  ( -1.500000000000000400, 1.550000000000000900, 1.800000000000000000 ) ) ;
#374 = SURFACE_SIDE_STYLE ('',( #35 ) ) ;
#375 = CARTESIAN_POINT ( 'NONE',  ( 0.2134146341463421500, -0.2749551410968610900, -0.0000000000000000000 ) ) ;
#376 = B_SPLINE_CURVE_WITH_KNOTS ( 'NONE', 3,
 ( #1831, #1809, #2526, #2959, #939, #2167, #156, #947, #1986, #334, #592, #2934, #1825, #2801, #1814, #3134, #3460, #3518, #3579 ),
 .UNSPECIFIED., .F., .F.,
 ( 4, 1, 1, 1, 1, 1, 1, 1, 1, 1, 1, 1, 1, 1, 1, 1, 4 ),
 ( 0.0000000000000000000, 0.07430379644281594200, 0.1443936103644178100, 0.2104994961032797300, 0.2735426065034680700, 0.3338247445790736300, 0.3925296724085027300, 0.4500874545995856000, 0.5078206115557880600, 0.5654649127768466300, 0.6231487223336199500, 0.6812971927909355900, 0.7409134981565808100, 0.8018557521958578100, 0.8652412377209433000, 0.9309416570467441400, 1.000000000000000000 ),
 .UNSPECIFIED. ) ;
#377 = LINE ( 'NONE', #1665, #1411 ) ;
#378 = ORIENTED_EDGE ( 'NONE', *, *, #1074, .F. ) ;
#379 = EDGE_CURVE ( 'NONE', #3421, #4059, #1269, .T. ) ;
#380 = LINE ( 'NONE', #2248, #1987 ) ;
#381 = ORIENTED_EDGE ( 'NONE', *, *, #3188, .F. ) ;
#382 = CARTESIAN_POINT ( 'NONE',  ( -0.5367538280350966400, 0.08144677980025176500, 0.01000000000000000000 ) ) ;
#383 = VECTOR ( 'NONE', #781, 1000.000000000000000 ) ;
#384 = ORIENTED_EDGE ( 'NONE', *, *, #3619, .F. ) ;
#385 = CARTESIAN_POINT ( 'NONE',  ( -0.05487804878048714600, -0.2200770923163732900, 0.01000000000000000000 ) ) ;
#386 = SURFACE_STYLE_FILL_AREA ( #3417 ) ;
#387 = ORIENTED_EDGE ( 'NONE', *, *, #2588, .F. ) ;
#388 = CARTESIAN_POINT ( 'NONE',  ( 0.6131126674932583200, -0.07271738365668545300, -0.0000000000000000000 ) ) ;
#389 = CARTESIAN_POINT ( 'NONE',  ( 0.6158536585365861300, -0.03029050695051963000, 0.01000000000000000000 ) ) ;
#390 = VECTOR ( 'NONE', #2817, 1000.000000000000000 ) ;
#391 = LINE ( 'NONE', #1375, #448 ) ;
#392 =( LENGTH_UNIT ( ) NAMED_UNIT ( * ) SI_UNIT ( .MILLI., .METRE. ) );
#393 = LINE ( 'NONE', #1402, #806 ) ;
#394 = CARTESIAN_POINT ( 'NONE',  ( -0.2195121951219497800, 0.1701668101226511100, 0.01000000000000000000 ) ) ;
#395 = LINE ( 'NONE', #2066, #3022 ) ;
#396 = AXIS2_PLACEMENT_3D ( 'NONE', #4185, #232, #1107 ) ;
#397 = SURFACE_STYLE_USAGE ( .BOTH. , #511 ) ;
#398 = CARTESIAN_POINT ( 'NONE',  ( -0.8038300304878047700, 0.1290082735372852800, 0.01000000000000000000 ) ) ;
#399 = CARTESIAN_POINT ( 'NONE',  ( -0.7804878048780485900, 0.2250448589031389100, 0.01000000000000000000 ) ) ;
#400 = UNCERTAINTY_MEASURE_WITH_UNIT (LENGTH_MEASURE( 1.000000000000000100E-005 ), #3039, 'distance_accuracy_value', 'NONE');
#401 = DIRECTION ( 'NONE',  ( -0.9353882635801357100, -0.3536223923290756100, 0.0000000000000000000 ) ) ;
#402 = AXIS2_PLACEMENT_3D ( 'NONE', #1353, #138, #3856 ) ;
#403 = DIRECTION ( 'NONE',  ( -0.0000000000000000000, -0.0000000000000000000, -1.000000000000000000 ) ) ;
#404 = EDGE_LOOP ( 'NONE', ( #3836, #946, #2233, #4031 ) ) ;
#405 = CARTESIAN_POINT ( 'NONE',  ( 0.3109756097560983400, -0.1941624581700318300, 3.388131789017201400E-018 ) ) ;
#406 = CARTESIAN_POINT ( 'NONE',  ( 0.6154434608049098600, -0.05187854469527426700, 0.0000000000000000000 ) ) ;
#407 = VERTEX_POINT ( 'NONE', #3812 ) ;
#408 = STYLED_ITEM ( 'NONE', ( #2482 ), #179 ) ;
#409 = EDGE_LOOP ( 'NONE', ( #1169, #2864, #660, #1094, #3603, #1049 ) ) ;
#410 = CARTESIAN_POINT ( 'NONE',  ( 1.500000000000000400, 0.0000000000000000000, 2.000000000000000000 ) ) ;
#411 = CARTESIAN_POINT ( 'NONE',  ( -0.8191217334991172100, 0.1355569465572913400, 0.01000000000000000000 ) ) ;
#412 = DIRECTION ( 'NONE',  ( 1.000000000000000000, 2.168404344971008900E-016, 0.0000000000000000000 ) ) ;
#413 = VERTEX_POINT ( 'NONE', #4097 ) ;
#414 =( NAMED_UNIT ( * ) PLANE_ANGLE_UNIT ( ) SI_UNIT ( $, .RADIAN. ) );
#415 = ORIENTED_EDGE ( 'NONE', *, *, #236, .T. ) ;
#416 = ADVANCED_FACE ( 'NONE', ( #4332 ), #1016, .T. ) ;
#417 = ORIENTED_EDGE ( 'NONE', *, *, #1598, .T. ) ;
#418 = PLANE ( 'NONE',  #2000 ) ;
#419 = CARTESIAN_POINT ( 'NONE',  ( -2.000000000000000000, 0.2499999999999996700, -0.01000000000000000000 ) ) ;
#420 = UNCERTAINTY_MEASURE_WITH_UNIT (LENGTH_MEASURE( 1.000000000000000100E-005 ), #3991, 'distance_accuracy_value', 'NONE');
#421 = SURFACE_SIDE_STYLE ('',( #2540 ) ) ;
#422 = DIRECTION ( 'NONE',  ( -0.0000000000000000000, -0.0000000000000000000, -1.000000000000000000 ) ) ;
#423 = AXIS2_PLACEMENT_3D ( 'NONE', #1638, #2123, #100 ) ;
#424 = EDGE_LOOP ( 'NONE', ( #1391, #1910, #1915, #2182 ) ) ;
#425 = COLOUR_RGB ( '',0.6666666666666666300, 0.6666666666666666300, 0.6666666666666666300 ) ;
#426 = CARTESIAN_POINT ( 'NONE',  ( 0.5060815322072960100, 0.2213092042433529300, 6.776263578034402700E-018 ) ) ;
#427 = EDGE_CURVE ( 'NONE', #1422, #545, #854, .T. ) ;
#428 = VECTOR ( 'NONE', #1771, 1000.000000000000000 ) ;
#429 = EDGE_LOOP ( 'NONE', ( #960, #384, #4009, #220 ) ) ;
#430 = CARTESIAN_POINT ( 'NONE',  ( 0.4813554753168048400, 0.2269961549871858900, 0.01000000000000000000 ) ) ;
#431 = VERTEX_POINT ( 'NONE', #3678 ) ;
#432 = LINE ( 'NONE', #3222, #3958 ) ;
#433 = ORIENTED_EDGE ( 'NONE', *, *, #3037, .T. ) ;
#434 = EDGE_CURVE ( 'NONE', #3498, #4329, #1266, .T. ) ;
#435 = FILL_AREA_STYLE_COLOUR ( '', #1621 ) ;
#436 = ORIENTED_EDGE ( 'NONE', *, *, #1978, .T. ) ;
#437 = EDGE_CURVE ( 'NONE', #2364, #2409, #1258, .T. ) ;
#438 = FILL_AREA_STYLE ('',( #2207 ) ) ;
#439 = CARTESIAN_POINT ( 'NONE',  ( 1.500000000000000000, 1.350000000000000100, 2.000000000000000000 ) ) ;
#440 = FILL_AREA_STYLE_COLOUR ( '', #1530 ) ;
#441 = VECTOR ( 'NONE', #4246, 1000.000000000000000 ) ;
#442 = CARTESIAN_POINT ( 'NONE',  ( 0.3381595203132164400, 0.1583908642098385600, 0.01000000000000000000 ) ) ;
#443 = DIRECTION ( 'NONE',  ( -1.000000000000000000, 0.0000000000000000000, 0.0000000000000000000 ) ) ;
#444 = CARTESIAN_POINT ( 'NONE',  ( 0.5410302369630549700, -0.1966890952908888200, 0.01000000000000000000 ) ) ;
#445 = DIRECTION ( 'NONE',  ( 0.0000000000000000000, -1.000000000000000000, -0.0000000000000000000 ) ) ;
#446 = ADVANCED_FACE ( 'NONE', ( #2054 ), #3626, .T. ) ;
#447 =( GEOMETRIC_REPRESENTATION_CONTEXT ( 3 ) GLOBAL_UNCERTAINTY_ASSIGNED_CONTEXT ( ( #2119 ) ) GLOBAL_UNIT_ASSIGNED_CONTEXT ( ( #967, #950, #935 ) ) REPRESENTATION_CONTEXT ( 'NONE', 'WORKASPACE' ) );
#448 = VECTOR ( 'NONE', #4187, 1000.000000000000000 ) ;
#449 = CARTESIAN_POINT ( 'NONE',  ( 0.3948270974870732900, 0.2299991929957081500, 0.01000000000000000000 ) ) ;
#450 = PRESENTATION_STYLE_ASSIGNMENT (( #1568 ) ) ;
#451 = UNCERTAINTY_MEASURE_WITH_UNIT (LENGTH_MEASURE( 1.000000000000000100E-005 ), #2844, 'distance_accuracy_value', 'NONE');
#452 = ORIENTED_EDGE ( 'NONE', *, *, #3112, .F. ) ;
#453 = CARTESIAN_POINT ( 'NONE',  ( 0.3668698776661528100, 0.1684074337117249200, 0.01000000000000000000 ) ) ;
#454 = CARTESIAN_POINT ( 'NONE',  ( 0.4813554753168048400, 0.2269961549871858900, 6.776263578034402700E-018 ) ) ;
#455 = MECHANICAL_DESIGN_GEOMETRIC_PRESENTATION_REPRESENTATION (  '', ( #4191 ), #668 ) ;
#456 = SURFACE_STYLE_USAGE ( .BOTH. , #1517 ) ;
#457 = CARTESIAN_POINT ( 'NONE',  ( -1.500000000000000700, 1.350000000000001000, 1.800000000000000000 ) ) ;
#458 = CARTESIAN_POINT ( 'NONE',  ( -1.042682926829268100, -0.2749551410968610900, 0.01000000000000000000 ) ) ;
#459 = CARTESIAN_POINT ( 'NONE',  ( 0.6088684825404824300, 0.03518943533258274400, 1.524659305057740600E-017 ) ) ;
#460 = VERTEX_POINT ( 'NONE', #3654 ) ;
#461 = PLANE ( 'NONE',  #91 ) ;
#462 = ORIENTED_EDGE ( 'NONE', *, *, #3426, .T. ) ;
#463 = STYLED_ITEM ( 'NONE', ( #1613 ), #3246 ) ;
#464 = EDGE_CURVE ( 'NONE', #407, #1560, #506, .T. ) ;
#465 = CARTESIAN_POINT ( 'NONE',  ( -0.3964004182984792200, 0.2088781016803973600, 0.01000000000000000000 ) ) ;
#466 = DIRECTION ( 'NONE',  ( -0.0000000000000000000, -0.0000000000000000000, -1.000000000000000000 ) ) ;
#467 = ADVANCED_FACE ( 'NONE', ( #2155 ), #37, .T. ) ;
#468 = CARTESIAN_POINT ( 'NONE',  ( 0.4553858262546225400, 0.2305201191828381300, 0.01000000000000000000 ) ) ;
#469 = CARTESIAN_POINT ( 'NONE',  ( 0.9146341463414641200, 0.2250448589031389100, 0.0000000000000000000 ) ) ;
#470 = VECTOR ( 'NONE', #2990, 1000.000000000000000 ) ;
#471 = VECTOR ( 'NONE', #3143, 1000.000000000000000 ) ;
#472 = CARTESIAN_POINT ( 'NONE',  ( -2.000000000000000000, 0.0000000000000000000, 0.0000000000000000000 ) ) ;
#473 = DIRECTION ( 'NONE',  ( 0.0000000000000000000, 0.0000000000000000000, 1.000000000000000000 ) ) ;
#474 = FILL_AREA_STYLE_COLOUR ( '', #1583 ) ;
#475 = DIRECTION ( 'NONE',  ( 0.3536223923290756100, -0.9353882635801357100, 0.0000000000000000000 ) ) ;
#476 = EDGE_LOOP ( 'NONE', ( #2774, #2992, #1747, #1955 ) ) ;
#477 = FACE_OUTER_BOUND ( 'NONE', #4399, .T. ) ;
#478 = CARTESIAN_POINT ( 'NONE',  ( 0.4376700701921746300, 0.2309323073720220600, 0.01000000000000000000 ) ) ;
#479 = ORIENTED_EDGE ( 'NONE', *, *, #519, .T. ) ;
#480 = AXIS2_PLACEMENT_3D ( 'NONE', #277, #3296, #3021 ) ;
#481 = FACE_OUTER_BOUND ( 'NONE', #476, .T. ) ;
#482 = FACE_OUTER_BOUND ( 'NONE', #1835, .T. ) ;
#483 = CARTESIAN_POINT ( 'NONE',  ( 0.3251187419298124400, -0.2568469400831145400, 0.0000000000000000000 ) ) ;
#484 = LINE ( 'NONE', #529, #4001 ) ;
#485 = ORIENTED_EDGE ( 'NONE', *, *, #3715, .T. ) ;
#486 = DIRECTION ( 'NONE',  ( -1.000000000000000000, -1.204669080539449300E-016, 0.0000000000000000000 ) ) ;
#487 = VECTOR ( 'NONE', #1971, 1000.000000000000000 ) ;
#488 = ORIENTED_EDGE ( 'NONE', *, *, #4117, .F. ) ;
#489 = SURFACE_STYLE_USAGE ( .BOTH. , #209 ) ;
#490 = DIRECTION ( 'NONE',  ( -0.0000000000000000000, -0.0000000000000000000, -1.000000000000000000 ) ) ;
#491 = CARTESIAN_POINT ( 'NONE',  ( 0.5263499968943466900, -0.2057552587062764500, 0.01000000000000000000 ) ) ;
#492 = CARTESIAN_POINT ( 'NONE',  ( 0.4376700701921746300, 0.2309323073720220600, 6.776263578034402700E-018 ) ) ;
#493 = ORIENTED_EDGE ( 'NONE', *, *, #1592, .F. ) ;
#494 = CARTESIAN_POINT ( 'NONE',  ( 0.4286394817073178000, 0.2311424198787486700, 0.01000000000000000000 ) ) ;
#495 = AXIS2_PLACEMENT_3D ( 'NONE', #170, #1753, #227 ) ;
#496 = LINE ( 'NONE', #4307, #441 ) ;
#497 = CARTESIAN_POINT ( 'NONE',  ( 0.5848806046880746800, -0.2434049841663999700, -0.0000000000000000000 ) ) ;
#498 =( NAMED_UNIT ( * ) SI_UNIT ( $, .STERADIAN. ) SOLID_ANGLE_UNIT ( ) );
#499 = CARTESIAN_POINT ( 'NONE',  ( 0.9817073170731713800, -0.2749551410968610900, 0.01000000000000000000 ) ) ;
#500 = COLOUR_RGB ( '',0.6666666666666666300, 0.6666666666666666300, 0.6666666666666666300 ) ;
#501 =( NAMED_UNIT ( * ) SI_UNIT ( $, .STERADIAN. ) SOLID_ANGLE_UNIT ( ) );
#502 = CARTESIAN_POINT ( 'NONE',  ( 0.4286394817073178000, 0.2311424198787486700, 6.776263578034402700E-018 ) ) ;
#503 = CARTESIAN_POINT ( 'NONE',  ( 0.6158536585365861300, -0.03029050695051963000, 0.0000000000000000000 ) ) ;
#504 = STYLED_ITEM ( 'NONE', ( #3446 ), #976 ) ;
#505 = DIRECTION ( 'NONE',  ( 0.0000000000000000000, -1.000000000000000000, 0.0000000000000000000 ) ) ;
#506 = LINE ( 'NONE', #3591, #2440 ) ;
#507 = CARTESIAN_POINT ( 'NONE',  ( 1.750000000000000000, 1.750000000000001600, 0.8000000000000012700 ) ) ;
#508 = ADVANCED_FACE ( 'NONE', ( #2900 ), #761, .T. ) ;
#509 = CARTESIAN_POINT ( 'NONE',  ( 0.3109756097560983400, -0.1941624581700318300, 0.01000000000000000000 ) ) ;
#510 = AXIS2_PLACEMENT_3D ( 'NONE', #1626, #1925, #1961 ) ;
#511 = SURFACE_SIDE_STYLE ('',( #3455 ) ) ;
#512 = CARTESIAN_POINT ( 'NONE',  ( 0.5356928650119091600, 0.1450208544653817900, 0.01000000000000000000 ) ) ;
#513 = CARTESIAN_POINT ( 'NONE',  ( -3.500000000000000400, 0.0000000000000000000, 1.000000000000000000 ) ) ;
#514 = ORIENTED_EDGE ( 'NONE', *, *, #2963, .F. ) ;
#515 = CARTESIAN_POINT ( 'NONE',  ( -1.042682926829268100, -0.2749551410968610900, 0.0000000000000000000 ) ) ;
#516 = FILL_AREA_STYLE_COLOUR ( '', #1316 ) ;
#517 = ORIENTED_EDGE ( 'NONE', *, *, #4310, .F. ) ;
#518 = VERTEX_POINT ( 'NONE', #4352 ) ;
#519 = EDGE_CURVE ( 'NONE', #4297, #407, #1490, .T. ) ;
#520 = CARTESIAN_POINT ( 'NONE',  ( 0.3494659985123490000, 0.2236326480727251800, 6.776263578034402700E-018 ) ) ;
#521 = CARTESIAN_POINT ( 'NONE',  ( 0.0000000000000000000, 0.0000000000000000000, 0.01000000000000000000 ) ) ;
#522 = CARTESIAN_POINT ( 'NONE',  ( -0.4343974082350612900, 0.1226846784038028900, 6.776263578034402700E-018 ) ) ;
#523 = LINE ( 'NONE', #3329, #253 ) ;
#524 = AXIS2_PLACEMENT_3D ( 'NONE', #1811, #4181, #2142 ) ;
#525 = DIRECTION ( 'NONE',  ( 1.000000000000000000, 1.858632295689435900E-016, 0.0000000000000000000 ) ) ;
#526 = EDGE_CURVE ( 'NONE', #1609, #942, #858, .T. ) ;
#527 = ORIENTED_EDGE ( 'NONE', *, *, #1333, .F. ) ;
#528 = CARTESIAN_POINT ( 'NONE',  ( -0.4343974082350612900, 0.1226846784038028900, 0.01000000000000000000 ) ) ;
#529 = CARTESIAN_POINT ( 'NONE',  ( -0.05487804878048714600, -0.2749551410968610900, 0.01000000000000000000 ) ) ;
#530 = UNCERTAINTY_MEASURE_WITH_UNIT (LENGTH_MEASURE( 1.000000000000000100E-005 ), #47, 'distance_accuracy_value', 'NONE');
#531 = ORIENTED_EDGE ( 'NONE', *, *, #547, .T. ) ;
#532 = CARTESIAN_POINT ( 'NONE',  ( -0.5542882031863094500, 0.008118969072721247600, 0.01000000000000000000 ) ) ;
#533 = DIRECTION ( 'NONE',  ( 0.0000000000000000000, -0.0000000000000000000, -1.000000000000000000 ) ) ;
#534 = CARTESIAN_POINT ( 'NONE',  ( 0.6158536585365861300, -0.03029050695051963000, 0.01000000000000000000 ) ) ;
#535 = UNCERTAINTY_MEASURE_WITH_UNIT (LENGTH_MEASURE( 1.000000000000000100E-005 ), #3716, 'distance_accuracy_value', 'NONE');
#536 = ORIENTED_EDGE ( 'NONE', *, *, #1842, .T. ) ;
#537 = ADVANCED_FACE ( 'NONE', ( #2059 ), #4305, .T. ) ;
#538 = VECTOR ( 'NONE', #4136, 1000.000000000000000 ) ;
#539 = EDGE_LOOP ( 'NONE', ( #876, #3656, #2653, #3988 ) ) ;
#540 = ORIENTED_EDGE ( 'NONE', *, *, #2837, .F. ) ;
#541 = CARTESIAN_POINT ( 'NONE',  ( 0.6344277638371991200, -0.1960589124292952400, 0.0000000000000000000 ) ) ;
#542 = FACE_OUTER_BOUND ( 'NONE', #3290, .T. ) ;
#543 = CARTESIAN_POINT ( 'NONE',  ( 0.4280678353658543500, 0.1762643710982608700, 0.01000000000000000000 ) ) ;
#544 = CARTESIAN_POINT ( 'NONE',  ( 0.4348425162981094900, 0.1761187030552720500, -0.0000000000000000000 ) ) ;
#545 = VERTEX_POINT ( 'NONE', #4082 ) ;
#546 = AXIS2_PLACEMENT_3D ( 'NONE', #3467, #3470, #3731 ) ;
#547 = EDGE_CURVE ( 'NONE', #1002, #4200, #1321, .T. ) ;
#548 = VECTOR ( 'NONE', #2718, 1000.000000000000000 ) ;
#549 = FACE_OUTER_BOUND ( 'NONE', #3314, .T. ) ;
#550 = DIRECTION ( 'NONE',  ( 0.0000000000000000000, 1.000000000000000000, 0.0000000000000000000 ) ) ;
#551 = CARTESIAN_POINT ( 'NONE',  ( 0.4485518292682934000, -0.2810527020724708500, 6.776263578034402700E-018 ) ) ;
#552 = DIRECTION ( 'NONE',  ( 0.0000000000000000000, -1.000000000000000000, 0.0000000000000000000 ) ) ;
#553 = CARTESIAN_POINT ( 'NONE',  ( 1.750000000000000000, 1.750000000000001600, 0.5000000000000000000 ) ) ;
#554 = CONICAL_SURFACE ( 'NONE', #895, 1.550000000000002000, 0.7853981633974461700 ) ;
#555 = STYLED_ITEM ( 'NONE', ( #1695 ), #335 ) ;
#556 = FACE_OUTER_BOUND ( 'NONE', #3903, .T. ) ;
#557 = CARTESIAN_POINT ( 'NONE',  ( 0.3156673051435928700, -0.2516301317854660000, 0.01000000000000000000 ) ) ;
#558 = ORIENTED_EDGE ( 'NONE', *, *, #107, .T. ) ;
#559 = CARTESIAN_POINT ( 'NONE',  ( 0.5958547439563647300, 0.07311941238376816500, 0.0000000000000000000 ) ) ;
#560 = SURFACE_SIDE_STYLE ('',( #3024 ) ) ;
#561 = CARTESIAN_POINT ( 'NONE',  ( -1.500000000000000400, 1.550000000000000900, 1.000000000000000000 ) ) ;
#562 = AXIS2_PLACEMENT_3D ( 'NONE', #1659, #401, #475 ) ;
#563 = ORIENTED_EDGE ( 'NONE', *, *, #2739, .T. ) ;
#564 = PLANE ( 'NONE',  #4405 ) ;
#565 = B_SPLINE_CURVE_WITH_KNOTS ( 'NONE', 3,
 ( #319, #1329, #1664, #2141, #4350, #1500, #756, #973, #1462, #2029, #1588, #1148, #1685, #1696, #2352, #1651, #1629, #2715, #2719 ),
 .UNSPECIFIED., .F., .F.,
 ( 4, 1, 1, 1, 1, 1, 1, 1, 1, 1, 1, 1, 1, 1, 1, 1, 4 ),
 ( 0.0000000000000000000, 0.06783324845577362600, 0.1326555365079042600, 0.1950508840508277100, 0.2555829330687771100, 0.3147998341472899000, 0.3736004728263745400, 0.4325455953267435300, 0.4924306292835654000, 0.5526712559629696200, 0.6125130441881164700, 0.6726102503570063900, 0.7338383693139459700, 0.7965942385677738900, 0.8614497992905731900, 0.9291989423509055000, 1.000000000000000000 ),
 .UNSPECIFIED. ) ;
#566 =( NAMED_UNIT ( * ) PLANE_ANGLE_UNIT ( ) SI_UNIT ( $, .RADIAN. ) );
#567 = CARTESIAN_POINT ( 'NONE',  ( -0.3341406441838917800, -0.2170736392966999600, 0.01000000000000000000 ) ) ;
#568 = VECTOR ( 'NONE', #2914, 1000.000000000000000 ) ;
#569 = ORIENTED_EDGE ( 'NONE', *, *, #3510, .T. ) ;
#570 = CARTESIAN_POINT ( 'NONE',  ( -0.4185497136480025300, -0.2480319555743048000, 0.01000000000000000000 ) ) ;
#571 = PLANE ( 'NONE',  #597 ) ;
#572 = CARTESIAN_POINT ( 'NONE',  ( 0.5654144404474135100, -0.2550719493636587900, 0.0000000000000000000 ) ) ;
#573 = CARTESIAN_POINT ( 'NONE',  ( 0.4227917705111431400, 0.1761846008000914300, 0.01000000000000000000 ) ) ;
#574 = EDGE_CURVE ( 'NONE', #3010, #3623, #2107, .T. ) ;
#575 = ORIENTED_EDGE ( 'NONE', *, *, #1598, .F. ) ;
#576 = ORIENTED_EDGE ( 'NONE', *, *, #2447, .F. ) ;
#577 = CARTESIAN_POINT ( 'NONE',  ( -0.4613397204180551000, -0.2215513866132785800, 0.01000000000000000000 ) ) ;
#578 = CARTESIAN_POINT ( 'NONE',  ( 0.5445714248179758200, -0.2645104882134307600, -0.0000000000000000000 ) ) ;
#579 = VECTOR ( 'NONE', #1137, 1000.000000000000000 ) ;
#580 = STYLED_ITEM ( 'NONE', ( #3334 ), #828 ) ;
#581 = SURFACE_STYLE_FILL_AREA ( #769 ) ;
#582 = CARTESIAN_POINT ( 'NONE',  ( -0.4358665464100900400, -0.1677160450705783800, 1.185846126156020500E-017 ) ) ;
#583 = LINE ( 'NONE', #2582, #2306 ) ;
#584 = CARTESIAN_POINT ( 'NONE',  ( 0.4860535721198373500, 0.1688316319334811900, 1.524659305057740600E-017 ) ) ;
#585 = CARTESIAN_POINT ( 'NONE',  ( 0.6195335880197236900, -0.2136739659598344000, -0.0000000000000000000 ) ) ;
#586 = CARTESIAN_POINT ( 'NONE',  ( 1.750000000000000000, 1.750000000000001600, 1.000000000000000000 ) ) ;
#587 = ORIENTED_EDGE ( 'NONE', *, *, #3811, .F. ) ;
#588 = AXIS2_PLACEMENT_3D ( 'NONE', #3213, #3932, #4215 ) ;
#589 = DIRECTION ( 'NONE',  ( 0.0000000000000000000, 0.0000000000000000000, 1.000000000000000000 ) ) ;
#590 = EDGE_CURVE ( 'NONE', #1599, #3133, #3810, .T. ) ;
#591 = B_SPLINE_CURVE_WITH_KNOTS ( 'NONE', 3,
 ( #2070, #2041, #411, #726, #3696, #1946, #3068 ),
 .UNSPECIFIED., .F., .F.,
 ( 4, 1, 1, 1, 4 ),
 ( 0.0000000000000000000, 0.1744817153170500300, 0.3982857591281133700, 0.6738978473986659800, 1.000000000000000000 ),
 .UNSPECIFIED. ) ;
#592 = CARTESIAN_POINT ( 'NONE',  ( -0.4204153958142486400, 0.1338100617988998700, 0.0000000000000000000 ) ) ;
#593 = CARTESIAN_POINT ( 'NONE',  ( -0.4872970335962055200, -0.04273183463745957400, 0.01000000000000000000 ) ) ;
#594 = PRESENTATION_STYLE_ASSIGNMENT (( #1320 ) ) ;
#595 = ADVANCED_FACE ( 'NONE', ( #115 ), #3040, .T. ) ;
#596 = SURFACE_STYLE_FILL_AREA ( #4231 ) ;
#597 = AXIS2_PLACEMENT_3D ( 'NONE', #971, #552, #533 ) ;
#598 = EDGE_CURVE ( 'NONE', #1232, #4111, #3564, .T. ) ;
#599 = CARTESIAN_POINT ( 'NONE',  ( 0.5224595266993281600, -0.2719800253693980800, 0.0000000000000000000 ) ) ;
#600 = VECTOR ( 'NONE', #3402, 1000.000000000000000 ) ;
#601 = CARTESIAN_POINT ( 'NONE',  ( 0.7256097560975616200, -0.2749551410968610900, 0.01000000000000000000 ) ) ;
#602 = ORIENTED_EDGE ( 'NONE', *, *, #205, .F. ) ;
#603 = LINE ( 'NONE', #1494, #2002 ) ;
#604 = CARTESIAN_POINT ( 'NONE',  ( -0.3027263283746368700, 0.2248401129268478000, -0.0000000000000000000 ) ) ;
#605 = CARTESIAN_POINT ( 'NONE',  ( -0.3950711594167463100, -0.2578505493808361800, 0.0000000000000000000 ) ) ;
#606 = CARTESIAN_POINT ( 'NONE',  ( -1.750000000000000400, 1.750000000000000900, 0.5000000000000000000 ) ) ;
#607 =( NAMED_UNIT ( * ) SI_UNIT ( $, .STERADIAN. ) SOLID_ANGLE_UNIT ( ) );
#608 = DIRECTION ( 'NONE',  ( -1.000000000000000000, 0.0000000000000000000, 0.0000000000000000000 ) ) ;
#609 = CARTESIAN_POINT ( 'NONE',  ( 3.500000000000000000, -2.000000000000000000, 0.5000000000000000000 ) ) ;
#610 = CARTESIAN_POINT ( 'NONE',  ( -0.8134527439024388200, 0.1640692491470413500, 0.01000000000000000000 ) ) ;
#611 = ORIENTED_EDGE ( 'NONE', *, *, #4198, .T. ) ;
#612 = CARTESIAN_POINT ( 'NONE',  ( 1.500000000000000400, -1.349999999999998800, 2.000000000000000000 ) ) ;
#613 = ORIENTED_EDGE ( 'NONE', *, *, #3033, .T. ) ;
#614 = DIRECTION ( 'NONE',  ( 0.0000000000000000000, 0.0000000000000000000, 1.000000000000000000 ) ) ;
#615 = ORIENTED_EDGE ( 'NONE', *, *, #3332, .F. ) ;
#616 = DIRECTION ( 'NONE',  ( -0.0000000000000000000, -1.000000000000000000, -0.0000000000000000000 ) ) ;
#617 = AXIS2_PLACEMENT_3D ( 'NONE', #133, #1508, #746 ) ;
#618 = CARTESIAN_POINT ( 'NONE',  ( -0.8118330792682925100, 0.1640692491470413500, 0.0000000000000000000 ) ) ;
#619 = CARTESIAN_POINT ( 'NONE',  ( -0.1524390243902424600, -0.2749551410968610900, 0.01000000000000000000 ) ) ;
#620 = CARTESIAN_POINT ( 'NONE',  ( 0.4990013883092910800, -0.2772962828177703600, -0.0000000000000000000 ) ) ;
#621 = CARTESIAN_POINT ( 'NONE',  ( -2.000000000000000000, 0.2499999999999996700, 0.2899999999999999800 ) ) ;
#622 = DIRECTION ( 'NONE',  ( -1.000000000000000000, 0.0000000000000000000, -0.0000000000000000000 ) ) ;
#623 = ORIENTED_EDGE ( 'NONE', *, *, #1901, .T. ) ;
#624 = AXIS2_PLACEMENT_3D ( 'NONE', #1164, #926, #1189 ) ;
#625 = LINE ( 'NONE', #3309, #1305 ) ;
#626 = UNCERTAINTY_MEASURE_WITH_UNIT (LENGTH_MEASURE( 1.000000000000000100E-005 ), #1244, 'distance_accuracy_value', 'NONE');
#627 = ORIENTED_EDGE ( 'NONE', *, *, #3900, .F. ) ;
#628 = EDGE_LOOP ( 'NONE', ( #362, #2356, #2241, #1935 ) ) ;
#629 = VECTOR ( 'NONE', #1864, 1000.000000000000000 ) ;
#630 = CARTESIAN_POINT ( 'NONE',  ( -1.750000000000000400, 0.0000000000000000000, 1.000000000000000000 ) ) ;
#631 = LINE ( 'NONE', #2086, #4047 ) ;
#632 = EDGE_LOOP ( 'NONE', ( #2679, #188, #2035, #1230 ) ) ;
#633 = ADVANCED_FACE ( 'NONE', ( #3174, #3657, #3018, #4182, #4377, #127 ), #2051, .T. ) ;
#634 = ORIENTED_EDGE ( 'NONE', *, *, #751, .F. ) ;
#635 = DIRECTION ( 'NONE',  ( -0.3536223923290755500, 0.9353882635801357100, 0.0000000000000000000 ) ) ;
#636 = VECTOR ( 'NONE', #985, 1000.000000000000000 ) ;
#637 = CARTESIAN_POINT ( 'NONE',  ( 0.6028410990238626300, -0.2294177114762365500, 6.776263578034402700E-018 ) ) ;
#638 = CARTESIAN_POINT ( 'NONE',  ( 0.6827090675407121400, -0.02465955017610889400, -0.0000000000000000000 ) ) ;
#639 = STYLED_ITEM ( 'NONE', ( #3556 ), #2386 ) ;
#640 = DIRECTION ( 'NONE',  ( -1.000000000000000000, 0.0000000000000000000, -0.0000000000000000000 ) ) ;
#641 = CARTESIAN_POINT ( 'NONE',  ( 0.9146341463414641200, 0.2250448589031389100, 0.01000000000000000000 ) ) ;
#642 = CIRCLE ( 'NONE', #1834, 0.2000000000000000900 ) ;
#643 = SURFACE_SIDE_STYLE ('',( #2148 ) ) ;
#644 = B_SPLINE_CURVE_WITH_KNOTS ( 'NONE', 3,
 ( #3423, #2397, #2391, #2454, #2354, #1167, #3229, #4135, #2331, #1130, #3959, #712, #36, #382, #3140, #2586, #3396, #3367, #1561 ),
 .UNSPECIFIED., .F., .F.,
 ( 4, 1, 1, 1, 1, 1, 1, 1, 1, 1, 1, 1, 1, 1, 1, 1, 4 ),
 ( 0.0000000000000000000, 0.06863117867660112300, 0.1345664660386772200, 0.1983281540108811900, 0.2607897666408450200, 0.3219991514841584200, 0.3827217465030197100, 0.4435374740357287400, 0.5051334294849249000, 0.5662138747646717800, 0.6261058646175454700, 0.6853493221605164700, 0.7449958703477971300, 0.8054158418145626100, 0.8676362663459532600, 0.9323077823023292500, 1.000000000000000000 ),
 .UNSPECIFIED. ) ;
#645 =( NAMED_UNIT ( * ) SI_UNIT ( $, .STERADIAN. ) SOLID_ANGLE_UNIT ( ) );
#646 = PRESENTATION_STYLE_ASSIGNMENT (( #1135 ) ) ;
#647 = ORIENTED_EDGE ( 'NONE', *, *, #3948, .T. ) ;
#648 = VECTOR ( 'NONE', #3879, 1000.000000000000000 ) ;
#649 = EDGE_CURVE ( 'NONE', #2845, #1469, #3813, .T. ) ;
#650 = PLANE ( 'NONE',  #3617 ) ;
#651 =( NAMED_UNIT ( * ) SI_UNIT ( $, .STERADIAN. ) SOLID_ANGLE_UNIT ( ) );
#652 =( LENGTH_UNIT ( ) NAMED_UNIT ( * ) SI_UNIT ( .MILLI., .METRE. ) );
#653 = CARTESIAN_POINT ( 'NONE',  ( 0.5060815322072960100, 0.2213092042433529300, 0.0000000000000000000 ) ) ;
#654 = ADVANCED_FACE ( 'NONE', ( #556 ), #1399, .F. ) ;
#655 = UNCERTAINTY_MEASURE_WITH_UNIT (LENGTH_MEASURE( 1.000000000000000100E-005 ), #997, 'distance_accuracy_value', 'NONE');
#656 = CARTESIAN_POINT ( 'NONE',  ( 1.750000000000000000, 1.550000000000002300, 1.000000000000000000 ) ) ;
#657 = ORIENTED_EDGE ( 'NONE', *, *, #3629, .F. ) ;
#658 = CARTESIAN_POINT ( 'NONE',  ( 1.500000000000000400, 0.0000000000000000000, 1.000000000000000000 ) ) ;
#659 = PRODUCT_DEFINITION_CONTEXT ( 'detailed design', #3727, 'design' ) ;
#660 = ORIENTED_EDGE ( 'NONE', *, *, #3118, .T. ) ;
#661 = EDGE_CURVE ( 'NONE', #1911, #3498, #2903, .T. ) ;
#662 = CARTESIAN_POINT ( 'NONE',  ( 0.6552522120671927500, 0.09699711865594502800, 0.01000000000000000000 ) ) ;
#663 = DIRECTION ( 'NONE',  ( -1.000000000000000000, -1.204669080539449300E-016, 0.0000000000000000000 ) ) ;
#664 = ORIENTED_EDGE ( 'NONE', *, *, #2960, .F. ) ;
#665 = DIRECTION ( 'NONE',  ( 1.000000000000000000, 0.0000000000000000000, -0.0000000000000000000 ) ) ;
#666 = EDGE_LOOP ( 'NONE', ( #4261, #3034, #222, #2414, #2928 ) ) ;
#667 = CARTESIAN_POINT ( 'NONE',  ( 0.3394609096654191400, -0.2083325962510518800, -0.0000000000000000000 ) ) ;
#668 =( GEOMETRIC_REPRESENTATION_CONTEXT ( 3 ) GLOBAL_UNCERTAINTY_ASSIGNED_CONTEXT ( ( #1195 ) ) GLOBAL_UNIT_ASSIGNED_CONTEXT ( ( #747, #749, #765 ) ) REPRESENTATION_CONTEXT ( 'NONE', 'WORKASPACE' ) );
#669 = VERTEX_POINT ( 'NONE', #883 ) ;
#670 =( GEOMETRIC_REPRESENTATION_CONTEXT ( 3 ) GLOBAL_UNCERTAINTY_ASSIGNED_CONTEXT ( ( #400 ) ) GLOBAL_UNIT_ASSIGNED_CONTEXT ( ( #3039, #982, #3387 ) ) REPRESENTATION_CONTEXT ( 'NONE', 'WORKASPACE' ) );
#671 = DIRECTION ( 'NONE',  ( -0.0000000000000000000, -0.0000000000000000000, -1.000000000000000000 ) ) ;
#672 = B_SPLINE_CURVE_WITH_KNOTS ( 'NONE', 3,
 ( #3967, #557, #2231, #1111, #2401, #970, #1441, #3987, #1992, #1279, #2095 ),
 .UNSPECIFIED., .F., .F.,
 ( 4, 1, 1, 1, 1, 1, 1, 1, 4 ),
 ( 0.0000000000000000000, 0.1124483899088009100, 0.2265276752126780500, 0.3444019493260278000, 0.4658649724874585600, 0.5916594493521166700, 0.7221684870248877800, 0.8586063875549265800, 1.000000000000000000 ),
 .UNSPECIFIED. ) ;
#673 = AXIS2_PLACEMENT_3D ( 'NONE', #4037, #3980, #3939 ) ;
#674 = EDGE_CURVE ( 'NONE', #1303, #3509, #3865, .T. ) ;
#675 = ADVANCED_FACE ( 'NONE', ( #2276 ), #1198, .T. ) ;
#676 = DIRECTION ( 'NONE',  ( 0.0000000000000000000, 0.0000000000000000000, -1.000000000000000000 ) ) ;
#677 = FACE_OUTER_BOUND ( 'NONE', #900, .T. ) ;
#678 = CARTESIAN_POINT ( 'NONE',  ( 0.6827705550223912600, -0.04344803857943516800, -0.0000000000000000000 ) ) ;
#679 = CARTESIAN_POINT ( 'NONE',  ( 0.6028410990238626300, -0.2294177114762365500, 0.01000000000000000000 ) ) ;
#680 = FACE_OUTER_BOUND ( 'NONE', #1400, .T. ) ;
#681 = DIRECTION ( 'NONE',  ( -0.0000000000000000000, -0.0000000000000000000, -1.000000000000000000 ) ) ;
#682 = DIRECTION ( 'NONE',  ( 0.0000000000000000000, 0.0000000000000000000, 1.000000000000000000 ) ) ;
#683 = VECTOR ( 'NONE', #1881, 1000.000000000000000 ) ;
#684 = EDGE_LOOP ( 'NONE', ( #2017, #3300, #2293, #2982 ) ) ;
#685 = LINE ( 'NONE', #938, #1127 ) ;
#686 = EDGE_LOOP ( 'NONE', ( #3032, #1420, #2329, #2026 ) ) ;
#687 = VECTOR ( 'NONE', #2006, 1000.000000000000100 ) ;
#688 = VECTOR ( 'NONE', #490, 1000.000000000000000 ) ;
#689 = ORIENTED_EDGE ( 'NONE', *, *, #3263, .T. ) ;
#690 = DIRECTION ( 'NONE',  ( -0.0000000000000000000, 1.000000000000000000, 0.0000000000000000000 ) ) ;
#691 = ORIENTED_EDGE ( 'NONE', *, *, #4026, .F. ) ;
#692 = DIRECTION ( 'NONE',  ( -0.0000000000000000000, -0.0000000000000000000, -1.000000000000000000 ) ) ;
#693 = CARTESIAN_POINT ( 'NONE',  ( -1.750000000000000400, 1.750000000000000000, 0.8000000000000012700 ) ) ;
#694 = LINE ( 'NONE', #3102, #3224 ) ;
#695 = SURFACE_SIDE_STYLE ('',( #1314 ) ) ;
#696 = STYLED_ITEM ( 'NONE', ( #4354 ), #1315 ) ;
#697 = DIRECTION ( 'NONE',  ( 1.000000000000000000, 0.0000000000000000000, 0.0000000000000000000 ) ) ;
#698 = CARTESIAN_POINT ( 'NONE',  ( 0.5848806046880746800, -0.2434049841663999700, 6.776263578034402700E-018 ) ) ;
#699 = VECTOR ( 'NONE', #3203, 1000.000000000000000 ) ;
#700 = VECTOR ( 'NONE', #2553, 1000.000000000000000 ) ;
#701 = ADVANCED_FACE ( 'NONE', ( #2908 ), #789, .T. ) ;
#702 = VECTOR ( 'NONE', #3038, 1000.000000000000000 ) ;
#703 = LINE ( 'NONE', #3011, #4020 ) ;
#704 = ORIENTED_EDGE ( 'NONE', *, *, #3539, .F. ) ;
#705 = CARTESIAN_POINT ( 'NONE',  ( 0.6158536585365861300, -0.03029050695051963000, 0.0000000000000000000 ) ) ;
#706 = SURFACE_SIDE_STYLE ('',( #581 ) ) ;
#707 = STYLED_ITEM ( 'NONE', ( #2747 ), #69 ) ;
#708 =( NAMED_UNIT ( * ) PLANE_ANGLE_UNIT ( ) SI_UNIT ( $, .RADIAN. ) );
#709 = CARTESIAN_POINT ( 'NONE',  ( -0.8964367378048779800, -0.07983318987734888700, 0.01000000000000000000 ) ) ;
#710 = EDGE_CURVE ( 'NONE', #4266, #4295, #2050, .T. ) ;
#711 = EDGE_LOOP ( 'NONE', ( #2770, #1031, #831, #4145, #1675, #2525, #3598, #3830, #271 ) ) ;
#712 = CARTESIAN_POINT ( 'NONE',  ( -0.5132506857202197000, 0.1232320010283776600, 0.01000000000000000000 ) ) ;
#713 = AXIS2_PLACEMENT_3D ( 'NONE', #394, #1365, #1160 ) ;
#714 = SURFACE_SIDE_STYLE ('',( #2373 ) ) ;
#715 = CARTESIAN_POINT ( 'NONE',  ( 0.0000000000000000000, 0.0000000000000000000, 0.0000000000000000000 ) ) ;
#716 = LINE ( 'NONE', #3100, #568 ) ;
#717 = FACE_OUTER_BOUND ( 'NONE', #2146, .T. ) ;
#718 = CARTESIAN_POINT ( 'NONE',  ( -0.7292301829268291700, -0.07983318987734888700, 0.01000000000000000000 ) ) ;
#719 = ADVANCED_FACE ( 'NONE', ( #289 ), #4157, .T. ) ;
#720 = ORIENTED_EDGE ( 'NONE', *, *, #3981, .T. ) ;
#721 = CARTESIAN_POINT ( 'NONE',  ( -0.5506537293359076200, 0.03396296961618094200, 0.01000000000000000000 ) ) ;
#722 = PLANE ( 'NONE',  #673 ) ;
#723 = ORIENTED_EDGE ( 'NONE', *, *, #2069, .F. ) ;
#724 = DIRECTION ( 'NONE',  ( 1.000000000000000000, 0.0000000000000000000, 0.0000000000000000000 ) ) ;
#725 = ORIENTED_EDGE ( 'NONE', *, *, #1611, .F. ) ;
#726 = CARTESIAN_POINT ( 'NONE',  ( -0.8172553295144935300, 0.1434164763442193300, 0.01000000000000000000 ) ) ;
#727 = CARTESIAN_POINT ( 'NONE',  ( -0.5546761151791638200, -0.02811082359393830100, 1.016439536705160400E-017 ) ) ;
#728 = EDGE_CURVE ( 'NONE', #4336, #431, #10, .T. ) ;
#729 = PLANE ( 'NONE',  #2461 ) ;
#730 = AXIS2_PLACEMENT_3D ( 'NONE', #1510, #3878, #1839 ) ;
#731 = CLOSED_SHELL ( 'NONE', ( #3312, #1886, #179, #1960, #633, #3289, #595, #2386, #1383, #3478, #1315, #2883, #263, #1844, #675, #69, #1933, #1759, #1265, #2288, #1450, #2404, #149, #2818, #2216, #1209, #416, #2467, #508, #1205, #1780, #1335, #2127, #976, #335, #828, #3246, #2539, #852, #654, #788, #2061, #2104, #1238, #172, #2561, #1134, #28, #1188, #2333, #3407, #446, #701, #1013, #2583, #467, #290, #845, #1474, #224, #2223, #807, #3185, #9, #3363, #4323, #996, #877, #2861, #1893, #1870, #3342, #2488, #195, #1158, #537, #2313, #242, #1029, #310, #1102, #767, #2962, #3465, #1863, #1975, #719, #1058, #1820, #1430, #2199, #2170, #92, #123, #4132, #1908, #1735, #830, #2244, #2935, #3436 ) ) ;
#732 = EDGE_LOOP ( 'NONE', ( #3771, #3586, #2773, #197 ) ) ;
#733 = EDGE_CURVE ( 'NONE', #2096, #1609, #1849, .T. ) ;
#734 = CARTESIAN_POINT ( 'NONE',  ( 0.9817073170731713800, -0.2749551410968610900, -0.0000000000000000000 ) ) ;
#735 = SURFACE_STYLE_USAGE ( .BOTH. , #714 ) ;
#736 = ADVANCED_BREP_SHAPE_REPRESENTATION ( 'HC-49S_L7.0-W4.0', ( #1857, #2529 ), #670 ) ;
#737 = EDGE_CURVE ( 'NONE', #3873, #3237, #2776, .T. ) ;
#738 = VECTOR ( 'NONE', #2072, 1000.000000000000000 ) ;
#739 = ORIENTED_EDGE ( 'NONE', *, *, #3124, .F. ) ;
#740 = TOROIDAL_SURFACE ( 'NONE', #402, 1.350000000000000100, 0.2000000000000000100 ) ;
#741 = ORIENTED_EDGE ( 'NONE', *, *, #2353, .F. ) ;
#742 = SURFACE_SIDE_STYLE ('',( #178 ) ) ;
#743 = FACE_OUTER_BOUND ( 'NONE', #3531, .T. ) ;
#744 = DIRECTION ( 'NONE',  ( 1.000000000000000000, 0.0000000000000000000, 0.0000000000000000000 ) ) ;
#745 = ORIENTED_EDGE ( 'NONE', *, *, #3775, .F. ) ;
#746 = DIRECTION ( 'NONE',  ( 0.0000000000000000000, 0.0000000000000000000, 1.000000000000000000 ) ) ;
#747 =( LENGTH_UNIT ( ) NAMED_UNIT ( * ) SI_UNIT ( .MILLI., .METRE. ) );
#748 = AXIS2_PLACEMENT_3D ( 'NONE', #3574, #4291, #4298 ) ;
#749 =( NAMED_UNIT ( * ) PLANE_ANGLE_UNIT ( ) SI_UNIT ( $, .RADIAN. ) );
#750 = FACE_OUTER_BOUND ( 'NONE', #3525, .T. ) ;
#751 = EDGE_CURVE ( 'NONE', #4059, #1694, #376, .T. ) ;
#752 = LINE ( 'NONE', #1286, #3969 ) ;
#753 = VECTOR ( 'NONE', #218, 1000.000000000000000 ) ;
#754 = SURFACE_STYLE_USAGE ( .BOTH. , #695 ) ;
#755 = STYLED_ITEM ( 'NONE', ( #1228 ), #1844 ) ;
#756 = CARTESIAN_POINT ( 'NONE',  ( 0.5654144404474135100, -0.2550719493636587900, 0.01000000000000000000 ) ) ;
#757 = FACE_OUTER_BOUND ( 'NONE', #3435, .T. ) ;
#758 = DIRECTION ( 'NONE',  ( 0.0000000000000000000, 1.000000000000000000, 0.0000000000000000000 ) ) ;
#759 = CARTESIAN_POINT ( 'NONE',  ( 3.500000000000000000, -0.2500000000000006700, 0.2899999999999999800 ) ) ;
#760 = ORIENTED_EDGE ( 'NONE', *, *, #48, .F. ) ;
#761 = TOROIDAL_SURFACE ( 'NONE', #748, 1.349999999999999900, 0.2000000000000000100 ) ;
#762 = CARTESIAN_POINT ( 'NONE',  ( 0.5958547439563647300, 0.07311941238376816500, 1.524659305057740600E-017 ) ) ;
#763 = DIRECTION ( 'NONE',  ( 1.000000000000000000, 0.0000000000000000000, 0.0000000000000000000 ) ) ;
#764 = EDGE_CURVE ( 'NONE', #1609, #357, #3064, .T. ) ;
#765 =( NAMED_UNIT ( * ) SI_UNIT ( $, .STERADIAN. ) SOLID_ANGLE_UNIT ( ) );
#766 = DIRECTION ( 'NONE',  ( 1.000000000000000000, 2.168404344971008900E-016, -0.0000000000000000000 ) ) ;
#767 = ADVANCED_FACE ( 'NONE', ( #2271 ), #1796, .T. ) ;
#768 = DIRECTION ( 'NONE',  ( 0.0000000000000000000, -0.7071067811865460200, 0.7071067811865489100 ) ) ;
#769 = FILL_AREA_STYLE ('',( #435 ) ) ;
#770 = ORIENTED_EDGE ( 'NONE', *, *, #4075, .F. ) ;
#771 = AXIS2_PLACEMENT_3D ( 'NONE', #4196, #4260, #4018 ) ;
#772 = PLANE ( 'NONE',  #2470 ) ;
#773 = CARTESIAN_POINT ( 'NONE',  ( 0.3668698776661528100, 0.1684074337117249200, 0.01000000000000000000 ) ) ;
#774 = DIRECTION ( 'NONE',  ( 0.0000000000000000000, 1.000000000000000000, 0.0000000000000000000 ) ) ;
#775 = ORIENTED_EDGE ( 'NONE', *, *, #1597, .F. ) ;
#776 = ORIENTED_EDGE ( 'NONE', *, *, #1767, .F. ) ;
#777 = DIRECTION ( 'NONE',  ( 1.000000000000000000, 0.0000000000000000000, -0.0000000000000000000 ) ) ;
#778 = LINE ( 'NONE', #3806, #3301 ) ;
#779 = PRESENTATION_LAYER_ASSIGNMENT (  '', '', ( #338 ) ) ;
#780 = CARTESIAN_POINT ( 'NONE',  ( -3.799999999999999800, -0.2500000000000005600, 0.2899999999999999800 ) ) ;
#781 = DIRECTION ( 'NONE',  ( -1.000000000000000000, 0.0000000000000000000, 0.0000000000000000000 ) ) ;
#782 = CARTESIAN_POINT ( 'NONE',  ( -2.000000000000000000, 0.2499999999999996700, -0.01000000000000000000 ) ) ;
#783 = CARTESIAN_POINT ( 'NONE',  ( 3.011672701348622700E-017, 0.2499999999999998900, 0.0000000000000000000 ) ) ;
#784 = ORIENTED_EDGE ( 'NONE', *, *, #1567, .T. ) ;
#785 = FILL_AREA_STYLE ('',( #208 ) ) ;
#786 = CYLINDRICAL_SURFACE ( 'NONE', #1950, 0.2000000000000000900 ) ;
#787 = CARTESIAN_POINT ( 'NONE',  ( -0.5367538280350966400, 0.08144677980025176500, 0.01000000000000000000 ) ) ;
#788 = ADVANCED_FACE ( 'NONE', ( #3279 ), #1620, .F. ) ;
#789 = PLANE ( 'NONE',  #2969 ) ;
#790 = VECTOR ( 'NONE', #1869, 1000.000000000000100 ) ;
#791 = CARTESIAN_POINT ( 'NONE',  ( -3.799999999999999800, -0.2500000000000005600, 0.2899999999999999800 ) ) ;
#792 = DIRECTION ( 'NONE',  ( -1.000000000000000000, 0.0000000000000000000, 0.0000000000000000000 ) ) ;
#793 = ORIENTED_EDGE ( 'NONE', *, *, #2866, .T. ) ;
#794 = EDGE_CURVE ( 'NONE', #669, #2946, #3689, .T. ) ;
#795 = CARTESIAN_POINT ( 'NONE',  ( 3.500000000000000000, -2.000000000000000000, 0.5000000000000000000 ) ) ;
#796 = ORIENTED_EDGE ( 'NONE', *, *, #964, .F. ) ;
#797 = CARTESIAN_POINT ( 'NONE',  ( 0.3402335741721104200, -0.2632839851392106400, -0.0000000000000000000 ) ) ;
#798 = EDGE_CURVE ( 'NONE', #254, #1002, #114, .T. ) ;
#799 = DIRECTION ( 'NONE',  ( -0.3363908276654484200, 0.9417224702971437300, 0.0000000000000000000 ) ) ;
#800 = AXIS2_PLACEMENT_3D ( 'NONE', #1289, #1382, #267 ) ;
#801 = SURFACE_STYLE_FILL_AREA ( #1287 ) ;
#802 = CARTESIAN_POINT ( 'NONE',  ( 0.7256097560975616200, -0.2200770923163732900, -0.0000000000000000000 ) ) ;
#803 = VECTOR ( 'NONE', #3637, 1000.000000000000000 ) ;
#804 = CARTESIAN_POINT ( 'NONE',  ( -0.05487804878048714600, -0.2749551410968610900, 0.01000000000000000000 ) ) ;
#805 = ORIENTED_EDGE ( 'NONE', *, *, #1333, .T. ) ;
#806 = VECTOR ( 'NONE', #1296, 1000.000000000000000 ) ;
#807 = ADVANCED_FACE ( 'NONE', ( #340 ), #1593, .T. ) ;
#808 = ORIENTED_EDGE ( 'NONE', *, *, #3588, .F. ) ;
#809 = AXIS2_PLACEMENT_3D ( 'NONE', #1433, #1424, #1253 ) ;
#810 = CARTESIAN_POINT ( 'NONE',  ( -1.500000000000000400, 0.0000000000000000000, 2.000000000000000000 ) ) ;
#811 = CARTESIAN_POINT ( 'NONE',  ( 0.3109756097560982800, 0.2113253467080170000, 0.01000000000000000000 ) ) ;
#812 = DIRECTION ( 'NONE',  ( 0.0000000000000000000, 0.0000000000000000000, -1.000000000000000000 ) ) ;
#813 = CARTESIAN_POINT ( 'NONE',  ( 0.4942627770300098700, -0.2190856217435321900, 0.01000000000000000000 ) ) ;
#814 = PLANE ( 'NONE',  #180 ) ;
#815 = EDGE_CURVE ( 'NONE', #327, #4336, #3507, .T. ) ;
#816 = SURFACE_STYLE_USAGE ( .BOTH. , #1368 ) ;
#817 = ORIENTED_EDGE ( 'NONE', *, *, #2215, .T. ) ;
#818 = EDGE_CURVE ( 'NONE', #2761, #27, #644, .T. ) ;
#819 = EDGE_LOOP ( 'NONE', ( #775, #657, #243, #355 ) ) ;
#820 = EDGE_CURVE ( 'NONE', #2364, #1606, #4176, .T. ) ;
#821 = LINE ( 'NONE', #3825, #3086 ) ;
#822 = DIRECTION ( 'NONE',  ( 0.0000000000000000000, 1.000000000000000000, 0.0000000000000000000 ) ) ;
#823 = CARTESIAN_POINT ( 'NONE',  ( 0.0000000000000000000, 0.0000000000000000000, 0.0000000000000000000 ) ) ;
#824 = PLANE ( 'NONE',  #1682 ) ;
#825 = PLANE ( 'NONE',  #3240 ) ;
#826 = VERTEX_POINT ( 'NONE', #4064 ) ;
#827 = ORIENTED_EDGE ( 'NONE', *, *, #3426, .F. ) ;
#828 = ADVANCED_FACE ( 'NONE', ( #2593 ), #3471, .T. ) ;
#829 = CARTESIAN_POINT ( 'NONE',  ( -0.5542802873806451600, -0.04662243073984359600, 0.0000000000000000000 ) ) ;
#830 = ADVANCED_FACE ( 'NONE', ( #3971 ), #3495, .T. ) ;
#831 = ORIENTED_EDGE ( 'NONE', *, *, #1851, .T. ) ;
#832 = PRESENTATION_LAYER_ASSIGNMENT (  '', '', ( #160 ) ) ;
#833 = VERTEX_POINT ( 'NONE', #1905 ) ;
#834 = CARTESIAN_POINT ( 'NONE',  ( 3.500000000000000000, 0.0000000000000000000, 0.5000000000000000000 ) ) ;
#835 = DIRECTION ( 'NONE',  ( 1.000000000000000000, 0.0000000000000000000, -0.0000000000000000000 ) ) ;
#836 = CARTESIAN_POINT ( 'NONE',  ( 1.750000000000000200, -1.750000000000000200, 0.5000000000000000000 ) ) ;
#837 = LINE ( 'NONE', #1743, #738 ) ;
#838 = AXIS2_PLACEMENT_3D ( 'NONE', #23, #343, #13 ) ;
#839 = CARTESIAN_POINT ( 'NONE',  ( -2.000000000000000000, 0.2499999999999996700, 0.0000000000000000000 ) ) ;
#840 = EDGE_CURVE ( 'NONE', #4028, #2413, #916, .T. ) ;
#841 = VECTOR ( 'NONE', #317, 1000.000000000000000 ) ;
#842 = DIRECTION ( 'NONE',  ( -0.0000000000000000000, 0.0000000000000000000, -1.000000000000000000 ) ) ;
#843 =( NAMED_UNIT ( * ) SI_UNIT ( $, .STERADIAN. ) SOLID_ANGLE_UNIT ( ) );
#844 = PRESENTATION_LAYER_ASSIGNMENT (  '', '', ( #408 ) ) ;
#845 = ADVANCED_FACE ( 'NONE', ( #233 ), #1790, .T. ) ;
#846 = VECTOR ( 'NONE', #3614, 1000.000000000000000 ) ;
#847 = VECTOR ( 'NONE', #174, 1000.000000000000000 ) ;
#848 = EDGE_CURVE ( 'NONE', #894, #2083, #1323, .T. ) ;
#849 = CARTESIAN_POINT ( 'NONE',  ( -0.4470191824482127000, 0.1100298922049237200, 0.01000000000000000000 ) ) ;
#850 = VECTOR ( 'NONE', #1060, 1000.000000000000000 ) ;
#851 = VECTOR ( 'NONE', #856, 1000.000000000000200 ) ;
#852 = ADVANCED_FACE ( 'NONE', ( #2690 ), #3075, .F. ) ;
#853 = DIRECTION ( 'NONE',  ( 0.0000000000000000000, 1.000000000000000000, 0.0000000000000000000 ) ) ;
#854 = LINE ( 'NONE', #3702, #648 ) ;
#855 = CARTESIAN_POINT ( 'NONE',  ( 0.3109756097560983400, -0.1941624581700318300, 6.776263578034402700E-018 ) ) ;
#856 = DIRECTION ( 'NONE',  ( -0.3635424856527063600, -0.9315776194850602400, 0.0000000000000000000 ) ) ;
#857 = CARTESIAN_POINT ( 'NONE',  ( -0.4579708159752953200, 0.09576753382233840800, 6.776263578034402700E-018 ) ) ;
#858 = LINE ( 'NONE', #3955, #847 ) ;
#859 = CARTESIAN_POINT ( 'NONE',  ( -3.500000000000000000, -2.000000000000000000, 0.0000000000000000000 ) ) ;
#860 = DIRECTION ( 'NONE',  ( 0.0000000000000000000, -0.0000000000000000000, 1.000000000000000000 ) ) ;
#861 = CARTESIAN_POINT ( 'NONE',  ( 3.799999999999999800, -0.2500000000000005600, 0.2899999999999999800 ) ) ;
#862 = PRESENTATION_LAYER_ASSIGNMENT (  '', '', ( #639 ) ) ;
#863 = CARTESIAN_POINT ( 'NONE',  ( -0.9189214939024389400, -0.1347112386578366800, 0.0000000000000000000 ) ) ;
#864 = CARTESIAN_POINT ( 'NONE',  ( 0.6157147486115227600, -0.03760110979840524500, 0.01000000000000000000 ) ) ;
#865 =( NAMED_UNIT ( * ) PLANE_ANGLE_UNIT ( ) SI_UNIT ( $, .RADIAN. ) );
#866 = CARTESIAN_POINT ( 'NONE',  ( -0.8211699695121950100, 0.1290082735372852800, 0.01000000000000000000 ) ) ;
#867 = CARTESIAN_POINT ( 'NONE',  ( -3.500000000000000000, -0.2500000000000005000, -0.0000000000000000000 ) ) ;
#868 = VERTEX_POINT ( 'NONE', #2580 ) ;
#869 = EDGE_CURVE ( 'NONE', #3623, #3421, #4017, .T. ) ;
#870 = PLANE ( 'NONE',  #3889 ) ;
#871 = FILL_AREA_STYLE_COLOUR ( '', #3870 ) ;
#872 = SURFACE_STYLE_USAGE ( .BOTH. , #3232 ) ;
#873 =( LENGTH_UNIT ( ) NAMED_UNIT ( * ) SI_UNIT ( .MILLI., .METRE. ) );
#874 = ORIENTED_EDGE ( 'NONE', *, *, #2358, .T. ) ;
#875 = EDGE_CURVE ( 'NONE', #4034, #1944, #2697, .T. ) ;
#876 = ORIENTED_EDGE ( 'NONE', *, *, #737, .F. ) ;
#877 = ADVANCED_FACE ( 'NONE', ( #917 ), #63, .T. ) ;
#878 = ORIENTED_EDGE ( 'NONE', *, *, #3096, .F. ) ;
#879 = ORIENTED_EDGE ( 'NONE', *, *, #2725, .T. ) ;
#880 = LINE ( 'NONE', #3268, #471 ) ;
#881 = ORIENTED_EDGE ( 'NONE', *, *, #3744, .T. ) ;
#882 = VERTEX_POINT ( 'NONE', #4335 ) ;
#883 = CARTESIAN_POINT ( 'NONE',  ( 0.4280678353658543500, 0.1762643710982608700, 0.01000000000000000000 ) ) ;
#884 = CARTESIAN_POINT ( 'NONE',  ( 0.6822828863907657300, -0.005621374391815121300, 0.01000000000000000000 ) ) ;
#885 = ORIENTED_EDGE ( 'NONE', *, *, #4284, .F. ) ;
#886 = CARTESIAN_POINT ( 'NONE',  ( 0.3109756097560982800, -0.2490405069505196000, 0.0000000000000000000 ) ) ;
#887 = AXIS2_PLACEMENT_3D ( 'NONE', #1773, #927, #3551 ) ;
#888 = CARTESIAN_POINT ( 'NONE',  ( 0.6088684825404824300, 0.03518943533258274400, 0.0000000000000000000 ) ) ;
#889 = CARTESIAN_POINT ( 'NONE',  ( 0.3546144861576529500, -0.2139196268047380800, 0.01000000000000000000 ) ) ;
#890 = LINE ( 'NONE', #4099, #4358 ) ;
#891 = EDGE_CURVE ( 'NONE', #3239, #4387, #60, .T. ) ;
#892 = CARTESIAN_POINT ( 'NONE',  ( -0.3167229944959275600, -0.2744426244447063500, 0.0000000000000000000 ) ) ;
#893 = SURFACE_STYLE_USAGE ( .BOTH. , #955 ) ;
#894 = VERTEX_POINT ( 'NONE', #2602 ) ;
#895 = AXIS2_PLACEMENT_3D ( 'NONE', #630, #676, #991 ) ;
#896 = LINE ( 'NONE', #3925, #2523 ) ;
#897 = VERTEX_POINT ( 'NONE', #2677 ) ;
#898 = FILL_AREA_STYLE_COLOUR ( '', #2791 ) ;
#899 = VECTOR ( 'NONE', #2483, 1000.000000000000000 ) ;
#900 = EDGE_LOOP ( 'NONE', ( #1045, #4403, #558, #1281, #1717, #2924 ) ) ;
#901 = LINE ( 'NONE', #4044, #3106 ) ;
#902 = FILL_AREA_STYLE ('',( #3710 ) ) ;
#903 = ORIENTED_EDGE ( 'NONE', *, *, #2644, .F. ) ;
#904 = PLANE ( 'NONE',  #3628 ) ;
#905 = ORIENTED_EDGE ( 'NONE', *, *, #139, .T. ) ;
#906 = CARTESIAN_POINT ( 'NONE',  ( -0.3542990767548198600, -0.2130223420384684500, 0.01000000000000000000 ) ) ;
#907 = FACE_OUTER_BOUND ( 'NONE', #2459, .T. ) ;
#908 = PRESENTATION_LAYER_ASSIGNMENT (  '', '', ( #463 ) ) ;
#909 = DIRECTION ( 'NONE',  ( 1.000000000000000000, -1.204669080539449300E-016, 0.0000000000000000000 ) ) ;
#910 = EDGE_CURVE ( 'NONE', #2519, #2828, #3177, .T. ) ;
#911 = CARTESIAN_POINT ( 'NONE',  ( 0.3381595203132164400, 0.1583908642098385600, 0.01000000000000000000 ) ) ;
#912 = EDGE_CURVE ( 'NONE', #1761, #3364, #1377, .T. ) ;
#913 = COLOUR_RGB ( '',0.6666666666666666300, 0.6666666666666666300, 0.6666666666666666300 ) ;
#914 = PRESENTATION_STYLE_ASSIGNMENT (( #3370 ) ) ;
#915 = DIRECTION ( 'NONE',  ( 0.0000000000000000000, 0.7071067811865460200, -0.7071067811865489100 ) ) ;
#916 = LINE ( 'NONE', #1800, #1429 ) ;
#917 = FACE_OUTER_BOUND ( 'NONE', #957, .T. ) ;
#918 = CARTESIAN_POINT ( 'NONE',  ( -0.4980903209863217800, -0.1871178259049332800, 0.01000000000000000000 ) ) ;
#919 = EDGE_LOOP ( 'NONE', ( #2608, #3942, #2977, #2140 ) ) ;
#920 = CARTESIAN_POINT ( 'NONE',  ( -0.4480639183564909000, -0.1538453297112271100, 1.185846126156020500E-017 ) ) ;
#921 = ORIENTED_EDGE ( 'NONE', *, *, #4383, .T. ) ;
#922 = FILL_AREA_STYLE_COLOUR ( '', #4283 ) ;
#923 = CARTESIAN_POINT ( 'NONE',  ( -0.03048780487804810300, 0.005532663781187717100, 0.01000000000000000000 ) ) ;
#924 = CARTESIAN_POINT ( 'NONE',  ( 0.6157147486115227600, -0.03760110979840524500, -0.0000000000000000000 ) ) ;
#925 = CARTESIAN_POINT ( 'NONE',  ( 0.0000000000000000000, 0.0000000000000000000, 0.01000000000000000000 ) ) ;
#926 = DIRECTION ( 'NONE',  ( -0.9406672605435406600, 0.3393303772748774100, 0.0000000000000000000 ) ) ;
#927 = DIRECTION ( 'NONE',  ( -0.0000000000000000000, -0.0000000000000000000, -1.000000000000000000 ) ) ;
#928 = PRESENTATION_LAYER_ASSIGNMENT (  '', '', ( #696 ) ) ;
#929 = FILL_AREA_STYLE ('',( #922 ) ) ;
#930 = DIRECTION ( 'NONE',  ( 0.0000000000000000000, 0.0000000000000000000, 1.000000000000000000 ) ) ;
#931 = ORIENTED_EDGE ( 'NONE', *, *, #1738, .F. ) ;
#932 = VERTEX_POINT ( 'NONE', #2909 ) ;
#933 =( NAMED_UNIT ( * ) SI_UNIT ( $, .STERADIAN. ) SOLID_ANGLE_UNIT ( ) );
#934 = CARTESIAN_POINT ( 'NONE',  ( -0.4876323200385808100, -0.02778741794641852200, 0.01000000000000000000 ) ) ;
#935 =( NAMED_UNIT ( * ) SI_UNIT ( $, .STERADIAN. ) SOLID_ANGLE_UNIT ( ) );
#936 = DIRECTION ( 'NONE',  ( -0.0000000000000000000, -0.0000000000000000000, -1.000000000000000000 ) ) ;
#937 = ORIENTED_EDGE ( 'NONE', *, *, #3953, .F. ) ;
#938 = CARTESIAN_POINT ( 'NONE',  ( 0.1463414634146348300, 0.1701668101226511100, 0.01000000000000000000 ) ) ;
#939 = CARTESIAN_POINT ( 'NONE',  ( -0.4806914022423365300, 0.04418472622951814800, 0.0000000000000000000 ) ) ;
#940 = ORIENTED_EDGE ( 'NONE', *, *, #3419, .T. ) ;
#941 = AXIS2_PLACEMENT_3D ( 'NONE', #1947, #3422, #2647 ) ;
#942 = VERTEX_POINT ( 'NONE', #709 ) ;
#943 = SURFACE_SIDE_STYLE ('',( #111 ) ) ;
#944 = SURFACE_SIDE_STYLE ('',( #1310 ) ) ;
#945 = ORIENTED_EDGE ( 'NONE', *, *, #2115, .F. ) ;
#946 = ORIENTED_EDGE ( 'NONE', *, *, #4198, .F. ) ;
#947 = CARTESIAN_POINT ( 'NONE',  ( -0.4579708159752953200, 0.09576753382233840800, 0.0000000000000000000 ) ) ;
#948 = PRESENTATION_LAYER_ASSIGNMENT (  '', '', ( #504 ) ) ;
#949 = DIRECTION ( 'NONE',  ( -0.0000000000000000000, -0.0000000000000000000, -1.000000000000000000 ) ) ;
#950 =( NAMED_UNIT ( * ) PLANE_ANGLE_UNIT ( ) SI_UNIT ( $, .RADIAN. ) );
#951 = ORIENTED_EDGE ( 'NONE', *, *, #3299, .F. ) ;
#952 =( NAMED_UNIT ( * ) SI_UNIT ( $, .STERADIAN. ) SOLID_ANGLE_UNIT ( ) );
#953 = PRESENTATION_STYLE_ASSIGNMENT (( #3184 ) ) ;
#954 = CARTESIAN_POINT ( 'NONE',  ( -0.5506623980646318000, -0.07363852827920776300, 0.0000000000000000000 ) ) ;
#955 = SURFACE_SIDE_STYLE ('',( #1124 ) ) ;
#956 = VECTOR ( 'NONE', #1726, 1000.000000000000000 ) ;
#957 = EDGE_LOOP ( 'NONE', ( #2842, #4152, #1862, #2206 ) ) ;
#958 = UNCERTAINTY_MEASURE_WITH_UNIT (LENGTH_MEASURE( 1.000000000000000100E-005 ), #2512, 'distance_accuracy_value', 'NONE');
#959 = PRESENTATION_LAYER_ASSIGNMENT (  '', '', ( #281 ) ) ;
#960 = ORIENTED_EDGE ( 'NONE', *, *, #1451, .F. ) ;
#961 = SURFACE_STYLE_USAGE ( .BOTH. , #943 ) ;
#962 = CARTESIAN_POINT ( 'NONE',  ( 0.5263499968943466900, -0.2057552587062764500, 0.01000000000000000000 ) ) ;
#963 = SURFACE_SIDE_STYLE ('',( #110 ) ) ;
#964 = EDGE_CURVE ( 'NONE', #1900, #4059, #1482, .T. ) ;
#965 = CARTESIAN_POINT ( 'NONE',  ( -0.8112500380320643000, 0.1605088030029309400, -0.0000000000000000000 ) ) ;
#966 = VECTOR ( 'NONE', #3520, 1000.000000000000000 ) ;
#967 =( LENGTH_UNIT ( ) NAMED_UNIT ( * ) SI_UNIT ( .MILLI., .METRE. ) );
#968 = FACE_OUTER_BOUND ( 'NONE', #3800, .T. ) ;
#969 = AXIS2_PLACEMENT_3D ( 'NONE', #2527, #473, #2858 ) ;
#970 = CARTESIAN_POINT ( 'NONE',  ( 0.3729713468732504000, -0.2732636642250421100, 0.01000000000000000000 ) ) ;
#971 = CARTESIAN_POINT ( 'NONE',  ( 0.2134146341463421500, 0.2250448589031389100, 0.01000000000000000000 ) ) ;
#972 = EDGE_CURVE ( 'NONE', #4141, #2143, #4, .T. ) ;
#973 = CARTESIAN_POINT ( 'NONE',  ( 0.5848806046880746800, -0.2434049841663999700, 0.01000000000000000000 ) ) ;
#974 = PLANE ( 'NONE',  #2081 ) ;
#975 = EDGE_CURVE ( 'NONE', #3101, #4114, #1255, .T. ) ;
#976 = ADVANCED_FACE ( 'NONE', ( #3649 ), #2270, .T. ) ;
#977 = FILL_AREA_STYLE ('',( #871 ) ) ;
#978 = STYLED_ITEM ( 'NONE', ( #3975 ), #595 ) ;
#979 = CARTESIAN_POINT ( 'NONE',  ( -0.03048780487804810300, -0.04934538499930010700, 0.0000000000000000000 ) ) ;
#980 = DIRECTION ( 'NONE',  ( -0.0000000000000000000, -0.0000000000000000000, -1.000000000000000000 ) ) ;
#981 = CARTESIAN_POINT ( 'NONE',  ( -0.3441520247636209500, -0.2709534151405166300, 1.016439536705160400E-017 ) ) ;
#982 =( NAMED_UNIT ( * ) PLANE_ANGLE_UNIT ( ) SI_UNIT ( $, .RADIAN. ) );
#983 =( LENGTH_UNIT ( ) NAMED_UNIT ( * ) SI_UNIT ( .MILLI., .METRE. ) );
#984 = SURFACE_STYLE_USAGE ( .BOTH. , #944 ) ;
#985 = DIRECTION ( 'NONE',  ( 1.000000000000000000, 0.0000000000000000000, 0.0000000000000000000 ) ) ;
#986 = DIRECTION ( 'NONE',  ( 0.0000000000000000000, 0.0000000000000000000, -1.000000000000000000 ) ) ;
#987 = CARTESIAN_POINT ( 'NONE',  ( -0.4806392962021363000, -0.2052886045389776800, 1.016439536705160400E-017 ) ) ;
#988 = CARTESIAN_POINT ( 'NONE',  ( 0.6788953285478537300, 0.02221710479675125700, 0.0000000000000000000 ) ) ;
#989 = AXIS2_PLACEMENT_3D ( 'NONE', #2317, #2308, #2211 ) ;
#990 = DIRECTION ( 'NONE',  ( 0.0000000000000000000, 0.0000000000000000000, -1.000000000000000000 ) ) ;
#991 = DIRECTION ( 'NONE',  ( -1.000000000000000000, 0.0000000000000000000, 0.0000000000000000000 ) ) ;
#992 = ORIENTED_EDGE ( 'NONE', *, *, #840, .F. ) ;
#993 = STYLED_ITEM ( 'NONE', ( #2203 ), #2883 ) ;
#994 = EDGE_CURVE ( 'NONE', #2828, #2865, #2162, .T. ) ;
#995 = DIRECTION ( 'NONE',  ( 0.0000000000000000000, 0.0000000000000000000, 1.000000000000000000 ) ) ;
#996 = ADVANCED_FACE ( 'NONE', ( #2589 ), #134, .T. ) ;
#997 =( LENGTH_UNIT ( ) NAMED_UNIT ( * ) SI_UNIT ( .MILLI., .METRE. ) );
#998 = DIRECTION ( 'NONE',  ( 1.000000000000000000, 0.0000000000000000000, 0.0000000000000000000 ) ) ;
#999 = PLANE ( 'NONE',  #3409 ) ;
#1000 = CARTESIAN_POINT ( 'NONE',  ( 1.500000000000000200, -1.550000000000000300, 2.000000000000000000 ) ) ;
#1001 = DIRECTION ( 'NONE',  ( -1.000000000000000000, -2.168404344971008900E-016, -0.0000000000000000000 ) ) ;
#1002 = VERTEX_POINT ( 'NONE', #1260 ) ;
#1003 = CARTESIAN_POINT ( 'NONE',  ( 0.4553858262546225400, 0.2305201191828381300, 0.0000000000000000000 ) ) ;
#1004 = PRESENTATION_LAYER_ASSIGNMENT (  '', '', ( #555 ) ) ;
#1005 = PRESENTATION_STYLE_ASSIGNMENT (( #2987 ) ) ;
#1006 = EDGE_LOOP ( 'NONE', ( #540, #691, #739, #493, #3855, #3847, #4171, #2205 ) ) ;
#1007 = LINE ( 'NONE', #783, #4410 ) ;
#1008 = ORIENTED_EDGE ( 'NONE', *, *, #710, .T. ) ;
#1009 = ORIENTED_EDGE ( 'NONE', *, *, #2509, .T. ) ;
#1010 = MECHANICAL_DESIGN_GEOMETRIC_PRESENTATION_REPRESENTATION (  '', ( #338 ), #1263 ) ;
#1011 = DIRECTION ( 'NONE',  ( -0.0000000000000000000, -0.0000000000000000000, -1.000000000000000000 ) ) ;
#1012 = CARTESIAN_POINT ( 'NONE',  ( 0.3155717748205165700, -0.1967512352590506100, -0.0000000000000000000 ) ) ;
#1013 = ADVANCED_FACE ( 'NONE', ( #2218 ), #1630, .T. ) ;
#1014 = PRESENTATION_STYLE_ASSIGNMENT (( #816 ) ) ;
#1015 = DIRECTION ( 'NONE',  ( -1.000000000000000000, 0.0000000000000000000, 0.0000000000000000000 ) ) ;
#1016 = CYLINDRICAL_SURFACE ( 'NONE', #3604, 0.2000000000000000900 ) ;
#1017 = CARTESIAN_POINT ( 'NONE',  ( 3.050000000000000700, 0.0000000000000000000, 1.800000000000000000 ) ) ;
#1018 = LINE ( 'NONE', #472, #2641 ) ;
#1019 = VERTEX_POINT ( 'NONE', #3061 ) ;
#1020 =( NAMED_UNIT ( * ) PLANE_ANGLE_UNIT ( ) SI_UNIT ( $, .RADIAN. ) );
#1021 = EDGE_CURVE ( 'NONE', #1144, #2254, #2544, .T. ) ;
#1022 = CARTESIAN_POINT ( 'NONE',  ( 0.5848806046880746800, -0.2434049841663999700, 0.01000000000000000000 ) ) ;
#1023 =( NAMED_UNIT ( * ) PLANE_ANGLE_UNIT ( ) SI_UNIT ( $, .RADIAN. ) );
#1024 = CARTESIAN_POINT ( 'NONE',  ( -0.6646341463414632300, -0.2749551410968610900, 0.0000000000000000000 ) ) ;
#1025 = ORIENTED_EDGE ( 'NONE', *, *, #3419, .F. ) ;
#1026 = CARTESIAN_POINT ( 'NONE',  ( -0.8038300304878047700, 0.1290082735372852800, 0.01000000000000000000 ) ) ;
#1027 = DIRECTION ( 'NONE',  ( 0.0000000000000000000, 0.0000000000000000000, 1.000000000000000000 ) ) ;
#1028 = CARTESIAN_POINT ( 'NONE',  ( 2.000000000000000000, -0.2500000000000002800, -0.01000000000000000000 ) ) ;
#1029 = ADVANCED_FACE ( 'NONE', ( #282 ), #1770, .T. ) ;
#1030 =( NAMED_UNIT ( * ) SI_UNIT ( $, .STERADIAN. ) SOLID_ANGLE_UNIT ( ) );
#1031 = ORIENTED_EDGE ( 'NONE', *, *, #3535, .T. ) ;
#1032 =( NAMED_UNIT ( * ) SI_UNIT ( $, .STERADIAN. ) SOLID_ANGLE_UNIT ( ) );
#1033 = VERTEX_POINT ( 'NONE', #1421 ) ;
#1034 = DIRECTION ( 'NONE',  ( -1.000000000000000000, 0.0000000000000000000, 0.0000000000000000000 ) ) ;
#1035 =( NAMED_UNIT ( * ) PLANE_ANGLE_UNIT ( ) SI_UNIT ( $, .RADIAN. ) );
#1036 = DIRECTION ( 'NONE',  ( 1.000000000000000000, 0.0000000000000000000, 0.0000000000000000000 ) ) ;
#1037 = AXIS2_PLACEMENT_3D ( 'NONE', #3066, #2906, #3883 ) ;
#1038 = COLOUR_RGB ( '',0.6666666666666666300, 0.6666666666666666300, 0.6666666666666666300 ) ;
#1039 = ORIENTED_EDGE ( 'NONE', *, *, #3666, .F. ) ;
#1040 = CARTESIAN_POINT ( 'NONE',  ( 0.6028410990238626300, -0.2294177114762365500, 0.0000000000000000000 ) ) ;
#1041 = COLOUR_RGB ( '',0.6666666666666666300, 0.6666666666666666300, 0.6666666666666666300 ) ;
#1042 = VERTEX_POINT ( 'NONE', #1929 ) ;
#1043 = EDGE_CURVE ( 'NONE', #2036, #1761, #1018, .T. ) ;
#1044 = CARTESIAN_POINT ( 'NONE',  ( 0.4457335509202433600, -0.2260091042500413600, 0.01000000000000000000 ) ) ;
#1045 = ORIENTED_EDGE ( 'NONE', *, *, #147, .T. ) ;
#1046 = STYLED_ITEM ( 'NONE', ( #1942 ), #3436 ) ;
#1047 = PLANE ( 'NONE',  #3469 ) ;
#1048 = EDGE_CURVE ( 'NONE', #868, #2068, #2637, .T. ) ;
#1049 = ORIENTED_EDGE ( 'NONE', *, *, #2668, .F. ) ;
#1050 = CARTESIAN_POINT ( 'NONE',  ( -0.4878048780487790900, -0.02009614719442206300, 0.01000000000000000000 ) ) ;
#1051 = PRESENTATION_STYLE_ASSIGNMENT (( #2723 ) ) ;
#1052 = EDGE_CURVE ( 'NONE', #1115, #4111, #61, .T. ) ;
#1053 = ORIENTED_EDGE ( 'NONE', *, *, #728, .F. ) ;
#1054 = CARTESIAN_POINT ( 'NONE',  ( 1.750000000000000400, 0.0000000000000000000, 0.5000000000000000000 ) ) ;
#1055 = EDGE_LOOP ( 'NONE', ( #2449, #664, #931, #903, #3159 ) ) ;
#1056 = ORIENTED_EDGE ( 'NONE', *, *, #2030, .F. ) ;
#1057 = SURFACE_STYLE_FILL_AREA ( #1698 ) ;
#1058 = ADVANCED_FACE ( 'NONE', ( #2696 ), #1649, .T. ) ;
#1059 = VECTOR ( 'NONE', #1271, 1000.000000000000000 ) ;
#1060 = DIRECTION ( 'NONE',  ( 1.000000000000000000, 0.0000000000000000000, 0.0000000000000000000 ) ) ;
#1061 = VECTOR ( 'NONE', #2298, 1000.000000000000000 ) ;
#1062 = ORIENTED_EDGE ( 'NONE', *, *, #3599, .T. ) ;
#1063 =( NAMED_UNIT ( * ) SI_UNIT ( $, .STERADIAN. ) SOLID_ANGLE_UNIT ( ) );
#1064 =( NAMED_UNIT ( * ) PLANE_ANGLE_UNIT ( ) SI_UNIT ( $, .RADIAN. ) );
#1065 = VECTOR ( 'NONE', #403, 1000.000000000000000 ) ;
#1066 = VERTEX_POINT ( 'NONE', #1756 ) ;
#1067 = FILL_AREA_STYLE_COLOUR ( '', #2575 ) ;
#1068 = LINE ( 'NONE', #1721, #166 ) ;
#1069 = VECTOR ( 'NONE', #2080, 1000.000000000000000 ) ;
#1070 = MECHANICAL_DESIGN_GEOMETRIC_PRESENTATION_REPRESENTATION (  '', ( #160 ), #1326 ) ;
#1071 = DIRECTION ( 'NONE',  ( 0.0000000000000000000, -1.000000000000000000, 0.0000000000000000000 ) ) ;
#1072 = CARTESIAN_POINT ( 'NONE',  ( -0.5548780487804863000, -0.01866703134076352200, 0.0000000000000000000 ) ) ;
#1073 = STYLED_ITEM ( 'NONE', ( #2261 ), #2539 ) ;
#1074 = EDGE_CURVE ( 'NONE', #2562, #4396, #4066, .T. ) ;
#1075 = CARTESIAN_POINT ( 'NONE',  ( 0.5673533901101536200, -0.1734595390745556100, 3.388131789017201400E-018 ) ) ;
#1076 = COLOUR_RGB ( '',0.6666666666666666300, 0.6666666666666666300, 0.6666666666666666300 ) ;
#1077 = VECTOR ( 'NONE', #192, 1000.000000000000000 ) ;
#1078 =( LENGTH_UNIT ( ) NAMED_UNIT ( * ) SI_UNIT ( .MILLI., .METRE. ) );
#1079 = CARTESIAN_POINT ( 'NONE',  ( -0.5548780487804863000, -0.01866703134076352200, 0.01000000000000000000 ) ) ;
#1080 = LINE ( 'NONE', #3253, #16 ) ;
#1081 = DIRECTION ( 'NONE',  ( -1.000000000000000000, -0.0000000000000000000, -0.0000000000000000000 ) ) ;
#1082 = CARTESIAN_POINT ( 'NONE',  ( 0.4675398755289509300, 0.1730281015496165600, 0.01000000000000000000 ) ) ;
#1083 = MECHANICAL_DESIGN_GEOMETRIC_PRESENTATION_REPRESENTATION (  '', ( #408 ), #1342 ) ;
#1084 = CARTESIAN_POINT ( 'NONE',  ( 0.6474648039987288600, -0.1770055700205153400, -0.0000000000000000000 ) ) ;
#1085 = FILL_AREA_STYLE_COLOUR ( '', #2027 ) ;
#1086 = CARTESIAN_POINT ( 'NONE',  ( -0.03048780487804810300, 0.005532663781187717100, 0.01000000000000000000 ) ) ;
#1087 = CARTESIAN_POINT ( 'NONE',  ( 0.4348425162981094900, 0.1761187030552720500, 1.524659305057740600E-017 ) ) ;
#1088 = PLANE ( 'NONE',  #4069 ) ;
#1089 = ORIENTED_EDGE ( 'NONE', *, *, #4117, .T. ) ;
#1090 = DIRECTION ( 'NONE',  ( -0.0000000000000000000, -0.0000000000000000000, -1.000000000000000000 ) ) ;
#1091 = ORIENTED_EDGE ( 'NONE', *, *, #1455, .T. ) ;
#1092 = ORIENTED_EDGE ( 'NONE', *, *, #1146, .F. ) ;
#1093 = SURFACE_SIDE_STYLE ('',( #3335 ) ) ;
#1094 = ORIENTED_EDGE ( 'NONE', *, *, #1962, .T. ) ;
#1095 = CARTESIAN_POINT ( 'NONE',  ( 0.3868066585732959400, -0.2219209855907093600, 0.01000000000000000000 ) ) ;
#1096 = EDGE_CURVE ( 'NONE', #1810, #4241, #2796, .T. ) ;
#1097 = CARTESIAN_POINT ( 'NONE',  ( -0.7292301829268291700, -0.07983318987734888700, 0.0000000000000000000 ) ) ;
#1098 = CARTESIAN_POINT ( 'NONE',  ( -0.2883955792682912400, -0.2749551410968610900, 0.01000000000000000000 ) ) ;
#1099 = MECHANICAL_DESIGN_GEOMETRIC_PRESENTATION_REPRESENTATION (  '', ( #639 ), #1360 ) ;
#1100 = CARTESIAN_POINT ( 'NONE',  ( -1.750000000000000400, -1.550000000000001200, 1.000000000000000000 ) ) ;
#1101 =( NAMED_UNIT ( * ) PLANE_ANGLE_UNIT ( ) SI_UNIT ( $, .RADIAN. ) );
#1102 = ADVANCED_FACE ( 'NONE', ( #2961 ), #904, .F. ) ;
#1103 = CARTESIAN_POINT ( 'NONE',  ( -0.2979659377577952900, -0.2747819884087833700, 0.01000000000000000000 ) ) ;
#1104 = VECTOR ( 'NONE', #3137, 1000.000000000000000 ) ;
#1105 = CARTESIAN_POINT ( 'NONE',  ( -1.500000000000000400, 0.0000000000000000000, 1.800000000000000000 ) ) ;
#1106 = CARTESIAN_POINT ( 'NONE',  ( 0.7256097560975616200, -0.2200770923163732900, 0.01000000000000000000 ) ) ;
#1107 = DIRECTION ( 'NONE',  ( -1.000000000000000000, 0.0000000000000000000, -0.0000000000000000000 ) ) ;
#1108 = EDGE_CURVE ( 'NONE', #518, #2246, #1376, .T. ) ;
#1109 = DIRECTION ( 'NONE',  ( 0.0000000000000000000, -0.7071067811865490200, 0.7071067811865461300 ) ) ;
#1110 = FACE_OUTER_BOUND ( 'NONE', #4347, .T. ) ;
#1111 = CARTESIAN_POINT ( 'NONE',  ( 0.3402335741721104200, -0.2632839851392106400, 0.01000000000000000000 ) ) ;
#1112 =( LENGTH_UNIT ( ) NAMED_UNIT ( * ) SI_UNIT ( .MILLI., .METRE. ) );
#1113 = EDGE_CURVE ( 'NONE', #1606, #1599, #8, .T. ) ;
#1114 = LINE ( 'NONE', #1464, #213 ) ;
#1115 = VERTEX_POINT ( 'NONE', #1017 ) ;
#1116 = LINE ( 'NONE', #1214, #487 ) ;
#1117 = ORIENTED_EDGE ( 'NONE', *, *, #3293, .F. ) ;
#1118 = DIRECTION ( 'NONE',  ( 1.000000000000000000, 0.0000000000000000000, -0.0000000000000000000 ) ) ;
#1119 = LINE ( 'NONE', #102, #1104 ) ;
#1120 = CARTESIAN_POINT ( 'NONE',  ( 0.3968518678333571900, 0.1744063222787549400, 0.01000000000000000000 ) ) ;
#1121 = DIRECTION ( 'NONE',  ( -1.000000000000000000, 0.0000000000000000000, 0.0000000000000000000 ) ) ;
#1122 = ORIENTED_EDGE ( 'NONE', *, *, #4203, .F. ) ;
#1123 = DIRECTION ( 'NONE',  ( -0.0000000000000000000, -0.0000000000000000000, -1.000000000000000000 ) ) ;
#1124 = SURFACE_STYLE_FILL_AREA ( #1202 ) ;
#1125 = CARTESIAN_POINT ( 'NONE',  ( 0.3230699268645677000, 0.2162346966673583900, 6.776263578034402700E-018 ) ) ;
#1126 = SURFACE_STYLE_USAGE ( .BOTH. , #1143 ) ;
#1127 = VECTOR ( 'NONE', #1123, 1000.000000000000000 ) ;
#1128 = AXIS2_PLACEMENT_3D ( 'NONE', #780, #4378, #986 ) ;
#1129 = VECTOR ( 'NONE', #3466, 1000.000000000000000 ) ;
#1130 = CARTESIAN_POINT ( 'NONE',  ( -0.4805904874864129800, 0.1591784151038042900, 0.01000000000000000000 ) ) ;
#1131 = CARTESIAN_POINT ( 'NONE',  ( 0.3868066585732959400, -0.2219209855907093600, 6.776263578034402700E-018 ) ) ;
#1132 = CARTESIAN_POINT ( 'NONE',  ( -0.7123666158536584600, -0.1347112386578366800, 0.01000000000000000000 ) ) ;
#1133 = UNCERTAINTY_MEASURE_WITH_UNIT (LENGTH_MEASURE( 1.000000000000000100E-005 ), #4089, 'distance_accuracy_value', 'NONE');
#1134 = ADVANCED_FACE ( 'NONE', ( #3927 ), #1088, .T. ) ;
#1135 = SURFACE_STYLE_USAGE ( .BOTH. , #1093 ) ;
#1136 = VECTOR ( 'NONE', #2633, 1000.000000000000100 ) ;
#1137 = DIRECTION ( 'NONE',  ( 1.000000000000000000, 0.0000000000000000000, 0.0000000000000000000 ) ) ;
#1138 = DIRECTION ( 'NONE',  ( 0.0000000000000000000, 0.0000000000000000000, 1.000000000000000000 ) ) ;
#1139 = EDGE_LOOP ( 'NONE', ( #2262, #223, #3845, #3241 ) ) ;
#1140 = PLANE ( 'NONE',  #838 ) ;
#1141 = STYLED_ITEM ( 'NONE', ( #1778 ), #736 ) ;
#1142 = DIRECTION ( 'NONE',  ( 0.0000000000000000000, 0.0000000000000000000, 1.000000000000000000 ) ) ;
#1143 = SURFACE_SIDE_STYLE ('',( #2788 ) ) ;
#1144 = VERTEX_POINT ( 'NONE', #3709 ) ;
#1145 = MECHANICAL_DESIGN_GEOMETRIC_PRESENTATION_REPRESENTATION (  '', ( #463 ), #1395 ) ;
#1146 = EDGE_CURVE ( 'NONE', #360, #2471, #1199, .T. ) ;
#1147 = DIRECTION ( 'NONE',  ( -0.0000000000000000000, -0.0000000000000000000, -1.000000000000000000 ) ) ;
#1148 = CARTESIAN_POINT ( 'NONE',  ( 0.6474648039987288600, -0.1770055700205153400, 0.01000000000000000000 ) ) ;
#1149 = EDGE_CURVE ( 'NONE', #1606, #2948, #1582, .T. ) ;
#1150 = CARTESIAN_POINT ( 'NONE',  ( 0.3149556715114252800, 0.2129409415234537800, 0.01000000000000000000 ) ) ;
#1151 =( NAMED_UNIT ( * ) PLANE_ANGLE_UNIT ( ) SI_UNIT ( $, .RADIAN. ) );
#1152 = ORIENTED_EDGE ( 'NONE', *, *, #2069, .T. ) ;
#1153 = CARTESIAN_POINT ( 'NONE',  ( 0.6131126674932583200, -0.07271738365668545300, 0.01000000000000000000 ) ) ;
#1154 = PLANE ( 'NONE',  #624 ) ;
#1155 = ORIENTED_EDGE ( 'NONE', *, *, #649, .T. ) ;
#1156 = EDGE_LOOP ( 'NONE', ( #3310, #2550, #4314, #1009 ) ) ;
#1157 = CARTESIAN_POINT ( 'NONE',  ( 0.4332725031317566900, -0.2260953830182728400, 6.776263578034402700E-018 ) ) ;
#1158 = ADVANCED_FACE ( 'NONE', ( #2110 ), #461, .T. ) ;
#1159 = ORIENTED_EDGE ( 'NONE', *, *, #848, .T. ) ;
#1160 = DIRECTION ( 'NONE',  ( -0.0000000000000000000, 0.0000000000000000000, -1.000000000000000000 ) ) ;
#1161 = VECTOR ( 'NONE', #3383, 1000.000000000000200 ) ;
#1162 = CARTESIAN_POINT ( 'NONE',  ( 0.4213677138847104500, -0.2259390827226537000, 0.01000000000000000000 ) ) ;
#1163 = MECHANICAL_DESIGN_GEOMETRIC_PRESENTATION_REPRESENTATION (  '', ( #696 ), #1417 ) ;
#1164 = CARTESIAN_POINT ( 'NONE',  ( -0.9695121951219510800, -0.2749551410968610900, 0.01000000000000000000 ) ) ;
#1165 = DIRECTION ( 'NONE',  ( 1.000000000000000000, 0.0000000000000000000, 0.0000000000000000000 ) ) ;
#1166 = VERTEX_POINT ( 'NONE', #4039 ) ;
#1167 = CARTESIAN_POINT ( 'NONE',  ( -0.3964004182984792200, 0.2088781016803973600, 0.01000000000000000000 ) ) ;
#1168 = CARTESIAN_POINT ( 'NONE',  ( 0.4583433388316405200, -0.2256841114708207600, 0.01000000000000000000 ) ) ;
#1169 = ORIENTED_EDGE ( 'NONE', *, *, #3414, .F. ) ;
#1170 = EDGE_LOOP ( 'NONE', ( #4209, #1397, #4110, #4067, #2322, #905, #3885, #417, #3408, #306, #51, #1514 ) ) ;
#1171 = CARTESIAN_POINT ( 'NONE',  ( 0.6129680645552328900, 0.01444012799955415500, 1.524659305057740600E-017 ) ) ;
#1172 = FILL_AREA_STYLE ('',( #1247 ) ) ;
#1173 = CARTESIAN_POINT ( 'NONE',  ( 0.6093370453716222500, -0.09242074457902052500, 0.01000000000000000000 ) ) ;
#1174 = EDGE_LOOP ( 'NONE', ( #1959, #3692, #2533, #784 ) ) ;
#1175 = CARTESIAN_POINT ( 'NONE',  ( -0.2932545731707302800, 0.1701668101226511100, 0.01000000000000000000 ) ) ;
#1176 = FACE_OUTER_BOUND ( 'NONE', #3773, .T. ) ;
#1177 = LINE ( 'NONE', #791, #3008 ) ;
#1178 = EDGE_LOOP ( 'NONE', ( #3738, #3779, #3723, #2243 ) ) ;
#1179 = PRESENTATION_LAYER_ASSIGNMENT (  '', '', ( #707 ) ) ;
#1180 = CARTESIAN_POINT ( 'NONE',  ( 1.500000000000000400, 0.0000000000000000000, 2.000000000000000000 ) ) ;
#1181 = CARTESIAN_POINT ( 'NONE',  ( -0.9695121951219510800, -0.2749551410968610900, 0.0000000000000000000 ) ) ;
#1182 = ORIENTED_EDGE ( 'NONE', *, *, #4411, .T. ) ;
#1183 = EDGE_CURVE ( 'NONE', #3548, #2789, #2965, .T. ) ;
#1184 = EDGE_LOOP ( 'NONE', ( #1772, #3742, #4119, #140, #2980, #1276 ) ) ;
#1185 = CARTESIAN_POINT ( 'NONE',  ( 0.6158536585365861300, -0.03029050695051963000, 3.388131789017201400E-018 ) ) ;
#1186 = CARTESIAN_POINT ( 'NONE',  ( -0.4579708159752953200, 0.09576753382233840800, 0.01000000000000000000 ) ) ;
#1187 = DIRECTION ( 'NONE',  ( -1.000000000000000000, 0.0000000000000000000, 0.0000000000000000000 ) ) ;
#1188 = ADVANCED_FACE ( 'NONE', ( #4240 ), #3154, .T. ) ;
#1189 = DIRECTION ( 'NONE',  ( -0.3393303772748773600, -0.9406672605435405500, 0.0000000000000000000 ) ) ;
#1190 = CARTESIAN_POINT ( 'NONE',  ( 0.4213677138847104500, -0.2259390827226537000, 6.776263578034402700E-018 ) ) ;
#1191 = MECHANICAL_DESIGN_GEOMETRIC_PRESENTATION_REPRESENTATION (  '', ( #504 ), #1440 ) ;
#1192 = CARTESIAN_POINT ( 'NONE',  ( -3.500000000000000000, -2.000000000000000000, 0.0000000000000000000 ) ) ;
#1193 = CARTESIAN_POINT ( 'NONE',  ( -0.05487804878048714600, -0.2749551410968610900, 0.0000000000000000000 ) ) ;
#1194 = LINE ( 'NONE', #1521, #2278 ) ;
#1195 = UNCERTAINTY_MEASURE_WITH_UNIT (LENGTH_MEASURE( 1.000000000000000100E-005 ), #747, 'distance_accuracy_value', 'NONE');
#1196 = CARTESIAN_POINT ( 'NONE',  ( 0.6093370453716222500, -0.09242074457902052500, 0.0000000000000000000 ) ) ;
#1197 = CARTESIAN_POINT ( 'NONE',  ( -1.500000000000000400, 0.0000000000000000000, 2.000000000000000000 ) ) ;
#1198 = CYLINDRICAL_SURFACE ( 'NONE', #2733, 1.750000000000000200 ) ;
#1199 = LINE ( 'NONE', #2492, #4180 ) ;
#1200 = MECHANICAL_DESIGN_GEOMETRIC_PRESENTATION_REPRESENTATION (  '', ( #281 ), #1449 ) ;
#1201 = DIRECTION ( 'NONE',  ( 1.000000000000000000, 0.0000000000000000000, -0.0000000000000000000 ) ) ;
#1202 = FILL_AREA_STYLE ('',( #1906 ) ) ;
#1203 = FILL_AREA_STYLE ('',( #1318 ) ) ;
#1204 = EDGE_CURVE ( 'NONE', #3548, #4401, #4322, .T. ) ;
#1205 = ADVANCED_FACE ( 'NONE', ( #4285 ), #786, .T. ) ;
#1206 = CARTESIAN_POINT ( 'NONE',  ( -0.4407023022779702500, -0.2360147927432337300, 0.0000000000000000000 ) ) ;
#1207 = DIRECTION ( 'NONE',  ( 1.000000000000000000, 0.0000000000000000000, 0.0000000000000000000 ) ) ;
#1208 = EDGE_CURVE ( 'NONE', #1166, #2096, #2951, .T. ) ;
#1209 = ADVANCED_FACE ( 'NONE', ( #677 ), #2792, .T. ) ;
#1210 = ORIENTED_EDGE ( 'NONE', *, *, #2989, .T. ) ;
#1211 = PLANE ( 'NONE',  #2247 ) ;
#1212 = EDGE_LOOP ( 'NONE', ( #3882, #3711, #22, #1210, #3350, #3824 ) ) ;
#1213 = CARTESIAN_POINT ( 'NONE',  ( -1.750000000000000400, -1.749999999999999100, 1.000000000000000000 ) ) ;
#1214 = CARTESIAN_POINT ( 'NONE',  ( -1.750000000000000400, -1.749999999999999100, 0.8000000000000012700 ) ) ;
#1215 = ORIENTED_EDGE ( 'NONE', *, *, #1021, .T. ) ;
#1216 = CARTESIAN_POINT ( 'NONE',  ( -0.2883955792682912900, -0.2749551410968611400, 1.016439536705160400E-017 ) ) ;
#1217 = AXIS2_PLACEMENT_3D ( 'NONE', #3983, #3872, #3851 ) ;
#1218 = DIRECTION ( 'NONE',  ( 0.0000000000000000000, 0.0000000000000000000, -1.000000000000000000 ) ) ;
#1219 = FILL_AREA_STYLE ('',( #898 ) ) ;
#1220 = ORIENTED_EDGE ( 'NONE', *, *, #526, .T. ) ;
#1221 = CARTESIAN_POINT ( 'NONE',  ( 0.6829268292682934000, -0.03438730573100741400, 0.01000000000000000000 ) ) ;
#1222 = SURFACE_SIDE_STYLE ('',( #2375 ) ) ;
#1223 =( NAMED_UNIT ( * ) PLANE_ANGLE_UNIT ( ) SI_UNIT ( $, .RADIAN. ) );
#1224 = PLANE ( 'NONE',  #2662 ) ;
#1225 = EDGE_LOOP ( 'NONE', ( #2618, #1669, #4098, #3966 ) ) ;
#1226 = ORIENTED_EDGE ( 'NONE', *, *, #1021, .F. ) ;
#1227 = SURFACE_STYLE_USAGE ( .BOTH. , #1222 ) ;
#1228 = PRESENTATION_STYLE_ASSIGNMENT (( #2826 ) ) ;
#1229 = CARTESIAN_POINT ( 'NONE',  ( -0.3471494332783229300, 0.2213891859496099300, 0.01000000000000000000 ) ) ;
#1230 = ORIENTED_EDGE ( 'NONE', *, *, #2729, .T. ) ;
#1231 = CARTESIAN_POINT ( 'NONE',  ( 0.4572313600440441300, -0.2808591235300452200, -0.0000000000000000000 ) ) ;
#1232 = VERTEX_POINT ( 'NONE', #3943 ) ;
#1233 = FACE_OUTER_BOUND ( 'NONE', #3048, .T. ) ;
#1234 = CARTESIAN_POINT ( 'NONE',  ( -0.5367801690928406500, -0.1234034371697288900, 1.016439536705160400E-017 ) ) ;
#1235 = CARTESIAN_POINT ( 'NONE',  ( -0.2932545731707302800, 0.1701668101226511100, 0.01000000000000000000 ) ) ;
#1236 = LINE ( 'NONE', #1797, #629 ) ;
#1237 = CARTESIAN_POINT ( 'NONE',  ( 0.4675398755289509300, 0.1730281015496165600, 0.0000000000000000000 ) ) ;
#1238 = ADVANCED_FACE ( 'NONE', ( #1873 ), #1325, .T. ) ;
#1239 = VECTOR ( 'NONE', #2785, 1000.000000000000000 ) ;
#1240 = AXIS2_PLACEMENT_3D ( 'NONE', #3895, #3907, #3912 ) ;
#1241 = CARTESIAN_POINT ( 'NONE',  ( 0.4038117729642041200, -0.2243350952482234300, 0.01000000000000000000 ) ) ;
#1242 = CARTESIAN_POINT ( 'NONE',  ( 0.4393102134146348900, -0.2261746532919830500, 0.0000000000000000000 ) ) ;
#1243 = EDGE_CURVE ( 'NONE', #3231, #3623, #2357, .T. ) ;
#1244 =( LENGTH_UNIT ( ) NAMED_UNIT ( * ) SI_UNIT ( .MILLI., .METRE. ) );
#1245 = CARTESIAN_POINT ( 'NONE',  ( 2.000000000000000000, 0.2499999999999996700, 0.2899999999999999800 ) ) ;
#1246 = CARTESIAN_POINT ( 'NONE',  ( -0.4672507317253940500, 0.08006126960779098900, 6.776263578034402700E-018 ) ) ;
#1247 = FILL_AREA_STYLE_COLOUR ( '', #3695 ) ;
#1248 = FACE_BOUND ( 'NONE', #1295, .T. ) ;
#1249 = EDGE_LOOP ( 'NONE', ( #2013, #2334, #2882, #154 ) ) ;
#1250 = COLOUR_RGB ( '',0.6666666666666666300, 0.6666666666666666300, 0.6666666666666666300 ) ;
#1251 = SURFACE_STYLE_FILL_AREA ( #3576 ) ;
#1252 = MECHANICAL_DESIGN_GEOMETRIC_PRESENTATION_REPRESENTATION (  '', ( #555 ), #1493 ) ;
#1253 = DIRECTION ( 'NONE',  ( -1.000000000000000000, 0.0000000000000000000, 0.0000000000000000000 ) ) ;
#1254 =( LENGTH_UNIT ( ) NAMED_UNIT ( * ) SI_UNIT ( .MILLI., .METRE. ) );
#1255 = LINE ( 'NONE', #2403, #1645 ) ;
#1256 = CARTESIAN_POINT ( 'NONE',  ( 0.6153433058964603600, -0.007528093710022619300, 0.0000000000000000000 ) ) ;
#1257 =( NAMED_UNIT ( * ) PLANE_ANGLE_UNIT ( ) SI_UNIT ( $, .RADIAN. ) );
#1258 = LINE ( 'NONE', #3651, #803 ) ;
#1259 = CARTESIAN_POINT ( 'NONE',  ( -2.000000000000000000, 0.2499999999999996700, 0.2899999999999999800 ) ) ;
#1260 = CARTESIAN_POINT ( 'NONE',  ( -1.750000000000000400, -1.749999999999999100, 0.5000000000000000000 ) ) ;
#1261 = VERTEX_POINT ( 'NONE', #2479 ) ;
#1262 = LINE ( 'NONE', #1384, #58 ) ;
#1263 =( GEOMETRIC_REPRESENTATION_CONTEXT ( 3 ) GLOBAL_UNCERTAINTY_ASSIGNED_CONTEXT ( ( #530 ) ) GLOBAL_UNIT_ASSIGNED_CONTEXT ( ( #47, #307, #84 ) ) REPRESENTATION_CONTEXT ( 'NONE', 'WORKASPACE' ) );
#1264 = ORIENTED_EDGE ( 'NONE', *, *, #2811, .T. ) ;
#1265 = ADVANCED_FACE ( 'NONE', ( #1233 ), #183, .F. ) ;
#1266 = LINE ( 'NONE', #3682, #1434 ) ;
#1267 =( NAMED_UNIT ( * ) SI_UNIT ( $, .STERADIAN. ) SOLID_ANGLE_UNIT ( ) );
#1268 = CARTESIAN_POINT ( 'NONE',  ( 0.4228260513954073000, 0.2311007476609444300, 6.776263578034402700E-018 ) ) ;
#1269 = B_SPLINE_CURVE_WITH_KNOTS ( 'NONE', 3,
 ( #3323, #3284, #3282, #3416, #3070, #3076, #3111, #3201, #3192, #3189, #3141, #3155, #3180, #3126, #3401, #3333, #3437, #3941, #3950 ),
 .UNSPECIFIED., .F., .F.,
 ( 4, 1, 1, 1, 1, 1, 1, 1, 1, 1, 1, 1, 1, 1, 1, 1, 4 ),
 ( 0.0000000000000000000, 0.07082657255516257300, 0.1381690332797995100, 0.2024753315338422800, 0.2639737544135193300, 0.3233803205980370600, 0.3817976227131851800, 0.4393900745193888800, 0.4969027245459971500, 0.5546621696093697600, 0.6127418784921970800, 0.6715388363911720700, 0.7316557220901979100, 0.7942978116139529600, 0.8594822049793583400, 0.9276813254527898100, 1.000000000000000000 ),
 .UNSPECIFIED. ) ;
#1270 = CARTESIAN_POINT ( 'NONE',  ( -0.3732003330700067200, -0.2073470946256303300, 0.01000000000000000000 ) ) ;
#1271 = DIRECTION ( 'NONE',  ( -0.0000000000000000000, -0.0000000000000000000, -1.000000000000000000 ) ) ;
#1272 = CARTESIAN_POINT ( 'NONE',  ( 0.3109756097560983400, 0.2113253467080170300, 0.01000000000000000000 ) ) ;
#1273 = DIRECTION ( 'NONE',  ( -1.000000000000000000, 0.0000000000000000000, 0.0000000000000000000 ) ) ;
#1274 = CARTESIAN_POINT ( 'NONE',  ( 0.4481291366731994800, 0.1758330163923385600, 0.01000000000000000000 ) ) ;
#1275 = EDGE_CURVE ( 'NONE', #2761, #2731, #4351, .T. ) ;
#1276 = ORIENTED_EDGE ( 'NONE', *, *, #649, .F. ) ;
#1277 = EDGE_CURVE ( 'NONE', #4297, #1002, #1292, .T. ) ;
#1278 = ORIENTED_EDGE ( 'NONE', *, *, #2739, .F. ) ;
#1279 = CARTESIAN_POINT ( 'NONE',  ( 0.4418158324514973600, -0.2809737001672743000, 0.01000000000000000000 ) ) ;
#1280 = SURFACE_STYLE_FILL_AREA ( #3004 ) ;
#1281 = ORIENTED_EDGE ( 'NONE', *, *, #2786, .F. ) ;
#1282 = FILL_AREA_STYLE ('',( #3164 ) ) ;
#1283 = CARTESIAN_POINT ( 'NONE',  ( 0.3242558045063165800, 0.1519689694967902000, 6.776263578034402700E-018 ) ) ;
#1284 = PRESENTATION_LAYER_ASSIGNMENT (  '', '', ( #580 ) ) ;
#1285 = CARTESIAN_POINT ( 'NONE',  ( -0.4588251012888037700, -0.1386584080321667800, 1.185846126156020500E-017 ) ) ;
#1286 = CARTESIAN_POINT ( 'NONE',  ( 1.750000000000000000, 1.550000000000002300, 1.000000000000000000 ) ) ;
#1287 = FILL_AREA_STYLE ('',( #2394 ) ) ;
#1288 = CARTESIAN_POINT ( 'NONE',  ( -0.04268292682926762300, 0.1701668101226511100, 0.01000000000000000000 ) ) ;
#1289 = CARTESIAN_POINT ( 'NONE',  ( -2.000000000000000000, -0.2500000000000002800, 0.2899999999999999800 ) ) ;
#1290 = CIRCLE ( 'NONE', #3978, 1.550000000000002000 ) ;
#1291 = ORIENTED_EDGE ( 'NONE', *, *, #1096, .T. ) ;
#1292 = CIRCLE ( 'NONE', #249, 1.750000000000000000 ) ;
#1293 = STYLED_ITEM ( 'NONE', ( #275 ), #2061 ) ;
#1294 = LINE ( 'NONE', #4342, #3215 ) ;
#1295 = EDGE_LOOP ( 'NONE', ( #2258, #1477, #2315, #2949, #387, #4008 ) ) ;
#1296 = DIRECTION ( 'NONE',  ( -0.0000000000000000000, -0.0000000000000000000, -1.000000000000000000 ) ) ;
#1297 = VECTOR ( 'NONE', #1964, 1000.000000000000100 ) ;
#1298 = LINE ( 'NONE', #283, #4160 ) ;
#1299 = SURFACE_STYLE_USAGE ( .BOTH. , #2787 ) ;
#1300 = EDGE_CURVE ( 'NONE', #254, #1832, #1407, .T. ) ;
#1301 = B_SPLINE_CURVE_WITH_KNOTS ( 'NONE', 3,
 ( #2422, #2457, #2475, #2478, #2502, #2491, #2511 ),
 .UNSPECIFIED., .F., .F.,
 ( 4, 1, 1, 1, 4 ),
 ( 0.0000000000000000000, 0.1744817153170500300, 0.3982857591281133700, 0.6738978473986659800, 1.000000000000000000 ),
 .UNSPECIFIED. ) ;
#1302 = CARTESIAN_POINT ( 'NONE',  ( -0.3950711594167463100, -0.2578505493808361800, 0.01000000000000000000 ) ) ;
#1303 = VERTEX_POINT ( 'NONE', #3250 ) ;
#1304 = CARTESIAN_POINT ( 'NONE',  ( -0.4878048780487790900, -0.02009614719442206300, 0.01000000000000000000 ) ) ;
#1305 = VECTOR ( 'NONE', #1889, 1000.000000000000000 ) ;
#1306 = EDGE_LOOP ( 'NONE', ( #3532, #937, #2822, #2183 ) ) ;
#1307 = AXIS2_PLACEMENT_3D ( 'NONE', #3891, #1890, #1880 ) ;
#1308 = CARTESIAN_POINT ( 'NONE',  ( 0.3704262831464875100, -0.2183676282297354900, 0.01000000000000000000 ) ) ;
#1309 = EDGE_CURVE ( 'NONE', #2814, #4336, #1466, .T. ) ;
#1310 = SURFACE_STYLE_FILL_AREA ( #902 ) ;
#1311 = CARTESIAN_POINT ( 'NONE',  ( -0.6646341463414632300, -0.2749551410968610900, 0.01000000000000000000 ) ) ;
#1312 =( NAMED_UNIT ( * ) PLANE_ANGLE_UNIT ( ) SI_UNIT ( $, .RADIAN. ) );
#1313 = EDGE_CURVE ( 'NONE', #1538, #1232, #1723, .T. ) ;
#1314 = SURFACE_STYLE_FILL_AREA ( #2673 ) ;
#1315 = ADVANCED_FACE ( 'NONE', ( #481 ), #974, .F. ) ;
#1316 = COLOUR_RGB ( '',0.2980392156862745100, 0.2980392156862745100, 0.2980392156862745100 ) ;
#1317 = UNCERTAINTY_MEASURE_WITH_UNIT (LENGTH_MEASURE( 1.000000000000000100E-005 ), #1555, 'distance_accuracy_value', 'NONE');
#1318 = FILL_AREA_STYLE_COLOUR ( '', #913 ) ;
#1319 = LINE ( 'NONE', #4186, #390 ) ;
#1320 = SURFACE_STYLE_USAGE ( .BOTH. , #963 ) ;
#1321 = LINE ( 'NONE', #3751, #2905 ) ;
#1322 = CARTESIAN_POINT ( 'NONE',  ( -0.8191217334991172100, 0.1355569465572913400, 6.776263578034402700E-018 ) ) ;
#1323 = LINE ( 'NONE', #1192, #2324 ) ;
#1324 = DIRECTION ( 'NONE',  ( 0.0000000000000000000, -1.000000000000000000, 0.0000000000000000000 ) ) ;
#1325 = PLANE ( 'NONE',  #3553 ) ;
#1326 =( GEOMETRIC_REPRESENTATION_CONTEXT ( 3 ) GLOBAL_UNCERTAINTY_ASSIGNED_CONTEXT ( ( #3816 ) ) GLOBAL_UNIT_ASSIGNED_CONTEXT ( ( #3119, #2128, #3792 ) ) REPRESENTATION_CONTEXT ( 'NONE', 'WORKASPACE' ) );
#1327 = ORIENTED_EDGE ( 'NONE', *, *, #1997, .F. ) ;
#1328 = CARTESIAN_POINT ( 'NONE',  ( -0.2195121951219497800, -0.2200770923163732900, 0.01000000000000000000 ) ) ;
#1329 = CARTESIAN_POINT ( 'NONE',  ( 0.4572313600440441300, -0.2808591235300452200, 0.01000000000000000000 ) ) ;
#1330 = ORIENTED_EDGE ( 'NONE', *, *, #3871, .T. ) ;
#1331 = PRESENTATION_LAYER_ASSIGNMENT (  '', '', ( #1073 ) ) ;
#1332 = FILL_AREA_STYLE ('',( #1548 ) ) ;
#1333 = EDGE_CURVE ( 'NONE', #3498, #1810, #371, .T. ) ;
#1334 = CARTESIAN_POINT ( 'NONE',  ( -0.8082893805652040500, 0.1443583355312345300, 0.0000000000000000000 ) ) ;
#1335 = ADVANCED_FACE ( 'NONE', ( #3685 ), #1047, .T. ) ;
#1336 = ORIENTED_EDGE ( 'NONE', *, *, #198, .F. ) ;
#1337 =( LENGTH_UNIT ( ) NAMED_UNIT ( * ) SI_UNIT ( .MILLI., .METRE. ) );
#1338 = CARTESIAN_POINT ( 'NONE',  ( -0.2932545731707302800, 0.1701668101226511100, 0.0000000000000000000 ) ) ;
#1339 = CARTESIAN_POINT ( 'NONE',  ( -0.3441520247636209500, -0.2709534151405166300, 0.01000000000000000000 ) ) ;
#1340 = UNCERTAINTY_MEASURE_WITH_UNIT (LENGTH_MEASURE( 1.000000000000000100E-005 ), #2609, 'distance_accuracy_value', 'NONE');
#1341 = ORIENTED_EDGE ( 'NONE', *, *, #972, .T. ) ;
#1342 =( GEOMETRIC_REPRESENTATION_CONTEXT ( 3 ) GLOBAL_UNCERTAINTY_ASSIGNED_CONTEXT ( ( #626 ) ) GLOBAL_UNIT_ASSIGNED_CONTEXT ( ( #1244, #1257, #1267 ) ) REPRESENTATION_CONTEXT ( 'NONE', 'WORKASPACE' ) );
#1343 = UNCERTAINTY_MEASURE_WITH_UNIT (LENGTH_MEASURE( 1.000000000000000100E-005 ), #1254, 'distance_accuracy_value', 'NONE');
#1344 = DIRECTION ( 'NONE',  ( 0.0000000000000000000, 1.000000000000000000, 0.0000000000000000000 ) ) ;
#1345 = CARTESIAN_POINT ( 'NONE',  ( 0.5201472030125481300, 0.1547627581214367200, 0.01000000000000000000 ) ) ;
#1346 = EDGE_LOOP ( 'NONE', ( #1089, #75, #2706, #157 ) ) ;
#1347 = CARTESIAN_POINT ( 'NONE',  ( 0.4280678353658543500, 0.1762643710982608700, 0.01000000000000000000 ) ) ;
#1348 = LINE ( 'NONE', #1641, #2023 ) ;
#1349 = DIRECTION ( 'NONE',  ( 0.0000000000000000000, -0.0000000000000000000, 1.000000000000000000 ) ) ;
#1350 = CARTESIAN_POINT ( 'NONE',  ( -0.3207373611852571400, 0.2244386635710823900, 6.776263578034402700E-018 ) ) ;
#1351 = CARTESIAN_POINT ( 'NONE',  ( 0.3149556715114252800, 0.2129409415234537800, 0.01000000000000000000 ) ) ;
#1352 = VECTOR ( 'NONE', #3627, 1000.000000000000000 ) ;
#1353 = CARTESIAN_POINT ( 'NONE',  ( 1.500000000000000400, 0.0000000000000000000, 1.800000000000000000 ) ) ;
#1354 = DIRECTION ( 'NONE',  ( 0.0000000000000000000, 0.0000000000000000000, -1.000000000000000000 ) ) ;
#1355 = LINE ( 'NONE', #1181, #4318 ) ;
#1356 = CARTESIAN_POINT ( 'NONE',  ( 0.6653820571764721400, 0.07352954886407069000, 0.0000000000000000000 ) ) ;
#1357 = LINE ( 'NONE', #399, #1239 ) ;
#1358 = VERTEX_POINT ( 'NONE', #3592 ) ;
#1359 = VECTOR ( 'NONE', #2809, 1000.000000000000000 ) ;
#1360 =( GEOMETRIC_REPRESENTATION_CONTEXT ( 3 ) GLOBAL_UNCERTAINTY_ASSIGNED_CONTEXT ( ( #535 ) ) GLOBAL_UNIT_ASSIGNED_CONTEXT ( ( #3716, #1151, #3974 ) ) REPRESENTATION_CONTEXT ( 'NONE', 'WORKASPACE' ) );
#1361 = VERTEX_POINT ( 'NONE', #4103 ) ;
#1362 = LINE ( 'NONE', #3233, #2259 ) ;
#1363 = DIRECTION ( 'NONE',  ( 1.000000000000000000, 0.0000000000000000000, -0.0000000000000000000 ) ) ;
#1364 = ORIENTED_EDGE ( 'NONE', *, *, #437, .F. ) ;
#1365 = DIRECTION ( 'NONE',  ( 1.000000000000000000, 0.0000000000000000000, -0.0000000000000000000 ) ) ;
#1366 = PRODUCT_CONTEXT ( 'NONE', #4052, 'mechanical' ) ;
#1367 = LINE ( 'NONE', #2648, #548 ) ;
#1368 = SURFACE_SIDE_STYLE ('',( #173 ) ) ;
#1369 = EDGE_CURVE ( 'NONE', #826, #3239, #3687, .T. ) ;
#1370 = CARTESIAN_POINT ( 'NONE',  ( 0.6584940782872652500, -0.1565732012068437000, 0.0000000000000000000 ) ) ;
#1371 =( LENGTH_UNIT ( ) NAMED_UNIT ( * ) SI_UNIT ( .MILLI., .METRE. ) );
#1372 = SURFACE_SIDE_STYLE ('',( #2889 ) ) ;
#1373 = CARTESIAN_POINT ( 'NONE',  ( 1.750000000000000200, -1.550000000000001200, 1.000000000000000000 ) ) ;
#1374 = CARTESIAN_POINT ( 'NONE',  ( 0.4286394817073178000, 0.2311424198787486700, 0.0000000000000000000 ) ) ;
#1375 = CARTESIAN_POINT ( 'NONE',  ( -0.1524390243902424600, -0.2749551410968610900, 0.01000000000000000000 ) ) ;
#1376 = LINE ( 'NONE', #3522, #753 ) ;
#1377 = LINE ( 'NONE', #621, #700 ) ;
#1378 = ORIENTED_EDGE ( 'NONE', *, *, #2646, .F. ) ;
#1379 = STYLED_ITEM ( 'NONE', ( #2907 ), #675 ) ;
#1380 = FILL_AREA_STYLE ('',( #474 ) ) ;
#1381 = CARTESIAN_POINT ( 'NONE',  ( 0.4393102134146348900, -0.2261746532919830500, 0.01000000000000000000 ) ) ;
#1382 = DIRECTION ( 'NONE',  ( -1.000000000000000000, 0.0000000000000000000, 0.0000000000000000000 ) ) ;
#1383 = ADVANCED_FACE ( 'NONE', ( #477 ), #4022, .F. ) ;
#1384 = CARTESIAN_POINT ( 'NONE',  ( 2.000000000000000000, 0.2499999999999996700, 0.2899999999999999800 ) ) ;
#1385 = CARTESIAN_POINT ( 'NONE',  ( 0.4286394817073178000, 0.2311424198787486700, 0.01000000000000000000 ) ) ;
#1386 = DIRECTION ( 'NONE',  ( 0.0000000000000000000, 1.000000000000000000, 0.0000000000000000000 ) ) ;
#1387 = SURFACE_SIDE_STYLE ('',( #3750 ) ) ;
#1388 = CARTESIAN_POINT ( 'NONE',  ( 2.000000000000000000, -0.2500000000000002800, -0.01000000000000000000 ) ) ;
#1389 = AXIS2_PLACEMENT_3D ( 'NONE', #1105, #1147, #1165 ) ;
#1390 = ORIENTED_EDGE ( 'NONE', *, *, #1808, .F. ) ;
#1391 = ORIENTED_EDGE ( 'NONE', *, *, #1048, .F. ) ;
#1392 = PRESENTATION_LAYER_ASSIGNMENT (  '', '', ( #1141 ) ) ;
#1393 = CARTESIAN_POINT ( 'NONE',  ( 0.5107842865561871300, -0.2132732091469785600, 0.01000000000000000000 ) ) ;
#1394 = LINE ( 'NONE', #2737, #359 ) ;
#1395 =( GEOMETRIC_REPRESENTATION_CONTEXT ( 3 ) GLOBAL_UNCERTAINTY_ASSIGNED_CONTEXT ( ( #1563 ) ) GLOBAL_UNIT_ASSIGNED_CONTEXT ( ( #2938, #2895, #2885 ) ) REPRESENTATION_CONTEXT ( 'NONE', 'WORKASPACE' ) );
#1396 = CARTESIAN_POINT ( 'NONE',  ( -0.2883955792682912900, -0.2749551410968611400, 3.388131789017201400E-018 ) ) ;
#1397 = ORIENTED_EDGE ( 'NONE', *, *, #4252, .T. ) ;
#1398 = EDGE_CURVE ( 'NONE', #1166, #2068, #625, .T. ) ;
#1399 = PLANE ( 'NONE',  #1128 ) ;
#1400 = EDGE_LOOP ( 'NONE', ( #1534, #805, #1291, #330 ) ) ;
#1401 = DIRECTION ( 'NONE',  ( -0.0000000000000000000, 0.0000000000000000000, -1.000000000000000000 ) ) ;
#1402 = CARTESIAN_POINT ( 'NONE',  ( 0.9817073170731713800, -0.2749551410968610900, 0.01000000000000000000 ) ) ;
#1403 =( NAMED_UNIT ( * ) SI_UNIT ( $, .STERADIAN. ) SOLID_ANGLE_UNIT ( ) );
#1404 = CARTESIAN_POINT ( 'NONE',  ( -0.2195121951219497800, -0.2200770923163732900, 0.0000000000000000000 ) ) ;
#1405 = EDGE_LOOP ( 'NONE', ( #1053, #344, #1488, #3801 ) ) ;
#1406 = EDGE_LOOP ( 'NONE', ( #1536, #1983, #4143, #3985 ) ) ;
#1407 = LINE ( 'NONE', #2287, #1619 ) ;
#1408 = CARTESIAN_POINT ( 'NONE',  ( 0.3230699268645677000, 0.2162346966673583900, 0.01000000000000000000 ) ) ;
#1409 = LINE ( 'NONE', #1963, #1129 ) ;
#1410 = PLANE ( 'NONE',  #2921 ) ;
#1411 = VECTOR ( 'NONE', #1995, 1000.000000000000000 ) ;
#1412 = EDGE_LOOP ( 'NONE', ( #770, #3404, #2783, #3940 ) ) ;
#1413 = VERTEX_POINT ( 'NONE', #2106 ) ;
#1414 = CARTESIAN_POINT ( 'NONE',  ( -0.04268292682926762300, 0.2250448589031389100, 0.0000000000000000000 ) ) ;
#1415 = CARTESIAN_POINT ( 'NONE',  ( 0.4485518292682934000, -0.2810527020724708500, 0.0000000000000000000 ) ) ;
#1416 = CARTESIAN_POINT ( 'NONE',  ( 0.3359067750317617000, 0.2201438588100262400, 0.01000000000000000000 ) ) ;
#1417 =( GEOMETRIC_REPRESENTATION_CONTEXT ( 3 ) GLOBAL_UNCERTAINTY_ASSIGNED_CONTEXT ( ( #3413 ) ) GLOBAL_UNIT_ASSIGNED_CONTEXT ( ( #1595, #2572, #3488 ) ) REPRESENTATION_CONTEXT ( 'NONE', 'WORKASPACE' ) );
#1418 = EDGE_LOOP ( 'NONE', ( #2201, #945, #4042, #3829 ) ) ;
#1419 = SURFACE_STYLE_USAGE ( .BOTH. , #1697 ) ;
#1420 = ORIENTED_EDGE ( 'NONE', *, *, #3351, .T. ) ;
#1421 = CARTESIAN_POINT ( 'NONE',  ( -0.03048780487804810300, 0.005532663781187717100, 0.0000000000000000000 ) ) ;
#1422 = VERTEX_POINT ( 'NONE', #439 ) ;
#1423 = CARTESIAN_POINT ( 'NONE',  ( 0.3494659985123490000, 0.2236326480727251800, 0.01000000000000000000 ) ) ;
#1424 = DIRECTION ( 'NONE',  ( -0.0000000000000000000, -0.0000000000000000000, -1.000000000000000000 ) ) ;
#1425 = FACE_OUTER_BOUND ( 'NONE', #2671, .T. ) ;
#1426 = CARTESIAN_POINT ( 'NONE',  ( -1.750000000000000400, 1.550000000000002900, 1.000000000000000000 ) ) ;
#1427 = B_SPLINE_CURVE_WITH_KNOTS ( 'NONE', 3,
 ( #274, #3661, #1650, #3729, #1505, #2376, #3020, #2367, #918, #1731, #577, #4079, #570, #2932, #1667, #2749, #4267, #3785, #2735 ),
 .UNSPECIFIED., .F., .F.,
 ( 4, 1, 1, 1, 1, 1, 1, 1, 1, 1, 1, 1, 1, 1, 1, 1, 4 ),
 ( 0.0000000000000000000, 0.06806869584499403200, 0.1334274328189550600, 0.1961460338131565700, 0.2570485924493128800, 0.3168826631591620800, 0.3761872086663216600, 0.4359603353635461100, 0.4965352368627263300, 0.5574653434807331800, 0.6176868634101467800, 0.6779436406969062700, 0.7388052848060404600, 0.8009493367665843100, 0.8648146674702268400, 0.9310247810786572700, 1.000000000000000000 ),
 .UNSPECIFIED. ) ;
#1428 = CARTESIAN_POINT ( 'NONE',  ( -0.5262841260377187900, -0.1461202748444543900, 0.01000000000000000000 ) ) ;
#1429 = VECTOR ( 'NONE', #2009, 1000.000000000000000 ) ;
#1430 = ADVANCED_FACE ( 'NONE', ( #2150 ), #1657, .T. ) ;
#1431 = DIRECTION ( 'NONE',  ( -1.000000000000000000, 0.0000000000000000000, 0.0000000000000000000 ) ) ;
#1432 = FACE_OUTER_BOUND ( 'NONE', #39, .T. ) ;
#1433 = CARTESIAN_POINT ( 'NONE',  ( -1.750000000000000400, 0.0000000000000000000, 1.000000000000000000 ) ) ;
#1434 = VECTOR ( 'NONE', #3631, 1000.000000000000000 ) ;
#1435 = MECHANICAL_DESIGN_GEOMETRIC_PRESENTATION_REPRESENTATION (  '', ( #707 ), #1660 ) ;
#1436 =( NAMED_UNIT ( * ) SI_UNIT ( $, .STERADIAN. ) SOLID_ANGLE_UNIT ( ) );
#1437 = DIRECTION ( 'NONE',  ( 1.000000000000000000, 0.0000000000000000000, 0.0000000000000000000 ) ) ;
#1438 = FACE_OUTER_BOUND ( 'NONE', #3424, .T. ) ;
#1439 = CARTESIAN_POINT ( 'NONE',  ( 0.0000000000000000000, 0.0000000000000000000, 0.5000000000000000000 ) ) ;
#1440 =( GEOMETRIC_REPRESENTATION_CONTEXT ( 3 ) GLOBAL_UNCERTAINTY_ASSIGNED_CONTEXT ( ( #4363 ) ) GLOBAL_UNIT_ASSIGNED_CONTEXT ( ( #652, #2642, #933 ) ) REPRESENTATION_CONTEXT ( 'NONE', 'WORKASPACE' ) );
#1441 = CARTESIAN_POINT ( 'NONE',  ( 0.3906215900297372300, -0.2768218720995853600, 0.01000000000000000000 ) ) ;
#1442 = ORIENTED_EDGE ( 'NONE', *, *, #2897, .T. ) ;
#1443 = CARTESIAN_POINT ( 'NONE',  ( 0.3561380406335696300, -0.2688362394443569700, 0.0000000000000000000 ) ) ;
#1444 = CARTESIAN_POINT ( 'NONE',  ( 0.3638328332527680000, 0.2263090277686653800, 0.01000000000000000000 ) ) ;
#1445 = VERTEX_POINT ( 'NONE', #923 ) ;
#1446 = EDGE_CURVE ( 'NONE', #27, #360, #1427, .T. ) ;
#1447 = FILL_AREA_STYLE ('',( #1741 ) ) ;
#1448 = ORIENTED_EDGE ( 'NONE', *, *, #3587, .T. ) ;
#1449 =( GEOMETRIC_REPRESENTATION_CONTEXT ( 3 ) GLOBAL_UNCERTAINTY_ASSIGNED_CONTEXT ( ( #1670 ) ) GLOBAL_UNIT_ASSIGNED_CONTEXT ( ( #2863, #2800, #2500 ) ) REPRESENTATION_CONTEXT ( 'NONE', 'WORKASPACE' ) );
#1450 = ADVANCED_FACE ( 'NONE', ( #680 ), #418, .F. ) ;
#1451 = EDGE_CURVE ( 'NONE', #3563, #2506, #1355, .T. ) ;
#1452 = CARTESIAN_POINT ( 'NONE',  ( -0.4980396252656454900, 0.1420093378598832300, 0.01000000000000000000 ) ) ;
#1453 = AXIS2_PLACEMENT_3D ( 'NONE', #3015, #949, #3353 ) ;
#1454 = CARTESIAN_POINT ( 'NONE',  ( -0.5262841260377187900, -0.1461202748444543900, 0.0000000000000000000 ) ) ;
#1455 = EDGE_CURVE ( 'NONE', #4141, #1681, #3156, .T. ) ;
#1456 = DIRECTION ( 'NONE',  ( 0.0000000000000000000, -1.000000000000000000, 0.0000000000000000000 ) ) ;
#1457 = ORIENTED_EDGE ( 'NONE', *, *, #4162, .T. ) ;
#1458 = CARTESIAN_POINT ( 'NONE',  ( -0.4805904874864129800, 0.1591784151038042900, 6.776263578034402700E-018 ) ) ;
#1459 = DIRECTION ( 'NONE',  ( 0.0000000000000000000, 0.0000000000000000000, -1.000000000000000000 ) ) ;
#1460 = EDGE_CURVE ( 'NONE', #1990, #1965, #3536, .T. ) ;
#1461 = ORIENTED_EDGE ( 'NONE', *, *, #1520, .T. ) ;
#1462 = CARTESIAN_POINT ( 'NONE',  ( 0.6028410990238626300, -0.2294177114762365500, 0.01000000000000000000 ) ) ;
#1463 = CARTESIAN_POINT ( 'NONE',  ( -0.5367801690928406500, -0.1234034371697288900, 0.0000000000000000000 ) ) ;
#1464 = CARTESIAN_POINT ( 'NONE',  ( 0.2134146341463421500, 0.2250448589031389100, 0.01000000000000000000 ) ) ;
#1465 = ORIENTED_EDGE ( 'NONE', *, *, #1149, .F. ) ;
#1466 = LINE ( 'NONE', #2890, #1932 ) ;
#1467 = PRESENTATION_LAYER_ASSIGNMENT (  '', '', ( #978 ) ) ;
#1468 = LINE ( 'NONE', #2102, #538 ) ;
#1469 = VERTEX_POINT ( 'NONE', #3255 ) ;
#1470 = CARTESIAN_POINT ( 'NONE',  ( 0.5519480709241034700, 0.2030169446059528200, 0.01000000000000000000 ) ) ;
#1471 = EDGE_CURVE ( 'NONE', #1702, #2409, #890, .T. ) ;
#1472 = LINE ( 'NONE', #345, #3254 ) ;
#1473 = LINE ( 'NONE', #469, #3165 ) ;
#1474 = ADVANCED_FACE ( 'NONE', ( #482 ), #729, .T. ) ;
#1475 = CARTESIAN_POINT ( 'NONE',  ( -0.4805904874864129800, 0.1591784151038042900, 0.01000000000000000000 ) ) ;
#1476 = PRESENTATION_LAYER_ASSIGNMENT (  '', '', ( #755 ) ) ;
#1477 = ORIENTED_EDGE ( 'NONE', *, *, #733, .F. ) ;
#1478 = CARTESIAN_POINT ( 'NONE',  ( 1.500000000000000200, 1.550000000000001600, 1.800000000000000000 ) ) ;
#1479 = CIRCLE ( 'NONE', #1389, 1.550000000000000000 ) ;
#1480 = CARTESIAN_POINT ( 'NONE',  ( -0.7804878048780485900, 0.2250448589031389100, 0.01000000000000000000 ) ) ;
#1481 = VECTOR ( 'NONE', #692, 1000.000000000000000 ) ;
#1482 = LINE ( 'NONE', #112, #1077 ) ;
#1483 = FACE_OUTER_BOUND ( 'NONE', #1412, .T. ) ;
#1484 = PRESENTATION_LAYER_ASSIGNMENT (  '', '', ( #993 ) ) ;
#1485 = EDGE_CURVE ( 'NONE', #2574, #897, #3998, .T. ) ;
#1486 = CARTESIAN_POINT ( 'NONE',  ( 0.3494659985123490000, 0.2236326480727251800, 0.01000000000000000000 ) ) ;
#1487 = CARTESIAN_POINT ( 'NONE',  ( 0.3251187419298124400, -0.2568469400831145400, 0.01000000000000000000 ) ) ;
#1488 = ORIENTED_EDGE ( 'NONE', *, *, #2837, .T. ) ;
#1489 = CARTESIAN_POINT ( 'NONE',  ( 0.3968518678333571900, 0.1744063222787549400, 0.01000000000000000000 ) ) ;
#1490 = LINE ( 'NONE', #2767, #1589 ) ;
#1491 = UNCERTAINTY_MEASURE_WITH_UNIT (LENGTH_MEASURE( 1.000000000000000100E-005 ), #983, 'distance_accuracy_value', 'NONE');
#1492 = CARTESIAN_POINT ( 'NONE',  ( 0.4280678353658543500, 0.1762643710982608700, 0.01000000000000000000 ) ) ;
#1493 =( GEOMETRIC_REPRESENTATION_CONTEXT ( 3 ) GLOBAL_UNCERTAINTY_ASSIGNED_CONTEXT ( ( #202 ) ) GLOBAL_UNIT_ASSIGNED_CONTEXT ( ( #3468, #3515, #3728 ) ) REPRESENTATION_CONTEXT ( 'NONE', 'WORKASPACE' ) );
#1494 = CARTESIAN_POINT ( 'NONE',  ( -0.05487804878048714600, -0.2749551410968610900, 0.0000000000000000000 ) ) ;
#1495 = CARTESIAN_POINT ( 'NONE',  ( 0.4860535721198373500, 0.1688316319334811900, 0.01000000000000000000 ) ) ;
#1496 = CARTESIAN_POINT ( 'NONE',  ( 0.4227917705111431400, 0.1761846008000914300, 0.01000000000000000000 ) ) ;
#1497 = CARTESIAN_POINT ( 'NONE',  ( 0.7256097560975616200, -0.2749551410968610900, 0.01000000000000000000 ) ) ;
#1498 = CARTESIAN_POINT ( 'NONE',  ( 0.1463414634146348300, -0.2200770923163732900, -0.0000000000000000000 ) ) ;
#1499 = CARTESIAN_POINT ( 'NONE',  ( -3.050000000000000700, 0.0000000000000000000, 1.800000000000000000 ) ) ;
#1500 = CARTESIAN_POINT ( 'NONE',  ( 0.5445714248179758200, -0.2645104882134307600, 0.01000000000000000000 ) ) ;
#1501 = PRESENTATION_LAYER_ASSIGNMENT (  '', '', ( #1722 ) ) ;
#1502 = ORIENTED_EDGE ( 'NONE', *, *, #3386, .F. ) ;
#1503 = ORIENTED_EDGE ( 'NONE', *, *, #661, .T. ) ;
#1504 = ORIENTED_EDGE ( 'NONE', *, *, #1446, .F. ) ;
#1505 = CARTESIAN_POINT ( 'NONE',  ( -0.5448870500228847300, -0.09923704475034207700, 0.01000000000000000000 ) ) ;
#1506 = PRESENTATION_STYLE_ASSIGNMENT (( #4142 ) ) ;
#1507 = FACE_OUTER_BOUND ( 'NONE', #3494, .T. ) ;
#1508 = DIRECTION ( 'NONE',  ( -1.000000000000000000, 0.0000000000000000000, 0.0000000000000000000 ) ) ;
#1509 = CARTESIAN_POINT ( 'NONE',  ( 0.4348425162981094900, 0.1761187030552720500, 0.01000000000000000000 ) ) ;
#1510 = CARTESIAN_POINT ( 'NONE',  ( 1.750000000000000400, 0.0000000000000000000, 0.8000000000000012700 ) ) ;
#1511 = DIRECTION ( 'NONE',  ( 1.000000000000000000, 0.0000000000000000000, 0.0000000000000000000 ) ) ;
#1512 = EDGE_LOOP ( 'NONE', ( #1677, #1465, #2420, #1943, #3788, #3321, #4139, #4194, #725, #1117, #992, #885 ) ) ;
#1513 = CARTESIAN_POINT ( 'NONE',  ( -0.4614464312525433700, 0.1746195992457425500, 6.776263578034402700E-018 ) ) ;
#1514 = ORIENTED_EDGE ( 'NONE', *, *, #2188, .T. ) ;
#1515 = CARTESIAN_POINT ( 'NONE',  ( 0.3948270974870732900, 0.2299991929957081500, 0.01000000000000000000 ) ) ;
#1516 = CARTESIAN_POINT ( 'NONE',  ( -0.4614464312525433700, 0.1746195992457425500, 0.01000000000000000000 ) ) ;
#1517 = SURFACE_SIDE_STYLE ('',( #3382 ) ) ;
#1518 = EDGE_LOOP ( 'NONE', ( #4413, #3596, #1707, #4223, #3765 ) ) ;
#1519 = VECTOR ( 'NONE', #4150, 1000.000000000000000 ) ;
#1520 = EDGE_CURVE ( 'NONE', #833, #3378, #217, .T. ) ;
#1521 = CARTESIAN_POINT ( 'NONE',  ( -0.1524390243902424600, 0.2250448589031389100, 0.01000000000000000000 ) ) ;
#1522 =( NAMED_UNIT ( * ) PLANE_ANGLE_UNIT ( ) SI_UNIT ( $, .RADIAN. ) );
#1523 = EDGE_CURVE ( 'NONE', #1990, #3920, #2314, .T. ) ;
#1524 = VECTOR ( 'NONE', #3262, 1000.000000000000000 ) ;
#1525 = CARTESIAN_POINT ( 'NONE',  ( 0.1463414634146348300, -0.04934538499930010700, -0.0000000000000000000 ) ) ;
#1526 = DIRECTION ( 'NONE',  ( 1.000000000000000000, 0.0000000000000000000, -0.0000000000000000000 ) ) ;
#1527 = CARTESIAN_POINT ( 'NONE',  ( 0.6040308745227659400, -0.1109712601688162800, 0.01000000000000000000 ) ) ;
#1528 = CARTESIAN_POINT ( 'NONE',  ( -0.1524390243902424600, 0.2250448589031389100, 0.01000000000000000000 ) ) ;
#1529 = DIRECTION ( 'NONE',  ( 0.0000000000000000000, 0.0000000000000000000, -1.000000000000000000 ) ) ;
#1530 = COLOUR_RGB ( '',0.2980392156862745100, 0.2980392156862745100, 0.2980392156862745100 ) ;
#1531 = FILL_AREA_STYLE ('',( #3105 ) ) ;
#1532 = CONICAL_SURFACE ( 'NONE', #546, 1.550000000000002300, 0.7853981633974461700 ) ;
#1533 = MECHANICAL_DESIGN_GEOMETRIC_PRESENTATION_REPRESENTATION (  '', ( #580 ), #1749 ) ;
#1534 = ORIENTED_EDGE ( 'NONE', *, *, #434, .F. ) ;
#1535 = SURFACE_STYLE_USAGE ( .BOTH. , #560 ) ;
#1536 = ORIENTED_EDGE ( 'NONE', *, *, #2490, .F. ) ;
#1537 = CARTESIAN_POINT ( 'NONE',  ( -0.3207373611852571400, 0.2244386635710823900, 0.01000000000000000000 ) ) ;
#1538 = VERTEX_POINT ( 'NONE', #3195 ) ;
#1539 = CARTESIAN_POINT ( 'NONE',  ( -0.4409394792252222000, 0.1881022435451960600, 6.776263578034402700E-018 ) ) ;
#1540 = CARTESIAN_POINT ( 'NONE',  ( 0.4114767199714093300, 0.2310193926286043000, 0.01000000000000000000 ) ) ;
#1541 = PRESENTATION_LAYER_ASSIGNMENT (  '', '', ( #1293 ) ) ;
#1542 = DIRECTION ( 'NONE',  ( 0.0000000000000000000, 1.000000000000000000, 0.0000000000000000000 ) ) ;
#1543 = CARTESIAN_POINT ( 'NONE',  ( 0.4393102134146348900, -0.2261746532919830500, 0.01000000000000000000 ) ) ;
#1544 = FACE_OUTER_BOUND ( 'NONE', #4166, .T. ) ;
#1545 = CARTESIAN_POINT ( 'NONE',  ( -0.3341406441838917800, -0.2170736392966999600, 0.01000000000000000000 ) ) ;
#1546 = CARTESIAN_POINT ( 'NONE',  ( 0.3109756097560983400, -0.1941624581700318300, 0.01000000000000000000 ) ) ;
#1547 = VERTEX_POINT ( 'NONE', #1637 ) ;
#1548 = FILL_AREA_STYLE_COLOUR ( '', #4277 ) ;
#1549 = PRESENTATION_LAYER_ASSIGNMENT (  '', '', ( #1046 ) ) ;
#1550 = CARTESIAN_POINT ( 'NONE',  ( 0.3789534589230555400, 0.2285573386366286700, 0.01000000000000000000 ) ) ;
#1551 = EDGE_CURVE ( 'NONE', #4295, #106, #1472, .T. ) ;
#1552 = VECTOR ( 'NONE', #2441, 1000.000000000000000 ) ;
#1553 = EDGE_CURVE ( 'NONE', #2506, #4387, #3916, .T. ) ;
#1554 = CARTESIAN_POINT ( 'NONE',  ( -0.4409394792252222000, 0.1881022435451960600, 0.01000000000000000000 ) ) ;
#1555 =( LENGTH_UNIT ( ) NAMED_UNIT ( * ) SI_UNIT ( .MILLI., .METRE. ) );
#1556 = VERTEX_POINT ( 'NONE', #3358 ) ;
#1557 = CARTESIAN_POINT ( 'NONE',  ( -2.000000000000000000, -0.2500000000000002800, -0.01000000000000000000 ) ) ;
#1558 = CARTESIAN_POINT ( 'NONE',  ( 0.9817073170731713800, -0.2749551410968610900, -0.0000000000000000000 ) ) ;
#1559 = DIRECTION ( 'NONE',  ( 0.0000000000000000000, 0.0000000000000000000, -1.000000000000000000 ) ) ;
#1560 = VERTEX_POINT ( 'NONE', #2640 ) ;
#1561 = CARTESIAN_POINT ( 'NONE',  ( -0.5548780487804863000, -0.01866703134076352200, 0.01000000000000000000 ) ) ;
#1562 = DIRECTION ( 'NONE',  ( 1.000000000000000000, 0.0000000000000000000, 0.0000000000000000000 ) ) ;
#1563 = UNCERTAINTY_MEASURE_WITH_UNIT (LENGTH_MEASURE( 1.000000000000000100E-005 ), #2938, 'distance_accuracy_value', 'NONE');
#1564 = VECTOR ( 'NONE', #3917, 1000.000000000000000 ) ;
#1565 = MECHANICAL_DESIGN_GEOMETRIC_PRESENTATION_REPRESENTATION (  '', ( #1073 ), #1791 ) ;
#1566 = CARTESIAN_POINT ( 'NONE',  ( 0.6031887329182967800, 0.05475809726715137600, 0.01000000000000000000 ) ) ;
#1567 = EDGE_CURVE ( 'NONE', #4028, #2519, #901, .T. ) ;
#1568 = SURFACE_STYLE_USAGE ( .BOTH. , #2485 ) ;
#1569 = ORIENTED_EDGE ( 'NONE', *, *, #4239, .T. ) ;
#1570 = LINE ( 'NONE', #366, #4163 ) ;
#1571 = ORIENTED_EDGE ( 'NONE', *, *, #2185, .F. ) ;
#1572 = VECTOR ( 'NONE', #31, 1000.000000000000000 ) ;
#1573 = CARTESIAN_POINT ( 'NONE',  ( -0.4193364853228162000, 0.1996555894078171600, 6.776263578034402700E-018 ) ) ;
#1574 = FACE_OUTER_BOUND ( 'NONE', #4093, .T. ) ;
#1575 = CARTESIAN_POINT ( 'NONE',  ( -0.4672507317253940500, 0.08006126960779098900, 0.01000000000000000000 ) ) ;
#1576 = CARTESIAN_POINT ( 'NONE',  ( 0.7256097560975616200, -0.2200770923163732900, -0.0000000000000000000 ) ) ;
#1577 = PLANE ( 'NONE',  #2702 ) ;
#1578 = CARTESIAN_POINT ( 'NONE',  ( 0.6031887329182967800, 0.05475809726715137600, 1.524659305057740600E-017 ) ) ;
#1579 = CARTESIAN_POINT ( 'NONE',  ( 0.3109756097560982800, -0.1941624581700318000, 0.01000000000000000000 ) ) ;
#1580 = CARTESIAN_POINT ( 'NONE',  ( -0.2904916158536571300, -0.2200770923163732900, 0.0000000000000000000 ) ) ;
#1581 = AXIS2_PLACEMENT_3D ( 'NONE', #3719, #3206, #3770 ) ;
#1582 = LINE ( 'NONE', #1973, #1585 ) ;
#1583 = COLOUR_RGB ( '',0.6666666666666666300, 0.6666666666666666300, 0.6666666666666666300 ) ;
#1584 = DIRECTION ( 'NONE',  ( 1.000000000000000000, 0.0000000000000000000, 0.0000000000000000000 ) ) ;
#1585 = VECTOR ( 'NONE', #3968, 1000.000000000000000 ) ;
#1586 = UNCERTAINTY_MEASURE_WITH_UNIT (LENGTH_MEASURE( 1.000000000000000100E-005 ), #1875, 'distance_accuracy_value', 'NONE');
#1587 = ORIENTED_EDGE ( 'NONE', *, *, #2456, .F. ) ;
#1588 = CARTESIAN_POINT ( 'NONE',  ( 0.6344277638371991200, -0.1960589124292952400, 0.01000000000000000000 ) ) ;
#1589 = VECTOR ( 'NONE', #4308, 1000.000000000000000 ) ;
#1590 = CARTESIAN_POINT ( 'NONE',  ( 0.6093370453716222500, -0.09242074457902052500, 3.388131789017201400E-018 ) ) ;
#1591 = CARTESIAN_POINT ( 'NONE',  ( 0.5035959877791480500, 0.1626897732940341700, 0.0000000000000000000 ) ) ;
#1592 = EDGE_CURVE ( 'NONE', #191, #45, #2520, .T. ) ;
#1593 = B_SPLINE_SURFACE_WITH_KNOTS ( 'NONE', 3, 1, ( 
 ( #1079, #2743 ),
 ( #2156, #727 ),
 ( #126, #4262 ),
 ( #1994, #2130 ),
 ( #3090, #2999 ),
 ( #2915, #1234 ),
 ( #1428, #3655 ),
 ( #3877, #2694 ),
 ( #3984, #2425 ),
 ( #2212, #987 ),
 ( #1837, #3260 ),
 ( #2685, #2821 ),
 ( #4205, #4057 ),
 ( #1302, #4073 ),
 ( #2099, #3150 ),
 ( #1339, #981 ),
 ( #2239, #2738 ),
 ( #1103, #3776 ),
 ( #1879, #1216 ) ),
 .UNSPECIFIED., .F., .F., .F.,
 ( 4, 1, 1, 1, 1, 1, 1, 1, 1, 1, 1, 1, 1, 1, 1, 1, 4 ),
 ( 2, 2 ),
 ( 0.0000000000000000000, 0.06806869584499403200, 0.1334274328189550600, 0.1961460338131565700, 0.2570485924493128800, 0.3168826631591620800, 0.3761872086663216600, 0.4359603353635461100, 0.4965352368627263300, 0.5574653434807331800, 0.6176868634101467800, 0.6779436406969062700, 0.7388052848060404600, 0.8009493367665843100, 0.8648146674702268400, 0.9310247810786572700, 1.000000000000000000 ),
 ( 0.0000000000000000000, 1.000000000000000000 ),
 .UNSPECIFIED. ) ;
#1594 = DIRECTION ( 'NONE',  ( 0.0000000000000000000, -1.000000000000000000, 0.0000000000000000000 ) ) ;
#1595 =( LENGTH_UNIT ( ) NAMED_UNIT ( * ) SI_UNIT ( .MILLI., .METRE. ) );
#1596 = CARTESIAN_POINT ( 'NONE',  ( -0.4747869969054317500, 0.06283409963400732300, 6.776263578034402700E-018 ) ) ;
#1597 = EDGE_CURVE ( 'NONE', #1019, #357, #2305, .T. ) ;
#1598 = EDGE_CURVE ( 'NONE', #1632, #3679, #4153, .T. ) ;
#1599 = VERTEX_POINT ( 'NONE', #1498 ) ;
#1600 = CARTESIAN_POINT ( 'NONE',  ( -0.4193364853228162000, 0.1996555894078171600, 0.01000000000000000000 ) ) ;
#1601 = VERTEX_POINT ( 'NONE', #4183 ) ;
#1602 = ORIENTED_EDGE ( 'NONE', *, *, #1113, .F. ) ;
#1603 = PRESENTATION_LAYER_ASSIGNMENT (  '', '', ( #1379 ) ) ;
#1604 = CARTESIAN_POINT ( 'NONE',  ( 0.6158536585365861300, -0.03029050695051963000, 0.0000000000000000000 ) ) ;
#1605 = DIRECTION ( 'NONE',  ( 0.0000000000000000000, -0.0000000000000000000, -1.000000000000000000 ) ) ;
#1606 = VERTEX_POINT ( 'NONE', #3411 ) ;
#1607 = VECTOR ( 'NONE', #4055, 1000.000000000000000 ) ;
#1608 = CARTESIAN_POINT ( 'NONE',  ( 0.5356928650119091600, 0.1450208544653817900, 1.524659305057740600E-017 ) ) ;
#1609 = VERTEX_POINT ( 'NONE', #131 ) ;
#1610 = CARTESIAN_POINT ( 'NONE',  ( -0.4409394792252222000, 0.1881022435451960600, 0.0000000000000000000 ) ) ;
#1611 = EDGE_CURVE ( 'NONE', #83, #2180, #1348, .T. ) ;
#1612 = DIRECTION ( 'NONE',  ( 0.0000000000000000000, 0.0000000000000000000, 1.000000000000000000 ) ) ;
#1613 = PRESENTATION_STYLE_ASSIGNMENT (( #2943 ) ) ;
#1614 = AXIS2_PLACEMENT_3D ( 'NONE', #804, #690, #1616 ) ;
#1615 = VERTEX_POINT ( 'NONE', #4233 ) ;
#1616 = DIRECTION ( 'NONE',  ( 0.0000000000000000000, -0.0000000000000000000, 1.000000000000000000 ) ) ;
#1617 = CARTESIAN_POINT ( 'NONE',  ( 0.3156673051435928700, -0.2516301317854660000, 0.01000000000000000000 ) ) ;
#1618 = MECHANICAL_DESIGN_GEOMETRIC_PRESENTATION_REPRESENTATION (  '', ( #1141 ), #1841 ) ;
#1619 = VECTOR ( 'NONE', #4269, 1000.000000000000100 ) ;
#1620 = PLANE ( 'NONE',  #800 ) ;
#1621 = COLOUR_RGB ( '',0.6666666666666666300, 0.6666666666666666300, 0.6666666666666666300 ) ;
#1622 = CARTESIAN_POINT ( 'NONE',  ( -0.3907625265607539400, -0.1998242842710678800, 0.01000000000000000000 ) ) ;
#1623 = CARTESIAN_POINT ( 'NONE',  ( 0.3109756097560982800, 0.2113253467080170000, 0.0000000000000000000 ) ) ;
#1624 = LINE ( 'NONE', #515, #2416 ) ;
#1625 = ORIENTED_EDGE ( 'NONE', *, *, #4162, .F. ) ;
#1626 = CARTESIAN_POINT ( 'NONE',  ( 0.3775696315506352800, -0.2741163688493185000, 0.01000000000000000000 ) ) ;
#1627 = VERTEX_POINT ( 'NONE', #656 ) ;
#1628 = EDGE_CURVE ( 'NONE', #2510, #868, #2843, .T. ) ;
#1629 = CARTESIAN_POINT ( 'NONE',  ( 0.6824647428092075500, -0.06117893690790410200, 0.01000000000000000000 ) ) ;
#1630 = B_SPLINE_SURFACE_WITH_KNOTS ( 'NONE', 3, 1, ( 
 ( #2701, #2628 ),
 ( #4029, #71 ),
 ( #3840, #2975 ),
 ( #2757, #4236 ),
 ( #2380, #2825 ),
 ( #2309, #1913 ),
 ( #3831, #3763 ) ),
 .UNSPECIFIED., .F., .F., .F.,
 ( 4, 1, 1, 1, 4 ),
 ( 2, 2 ),
 ( 0.0000000000000000000, 0.3005411131585100600, 0.5677471464835988100, 0.8000336137369802300, 1.000000000000000000 ),
 ( 0.0000000000000000000, 1.000000000000000000 ),
 .UNSPECIFIED. ) ;
#1631 = PLANE ( 'NONE',  #3160 ) ;
#1632 = VERTEX_POINT ( 'NONE', #2966 ) ;
#1633 = ORIENTED_EDGE ( 'NONE', *, *, #4327, .F. ) ;
#1634 = PRESENTATION_STYLE_ASSIGNMENT (( #489 ) ) ;
#1635 = ORIENTED_EDGE ( 'NONE', *, *, #1793, .F. ) ;
#1636 = VECTOR ( 'NONE', #2532, 1000.000000000000000 ) ;
#1637 = CARTESIAN_POINT ( 'NONE',  ( 0.4280678353658543500, 0.1762643710982608700, 0.0000000000000000000 ) ) ;
#1638 = CARTESIAN_POINT ( 'NONE',  ( -0.7804878048780485900, 0.2250448589031389100, 0.01000000000000000000 ) ) ;
#1639 = CARTESIAN_POINT ( 'NONE',  ( -0.4677658563680944800, -0.1220487602865996500, 1.185846126156020500E-017 ) ) ;
#1640 = CARTESIAN_POINT ( 'NONE',  ( -1.750000000000000400, -1.749999999999999100, 0.8000000000000012700 ) ) ;
#1641 = CARTESIAN_POINT ( 'NONE',  ( -0.04268292682926762300, 0.2250448589031389100, 0.01000000000000000000 ) ) ;
#1642 = CARTESIAN_POINT ( 'NONE',  ( 1.500000000000000400, 0.0000000000000000000, 1.800000000000000000 ) ) ;
#1643 = CARTESIAN_POINT ( 'NONE',  ( -0.03048780487804810300, -0.04934538499930010700, 0.01000000000000000000 ) ) ;
#1644 = COLOUR_RGB ( '',0.6666666666666666300, 0.6666666666666666300, 0.6666666666666666300 ) ;
#1645 = VECTOR ( 'NONE', #1011, 1000.000000000000000 ) ;
#1646 = VERTEX_POINT ( 'NONE', #861 ) ;
#1647 = CARTESIAN_POINT ( 'NONE',  ( -1.500000000000000400, -1.549999999999998900, 2.000000000000000000 ) ) ;
#1648 = FACE_OUTER_BOUND ( 'NONE', #2669, .T. ) ;
#1649 = B_SPLINE_SURFACE_WITH_KNOTS ( 'NONE', 3, 1, ( 
 ( #341, #2660 ),
 ( #90, #2813 ),
 ( #2727, #1283 ),
 ( #911, #3187 ),
 ( #33, #3732 ),
 ( #453, #3513 ),
 ( #3683, #3725 ),
 ( #1489, #4289 ),
 ( #4381, #4122 ),
 ( #573, #4402 ),
 ( #543, #287 ) ),
 .UNSPECIFIED., .F., .F., .F.,
 ( 4, 1, 1, 1, 1, 1, 1, 1, 4 ),
 ( 2, 2 ),
 ( 0.0000000000000000000, 0.1252796967356258600, 0.2494199707420513300, 0.3733567994928198000, 0.4966812787822860200, 0.6202029157439824500, 0.7450863201614562600, 0.8712691950190979400, 1.000000000000000000 ),
 ( 0.0000000000000000000, 1.000000000000000000 ),
 .UNSPECIFIED. ) ;
#1650 = CARTESIAN_POINT ( 'NONE',  ( -0.5542802873806451600, -0.04662243073984359600, 0.01000000000000000000 ) ) ;
#1651 = CARTESIAN_POINT ( 'NONE',  ( 0.6792951741591105600, -0.08704667285068082300, 0.01000000000000000000 ) ) ;
#1652 = B_SPLINE_CURVE_WITH_KNOTS ( 'NONE', 3,
 ( #3487, #1716, #2389, #1545, #1732, #1714, #2549, #3786, #3809, #3862, #4245, #2799, #3957, #2674, #2622, #2636, #2579, #2144, #2098 ),
 .UNSPECIFIED., .F., .F.,
 ( 4, 1, 1, 1, 1, 1, 1, 1, 1, 1, 1, 1, 1, 1, 1, 1, 4 ),
 ( 0.0000000000000000000, 0.07082657255516257300, 0.1381690332797995100, 0.2024753315338422800, 0.2639737544135193300, 0.3233803205980370600, 0.3817976227131851800, 0.4393900745193888800, 0.4969027245459971500, 0.5546621696093697600, 0.6127418784921970800, 0.6715388363911720700, 0.7316557220901979100, 0.7942978116139529600, 0.8594822049793583400, 0.9276813254527898100, 1.000000000000000000 ),
 .UNSPECIFIED. ) ;
#1653 = CARTESIAN_POINT ( 'NONE',  ( 0.6129680645552328900, 0.01444012799955415500, 0.01000000000000000000 ) ) ;
#1654 = DIRECTION ( 'NONE',  ( -0.0000000000000000000, -0.0000000000000000000, -1.000000000000000000 ) ) ;
#1655 = CARTESIAN_POINT ( 'NONE',  ( -0.04268292682926762300, 0.1701668101226511100, 0.01000000000000000000 ) ) ;
#1656 = DIRECTION ( 'NONE',  ( -1.000000000000000000, 0.0000000000000000000, 0.0000000000000000000 ) ) ;
#1657 = B_SPLINE_SURFACE_WITH_KNOTS ( 'NONE', 3, 1, ( 
 ( #534, #1185 ),
 ( #864, #3743 ),
 ( #2338, #2543 ),
 ( #2191, #3712 ),
 ( #1173, #1590 ),
 ( #2712, #321 ),
 ( #57, #2521 ),
 ( #2147, #2186 ),
 ( #2956, #4253 ),
 ( #4161, #1075 ),
 ( #2473, #2198 ),
 ( #444, #3936 ),
 ( #962, #3680 ),
 ( #1393, #3398 ),
 ( #4172, #18 ),
 ( #2249, #3675 ),
 ( #3526, #3854 ),
 ( #1044, #3336 ),
 ( #4062, #2514 ) ),
 .UNSPECIFIED., .F., .F., .F.,
 ( 4, 1, 1, 1, 1, 1, 1, 1, 1, 1, 1, 1, 1, 1, 1, 1, 4 ),
 ( 2, 2 ),
 ( 0.0000000000000000000, 0.07377411937406352900, 0.1440791147260412600, 0.2113485183089115200, 0.2760768857398837000, 0.3385209158196765800, 0.3998851166931335400, 0.4602540674652130800, 0.5205889643912479100, 0.5802076845630441700, 0.6386329085525458400, 0.6963645494905240700, 0.7540017746600128400, 0.8128056813744977100, 0.8727544255255603700, 0.9351819969782670900, 1.000000000000000000 ),
 ( 0.0000000000000000000, 1.000000000000000000 ),
 .UNSPECIFIED. ) ;
#1658 = DIRECTION ( 'NONE',  ( -0.0000000000000000000, -0.0000000000000000000, -1.000000000000000000 ) ) ;
#1659 = CARTESIAN_POINT ( 'NONE',  ( -0.5914634146341462000, -0.2749551410968610900, 0.01000000000000000000 ) ) ;
#1660 =( GEOMETRIC_REPRESENTATION_CONTEXT ( 3 ) GLOBAL_UNCERTAINTY_ASSIGNED_CONTEXT ( ( #3238 ) ) GLOBAL_UNIT_ASSIGNED_CONTEXT ( ( #2411, #1909, #607 ) ) REPRESENTATION_CONTEXT ( 'NONE', 'WORKASPACE' ) );
#1661 = EDGE_CURVE ( 'NONE', #3920, #2574, #1119, .T. ) ;
#1662 = ORIENTED_EDGE ( 'NONE', *, *, #1899, .F. ) ;
#1663 = DIRECTION ( 'NONE',  ( -0.0000000000000000000, 1.000000000000000000, 0.0000000000000000000 ) ) ;
#1664 = CARTESIAN_POINT ( 'NONE',  ( 0.4742051573765537800, -0.2804805589472413900, 0.01000000000000000000 ) ) ;
#1665 = CARTESIAN_POINT ( 'NONE',  ( 0.9817073170731713800, -0.2749551410968610900, 0.01000000000000000000 ) ) ;
#1666 = DIRECTION ( 'NONE',  ( 1.000000000000000000, 1.858632295689435900E-016, 0.0000000000000000000 ) ) ;
#1667 = CARTESIAN_POINT ( 'NONE',  ( -0.3703077036300164700, -0.2656459259124787100, 0.01000000000000000000 ) ) ;
#1668 = CARTESIAN_POINT ( 'NONE',  ( 2.000000000000000000, 0.2499999999999996700, 0.0000000000000000000 ) ) ;
#1669 = ORIENTED_EDGE ( 'NONE', *, *, #369, .F. ) ;
#1670 = UNCERTAINTY_MEASURE_WITH_UNIT (LENGTH_MEASURE( 1.000000000000000100E-005 ), #2863, 'distance_accuracy_value', 'NONE');
#1671 = AXIS2_PLACEMENT_3D ( 'NONE', #3901, #1859, #2466 ) ;
#1672 = ORIENTED_EDGE ( 'NONE', *, *, #1815, .T. ) ;
#1673 = UNCERTAINTY_MEASURE_WITH_UNIT (LENGTH_MEASURE( 1.000000000000000100E-005 ), #4301, 'distance_accuracy_value', 'NONE');
#1674 = CARTESIAN_POINT ( 'NONE',  ( 0.7256097560975616200, -0.2200770923163732900, 0.01000000000000000000 ) ) ;
#1675 = ORIENTED_EDGE ( 'NONE', *, *, #3118, .F. ) ;
#1676 = LINE ( 'NONE', #3777, #2363 ) ;
#1677 = ORIENTED_EDGE ( 'NONE', *, *, #3151, .F. ) ;
#1678 = ORIENTED_EDGE ( 'NONE', *, *, #674, .F. ) ;
#1679 = CARTESIAN_POINT ( 'NONE',  ( -0.8045857424527083100, 0.1312872125406663000, -0.0000000000000000000 ) ) ;
#1680 = CARTESIAN_POINT ( 'NONE',  ( 0.0000000000000000000, 0.0000000000000000000, 0.0000000000000000000 ) ) ;
#1681 = VERTEX_POINT ( 'NONE', #1940 ) ;
#1682 = AXIS2_PLACEMENT_3D ( 'NONE', #499, #1187, #3585 ) ;
#1683 = FILL_AREA_STYLE_COLOUR ( '', #1927 ) ;
#1684 = EDGE_CURVE ( 'NONE', #2510, #1166, #1409, .T. ) ;
#1685 = CARTESIAN_POINT ( 'NONE',  ( 0.6584940782872652500, -0.1565732012068437000, 0.01000000000000000000 ) ) ;
#1686 = EDGE_CURVE ( 'NONE', #413, #2465, #3492, .T. ) ;
#1687 = COLOUR_RGB ( '',0.6666666666666666300, 0.6666666666666666300, 0.6666666666666666300 ) ;
#1688 =( NAMED_UNIT ( * ) SI_UNIT ( $, .STERADIAN. ) SOLID_ANGLE_UNIT ( ) );
#1689 = B_SPLINE_SURFACE_WITH_KNOTS ( 'NONE', 3, 1, ( 
 ( #3976, #4278 ),
 ( #4304, #2283 ),
 ( #234, #2625 ),
 ( #567, #2970 ),
 ( #906, #3307 ),
 ( #1270, #3650 ),
 ( #1622, #3990 ),
 ( #1958, #4317 ),
 ( #2295, #241 ),
 ( #2638, #582 ),
 ( #2984, #920 ),
 ( #3322, #1285 ),
 ( #3663, #1639 ),
 ( #4000, #1967 ),
 ( #4328, #2312 ),
 ( #256, #2649 ),
 ( #593, #3000 ),
 ( #934, #3340 ),
 ( #1304, #3677 ) ),
 .UNSPECIFIED., .F., .F., .F.,
 ( 4, 1, 1, 1, 1, 1, 1, 1, 1, 1, 1, 1, 1, 1, 1, 1, 4 ),
 ( 2, 2 ),
 ( 0.0000000000000000000, 0.07082657255516257300, 0.1381690332797995100, 0.2024753315338422800, 0.2639737544135193300, 0.3233803205980370600, 0.3817976227131851800, 0.4393900745193888800, 0.4969027245459971500, 0.5546621696093697600, 0.6127418784921970800, 0.6715388363911720700, 0.7316557220901979100, 0.7942978116139529600, 0.8594822049793583400, 0.9276813254527898100, 1.000000000000000000 ),
 ( 0.0000000000000000000, 1.000000000000000000 ),
 .UNSPECIFIED. ) ;
#1690 = MECHANICAL_DESIGN_GEOMETRIC_PRESENTATION_REPRESENTATION (  '', ( #978 ), #1907 ) ;
#1691 = VECTOR ( 'NONE', #3352, 1000.000000000000000 ) ;
#1692 =( NAMED_UNIT ( * ) PLANE_ANGLE_UNIT ( ) SI_UNIT ( $, .RADIAN. ) );
#1693 = COLOUR_RGB ( '',0.6666666666666666300, 0.6666666666666666300, 0.6666666666666666300 ) ;
#1694 = VERTEX_POINT ( 'NONE', #3874 ) ;
#1695 = PRESENTATION_STYLE_ASSIGNMENT (( #4144 ) ) ;
#1696 = CARTESIAN_POINT ( 'NONE',  ( 0.6674435890370699100, -0.1347505888631916900, 0.01000000000000000000 ) ) ;
#1697 = SURFACE_SIDE_STYLE ('',( #2419 ) ) ;
#1698 = FILL_AREA_STYLE ('',( #117 ) ) ;
#1699 = CARTESIAN_POINT ( 'NONE',  ( 0.6429387546605859200, 0.1190480376029081100, 0.0000000000000000000 ) ) ;
#1700 = MECHANICAL_DESIGN_GEOMETRIC_PRESENTATION_REPRESENTATION (  '', ( #755 ), #1918 ) ;
#1701 = CARTESIAN_POINT ( 'NONE',  ( 2.000000000000000000, 0.2499999999999996700, -0.01000000000000000000 ) ) ;
#1702 = VERTEX_POINT ( 'NONE', #979 ) ;
#1703 = MECHANICAL_DESIGN_GEOMETRIC_PRESENTATION_REPRESENTATION (  '', ( #993 ), #1924 ) ;
#1704 = DIRECTION ( 'NONE',  ( 1.000000000000000000, 0.0000000000000000000, 0.0000000000000000000 ) ) ;
#1705 = EDGE_CURVE ( 'NONE', #1033, #1702, #1298, .T. ) ;
#1706 = APPLICATION_PROTOCOL_DEFINITION ( 'draft international standard', 'automotive_design', 1998, #3727 ) ;
#1707 = ORIENTED_EDGE ( 'NONE', *, *, #2592, .T. ) ;
#1708 = PLANE ( 'NONE',  #989 ) ;
#1709 = ORIENTED_EDGE ( 'NONE', *, *, #3458, .F. ) ;
#1710 = FILL_AREA_STYLE ('',( #440 ) ) ;
#1711 = CARTESIAN_POINT ( 'NONE',  ( -0.4470191824482127000, 0.1100298922049237200, 6.776263578034402700E-018 ) ) ;
#1712 = CARTESIAN_POINT ( 'NONE',  ( 0.4332725031317566900, -0.2260953830182728400, -0.0000000000000000000 ) ) ;
#1713 = ORIENTED_EDGE ( 'NONE', *, *, #3067, .F. ) ;
#1714 = CARTESIAN_POINT ( 'NONE',  ( -0.3732003330700067200, -0.2073470946256303300, 0.01000000000000000000 ) ) ;
#1715 =( NAMED_UNIT ( * ) SI_UNIT ( $, .STERADIAN. ) SOLID_ANGLE_UNIT ( ) );
#1716 = CARTESIAN_POINT ( 'NONE',  ( -0.2980254002394434600, -0.2199142378579786400, 0.01000000000000000000 ) ) ;
#1717 = ORIENTED_EDGE ( 'NONE', *, *, #3452, .F. ) ;
#1718 = CARTESIAN_POINT ( 'NONE',  ( -0.4185497136480025300, -0.2480319555743048000, 0.0000000000000000000 ) ) ;
#1719 = COLOUR_RGB ( '',0.6666666666666666300, 0.6666666666666666300, 0.6666666666666666300 ) ;
#1720 = ORIENTED_EDGE ( 'NONE', *, *, #2811, .F. ) ;
#1721 = CARTESIAN_POINT ( 'NONE',  ( 0.2134146341463421500, 0.2250448589031389100, 0.01000000000000000000 ) ) ;
#1722 = STYLED_ITEM ( 'NONE', ( #4407 ), #1209 ) ;
#1723 = LINE ( 'NONE', #612, #1878 ) ;
#1724 = CARTESIAN_POINT ( 'NONE',  ( 0.9817073170731713800, 0.2250448589031389100, 0.01000000000000000000 ) ) ;
#1725 = CARTESIAN_POINT ( 'NONE',  ( -0.8964367378048779800, -0.07983318987734888700, 0.0000000000000000000 ) ) ;
#1726 = DIRECTION ( 'NONE',  ( -1.000000000000000000, 1.505836350674311700E-016, -0.0000000000000000000 ) ) ;
#1727 = LINE ( 'NONE', #3911, #790 ) ;
#1728 = ORIENTED_EDGE ( 'NONE', *, *, #1523, .F. ) ;
#1729 = FACE_OUTER_BOUND ( 'NONE', #1981, .T. ) ;
#1730 = ORIENTED_EDGE ( 'NONE', *, *, #912, .T. ) ;
#1731 = CARTESIAN_POINT ( 'NONE',  ( -0.4806392962021363000, -0.2052886045389776800, 0.01000000000000000000 ) ) ;
#1732 = CARTESIAN_POINT ( 'NONE',  ( -0.3542990767548198600, -0.2130223420384684500, 0.01000000000000000000 ) ) ;
#1733 = ORIENTED_EDGE ( 'NONE', *, *, #295, .F. ) ;
#1734 = B_SPLINE_CURVE_WITH_KNOTS ( 'NONE', 3,
 ( #2847, #2824, #3243, #3258, #3277, #3304, #3294, #3326, #3316, #3338, #3371, #3360, #3395, #3399, #3427, #3444, #3450, #3464, #3420 ),
 .UNSPECIFIED., .F., .F.,
 ( 4, 1, 1, 1, 1, 1, 1, 1, 1, 1, 1, 1, 1, 1, 1, 1, 4 ),
 ( 0.0000000000000000000, 0.07064371857535413400, 0.1382567155089045600, 0.2033641242175800200, 0.2663240938030567700, 0.3279047615429893100, 0.3887377151730920800, 0.4494235281093023100, 0.5108610114593154000, 0.5720793960475145700, 0.6317344287314452500, 0.6911172105788376800, 0.7503600294901704400, 0.8100329005312619800, 0.8713624508287359800, 0.9344271412311532200, 1.000000000000000000 ),
 .UNSPECIFIED. ) ;
#1735 = ADVANCED_FACE ( 'NONE', ( #2891 ), #4312, .T. ) ;
#1736 = CARTESIAN_POINT ( 'NONE',  ( 0.4393102134146348900, -0.2261746532919830500, 6.776263578034402700E-018 ) ) ;
#1737 = CARTESIAN_POINT ( 'NONE',  ( 0.4286394817073178000, 0.2311424198787486700, 0.01000000000000000000 ) ) ;
#1738 = EDGE_CURVE ( 'NONE', #3010, #1774, #2944, .T. ) ;
#1739 = CARTESIAN_POINT ( 'NONE',  ( 0.6824647428092075500, -0.06117893690790410200, 0.0000000000000000000 ) ) ;
#1740 = PLANE ( 'NONE',  #4257 ) ;
#1741 = FILL_AREA_STYLE_COLOUR ( '', #1076 ) ;
#1742 = VECTOR ( 'NONE', #2823, 1000.000000000000000 ) ;
#1744 = FACE_OUTER_BOUND ( 'NONE', #1919, .T. ) ;
#1743 = CARTESIAN_POINT ( 'NONE',  ( -0.9695121951219510800, -0.2749551410968610900, 0.01000000000000000000 ) ) ;
#1745 = CARTESIAN_POINT ( 'NONE',  ( 0.4485518292682934000, -0.2810527020724708500, 0.01000000000000000000 ) ) ;
#1746 = CIRCLE ( 'NONE', #588, 0.2000000000000000900 ) ;
#1747 = ORIENTED_EDGE ( 'NONE', *, *, #1962, .F. ) ;
#1748 = PRESENTATION_STYLE_ASSIGNMENT (( #3249 ) ) ;
#1749 =( GEOMETRIC_REPRESENTATION_CONTEXT ( 3 ) GLOBAL_UNCERTAINTY_ASSIGNED_CONTEXT ( ( #4046 ) ) GLOBAL_UNIT_ASSIGNED_CONTEXT ( ( #1854, #1223, #2112 ) ) REPRESENTATION_CONTEXT ( 'NONE', 'WORKASPACE' ) );
#1750 = ORIENTED_EDGE ( 'NONE', *, *, #891, .T. ) ;
#1751 = CARTESIAN_POINT ( 'NONE',  ( -0.5448870500228847300, -0.09923704475034207700, 0.0000000000000000000 ) ) ;
#1752 = VECTOR ( 'NONE', #2978, 1000.000000000000000 ) ;
#1753 = DIRECTION ( 'NONE',  ( 0.0000000000000000000, 1.000000000000000000, 0.0000000000000000000 ) ) ;
#1754 = DIRECTION ( 'NONE',  ( 0.0000000000000000000, -1.000000000000000000, 0.0000000000000000000 ) ) ;
#1755 = CARTESIAN_POINT ( 'NONE',  ( 0.4228260513954073000, 0.2311007476609444300, 0.01000000000000000000 ) ) ;
#1756 = CARTESIAN_POINT ( 'NONE',  ( 0.4286394817073178000, 0.2311424198787486700, 0.01000000000000000000 ) ) ;
#1757 = ORIENTED_EDGE ( 'NONE', *, *, #1793, .T. ) ;
#1758 = MECHANICAL_DESIGN_GEOMETRIC_PRESENTATION_REPRESENTATION (  '', ( #1293 ), #1976 ) ;
#1759 = ADVANCED_FACE ( 'NONE', ( #907 ), #225, .T. ) ;
#1760 = DIRECTION ( 'NONE',  ( -0.0000000000000000000, -0.0000000000000000000, -1.000000000000000000 ) ) ;
#1761 = VERTEX_POINT ( 'NONE', #839 ) ;
#1762 = CARTESIAN_POINT ( 'NONE',  ( 0.4393102134146348900, -0.2261746532919830500, 0.01000000000000000000 ) ) ;
#1763 = VECTOR ( 'NONE', #2996, 1000.000000000000000 ) ;
#1764 = B_SPLINE_CURVE_WITH_KNOTS ( 'NONE', 3,
 ( #3163, #3514, #2493, #442, #2829, #773, #3178, #1120, #3530, #1496, #3859 ),
 .UNSPECIFIED., .F., .F.,
 ( 4, 1, 1, 1, 1, 1, 1, 1, 4 ),
 ( 0.0000000000000000000, 0.1252796967356258600, 0.2494199707420513300, 0.3733567994928198000, 0.4966812787822860200, 0.6202029157439824500, 0.7450863201614562600, 0.8712691950190979400, 1.000000000000000000 ),
 .UNSPECIFIED. ) ;
#1765 = MECHANICAL_DESIGN_GEOMETRIC_PRESENTATION_REPRESENTATION (  '', ( #1046 ), #1980 ) ;
#1766 = SURFACE_STYLE_USAGE ( .BOTH. , #742 ) ;
#1767 = EDGE_CURVE ( 'NONE', #4032, #2731, #159, .T. ) ;
#1768 = ORIENTED_EDGE ( 'NONE', *, *, #1074, .T. ) ;
#1769 = CARTESIAN_POINT ( 'NONE',  ( 0.5866963938458862300, 0.09013250242765960500, 0.01000000000000000000 ) ) ;
#1770 = PLANE ( 'NONE',  #2709 ) ;
#1771 = DIRECTION ( 'NONE',  ( -1.000000000000000000, 0.0000000000000000000, 0.0000000000000000000 ) ) ;
#1772 = ORIENTED_EDGE ( 'NONE', *, *, #2279, .F. ) ;
#1773 = CARTESIAN_POINT ( 'NONE',  ( -1.500000000000000400, 0.0000000000000000000, 1.800000000000000000 ) ) ;
#1774 = VERTEX_POINT ( 'NONE', #4208 ) ;
#1775 = VECTOR ( 'NONE', #55, 1000.000000000000000 ) ;
#1776 = DIRECTION ( 'NONE',  ( 1.000000000000000000, 0.0000000000000000000, -0.0000000000000000000 ) ) ;
#1777 = CARTESIAN_POINT ( 'NONE',  ( -0.4614464312525433700, 0.1746195992457425500, 0.0000000000000000000 ) ) ;
#1778 = PRESENTATION_STYLE_ASSIGNMENT (( #2369 ) ) ;
#1779 = EDGE_LOOP ( 'NONE', ( #76, #1602, #2260, #1931 ) ) ;
#1780 = ADVANCED_FACE ( 'NONE', ( #743 ), #1708, .F. ) ;
#1781 =( NAMED_UNIT ( * ) PLANE_ANGLE_UNIT ( ) SI_UNIT ( $, .RADIAN. ) );
#1782 = CARTESIAN_POINT ( 'NONE',  ( 0.1463414634146348300, -0.04934538499930010700, -0.0000000000000000000 ) ) ;
#1783 = LINE ( 'NONE', #1, #2577 ) ;
#1784 = ORIENTED_EDGE ( 'NONE', *, *, #891, .F. ) ;
#1785 = CARTESIAN_POINT ( 'NONE',  ( -0.1524390243902424600, -0.2749551410968610900, 0.01000000000000000000 ) ) ;
#1786 = CARTESIAN_POINT ( 'NONE',  ( -0.1524390243902424600, 0.2250448589031389100, 0.01000000000000000000 ) ) ;
#1787 = ORIENTED_EDGE ( 'NONE', *, *, #4175, .F. ) ;
#1788 = DIRECTION ( 'NONE',  ( 0.0000000000000000000, 0.0000000000000000000, -1.000000000000000000 ) ) ;
#1789 = CARTESIAN_POINT ( 'NONE',  ( 0.6153433058964603600, -0.007528093710022619300, 0.01000000000000000000 ) ) ;
#1790 = PLANE ( 'NONE',  #3339 ) ;
#1791 =( GEOMETRIC_REPRESENTATION_CONTEXT ( 3 ) GLOBAL_UNCERTAINTY_ASSIGNED_CONTEXT ( ( #1673 ) ) GLOBAL_UNIT_ASSIGNED_CONTEXT ( ( #4301, #708, #332 ) ) REPRESENTATION_CONTEXT ( 'NONE', 'WORKASPACE' ) );
#1792 = DIRECTION ( 'NONE',  ( 0.0000000000000000000, 0.0000000000000000000, -1.000000000000000000 ) ) ;
#1793 = EDGE_CURVE ( 'NONE', #142, #1144, #3550, .T. ) ;
#1794 = CARTESIAN_POINT ( 'NONE',  ( -1.750000000000000400, 0.0000000000000000000, 1.000000000000000000 ) ) ;
#1795 = FACE_OUTER_BOUND ( 'NONE', #1988, .T. ) ;
#1796 = PLANE ( 'NONE',  #3881 ) ;
#1797 = CARTESIAN_POINT ( 'NONE',  ( -2.000000000000000000, -0.2500000000000002800, 0.2899999999999999800 ) ) ;
#1798 = DIRECTION ( 'NONE',  ( 1.000000000000000000, 0.0000000000000000000, 0.0000000000000000000 ) ) ;
#1799 = CARTESIAN_POINT ( 'NONE',  ( -3.799999999999999800, 0.2499999999999994700, 0.2899999999999999800 ) ) ;
#1800 = CARTESIAN_POINT ( 'NONE',  ( 0.2134146341463421500, -0.2749551410968610900, 0.01000000000000000000 ) ) ;
#1801 = DIRECTION ( 'NONE',  ( -0.0000000000000000000, -0.0000000000000000000, -1.000000000000000000 ) ) ;
#1802 = EDGE_CURVE ( 'NONE', #3920, #3568, #672, .T. ) ;
#1803 = SURFACE_STYLE_USAGE ( .BOTH. , #706 ) ;
#1804 = UNCERTAINTY_MEASURE_WITH_UNIT (LENGTH_MEASURE( 1.000000000000000100E-005 ), #2460, 'distance_accuracy_value', 'NONE');
#1805 = CARTESIAN_POINT ( 'NONE',  ( -0.4613397204180551000, -0.2215513866132785800, 0.0000000000000000000 ) ) ;
#1806 = DIRECTION ( 'NONE',  ( 1.000000000000000000, 0.0000000000000000000, 0.0000000000000000000 ) ) ;
#1807 = CARTESIAN_POINT ( 'NONE',  ( 0.5201472030125481300, 0.1547627581214367200, 1.524659305057740600E-017 ) ) ;
#1808 = EDGE_CURVE ( 'NONE', #2246, #2297, #86, .T. ) ;
#1809 = CARTESIAN_POINT ( 'NONE',  ( -0.4876409877575734700, -0.01243570462565555600, -0.0000000000000000000 ) ) ;
#1810 = VERTEX_POINT ( 'NONE', #3078 ) ;
#1811 = CARTESIAN_POINT ( 'NONE',  ( -1.750000000000000400, 0.0000000000000000000, 0.8000000000000012700 ) ) ;
#1812 = STYLED_ITEM ( 'NONE', ( #594 ), #2404 ) ;
#1813 = CARTESIAN_POINT ( 'NONE',  ( -0.3027263283746368700, 0.2248401129268478000, 6.776263578034402700E-018 ) ) ;
#1814 = CARTESIAN_POINT ( 'NONE',  ( -0.3538631564933580300, 0.1638485068511463500, 0.0000000000000000000 ) ) ;
#1815 = EDGE_CURVE ( 'NONE', #191, #2562, #98, .T. ) ;
#1816 = ORIENTED_EDGE ( 'NONE', *, *, #3587, .F. ) ;
#1817 = CARTESIAN_POINT ( 'NONE',  ( 0.7256097560975616200, -0.2749551410968610900, 0.01000000000000000000 ) ) ;
#1818 = CARTESIAN_POINT ( 'NONE',  ( 0.6031887329182967800, 0.05475809726715137600, 0.01000000000000000000 ) ) ;
#1819 = EDGE_CURVE ( 'NONE', #2845, #4295, #43, .T. ) ;
#1820 = ADVANCED_FACE ( 'NONE', ( #1110 ), #3149, .T. ) ;
#1821 = EDGE_LOOP ( 'NONE', ( #1587, #4353, #261, #1730, #1850, #878 ) ) ;
#1822 = CARTESIAN_POINT ( 'NONE',  ( 0.6088684825404824300, 0.03518943533258274400, 0.01000000000000000000 ) ) ;
#1823 = CARTESIAN_POINT ( 'NONE',  ( 0.2134146341463421500, -0.2749551410968610900, 0.01000000000000000000 ) ) ;
#1824 = MECHANICAL_DESIGN_GEOMETRIC_PRESENTATION_REPRESENTATION (  '', ( #1379 ), #2047 ) ;
#1825 = CARTESIAN_POINT ( 'NONE',  ( -0.3892718088248050500, 0.1518217670500249000, 0.0000000000000000000 ) ) ;
#1826 = UNCERTAINTY_MEASURE_WITH_UNIT (LENGTH_MEASURE( 1.000000000000000100E-005 ), #2867, 'distance_accuracy_value', 'NONE');
#1827 = LINE ( 'NONE', #2222, #683 ) ;
#1828 = DIRECTION ( 'NONE',  ( 1.000000000000000000, 0.0000000000000000000, 0.0000000000000000000 ) ) ;
#1829 = LINE ( 'NONE', #1745, #1937 ) ;
#1830 = EDGE_LOOP ( 'NONE', ( #760, #689, #3202, #808, #2245, #2074 ) ) ;
#1831 = CARTESIAN_POINT ( 'NONE',  ( -0.4878048780487790900, -0.02009614719442206300, 0.0000000000000000000 ) ) ;
#1832 = VERTEX_POINT ( 'NONE', #2692 ) ;
#1833 = SURFACE_SIDE_STYLE ('',( #1251 ) ) ;
#1834 = AXIS2_PLACEMENT_3D ( 'NONE', #2168, #2267, #3625 ) ;
#1835 = EDGE_LOOP ( 'NONE', ( #248, #3670, #3081, #1330 ) ) ;
#1836 = CARTESIAN_POINT ( 'NONE',  ( -2.000000000000000000, -0.2500000000000002800, -0.01000000000000000000 ) ) ;
#1837 = CARTESIAN_POINT ( 'NONE',  ( -0.4613397204180551000, -0.2215513866132785800, 0.01000000000000000000 ) ) ;
#1838 = LINE ( 'NONE', #3755, #2046 ) ;
#1839 = DIRECTION ( 'NONE',  ( 1.000000000000000000, 0.0000000000000000000, 0.0000000000000000000 ) ) ;
#1840 = DIRECTION ( 'NONE',  ( -1.000000000000000000, -1.505836350674311700E-016, 0.0000000000000000000 ) ) ;
#1841 =( GEOMETRIC_REPRESENTATION_CONTEXT ( 3 ) GLOBAL_UNCERTAINTY_ASSIGNED_CONTEXT ( ( #3328 ) ) GLOBAL_UNIT_ASSIGNED_CONTEXT ( ( #316, #2705, #645 ) ) REPRESENTATION_CONTEXT ( 'NONE', 'WORKASPACE' ) );
#1842 = EDGE_CURVE ( 'NONE', #1261, #1144, #1236, .T. ) ;
#1843 = CARTESIAN_POINT ( 'NONE',  ( 0.9146341463414641200, -0.2200770923163732900, 0.01000000000000000000 ) ) ;
#1844 = ADVANCED_FACE ( 'NONE', ( #1176 ), #2507, .F. ) ;
#1845 = SURFACE_STYLE_FILL_AREA ( #3554 ) ;
#1846 = STYLED_ITEM ( 'NONE', ( #2330 ), #3289 ) ;
#1847 = EDGE_CURVE ( 'NONE', #4329, #304, #4412, .T. ) ;
#1848 = PLANE ( 'NONE',  #1614 ) ;
#1849 = LINE ( 'NONE', #398, #4237 ) ;
#1850 = ORIENTED_EDGE ( 'NONE', *, *, #3112, .T. ) ;
#1851 = EDGE_CURVE ( 'NONE', #2429, #4114, #3965, .T. ) ;
#1852 = ORIENTED_EDGE ( 'NONE', *, *, #2428, .F. ) ;
#1853 = CARTESIAN_POINT ( 'NONE',  ( 0.2134146341463421500, -0.2749551410968610900, 0.01000000000000000000 ) ) ;
#1854 =( LENGTH_UNIT ( ) NAMED_UNIT ( * ) SI_UNIT ( .MILLI., .METRE. ) );
#1855 = CARTESIAN_POINT ( 'NONE',  ( -1.750000000000000400, 1.750000000000000900, 0.5000000000000000000 ) ) ;
#1856 = CARTESIAN_POINT ( 'NONE',  ( 0.5887538488854255900, -0.1446084336339169300, 0.01000000000000000000 ) ) ;
#1857 = MANIFOLD_SOLID_BREP ( '切除-拉伸1', #731 ) ;
#1858 = DIRECTION ( 'NONE',  ( 0.0000000000000000000, -0.0000000000000000000, 1.000000000000000000 ) ) ;
#1859 = DIRECTION ( 'NONE',  ( 0.0000000000000000000, 0.0000000000000000000, -1.000000000000000000 ) ) ;
#1860 = ORIENTED_EDGE ( 'NONE', *, *, #3629, .T. ) ;
#1861 = STYLED_ITEM ( 'NONE', ( #3093 ), #1335 ) ;
#1862 = ORIENTED_EDGE ( 'NONE', *, *, #2644, .T. ) ;
#1863 = ADVANCED_FACE ( 'NONE', ( #549 ), #206, .T. ) ;
#1864 = DIRECTION ( 'NONE',  ( 1.000000000000000000, 1.505836350674311700E-016, 0.0000000000000000000 ) ) ;
#1865 = LINE ( 'NONE', #2979, #1763 ) ;
#1866 = DIRECTION ( 'NONE',  ( -0.0000000000000000000, 0.0000000000000000000, 1.000000000000000000 ) ) ;
#1867 = CARTESIAN_POINT ( 'NONE',  ( -0.8134527439024388200, 0.1640692491470413500, 0.0000000000000000000 ) ) ;
#1868 = DIRECTION ( 'NONE',  ( -1.000000000000000000, -1.858632295689435900E-016, -0.0000000000000000000 ) ) ;
#1869 = DIRECTION ( 'NONE',  ( 0.0000000000000000000, -0.7071067811865460200, -0.7071067811865489100 ) ) ;
#1870 = ADVANCED_FACE ( 'NONE', ( #2683 ), #564, .T. ) ;
#1871 = CARTESIAN_POINT ( 'NONE',  ( 0.5503284455404371400, 0.1336729282781080900, 0.01000000000000000000 ) ) ;
#1872 = ORIENTED_EDGE ( 'NONE', *, *, #3791, .F. ) ;
#1873 = FACE_OUTER_BOUND ( 'NONE', #2341, .T. ) ;
#1874 = EDGE_LOOP ( 'NONE', ( #32, #3937, #1457, #3844 ) ) ;
#1875 =( LENGTH_UNIT ( ) NAMED_UNIT ( * ) SI_UNIT ( .MILLI., .METRE. ) );
#1876 = CARTESIAN_POINT ( 'NONE',  ( 1.750000000000000200, -1.550000000000001200, 1.000000000000000000 ) ) ;
#1877 = EDGE_LOOP ( 'NONE', ( #3491, #119, #4340, #2722 ) ) ;
#1878 = VECTOR ( 'NONE', #4341, 1000.000000000000000 ) ;
#1879 = CARTESIAN_POINT ( 'NONE',  ( -0.2883955792682912900, -0.2749551410968611400, 0.01000000000000000000 ) ) ;
#1880 = DIRECTION ( 'NONE',  ( 1.000000000000000000, 0.0000000000000000000, 0.0000000000000000000 ) ) ;
#1881 = DIRECTION ( 'NONE',  ( -0.0000000000000000000, -0.0000000000000000000, -1.000000000000000000 ) ) ;
#1882 = PLANE ( 'NONE',  #2332 ) ;
#1883 = LINE ( 'NONE', #1623, #41 ) ;
#1884 = EDGE_LOOP ( 'NONE', ( #199, #145, #79, #1860 ) ) ;
#1885 = CARTESIAN_POINT ( 'NONE',  ( -3.500000000000000000, -2.000000000000000000, 0.5000000000000000000 ) ) ;
#1886 = ADVANCED_FACE ( 'NONE', ( #1483 ), #554, .T. ) ;
#1887 = ORIENTED_EDGE ( 'NONE', *, *, #1705, .F. ) ;
#1888 = SURFACE_STYLE_USAGE ( .BOTH. , #1928 ) ;
#1889 = DIRECTION ( 'NONE',  ( -0.0000000000000000000, -0.0000000000000000000, -1.000000000000000000 ) ) ;
#1890 = DIRECTION ( 'NONE',  ( -0.0000000000000000000, 0.0000000000000000000, 1.000000000000000000 ) ) ;
#1891 = CARTESIAN_POINT ( 'NONE',  ( 3.500000000000000000, 2.000000000000000000, 0.5000000000000000000 ) ) ;
#1892 = PRESENTATION_STYLE_ASSIGNMENT (( #1126 ) ) ;
#1893 = ADVANCED_FACE ( 'NONE', ( #3608 ), #1848, .T. ) ;
#1894 = CARTESIAN_POINT ( 'NONE',  ( 0.5638306837902358200, 0.1205774096510552500, 0.01000000000000000000 ) ) ;
#1895 = CARTESIAN_POINT ( 'NONE',  ( -0.2883955792682912900, -0.2749551410968611400, 0.01000000000000000000 ) ) ;
#1896 =( LENGTH_UNIT ( ) NAMED_UNIT ( * ) SI_UNIT ( .MILLI., .METRE. ) );
#1897 = FACE_OUTER_BOUND ( 'NONE', #4337, .T. ) ;
#1898 = SURFACE_STYLE_FILL_AREA ( #3841 ) ;
#1899 = EDGE_CURVE ( 'NONE', #2789, #1911, #1479, .T. ) ;
#1900 = VERTEX_POINT ( 'NONE', #1050 ) ;
#1901 = EDGE_CURVE ( 'NONE', #3498, #545, #642, .T. ) ;
#1902 = FACE_OUTER_BOUND ( 'NONE', #1156, .T. ) ;
#1903 = CARTESIAN_POINT ( 'NONE',  ( 3.500000000000000000, -2.000000000000000000, 0.0000000000000000000 ) ) ;
#1904 = UNCERTAINTY_MEASURE_WITH_UNIT (LENGTH_MEASURE( 1.000000000000000100E-005 ), #1896, 'distance_accuracy_value', 'NONE');
#1905 = CARTESIAN_POINT ( 'NONE',  ( 3.799999999999999800, 0.2499999999999994700, -0.01000000000000000000 ) ) ;
#1906 = FILL_AREA_STYLE_COLOUR ( '', #3737 ) ;
#1907 =( GEOMETRIC_REPRESENTATION_CONTEXT ( 3 ) GLOBAL_UNCERTAINTY_ASSIGNED_CONTEXT ( ( #4137 ) ) GLOBAL_UNIT_ASSIGNED_CONTEXT ( ( #2778, #2742, #2700 ) ) REPRESENTATION_CONTEXT ( 'NONE', 'WORKASPACE' ) );
#1908 = ADVANCED_FACE ( 'NONE', ( #2546 ), #94, .T. ) ;
#1909 =( NAMED_UNIT ( * ) PLANE_ANGLE_UNIT ( ) SI_UNIT ( $, .RADIAN. ) );
#1910 = ORIENTED_EDGE ( 'NONE', *, *, #1628, .F. ) ;
#1911 = VERTEX_POINT ( 'NONE', #1499 ) ;
#1912 = ORIENTED_EDGE ( 'NONE', *, *, #1847, .F. ) ;
#1913 = CARTESIAN_POINT ( 'NONE',  ( -0.8045857424527083100, 0.1312872125406663000, 6.776263578034402700E-018 ) ) ;
#1914 = CARTESIAN_POINT ( 'NONE',  ( -0.2932545731707302800, 0.1701668101226511100, 0.01000000000000000000 ) ) ;
#1915 = ORIENTED_EDGE ( 'NONE', *, *, #1684, .T. ) ;
#1916 = ORIENTED_EDGE ( 'NONE', *, *, #2122, .T. ) ;
#1917 = VERTEX_POINT ( 'NONE', #3814 ) ;
#1918 =( GEOMETRIC_REPRESENTATION_CONTEXT ( 3 ) GLOBAL_UNCERTAINTY_ASSIGNED_CONTEXT ( ( #451 ) ) GLOBAL_UNIT_ASSIGNED_CONTEXT ( ( #2844, #414, #164 ) ) REPRESENTATION_CONTEXT ( 'NONE', 'WORKASPACE' ) );
#1919 = EDGE_LOOP ( 'NONE', ( #2088, #4316, #2093, #1390 ) ) ;
#1920 = DIRECTION ( 'NONE',  ( 0.0000000000000000000, -1.000000000000000000, 0.0000000000000000000 ) ) ;
#1921 = CARTESIAN_POINT ( 'NONE',  ( -0.5546761151791638200, -0.02811082359393830100, -0.0000000000000000000 ) ) ;
#1922 = CARTESIAN_POINT ( 'NONE',  ( 0.5356928650119091600, 0.1450208544653817900, 0.0000000000000000000 ) ) ;
#1923 = ORIENTED_EDGE ( 'NONE', *, *, #2720, .T. ) ;
#1924 =( GEOMETRIC_REPRESENTATION_CONTEXT ( 3 ) GLOBAL_UNCERTAINTY_ASSIGNED_CONTEXT ( ( #1133 ) ) GLOBAL_UNIT_ASSIGNED_CONTEXT ( ( #4089, #4101, #4094 ) ) REPRESENTATION_CONTEXT ( 'NONE', 'WORKASPACE' ) );
#1925 = DIRECTION ( 'NONE',  ( 0.0000000000000000000, 0.0000000000000000000, -1.000000000000000000 ) ) ;
#1926 = EDGE_CURVE ( 'NONE', #4396, #2814, #395, .T. ) ;
#1927 = COLOUR_RGB ( '',0.6666666666666666300, 0.6666666666666666300, 0.6666666666666666300 ) ;
#1928 = SURFACE_SIDE_STYLE ('',( #2001 ) ) ;
#1929 = CARTESIAN_POINT ( 'NONE',  ( 0.6829268292682934000, -0.03438730573100741400, 0.0000000000000000000 ) ) ;
#1930 = CARTESIAN_POINT ( 'NONE',  ( -0.3003742112739502000, 0.1700203130381039200, 0.01000000000000000000 ) ) ;
#1931 = ORIENTED_EDGE ( 'NONE', *, *, #369, .T. ) ;
#1932 = VECTOR ( 'NONE', #302, 1000.000000000000000 ) ;
#1933 = ADVANCED_FACE ( 'NONE', ( #1999 ), #870, .T. ) ;
#1934 = VECTOR ( 'NONE', #422, 1000.000000000000000 ) ;
#1935 = ORIENTED_EDGE ( 'NONE', *, *, #2421, .T. ) ;
#1936 = STYLED_ITEM ( 'NONE', ( #6 ), #416 ) ;
#1937 = VECTOR ( 'NONE', #3483, 1000.000000000000000 ) ;
#1938 = ORIENTED_EDGE ( 'NONE', *, *, #3362, .F. ) ;
#1939 = SURFACE_STYLE_FILL_AREA ( #2108 ) ;
#1940 = CARTESIAN_POINT ( 'NONE',  ( 0.9146341463414641200, -0.2200770923163732900, -0.0000000000000000000 ) ) ;
#1941 = ORIENTED_EDGE ( 'NONE', *, *, #2152, .T. ) ;
#1942 = PRESENTATION_STYLE_ASSIGNMENT (( #893 ) ) ;
#1943 = ORIENTED_EDGE ( 'NONE', *, *, #298, .F. ) ;
#1944 = VERTEX_POINT ( 'NONE', #141 ) ;
#1945 =( NAMED_UNIT ( * ) SI_UNIT ( $, .STERADIAN. ) SOLID_ANGLE_UNIT ( ) );
#1946 = CARTESIAN_POINT ( 'NONE',  ( -0.8141460919036356300, 0.1602255621615445200, 0.01000000000000000000 ) ) ;
#1947 = CARTESIAN_POINT ( 'NONE',  ( -0.6646341463414632300, -0.2749551410968610900, 0.01000000000000000000 ) ) ;
#1948 = CIRCLE ( 'NONE', #3179, 1.349999999999999900 ) ;
#1949 = DIRECTION ( 'NONE',  ( 0.3363908276654484200, -0.9417224702971437300, 0.0000000000000000000 ) ) ;
#1950 = AXIS2_PLACEMENT_3D ( 'NONE', #457, #766, #550 ) ;
#1951 =( NAMED_UNIT ( * ) PLANE_ANGLE_UNIT ( ) SI_UNIT ( $, .RADIAN. ) );
#1952 = VECTOR ( 'NONE', #1760, 1000.000000000000000 ) ;
#1953 = SURFACE_STYLE_FILL_AREA ( #4321 ) ;
#1954 = CARTESIAN_POINT ( 'NONE',  ( 0.5638306837902358200, 0.1205774096510552500, 1.524659305057740600E-017 ) ) ;
#1955 = ORIENTED_EDGE ( 'NONE', *, *, #975, .T. ) ;
#1956 = PRODUCT ( 'HC-49S_L7.0-W4.0', 'HC-49S_L7.0-W4.0', '', ( #1366 ) ) ;
#1957 = CARTESIAN_POINT ( 'NONE',  ( 0.5866963938458862300, 0.09013250242765960500, 0.01000000000000000000 ) ) ;
#1958 = CARTESIAN_POINT ( 'NONE',  ( -0.4071273330245606700, -0.1907964850329192400, 0.01000000000000000000 ) ) ;
#1959 = ORIENTED_EDGE ( 'NONE', *, *, #2955, .F. ) ;
#1960 = ADVANCED_FACE ( 'NONE', ( #2326 ), #3500, .T. ) ;
#1961 = DIRECTION ( 'NONE',  ( -1.000000000000000000, 0.0000000000000000000, -0.0000000000000000000 ) ) ;
#1962 = EDGE_CURVE ( 'NONE', #3101, #3898, #1319, .T. ) ;
#1963 = CARTESIAN_POINT ( 'NONE',  ( -0.8134527439024388200, 0.1640692491470413500, 0.01000000000000000000 ) ) ;
#1964 = DIRECTION ( 'NONE',  ( 0.3393303772748773600, 0.9406672605435406600, 0.0000000000000000000 ) ) ;
#1965 = VERTEX_POINT ( 'NONE', #405 ) ;
#1966 = CARTESIAN_POINT ( 'NONE',  ( 0.5958547439563647300, 0.07311941238376816500, 0.01000000000000000000 ) ) ;
#1967 = CARTESIAN_POINT ( 'NONE',  ( -0.4751696014757090200, -0.1041811156140987600, 1.185846126156020500E-017 ) ) ;
#1968 = SURFACE_SIDE_STYLE ('',( #2594 ) ) ;
#1969 = FACE_OUTER_BOUND ( 'NONE', #404, .T. ) ;
#1970 = CARTESIAN_POINT ( 'NONE',  ( 1.750000000000000200, -1.750000000000000200, 1.000000000000000000 ) ) ;
#1971 = DIRECTION ( 'NONE',  ( -1.000000000000000000, 0.0000000000000000000, 0.0000000000000000000 ) ) ;
#1972 = FILL_AREA_STYLE_COLOUR ( '', #2486 ) ;
#1973 = CARTESIAN_POINT ( 'NONE',  ( 0.1463414634146348300, -0.2200770923163732900, 0.01000000000000000000 ) ) ;
#1974 = ORIENTED_EDGE ( 'NONE', *, *, #437, .T. ) ;
#1975 = ADVANCED_FACE ( 'NONE', ( #1432 ), #210, .T. ) ;
#1976 =( GEOMETRIC_REPRESENTATION_CONTEXT ( 3 ) GLOBAL_UNCERTAINTY_ASSIGNED_CONTEXT ( ( #420 ) ) GLOBAL_UNIT_ASSIGNED_CONTEXT ( ( #3991, #2292, #2342 ) ) REPRESENTATION_CONTEXT ( 'NONE', 'WORKASPACE' ) );
#1977 = FILL_AREA_STYLE ('',( #516 ) ) ;
#1978 = EDGE_CURVE ( 'NONE', #1422, #1810, #1746, .T. ) ;
#1979 = CARTESIAN_POINT ( 'NONE',  ( 1.500000000000000000, 1.550000000000001600, 2.000000000000000000 ) ) ;
#1980 =( GEOMETRIC_REPRESENTATION_CONTEXT ( 3 ) GLOBAL_UNCERTAINTY_ASSIGNED_CONTEXT ( ( #3875 ) ) GLOBAL_UNIT_ASSIGNED_CONTEXT ( ( #873, #865, #843 ) ) REPRESENTATION_CONTEXT ( 'NONE', 'WORKASPACE' ) );
#1981 = EDGE_LOOP ( 'NONE', ( #1502, #1757, #3047, #4212, #4151, #4356 ) ) ;
#1982 = CARTESIAN_POINT ( 'NONE',  ( -0.5506537293359076200, 0.03396296961618094200, 6.776263578034402700E-018 ) ) ;
#1983 = ORIENTED_EDGE ( 'NONE', *, *, #1183, .F. ) ;
#1984 = EDGE_CURVE ( 'NONE', #1615, #1627, #2266, .T. ) ;
#1985 = VECTOR ( 'NONE', #3722, 1000.000000000000000 ) ;
#1986 = CARTESIAN_POINT ( 'NONE',  ( -0.4470191824482127000, 0.1100298922049237200, 0.0000000000000000000 ) ) ;
#1987 = VECTOR ( 'NONE', #204, 1000.000000000000200 ) ;
#1988 = EDGE_LOOP ( 'NONE', ( #4030, #2919, #569, #2929 ) ) ;
#1989 = LINE ( 'NONE', #3922, #899 ) ;
#1990 = VERTEX_POINT ( 'NONE', #509 ) ;
#1991 = FACE_OUTER_BOUND ( 'NONE', #3908, .T. ) ;
#1992 = CARTESIAN_POINT ( 'NONE',  ( 0.4285799291129857600, -0.2808184652986754300, 0.01000000000000000000 ) ) ;
#1993 = ORIENTED_EDGE ( 'NONE', *, *, #2301, .F. ) ;
#1994 = CARTESIAN_POINT ( 'NONE',  ( -0.5506623980646318000, -0.07363852827920776300, 0.01000000000000000000 ) ) ;
#1995 = DIRECTION ( 'NONE',  ( 0.0000000000000000000, 1.000000000000000000, 0.0000000000000000000 ) ) ;
#1996 = SURFACE_STYLE_FILL_AREA ( #2724 ) ;
#1997 = EDGE_CURVE ( 'NONE', #83, #2865, #280, .T. ) ;
#1998 = CYLINDRICAL_SURFACE ( 'NONE', #80, 1.750000000000000000 ) ;
#1999 = FACE_OUTER_BOUND ( 'NONE', #1877, .T. ) ;
#2000 = AXIS2_PLACEMENT_3D ( 'NONE', #2300, #2775, #412 ) ;
#2001 = SURFACE_STYLE_FILL_AREA ( #1977 ) ;
#2002 = VECTOR ( 'NONE', #3129, 1000.000000000000000 ) ;
#2003 = CARTESIAN_POINT ( 'NONE',  ( -2.000000000000000000, -0.2500000000000002800, 0.0000000000000000000 ) ) ;
#2004 = B_SPLINE_CURVE_WITH_KNOTS ( 'NONE', 3,
 ( #618, #965, #3368, #1334, #3705, #1679, #4035 ),
 .UNSPECIFIED., .F., .F.,
 ( 4, 1, 1, 1, 4 ),
 ( 0.0000000000000000000, 0.3005411131585100600, 0.5677471464835988100, 0.8000336137369802300, 1.000000000000000000 ),
 .UNSPECIFIED. ) ;
#2005 = EDGE_CURVE ( 'NONE', #413, #3962, #1367, .T. ) ;
#2006 = DIRECTION ( 'NONE',  ( 0.3363908276654484200, -0.9417224702971437300, 0.0000000000000000000 ) ) ;
#2007 = DIRECTION ( 'NONE',  ( 0.0000000000000000000, 0.0000000000000000000, 1.000000000000000000 ) ) ;
#2008 = CARTESIAN_POINT ( 'NONE',  ( 1.500000000000000200, -1.349999999999998800, 1.800000000000000000 ) ) ;
#2009 = DIRECTION ( 'NONE',  ( 0.0000000000000000000, 1.000000000000000000, 0.0000000000000000000 ) ) ;
#2010 = CARTESIAN_POINT ( 'NONE',  ( 1.500000000000000200, -1.550000000000000300, 1.800000000000000000 ) ) ;
#2011 = ORIENTED_EDGE ( 'NONE', *, *, #379, .T. ) ;
#2012 = AXIS2_PLACEMENT_3D ( 'NONE', #1197, #2217, #1273 ) ;
#2013 = ORIENTED_EDGE ( 'NONE', *, *, #2892, .T. ) ;
#2014 = DIRECTION ( 'NONE',  ( -1.000000000000000000, 0.0000000000000000000, 0.0000000000000000000 ) ) ;
#2015 = ORIENTED_EDGE ( 'NONE', *, *, #661, .F. ) ;
#2016 = FILL_AREA_STYLE ('',( #2678 ) ) ;
#2017 = ORIENTED_EDGE ( 'NONE', *, *, #379, .F. ) ;
#2018 = AXIS2_PLACEMENT_3D ( 'NONE', #2085, #3676, #2161 ) ;
#2019 = CARTESIAN_POINT ( 'NONE',  ( 0.6829268292682934000, -0.03438730573100741400, 6.776263578034402700E-018 ) ) ;
#2020 = CARTESIAN_POINT ( 'NONE',  ( -0.3142672990260576600, 0.1697344422085006500, 0.01000000000000000000 ) ) ;
#2021 = CARTESIAN_POINT ( 'NONE',  ( 0.6113948168277751900, 0.1584196055067120200, 0.0000000000000000000 ) ) ;
#2022 = EDGE_CURVE ( 'NONE', #2036, #1358, #279, .T. ) ;
#2023 = VECTOR ( 'NONE', #235, 1000.000000000000000 ) ;
#2024 = AXIS2_PLACEMENT_3D ( 'NONE', #1439, #1529, #3547 ) ;
#2025 = ORIENTED_EDGE ( 'NONE', *, *, #818, .F. ) ;
#2026 = ORIENTED_EDGE ( 'NONE', *, *, #3414, .T. ) ;
#2027 = COLOUR_RGB ( '',0.6666666666666666300, 0.6666666666666666300, 0.6666666666666666300 ) ;
#2028 = CARTESIAN_POINT ( 'NONE',  ( 0.6733368993461261700, 0.04861410252434884800, 6.776263578034402700E-018 ) ) ;
#2029 = CARTESIAN_POINT ( 'NONE',  ( 0.6195335880197236900, -0.2136739659598344000, 0.01000000000000000000 ) ) ;
#2030 = EDGE_CURVE ( 'NONE', #1911, #304, #284, .T. ) ;
#2031 = B_SPLINE_CURVE_WITH_KNOTS ( 'NONE', 3,
 ( #3074, #3107, #3121, #3412, #3132, #3153, #3171, #3190, #3199, #3205, #3209 ),
 .UNSPECIFIED., .F., .F.,
 ( 4, 1, 1, 1, 1, 1, 1, 1, 4 ),
 ( 0.0000000000000000000, 0.1252796967356258600, 0.2494199707420513300, 0.3733567994928198000, 0.4966812787822860200, 0.6202029157439824500, 0.7450863201614562600, 0.8712691950190979400, 1.000000000000000000 ),
 .UNSPECIFIED. ) ;
#2032 = VECTOR ( 'NONE', #67, 1000.000000000000000 ) ;
#2033 = ORIENTED_EDGE ( 'NONE', *, *, #3362, .T. ) ;
#2034 =( NAMED_UNIT ( * ) SI_UNIT ( $, .STERADIAN. ) SOLID_ANGLE_UNIT ( ) );
#2035 = ORIENTED_EDGE ( 'NONE', *, *, #2646, .T. ) ;
#2036 = VERTEX_POINT ( 'NONE', #2003 ) ;
#2037 = DIRECTION ( 'NONE',  ( -1.000000000000000000, 0.0000000000000000000, 0.0000000000000000000 ) ) ;
#2038 =( LENGTH_UNIT ( ) NAMED_UNIT ( * ) SI_UNIT ( .MILLI., .METRE. ) );
#2039 = VECTOR ( 'NONE', #1542, 1000.000000000000000 ) ;
#2040 = EDGE_CURVE ( 'NONE', #1646, #3962, #2105, .T. ) ;
#2041 = CARTESIAN_POINT ( 'NONE',  ( -0.8205460169504995600, 0.1310031907638404000, 0.01000000000000000000 ) ) ;
#2042 = CARTESIAN_POINT ( 'NONE',  ( 0.6829268292682934000, -0.03438730573100741400, 0.01000000000000000000 ) ) ;
#2043 = CARTESIAN_POINT ( 'NONE',  ( -0.3345974694437324200, 0.1675073073196904600, 0.01000000000000000000 ) ) ;
#2044 = CARTESIAN_POINT ( 'NONE',  ( 0.4213677138847104500, -0.2259390827226537000, 0.0000000000000000000 ) ) ;
#2045 = COLOUR_RGB ( '',0.6666666666666666300, 0.6666666666666666300, 0.6666666666666666300 ) ;
#2046 = VECTOR ( 'NONE', #466, 1000.000000000000000 ) ;
#2047 =( GEOMETRIC_REPRESENTATION_CONTEXT ( 3 ) GLOBAL_UNCERTAINTY_ASSIGNED_CONTEXT ( ( #958 ) ) GLOBAL_UNIT_ASSIGNED_CONTEXT ( ( #2512, #2872, #498 ) ) REPRESENTATION_CONTEXT ( 'NONE', 'WORKASPACE' ) );
#2048 = DIRECTION ( 'NONE',  ( -0.0000000000000000000, -0.0000000000000000000, -1.000000000000000000 ) ) ;
#2049 = CARTESIAN_POINT ( 'NONE',  ( 0.2134146341463421500, -0.2749551410968610900, -0.0000000000000000000 ) ) ;
#2050 = LINE ( 'NONE', #802, #3970 ) ;
#2051 = PLANE ( 'NONE',  #4184 ) ;
#2052 = ORIENTED_EDGE ( 'NONE', *, *, #2786, .T. ) ;
#2053 = CARTESIAN_POINT ( 'NONE',  ( -0.3027263283746368700, 0.2248401129268478000, 0.01000000000000000000 ) ) ;
#2054 = FACE_OUTER_BOUND ( 'NONE', #137, .T. ) ;
#2055 = CARTESIAN_POINT ( 'NONE',  ( 0.6827705550223912600, -0.04344803857943516800, 6.776263578034402700E-018 ) ) ;
#2056 = DIRECTION ( 'NONE',  ( -1.000000000000000000, 0.0000000000000000000, -0.0000000000000000000 ) ) ;
#2057 = EDGE_LOOP ( 'NONE', ( #1278, #2077, #1341, #879 ) ) ;
#2058 = CARTESIAN_POINT ( 'NONE',  ( 0.3109756097560982800, 0.1442521759763096800, 0.01000000000000000000 ) ) ;
#2059 = FACE_OUTER_BOUND ( 'NONE', #3217, .T. ) ;
#2060 = SURFACE_STYLE_USAGE ( .BOTH. , #2067 ) ;
#2061 = ADVANCED_FACE ( 'NONE', ( #1897 ), #2184, .T. ) ;
#2062 = CARTESIAN_POINT ( 'NONE',  ( 0.9817073170731713800, 0.2250448589031389100, 0.0000000000000000000 ) ) ;
#2063 = AXIS2_PLACEMENT_3D ( 'NONE', #2832, #2762, #2756 ) ;
#2064 = EDGE_CURVE ( 'NONE', #2985, #1632, #2101, .T. ) ;
#2065 = FILL_AREA_STYLE_COLOUR ( '', #2745 ) ;
#2066 = CARTESIAN_POINT ( 'NONE',  ( -0.5914634146341462000, -0.2749551410968610900, 0.0000000000000000000 ) ) ;
#2067 = SURFACE_SIDE_STYLE ('',( #1939 ) ) ;
#2068 = VERTEX_POINT ( 'NONE', #3834 ) ;
#2069 = EDGE_CURVE ( 'NONE', #882, #4200, #3170, .T. ) ;
#2070 = CARTESIAN_POINT ( 'NONE',  ( -0.8211699695121950100, 0.1290082735372852800, 0.01000000000000000000 ) ) ;
#2071 = DIRECTION ( 'NONE',  ( -0.0000000000000000000, -0.0000000000000000000, -1.000000000000000000 ) ) ;
#2072 = DIRECTION ( 'NONE',  ( -0.0000000000000000000, -0.0000000000000000000, -1.000000000000000000 ) ) ;
#2073 = LINE ( 'NONE', #2853, #2869 ) ;
#2074 = ORIENTED_EDGE ( 'NONE', *, *, #2040, .T. ) ;
#2075 = DIRECTION ( 'NONE',  ( -0.0000000000000000000, 0.0000000000000000000, -1.000000000000000000 ) ) ;
#2076 = ORIENTED_EDGE ( 'NONE', *, *, #2030, .T. ) ;
#2077 = ORIENTED_EDGE ( 'NONE', *, *, #1455, .F. ) ;
#2078 = CARTESIAN_POINT ( 'NONE',  ( 0.4860535721198373500, 0.1688316319334811900, 0.01000000000000000000 ) ) ;
#2079 = CARTESIAN_POINT ( 'NONE',  ( 0.6158536585365861300, -0.03029050695051963000, 0.01000000000000000000 ) ) ;
#2080 = DIRECTION ( 'NONE',  ( -1.000000000000000000, 1.505836350674311700E-016, -0.0000000000000000000 ) ) ;
#2081 = AXIS2_PLACEMENT_3D ( 'NONE', #2878, #2833, #3897 ) ;
#2082 = LINE ( 'NONE', #3183, #1519 ) ;
#2083 = VERTEX_POINT ( 'NONE', #3972 ) ;
#2084 = CARTESIAN_POINT ( 'NONE',  ( 0.2134146341463421500, 0.2250448589031389100, 0.01000000000000000000 ) ) ;
#2085 = CARTESIAN_POINT ( 'NONE',  ( -0.2195121951219497800, -0.2200770923163732900, 0.01000000000000000000 ) ) ;
#2086 = CARTESIAN_POINT ( 'NONE',  ( -0.1524390243902424600, -0.2749551410968610900, 0.01000000000000000000 ) ) ;
#2087 = LINE ( 'NONE', #3028, #3787 ) ;
#2088 = ORIENTED_EDGE ( 'NONE', *, *, #1108, .F. ) ;
#2089 = DIRECTION ( 'NONE',  ( 0.0000000000000000000, 1.000000000000000000, 0.0000000000000000000 ) ) ;
#2090 = ORIENTED_EDGE ( 'NONE', *, *, #2005, .T. ) ;
#2091 = CARTESIAN_POINT ( 'NONE',  ( -3.500000000000000000, -2.000000000000000000, 0.2899999999999999800 ) ) ;
#2092 = LINE ( 'NONE', #2094, #3913 ) ;
#2093 = ORIENTED_EDGE ( 'NONE', *, *, #198, .T. ) ;
#2094 = CARTESIAN_POINT ( 'NONE',  ( 0.3109756097560982800, 0.2113253467080170000, 0.01000000000000000000 ) ) ;
#2095 = CARTESIAN_POINT ( 'NONE',  ( 0.4485518292682934000, -0.2810527020724708500, 0.01000000000000000000 ) ) ;
#2096 = VERTEX_POINT ( 'NONE', #4379 ) ;
#2097 = CARTESIAN_POINT ( 'NONE',  ( -0.9189214939024389400, -0.1347112386578366800, 0.01000000000000000000 ) ) ;
#2098 = CARTESIAN_POINT ( 'NONE',  ( -0.4878048780487790900, -0.02009614719442206300, 0.01000000000000000000 ) ) ;
#2099 = CARTESIAN_POINT ( 'NONE',  ( -0.3703077036300164700, -0.2656459259124787100, 0.01000000000000000000 ) ) ;
#2100 = LINE ( 'NONE', #230, #2319 ) ;
#2101 = LINE ( 'NONE', #3867, #228 ) ;
#2102 = CARTESIAN_POINT ( 'NONE',  ( -0.9189214939024389400, -0.1347112386578366800, 0.01000000000000000000 ) ) ;
#2103 = PLANE ( 'NONE',  #423 ) ;
#2104 = ADVANCED_FACE ( 'NONE', ( #4060 ), #4016, .T. ) ;
#2105 = LINE ( 'NONE', #3152, #1069 ) ;
#2106 = CARTESIAN_POINT ( 'NONE',  ( 0.3109756097560982800, 0.1442521759763096800, 0.01000000000000000000 ) ) ;
#2107 = LINE ( 'NONE', #3541, #1752 ) ;
#2108 = FILL_AREA_STYLE ('',( #2136 ) ) ;
#2109 = CARTESIAN_POINT ( 'NONE',  ( 0.6088684825404824300, 0.03518943533258274400, 0.01000000000000000000 ) ) ;
#2110 = FACE_OUTER_BOUND ( 'NONE', #3795, .T. ) ;
#2111 = FILL_AREA_STYLE_COLOUR ( '', #500 ) ;
#2112 =( NAMED_UNIT ( * ) SI_UNIT ( $, .STERADIAN. ) SOLID_ANGLE_UNIT ( ) );
#2113 =( LENGTH_UNIT ( ) NAMED_UNIT ( * ) SI_UNIT ( .MILLI., .METRE. ) );
#2114 = CARTESIAN_POINT ( 'NONE',  ( 1.500000000000000400, 0.0000000000000000000, 1.800000000000000000 ) ) ;
#2115 = EDGE_CURVE ( 'NONE', #2971, #2131, #496, .T. ) ;
#2116 = CARTESIAN_POINT ( 'NONE',  ( -0.3538631564933580300, 0.1638485068511463500, 0.01000000000000000000 ) ) ;
#2117 = DIRECTION ( 'NONE',  ( 0.0000000000000000000, -1.000000000000000000, -0.0000000000000000000 ) ) ;
#2118 = CARTESIAN_POINT ( 'NONE',  ( 0.6653820571764721400, 0.07352954886407069000, 0.01000000000000000000 ) ) ;
#2119 = UNCERTAINTY_MEASURE_WITH_UNIT (LENGTH_MEASURE( 1.000000000000000100E-005 ), #967, 'distance_accuracy_value', 'NONE');
#2120 = SURFACE_SIDE_STYLE ('',( #3503 ) ) ;
#2121 = VERTEX_POINT ( 'NONE', #4128 ) ;
#2122 = EDGE_CURVE ( 'NONE', #2180, #2870, #2898, .T. ) ;
#2123 = DIRECTION ( 'NONE',  ( 0.0000000000000000000, -1.000000000000000000, 0.0000000000000000000 ) ) ;
#2124 = CARTESIAN_POINT ( 'NONE',  ( -0.5548780487804863000, -0.01866703134076352200, 0.0000000000000000000 ) ) ;
#2125 = EDGE_CURVE ( 'NONE', #518, #3036, #2157, .T. ) ;
#2126 = ORIENTED_EDGE ( 'NONE', *, *, #3392, .T. ) ;
#2127 = ADVANCED_FACE ( 'NONE', ( #3448 ), #3480, .T. ) ;
#2128 =( NAMED_UNIT ( * ) PLANE_ANGLE_UNIT ( ) SI_UNIT ( $, .RADIAN. ) );
#2129 = CARTESIAN_POINT ( 'NONE',  ( 0.9146341463414641200, 0.2250448589031389100, 0.01000000000000000000 ) ) ;
#2130 = CARTESIAN_POINT ( 'NONE',  ( -0.5506623980646318000, -0.07363852827920776300, 1.016439536705160400E-017 ) ) ;
#2131 = VERTEX_POINT ( 'NONE', #77 ) ;
#2132 = CARTESIAN_POINT ( 'NONE',  ( 0.4280678353658543500, 0.1762643710982608700, 1.524659305057740600E-017 ) ) ;
#2133 = VERTEX_POINT ( 'NONE', #3248 ) ;
#2134 = DIRECTION ( 'NONE',  ( 0.0000000000000000000, 1.000000000000000000, 0.0000000000000000000 ) ) ;
#2135 = ORIENTED_EDGE ( 'NONE', *, *, #3273, .T. ) ;
#2136 = FILL_AREA_STYLE_COLOUR ( '', #2838 ) ;
#2137 = COLOUR_RGB ( '',0.2980392156862745100, 0.2980392156862745100, 0.2980392156862745100 ) ;
#2138 = CARTESIAN_POINT ( 'NONE',  ( 0.3248036304379767200, -0.2019510520577615700, 0.01000000000000000000 ) ) ;
#2139 = CIRCLE ( 'NONE', #293, 1.350000000000000100 ) ;
#2140 = ORIENTED_EDGE ( 'NONE', *, *, #3793, .T. ) ;
#2141 = CARTESIAN_POINT ( 'NONE',  ( 0.4990013883092910800, -0.2772962828177703600, 0.01000000000000000000 ) ) ;
#2142 = DIRECTION ( 'NONE',  ( 1.000000000000000000, 0.0000000000000000000, 0.0000000000000000000 ) ) ;
#2143 = VERTEX_POINT ( 'NONE', #3447 ) ;
#2144 = CARTESIAN_POINT ( 'NONE',  ( -0.4876323200385808100, -0.02778741794641852200, 0.01000000000000000000 ) ) ;
#2145 = VECTOR ( 'NONE', #1868, 1000.000000000000000 ) ;
#2146 = EDGE_LOOP ( 'NONE', ( #536, #1215, #3095, #2570 ) ) ;
#2147 = CARTESIAN_POINT ( 'NONE',  ( 0.5887538488854255900, -0.1446084336339169300, 0.01000000000000000000 ) ) ;
#2148 = SURFACE_STYLE_FILL_AREA ( #785 ) ;
#2149 = COLOUR_RGB ( '',0.2980392156862745100, 0.2980392156862745100, 0.2980392156862745100 ) ;
#2150 = FACE_OUTER_BOUND ( 'NONE', #3303, .T. ) ;
#2151 =( LENGTH_UNIT ( ) NAMED_UNIT ( * ) SI_UNIT ( .MILLI., .METRE. ) );
#2152 = EDGE_CURVE ( 'NONE', #1965, #2574, #2899, .T. ) ;
#2153 = FILL_AREA_STYLE_COLOUR ( '', #2045 ) ;
#2154 = COLOUR_RGB ( '',0.6666666666666666300, 0.6666666666666666300, 0.6666666666666666300 ) ;
#2155 = FACE_OUTER_BOUND ( 'NONE', #3266, .T. ) ;
#2156 = CARTESIAN_POINT ( 'NONE',  ( -0.5546761151791638200, -0.02811082359393830100, 0.01000000000000000000 ) ) ;
#2157 = LINE ( 'NONE', #3537, #846 ) ;
#2158 = CARTESIAN_POINT ( 'NONE',  ( 0.9817073170731713800, 0.2250448589031389100, 0.01000000000000000000 ) ) ;
#2159 = PRESENTATION_STYLE_ASSIGNMENT (( #1888 ) ) ;
#2160 = AXIS2_PLACEMENT_3D ( 'NONE', #3931, #2014, #3354 ) ;
#2161 = DIRECTION ( 'NONE',  ( 0.0000000000000000000, -0.0000000000000000000, -1.000000000000000000 ) ) ;
#2162 = LINE ( 'NONE', #2174, #600 ) ;
#2163 = ORIENTED_EDGE ( 'NONE', *, *, #3263, .F. ) ;
#2164 = DIRECTION ( 'NONE',  ( 0.0000000000000000000, -1.000000000000000000, -0.0000000000000000000 ) ) ;
#2165 = FILL_AREA_STYLE_COLOUR ( '', #1687 ) ;
#2166 = ORIENTED_EDGE ( 'NONE', *, *, #3607, .T. ) ;
#2167 = CARTESIAN_POINT ( 'NONE',  ( -0.4747869969054317500, 0.06283409963400732300, 0.0000000000000000000 ) ) ;
#2168 = CARTESIAN_POINT ( 'NONE',  ( -1.500000000000000400, 1.349999999999999900, 1.800000000000000000 ) ) ;
#2169 = MECHANICAL_DESIGN_GEOMETRIC_PRESENTATION_REPRESENTATION (  '', ( #1722 ), #2407 ) ;
#2170 = ADVANCED_FACE ( 'NONE', ( #750 ), #4112, .T. ) ;
#2171 = CARTESIAN_POINT ( 'NONE',  ( -0.2935403963414620600, 0.2250448589031389400, 0.01000000000000000000 ) ) ;
#2172 = ORIENTED_EDGE ( 'NONE', *, *, #351, .F. ) ;
#2173 = CARTESIAN_POINT ( 'NONE',  ( -3.799999999999999800, -0.2500000000000005600, -0.01000000000000000000 ) ) ;
#2174 = CARTESIAN_POINT ( 'NONE',  ( 0.2134146341463421500, 0.2250448589031389100, 0.0000000000000000000 ) ) ;
#2175 = CARTESIAN_POINT ( 'NONE',  ( -0.4747869969054317500, 0.06283409963400732300, 0.01000000000000000000 ) ) ;
#2176 = CARTESIAN_POINT ( 'NONE',  ( 0.6158536585365861300, -0.03029050695051963000, 0.01000000000000000000 ) ) ;
#2177 = DIRECTION ( 'NONE',  ( -0.9407669869669989000, 0.3390537954853693500, 0.0000000000000000000 ) ) ;
#2178 = EDGE_LOOP ( 'NONE', ( #3376, #2617, #2204, #3265, #1336, #3572 ) ) ;
#2179 = CARTESIAN_POINT ( 'NONE',  ( -0.8964367378048779800, -0.07983318987734888700, 0.01000000000000000000 ) ) ;
#2180 = VERTEX_POINT ( 'NONE', #1655 ) ;
#2181 = LINE ( 'NONE', #2968, #2986 ) ;
#2182 = ORIENTED_EDGE ( 'NONE', *, *, #1398, .T. ) ;
#2183 = ORIENTED_EDGE ( 'NONE', *, *, #2806, .T. ) ;
#2184 = PLANE ( 'NONE',  #2654 ) ;
#2185 = EDGE_CURVE ( 'NONE', #4401, #1615, #3281, .T. ) ;
#2186 = CARTESIAN_POINT ( 'NONE',  ( 0.5887538488854255900, -0.1446084336339169300, 3.388131789017201400E-018 ) ) ;
#2187 = CARTESIAN_POINT ( 'NONE',  ( -1.750000000000000400, 0.0000000000000000000, 1.000000000000000000 ) ) ;
#2188 = EDGE_CURVE ( 'NONE', #2409, #1599, #3110, .T. ) ;
#2189 = CARTESIAN_POINT ( 'NONE',  ( 0.1463414634146348300, -0.04934538499930010700, 0.01000000000000000000 ) ) ;
#2190 = VECTOR ( 'NONE', #1324, 1000.000000000000000 ) ;
#2191 = CARTESIAN_POINT ( 'NONE',  ( 0.6131126674932583200, -0.07271738365668545300, 0.01000000000000000000 ) ) ;
#2192 = CARTESIAN_POINT ( 'NONE',  ( -0.3721065928830371000, 0.1585772300678970300, 0.01000000000000000000 ) ) ;
#2193 = CARTESIAN_POINT ( 'NONE',  ( 0.5673533901101536200, -0.1734595390745556100, 0.01000000000000000000 ) ) ;
#2194 = EDGE_LOOP ( 'NONE', ( #1461, #4036, #3346, #1442 ) ) ;
#2195 = PLANE ( 'NONE',  #2024 ) ;
#2196 = LINE ( 'NONE', #2225, #3902 ) ;
#2197 = PRESENTATION_STYLE_ASSIGNMENT (( #1535 ) ) ;
#2198 = CARTESIAN_POINT ( 'NONE',  ( 0.5546881159329756200, -0.1858273651296294700, 3.388131789017201400E-018 ) ) ;
#2199 = ADVANCED_FACE ( 'NONE', ( #3228 ), #88, .T. ) ;
#2200 = CIRCLE ( 'NONE', #1453, 1.550000000000000300 ) ;
#2201 = ORIENTED_EDGE ( 'NONE', *, *, #3332, .T. ) ;
#2202 = SURFACE_SIDE_STYLE ('',( #1996 ) ) ;
#2203 = PRESENTATION_STYLE_ASSIGNMENT (( #4070 ) ) ;
#2204 = ORIENTED_EDGE ( 'NONE', *, *, #315, .T. ) ;
#2205 = ORIENTED_EDGE ( 'NONE', *, *, #875, .F. ) ;
#2206 = ORIENTED_EDGE ( 'NONE', *, *, #574, .T. ) ;
#2207 = FILL_AREA_STYLE_COLOUR ( '', #2687 ) ;
#2208 = LINE ( 'NONE', #1836, #2436 ) ;
#2209 = CARTESIAN_POINT ( 'NONE',  ( 0.4485518292682934000, -0.2810527020724708500, 0.0000000000000000000 ) ) ;
#2210 = EDGE_CURVE ( 'NONE', #3898, #4297, #3012, .T. ) ;
#2211 = DIRECTION ( 'NONE',  ( -1.000000000000000000, 0.0000000000000000000, -0.0000000000000000000 ) ) ;
#2212 = CARTESIAN_POINT ( 'NONE',  ( -0.4806392962021363000, -0.2052886045389776800, 0.01000000000000000000 ) ) ;
#2213 = COLOUR_RGB ( '',0.6666666666666666300, 0.6666666666666666300, 0.6666666666666666300 ) ;
#2214 = DIRECTION ( 'NONE',  ( -0.0000000000000000000, -0.0000000000000000000, -1.000000000000000000 ) ) ;
#2215 = EDGE_CURVE ( 'NONE', #942, #3549, #2740, .T. ) ;
#2216 = ADVANCED_FACE ( 'NONE', ( #1544 ), #4123, .T. ) ;
#2217 = DIRECTION ( 'NONE',  ( -0.0000000000000000000, -0.0000000000000000000, -1.000000000000000000 ) ) ;
#2218 = FACE_OUTER_BOUND ( 'NONE', #1884, .T. ) ;
#2219 = CARTESIAN_POINT ( 'NONE',  ( 0.3638328332527680000, 0.2263090277686653800, 0.01000000000000000000 ) ) ;
#2220 = FILL_AREA_STYLE_COLOUR ( '', #5 ) ;
#2221 = CARTESIAN_POINT ( 'NONE',  ( -0.3892718088248050500, 0.1518217670500249000, 0.01000000000000000000 ) ) ;
#2222 = CARTESIAN_POINT ( 'NONE',  ( -0.2932545731707302800, 0.1701668101226511100, 0.01000000000000000000 ) ) ;
#2223 = ADVANCED_FACE ( 'NONE', ( #4235 ), #109, .T. ) ;
#2224 = CARTESIAN_POINT ( 'NONE',  ( 2.000000000000000000, 0.2499999999999996700, 0.2899999999999999800 ) ) ;
#2225 = CARTESIAN_POINT ( 'NONE',  ( -3.799999999999999800, 0.2499999999999994700, 0.2899999999999999800 ) ) ;
#2226 = CARTESIAN_POINT ( 'NONE',  ( -3.500000000000000400, 0.0000000000000000000, 0.8000000000000012700 ) ) ;
#2227 = FILL_AREA_STYLE_COLOUR ( '', #3540 ) ;
#2228 = ORIENTED_EDGE ( 'NONE', *, *, #2238, .F. ) ;
#2229 = EDGE_LOOP ( 'NONE', ( #514, #3219, #2405, #4201, #189, #4256, #3147, #3973, #4054, #2163, #2643, #615 ) ) ;
#2230 = DIRECTION ( 'NONE',  ( 1.000000000000000000, 0.0000000000000000000, -0.0000000000000000000 ) ) ;
#2231 = CARTESIAN_POINT ( 'NONE',  ( 0.3251187419298124400, -0.2568469400831145400, 0.01000000000000000000 ) ) ;
#2232 = DIRECTION ( 'NONE',  ( 0.0000000000000000000, 0.0000000000000000000, 1.000000000000000000 ) ) ;
#2233 = ORIENTED_EDGE ( 'NONE', *, *, #3330, .T. ) ;
#2234 = DIRECTION ( 'NONE',  ( 0.0000000000000000000, -0.0000000000000000000, 1.000000000000000000 ) ) ;
#2235 = CARTESIAN_POINT ( 'NONE',  ( -0.4806914022423365300, 0.04418472622951814800, 6.776263578034402700E-018 ) ) ;
#2236 = CARTESIAN_POINT ( 'NONE',  ( 0.3109756097560983400, 0.2113253467080170300, 0.0000000000000000000 ) ) ;
#2237 = CARTESIAN_POINT ( 'NONE',  ( -3.500000000000000000, -0.2500000000000004400, 0.5000000000000000000 ) ) ;
#2238 = EDGE_CURVE ( 'NONE', #2465, #1646, #4238, .T. ) ;
#2239 = CARTESIAN_POINT ( 'NONE',  ( -0.3167229944959275600, -0.2744426244447063500, 0.01000000000000000000 ) ) ;
#2240 = CARTESIAN_POINT ( 'NONE',  ( -0.4054168985882687400, 0.1436009468746251600, 0.01000000000000000000 ) ) ;
#2241 = ORIENTED_EDGE ( 'NONE', *, *, #4005, .T. ) ;
#2242 = PLANE ( 'NONE',  #3451 ) ;
#2243 = ORIENTED_EDGE ( 'NONE', *, *, #3900, .T. ) ;
#2244 = ADVANCED_FACE ( 'NONE', ( #4234 ), #3552, .F. ) ;
#2245 = ORIENTED_EDGE ( 'NONE', *, *, #3242, .F. ) ;
#2246 = VERTEX_POINT ( 'NONE', #4334 ) ;
#2247 = AXIS2_PLACEMENT_3D ( 'NONE', #1288, #1344, #1349 ) ;
#2248 = CARTESIAN_POINT ( 'NONE',  ( -0.8964367378048779800, -0.07983318987734888700, 0.01000000000000000000 ) ) ;
#2249 = CARTESIAN_POINT ( 'NONE',  ( 0.4767545418744458800, -0.2231603268169375100, 0.01000000000000000000 ) ) ;
#2250 = DIRECTION ( 'NONE',  ( 1.000000000000000000, 1.204669080539449600E-016, 0.0000000000000000000 ) ) ;
#2251 = CARTESIAN_POINT ( 'NONE',  ( -0.4204153958142486400, 0.1338100617988998700, 0.01000000000000000000 ) ) ;
#2252 = DIRECTION ( 'NONE',  ( 1.000000000000000000, 0.0000000000000000000, -0.0000000000000000000 ) ) ;
#2253 = LINE ( 'NONE', #3131, #3052 ) ;
#2254 = VERTEX_POINT ( 'NONE', #3820 ) ;
#2255 = SURFACE_STYLE_USAGE ( .BOTH. , #2202 ) ;
#2256 = CARTESIAN_POINT ( 'NONE',  ( -1.750000000000000400, 1.750000000000000900, 1.000000000000000000 ) ) ;
#2257 = CARTESIAN_POINT ( 'NONE',  ( -0.4343974082350612900, 0.1226846784038028900, 0.01000000000000000000 ) ) ;
#2258 = ORIENTED_EDGE ( 'NONE', *, *, #526, .F. ) ;
#2259 = VECTOR ( 'NONE', #2942, 1000.000000000000000 ) ;
#2260 = ORIENTED_EDGE ( 'NONE', *, *, #1149, .T. ) ;
#2261 = PRESENTATION_STYLE_ASSIGNMENT (( #4394 ) ) ;
#2262 = ORIENTED_EDGE ( 'NONE', *, *, #2152, .F. ) ;
#2263 = UNCERTAINTY_MEASURE_WITH_UNIT (LENGTH_MEASURE( 1.000000000000000100E-005 ), #392, 'distance_accuracy_value', 'NONE');
#2264 = EDGE_CURVE ( 'NONE', #27, #3873, #4126, .T. ) ;
#2265 = VECTOR ( 'NONE', #3768, 1000.000000000000000 ) ;
#2266 = CIRCLE ( 'NONE', #1037, 1.550000000000002000 ) ;
#2267 = DIRECTION ( 'NONE',  ( 1.000000000000000000, 0.0000000000000000000, 0.0000000000000000000 ) ) ;
#2268 = PRESENTATION_LAYER_ASSIGNMENT (  '', '', ( #1812 ) ) ;
#2269 = B_SPLINE_CURVE_WITH_KNOTS ( 'NONE', 3,
 ( #194, #544, #3280, #1237, #3622, #1591, #3963, #1922, #4290, #2273, #212, #2610, #559, #2953, #888, #3288, #1256, #3636, #1604 ),
 .UNSPECIFIED., .F., .F.,
 ( 4, 1, 1, 1, 1, 1, 1, 1, 1, 1, 1, 1, 1, 1, 1, 1, 4 ),
 ( 0.0000000000000000000, 0.06460397028839215400, 0.1267024139629472600, 0.1867568140356183100, 0.2455056873654371500, 0.3036520244499752400, 0.3615030739706251400, 0.4202402229284673000, 0.4800333407766962400, 0.5406781347755159600, 0.6011918063807816200, 0.6623335024774421600, 0.7247395102972316000, 0.7894677361728864600, 0.8565048600438305300, 0.9263120958391900500, 1.000000000000000000 ),
 .UNSPECIFIED. ) ;
#2270 = PLANE ( 'NONE',  #1581 ) ;
#2271 = FACE_OUTER_BOUND ( 'NONE', #1139, .T. ) ;
#2272 = VECTOR ( 'NONE', #3545, 1000.000000000000000 ) ;
#2273 = CARTESIAN_POINT ( 'NONE',  ( 0.5638306837902358200, 0.1205774096510552500, 0.0000000000000000000 ) ) ;
#2274 = FACE_OUTER_BOUND ( 'NONE', #2400, .T. ) ;
#2275 = EDGE_CURVE ( 'NONE', #1232, #3548, #4279, .T. ) ;
#2276 = FACE_OUTER_BOUND ( 'NONE', #3686, .T. ) ;
#2277 = ORIENTED_EDGE ( 'NONE', *, *, #4326, .T. ) ;
#2278 = VECTOR ( 'NONE', #1431, 1000.000000000000000 ) ;
#2279 = EDGE_CURVE ( 'NONE', #2143, #2845, #4273, .T. ) ;
#2280 = LINE ( 'NONE', #2620, #1136 ) ;
#2281 = CARTESIAN_POINT ( 'NONE',  ( 0.4675398755289509300, 0.1730281015496165600, 1.524659305057740600E-017 ) ) ;
#2282 =( NAMED_UNIT ( * ) PLANE_ANGLE_UNIT ( ) SI_UNIT ( $, .RADIAN. ) );
#2283 = CARTESIAN_POINT ( 'NONE',  ( -0.2980254002394434600, -0.2199142378579786400, 1.185846126156020500E-017 ) ) ;
#2284 = CARTESIAN_POINT ( 'NONE',  ( 0.6829268292682934000, -0.03438730573100741400, 6.776263578034402700E-018 ) ) ;
#2285 = CARTESIAN_POINT ( 'NONE',  ( -0.2935403963414620100, 0.2250448589031389100, 0.0000000000000000000 ) ) ;
#2286 = EDGE_LOOP ( 'NONE', ( #704, #3848, #4006, #3377 ) ) ;
#2287 = CARTESIAN_POINT ( 'NONE',  ( -1.750000000000000400, -1.749999999999999100, 0.8000000000000012700 ) ) ;
#2288 = ADVANCED_FACE ( 'NONE', ( #4061 ), #3747, .T. ) ;
#2289 = STYLED_ITEM ( 'NONE', ( #3644 ), #1933 ) ;
#2290 = LINE ( 'NONE', #3459, #1161 ) ;
#2291 = DIRECTION ( 'NONE',  ( 0.0000000000000000000, 0.0000000000000000000, 1.000000000000000000 ) ) ;
#2292 =( NAMED_UNIT ( * ) PLANE_ANGLE_UNIT ( ) SI_UNIT ( $, .RADIAN. ) );
#2293 = ORIENTED_EDGE ( 'NONE', *, *, #2960, .T. ) ;
#2294 = CARTESIAN_POINT ( 'NONE',  ( 0.3251187419298124400, -0.2568469400831145400, 6.776263578034402700E-018 ) ) ;
#2295 = CARTESIAN_POINT ( 'NONE',  ( -0.4221823489837568900, -0.1800535754266360300, 0.01000000000000000000 ) ) ;
#2296 = FILL_AREA_STYLE_COLOUR ( '', #54 ) ;
#2297 = VERTEX_POINT ( 'NONE', #4367 ) ;
#2298 = DIRECTION ( 'NONE',  ( 0.0000000000000000000, 0.0000000000000000000, -1.000000000000000000 ) ) ;
#2299 = PRESENTATION_LAYER_ASSIGNMENT (  '', '', ( #1846 ) ) ;
#2300 = CARTESIAN_POINT ( 'NONE',  ( -1.500000000000000400, 1.550000000000000900, 2.000000000000000000 ) ) ;
#2301 = EDGE_CURVE ( 'NONE', #357, #3549, #3753, .T. ) ;
#2302 = DIRECTION ( 'NONE',  ( 0.0000000000000000000, 0.0000000000000000000, -1.000000000000000000 ) ) ;
#2303 = VECTOR ( 'NONE', #3445, 1000.000000000000000 ) ;
#2304 = ORIENTED_EDGE ( 'NONE', *, *, #3715, .F. ) ;
#2305 = LINE ( 'NONE', #258, #687 ) ;
#2306 = VECTOR ( 'NONE', #1218, 1000.000000000000000 ) ;
#2307 = ORIENTED_EDGE ( 'NONE', *, *, #2279, .T. ) ;
#2308 = DIRECTION ( 'NONE',  ( 0.0000000000000000000, 0.0000000000000000000, -1.000000000000000000 ) ) ;
#2309 = CARTESIAN_POINT ( 'NONE',  ( -0.8045857424527083100, 0.1312872125406663000, 0.01000000000000000000 ) ) ;
#2310 = VECTOR ( 'NONE', #3869, 1000.000000000000200 ) ;
#2311 = EDGE_LOOP ( 'NONE', ( #1448, #1941, #4357, #3252, #70, #793, #2337, #3805, #2531, #2033 ) ) ;
#2312 = CARTESIAN_POINT ( 'NONE',  ( -0.4808271108893143500, -0.08497673556289722700, 1.185846126156020500E-017 ) ) ;
#2313 = ADVANCED_FACE ( 'NONE', ( #3918 ), #4380, .T. ) ;
#2314 = LINE ( 'NONE', #4393, #2190 ) ;
#2315 = ORIENTED_EDGE ( 'NONE', *, *, #1208, .F. ) ;
#2316 = VERTEX_POINT ( 'NONE', #2377 ) ;
#2317 = CARTESIAN_POINT ( 'NONE',  ( 0.0000000000000000000, 0.0000000000000000000, 0.2899999999999999800 ) ) ;
#2318 = CARTESIAN_POINT ( 'NONE',  ( 0.3561380406335696300, -0.2688362394443569700, 0.01000000000000000000 ) ) ;
#2319 = VECTOR ( 'NONE', #68, 1000.000000000000200 ) ;
#2320 = SURFACE_SIDE_STYLE ('',( #1953 ) ) ;
#2321 = PRESENTATION_LAYER_ASSIGNMENT (  '', '', ( #1861 ) ) ;
#2322 = ORIENTED_EDGE ( 'NONE', *, *, #994, .T. ) ;
#2323 = CARTESIAN_POINT ( 'NONE',  ( -1.750000000000000400, 0.0000000000000000000, 1.000000000000000000 ) ) ;
#2324 = VECTOR ( 'NONE', #2451, 1000.000000000000000 ) ;
#2325 = VECTOR ( 'NONE', #2071, 1000.000000000000000 ) ;
#2326 = FACE_OUTER_BOUND ( 'NONE', #1249, .T. ) ;
#2327 = CARTESIAN_POINT ( 'NONE',  ( 0.3402335741721104200, -0.2632839851392106400, 6.776263578034402700E-018 ) ) ;
#2328 = DIRECTION ( 'NONE',  ( -0.0000000000000000000, -0.0000000000000000000, -1.000000000000000000 ) ) ;
#2329 = ORIENTED_EDGE ( 'NONE', *, *, #674, .T. ) ;
#2330 = PRESENTATION_STYLE_ASSIGNMENT (( #2060 ) ) ;
#2331 = CARTESIAN_POINT ( 'NONE',  ( -0.4614464312525433700, 0.1746195992457425500, 0.01000000000000000000 ) ) ;
#2332 = AXIS2_PLACEMENT_3D ( 'NONE', #3063, #257, #1666 ) ;
#2333 = ADVANCED_FACE ( 'NONE', ( #1425 ), #2103, .T. ) ;
#2334 = ORIENTED_EDGE ( 'NONE', *, *, #3458, .T. ) ;
#2335 = CARTESIAN_POINT ( 'NONE',  ( 3.799999999999999800, -0.2500000000000005600, 0.2899999999999999800 ) ) ;
#2336 = CARTESIAN_POINT ( 'NONE',  ( 0.3402335741721104200, -0.2632839851392106400, 0.01000000000000000000 ) ) ;
#2337 = ORIENTED_EDGE ( 'NONE', *, *, #3539, .T. ) ;
#2338 = CARTESIAN_POINT ( 'NONE',  ( 0.6154434608049098600, -0.05187854469527426700, 0.01000000000000000000 ) ) ;
#2339 = CARTESIAN_POINT ( 'NONE',  ( 1.500000000000000200, -1.550000000000000300, 1.000000000000000000 ) ) ;
#2340 = FILL_AREA_STYLE ('',( #1972 ) ) ;
#2341 = EDGE_LOOP ( 'NONE', ( #1122, #1787, #3736, #2680 ) ) ;
#2342 =( NAMED_UNIT ( * ) SI_UNIT ( $, .STERADIAN. ) SOLID_ANGLE_UNIT ( ) );
#2343 = CARTESIAN_POINT ( 'NONE',  ( 0.3561380406335696300, -0.2688362394443569700, 6.776263578034402700E-018 ) ) ;
#2344 = SURFACE_STYLE_USAGE ( .BOTH. , #2320 ) ;
#2345 = EDGE_LOOP ( 'NONE', ( #436, #527, #623, #4292 ) ) ;
#2346 = UNCERTAINTY_MEASURE_WITH_UNIT (LENGTH_MEASURE( 1.000000000000000100E-005 ), #2113, 'distance_accuracy_value', 'NONE');
#2347 = ORIENTED_EDGE ( 'NONE', *, *, #2806, .F. ) ;
#2348 = AXIS2_PLACEMENT_3D ( 'NONE', #2008, #1363, #1788 ) ;
#2349 = SURFACE_SIDE_STYLE ('',( #3059 ) ) ;
#2350 = DIRECTION ( 'NONE',  ( 1.000000000000000000, 0.0000000000000000000, -0.0000000000000000000 ) ) ;
#2351 = ORIENTED_EDGE ( 'NONE', *, *, #1451, .T. ) ;
#2352 = CARTESIAN_POINT ( 'NONE',  ( 0.6744179057464898500, -0.1115820310669490400, 0.01000000000000000000 ) ) ;
#2353 = EDGE_CURVE ( 'NONE', #4049, #1556, #3808, .T. ) ;
#2354 = CARTESIAN_POINT ( 'NONE',  ( -0.3723473547832405500, 0.2160973510452043300, 0.01000000000000000000 ) ) ;
#2355 = CARTESIAN_POINT ( 'NONE',  ( 0.3156673051435928700, -0.2516301317854660000, -0.0000000000000000000 ) ) ;
#2356 = ORIENTED_EDGE ( 'NONE', *, *, #3600, .F. ) ;
#2357 = LINE ( 'NONE', #3196, #1564 ) ;
#2358 = EDGE_CURVE ( 'NONE', #2121, #4141, #3745, .T. ) ;
#2359 = CARTESIAN_POINT ( 'NONE',  ( 0.3729713468732504000, -0.2732636642250421100, 6.776263578034402700E-018 ) ) ;
#2360 = SURFACE_STYLE_USAGE ( .BOTH. , #2349 ) ;
#2361 = VECTOR ( 'NONE', #671, 1000.000000000000000 ) ;
#2362 = CARTESIAN_POINT ( 'NONE',  ( 0.4485518292682934000, -0.2810527020724708500, 0.01000000000000000000 ) ) ;
#2363 = VECTOR ( 'NONE', #1036, 1000.000000000000000 ) ;
#2364 = VERTEX_POINT ( 'NONE', #2189 ) ;
#2365 = VECTOR ( 'NONE', #525, 1000.000000000000000 ) ;
#2366 = AXIS2_PLACEMENT_3D ( 'NONE', #1180, #1612, #1584 ) ;
#2367 = CARTESIAN_POINT ( 'NONE',  ( -0.5132705962058877700, -0.1673045633561012500, 0.01000000000000000000 ) ) ;
#2368 = CARTESIAN_POINT ( 'NONE',  ( 0.3729713468732504000, -0.2732636642250421100, 0.01000000000000000000 ) ) ;
#2369 = SURFACE_STYLE_USAGE ( .BOTH. , #4382 ) ;
#2370 = LINE ( 'NONE', #1259, #2639 ) ;
#2371 =( LENGTH_UNIT ( ) NAMED_UNIT ( * ) SI_UNIT ( .MILLI., .METRE. ) );
#2372 = EDGE_CURVE ( 'NONE', #1810, #1115, #3223, .T. ) ;
#2373 = SURFACE_STYLE_FILL_AREA ( #1531 ) ;
#2374 = UNCERTAINTY_MEASURE_WITH_UNIT (LENGTH_MEASURE( 1.000000000000000100E-005 ), #1078, 'distance_accuracy_value', 'NONE');
#2375 = SURFACE_STYLE_FILL_AREA ( #1219 ) ;
#2376 = CARTESIAN_POINT ( 'NONE',  ( -0.5367801690928406500, -0.1234034371697288900, 0.01000000000000000000 ) ) ;
#2377 = CARTESIAN_POINT ( 'NONE',  ( 0.9817073170731713800, 0.2250448589031389100, 0.0000000000000000000 ) ) ;
#2378 = CARTESIAN_POINT ( 'NONE',  ( 0.6827705550223912600, -0.04344803857943516800, 0.01000000000000000000 ) ) ;
#2379 =( NAMED_UNIT ( * ) PLANE_ANGLE_UNIT ( ) SI_UNIT ( $, .RADIAN. ) );
#2380 = CARTESIAN_POINT ( 'NONE',  ( -0.8062193102706336500, 0.1362134299195491800, 0.01000000000000000000 ) ) ;
#2381 = CARTESIAN_POINT ( 'NONE',  ( -0.4470191824482127000, 0.1100298922049237200, 0.01000000000000000000 ) ) ;
#2382 = FACE_OUTER_BOUND ( 'NONE', #4259, .T. ) ;
#2383 = CARTESIAN_POINT ( 'NONE',  ( 0.5730602608781829600, 0.1904165701611277300, 0.0000000000000000000 ) ) ;
#2384 = AXIS2_PLACEMENT_3D ( 'NONE', #59, #4178, #4149 ) ;
#2385 = CARTESIAN_POINT ( 'NONE',  ( -3.500000000000000000, -2.000000000000000000, 0.0000000000000000000 ) ) ;
#2386 = ADVANCED_FACE ( 'NONE', ( #3169 ), #2195, .F. ) ;
#2387 = ORIENTED_EDGE ( 'NONE', *, *, #710, .F. ) ;
#2388 = EDGE_CURVE ( 'NONE', #2731, #3873, #4409, .T. ) ;
#2389 = CARTESIAN_POINT ( 'NONE',  ( -0.3127223659116400400, -0.2195965401031683100, 0.01000000000000000000 ) ) ;
#2390 = AXIS2_PLACEMENT_3D ( 'NONE', #4164, #4227, #4232 ) ;
#2391 = CARTESIAN_POINT ( 'NONE',  ( -0.3207373611852571400, 0.2244386635710823900, 0.01000000000000000000 ) ) ;
#2392 = EDGE_CURVE ( 'NONE', #2471, #3212, #391, .T. ) ;
#2393 =( NAMED_UNIT ( * ) SI_UNIT ( $, .STERADIAN. ) SOLID_ANGLE_UNIT ( ) );
#2394 = FILL_AREA_STYLE_COLOUR ( '', #3275 ) ;
#2395 = CARTESIAN_POINT ( 'NONE',  ( 0.3906215900297372300, -0.2768218720995853600, 0.01000000000000000000 ) ) ;
#2396 = CARTESIAN_POINT ( 'NONE',  ( 0.6824647428092075500, -0.06117893690790410200, 6.776263578034402700E-018 ) ) ;
#2397 = CARTESIAN_POINT ( 'NONE',  ( -0.3027263283746368700, 0.2248401129268478000, 0.01000000000000000000 ) ) ;
#2398 = CARTESIAN_POINT ( 'NONE',  ( 0.3868066585732959400, -0.2219209855907093600, 0.0000000000000000000 ) ) ;
#2399 = PRESENTATION_LAYER_ASSIGNMENT (  '', '', ( #1936 ) ) ;
#2400 = EDGE_LOOP ( 'NONE', ( #776, #4192, #2504, #2810 ) ) ;
#2401 = CARTESIAN_POINT ( 'NONE',  ( 0.3561380406335696300, -0.2688362394443569700, 0.01000000000000000000 ) ) ;
#2402 = CARTESIAN_POINT ( 'NONE',  ( 0.3906215900297372300, -0.2768218720995853600, 6.776263578034402700E-018 ) ) ;
#2403 = CARTESIAN_POINT ( 'NONE',  ( 3.500000000000000000, 2.000000000000000000, 0.5000000000000000000 ) ) ;
#2404 = ADVANCED_FACE ( 'NONE', ( #4019 ), #999, .T. ) ;
#2405 = ORIENTED_EDGE ( 'NONE', *, *, #1043, .T. ) ;
#2406 = CARTESIAN_POINT ( 'NONE',  ( 0.5356928650119091600, 0.1450208544653817900, 0.01000000000000000000 ) ) ;
#2407 =( GEOMETRIC_REPRESENTATION_CONTEXT ( 3 ) GLOBAL_UNCERTAINTY_ASSIGNED_CONTEXT ( ( #1340 ) ) GLOBAL_UNIT_ASSIGNED_CONTEXT ( ( #2609, #1692, #3993 ) ) REPRESENTATION_CONTEXT ( 'NONE', 'WORKASPACE' ) );
#2408 = CARTESIAN_POINT ( 'NONE',  ( 0.4091822946474112900, -0.2792319737929689900, 0.01000000000000000000 ) ) ;
#2409 = VERTEX_POINT ( 'NONE', #1525 ) ;
#2410 = CARTESIAN_POINT ( 'NONE',  ( 0.6824647428092075500, -0.06117893690790410200, 0.01000000000000000000 ) ) ;
#2411 =( LENGTH_UNIT ( ) NAMED_UNIT ( * ) SI_UNIT ( .MILLI., .METRE. ) );
#2412 = CARTESIAN_POINT ( 'NONE',  ( 0.4091822946474112900, -0.2792319737929689900, 6.776263578034402700E-018 ) ) ;
#2413 = VERTEX_POINT ( 'NONE', #2084 ) ;
#2414 = ORIENTED_EDGE ( 'NONE', *, *, #1204, .T. ) ;
#2415 = CARTESIAN_POINT ( 'NONE',  ( 0.4418158324514973600, -0.2809737001672743000, -0.0000000000000000000 ) ) ;
#2416 = VECTOR ( 'NONE', #3935, 1000.000000000000000 ) ;
#2417 = DIRECTION ( 'NONE',  ( 0.9417224702971437300, 0.3363908276654484200, -0.0000000000000000000 ) ) ;
#2418 = DIRECTION ( 'NONE',  ( -1.000000000000000000, 0.0000000000000000000, 0.0000000000000000000 ) ) ;
#2419 = SURFACE_STYLE_FILL_AREA ( #1710 ) ;
#2420 = ORIENTED_EDGE ( 'NONE', *, *, #820, .F. ) ;
#2421 = EDGE_CURVE ( 'NONE', #669, #1547, #1838, .T. ) ;
#2422 = CARTESIAN_POINT ( 'NONE',  ( -0.8211699695121950100, 0.1290082735372852800, 0.0000000000000000000 ) ) ;
#2423 = CARTESIAN_POINT ( 'NONE',  ( 0.6792951741591105600, -0.08704667285068082300, 6.776263578034402700E-018 ) ) ;
#2424 = ORIENTED_EDGE ( 'NONE', *, *, #2663, .F. ) ;
#2425 = CARTESIAN_POINT ( 'NONE',  ( -0.4980903209863217800, -0.1871178259049332800, 1.016439536705160400E-017 ) ) ;
#2426 = CARTESIAN_POINT ( 'NONE',  ( -0.4579708159752953200, 0.09576753382233840800, 0.01000000000000000000 ) ) ;
#2427 = DIRECTION ( 'NONE',  ( 1.000000000000000000, 0.0000000000000000000, 0.0000000000000000000 ) ) ;
#2428 = EDGE_CURVE ( 'NONE', #4387, #2562, #2100, .T. ) ;
#2429 = VERTEX_POINT ( 'NONE', #3051 ) ;
#2430 = CARTESIAN_POINT ( 'NONE',  ( -0.4980396252656454900, 0.1420093378598832300, 0.0000000000000000000 ) ) ;
#2431 = VECTOR ( 'NONE', #2634, 1000.000000000000000 ) ;
#2432 = AXIS2_PLACEMENT_3D ( 'NONE', #3928, #4416, #2056 ) ;
#2433 = UNCERTAINTY_MEASURE_WITH_UNIT (LENGTH_MEASURE( 1.000000000000000100E-005 ), #3571, 'distance_accuracy_value', 'NONE');
#2434 = SURFACE_STYLE_USAGE ( .BOTH. , #1968 ) ;
#2435 = VECTOR ( 'NONE', #3780, 1000.000000000000000 ) ;
#2436 = VECTOR ( 'NONE', #3876, 1000.000000000000000 ) ;
#2437 = CARTESIAN_POINT ( 'NONE',  ( -0.9189214939024389400, -0.1347112386578366800, 0.01000000000000000000 ) ) ;
#2438 = CARTESIAN_POINT ( 'NONE',  ( -0.8475609756097559600, 0.2250448589031389100, 0.01000000000000000000 ) ) ;
#2439 = ORIENTED_EDGE ( 'NONE', *, *, #1926, .F. ) ;
#2440 = VECTOR ( 'NONE', #3546, 1000.000000000000000 ) ;
#2441 = DIRECTION ( 'NONE',  ( -0.0000000000000000000, -1.000000000000000000, -0.0000000000000000000 ) ) ;
#2442 = LINE ( 'NONE', #2385, #1552 ) ;
#2443 = CARTESIAN_POINT ( 'NONE',  ( 0.1463414634146348300, -0.04934538499930010700, 0.01000000000000000000 ) ) ;
#2444 = EDGE_CURVE ( 'NONE', #1556, #1358, #2208, .T. ) ;
#2445 = STYLED_ITEM ( 'NONE', ( #3318 ), #3478 ) ;
#2446 = CARTESIAN_POINT ( 'NONE',  ( 0.4675398755289509300, 0.1730281015496165600, 0.01000000000000000000 ) ) ;
#2447 = EDGE_CURVE ( 'NONE', #545, #1538, #1948, .T. ) ;
#2448 = ORIENTED_EDGE ( 'NONE', *, *, #2989, .F. ) ;
#2449 = ORIENTED_EDGE ( 'NONE', *, *, #3405, .F. ) ;
#2450 = DIRECTION ( 'NONE',  ( -1.505836350674311700E-016, 1.000000000000000000, 0.0000000000000000000 ) ) ;
#2451 = DIRECTION ( 'NONE',  ( -0.0000000000000000000, -1.000000000000000000, -0.0000000000000000000 ) ) ;
#2452 = CARTESIAN_POINT ( 'NONE',  ( 0.1463414634146348300, 0.005532663781187717100, 0.0000000000000000000 ) ) ;
#2453 = UNCERTAINTY_MEASURE_WITH_UNIT (LENGTH_MEASURE( 1.000000000000000100E-005 ), #3381, 'distance_accuracy_value', 'NONE');
#2454 = CARTESIAN_POINT ( 'NONE',  ( -0.3471494332783229300, 0.2213891859496099300, 0.01000000000000000000 ) ) ;
#2455 =( NAMED_UNIT ( * ) PLANE_ANGLE_UNIT ( ) SI_UNIT ( $, .RADIAN. ) );
#2456 = EDGE_CURVE ( 'NONE', #2254, #2665, #2370, .T. ) ;
#2457 = CARTESIAN_POINT ( 'NONE',  ( -0.8205460169504995600, 0.1310031907638404000, -0.0000000000000000000 ) ) ;
#2458 = CARTESIAN_POINT ( 'NONE',  ( 0.5761349786781614400, 0.1060958577627817800, 0.01000000000000000000 ) ) ;
#2459 = EDGE_LOOP ( 'NONE', ( #1056, #1503, #2764, #2629 ) ) ;
#2460 =( LENGTH_UNIT ( ) NAMED_UNIT ( * ) SI_UNIT ( .MILLI., .METRE. ) );
#2461 = AXIS2_PLACEMENT_3D ( 'NONE', #619, #4199, #1142 ) ;
#2462 = ORIENTED_EDGE ( 'NONE', *, *, #1819, .T. ) ;
#2463 = SURFACE_STYLE_USAGE ( .BOTH. , #297 ) ;
#2464 = CARTESIAN_POINT ( 'NONE',  ( 0.9817073170731713800, 0.2250448589031389100, 0.01000000000000000000 ) ) ;
#2465 = VERTEX_POINT ( 'NONE', #44 ) ;
#2466 = DIRECTION ( 'NONE',  ( -1.000000000000000000, 0.0000000000000000000, 0.0000000000000000000 ) ) ;
#2467 = ADVANCED_FACE ( 'NONE', ( #3016 ), #740, .T. ) ;
#2468 = CARTESIAN_POINT ( 'NONE',  ( -1.042682926829268100, -0.2749551410968610900, 0.01000000000000000000 ) ) ;
#2469 = VECTOR ( 'NONE', #2759, 1000.000000000000000 ) ;
#2470 = AXIS2_PLACEMENT_3D ( 'NONE', #3508, #2450, #1840 ) ;
#2471 = VERTEX_POINT ( 'NONE', #1785 ) ;
#2472 = EDGE_CURVE ( 'NONE', #882, #254, #1116, .T. ) ;
#2473 = CARTESIAN_POINT ( 'NONE',  ( 0.5546881159329756200, -0.1858273651296294700, 0.01000000000000000000 ) ) ;
#2474 = VECTOR ( 'NONE', #936, 1000.000000000000000 ) ;
#2475 = CARTESIAN_POINT ( 'NONE',  ( -0.8191217334991172100, 0.1355569465572913400, 0.0000000000000000000 ) ) ;
#2476 = LINE ( 'NONE', #859, #3269 ) ;
#2477 = VECTOR ( 'NONE', #4242, 1000.000000000000000 ) ;
#2478 = CARTESIAN_POINT ( 'NONE',  ( -0.8172553295144935300, 0.1434164763442193300, 0.0000000000000000000 ) ) ;
#2479 = CARTESIAN_POINT ( 'NONE',  ( -3.799999999999999800, -0.2500000000000005600, 0.2899999999999999800 ) ) ;
#2480 = CARTESIAN_POINT ( 'NONE',  ( 0.4418158324514973600, -0.2809737001672743000, 0.01000000000000000000 ) ) ;
#2481 = CARTESIAN_POINT ( 'NONE',  ( -0.7123666158536584600, -0.1347112386578366800, 0.01000000000000000000 ) ) ;
#2482 = PRESENTATION_STYLE_ASSIGNMENT (( #1227 ) ) ;
#2483 = DIRECTION ( 'NONE',  ( 0.0000000000000000000, -1.000000000000000000, -0.0000000000000000000 ) ) ;
#2484 = ORIENTED_EDGE ( 'NONE', *, *, #1901, .F. ) ;
#2485 = SURFACE_SIDE_STYLE ('',( #3025 ) ) ;
#2486 = COLOUR_RGB ( '',0.6666666666666666300, 0.6666666666666666300, 0.6666666666666666300 ) ;
#2487 = AXIS2_PLACEMENT_3D ( 'NONE', #175, #1071, #24 ) ;
#2488 = ADVANCED_FACE ( 'NONE', ( #2382 ), #1140, .T. ) ;
#2489 =( NAMED_UNIT ( * ) SI_UNIT ( $, .STERADIAN. ) SOLID_ANGLE_UNIT ( ) );
#2490 = EDGE_CURVE ( 'NONE', #2789, #1538, #269, .T. ) ;
#2491 = CARTESIAN_POINT ( 'NONE',  ( -0.8141460919036356300, 0.1602255621615445200, -0.0000000000000000000 ) ) ;
#2492 = CARTESIAN_POINT ( 'NONE',  ( -0.2883955792682912400, -0.2749551410968610900, 0.01000000000000000000 ) ) ;
#2493 = CARTESIAN_POINT ( 'NONE',  ( 0.3242558045063165800, 0.1519689694967902000, 0.01000000000000000000 ) ) ;
#2494 = MECHANICAL_DESIGN_GEOMETRIC_PRESENTATION_REPRESENTATION (  '', ( #1812 ), #2716 ) ;
#2495 = CARTESIAN_POINT ( 'NONE',  ( -0.2195121951219497800, -0.2200770923163733200, 0.01000000000000000000 ) ) ;
#2496 = CARTESIAN_POINT ( 'NONE',  ( 0.3906215900297372300, -0.2768218720995853600, 0.0000000000000000000 ) ) ;
#2497 = DIRECTION ( 'NONE',  ( 0.0000000000000000000, 1.000000000000000000, 0.0000000000000000000 ) ) ;
#2498 = ORIENTED_EDGE ( 'NONE', *, *, #751, .T. ) ;
#2499 = EDGE_CURVE ( 'NONE', #2870, #1632, #685, .T. ) ;
#2500 =( NAMED_UNIT ( * ) SI_UNIT ( $, .STERADIAN. ) SOLID_ANGLE_UNIT ( ) );
#2501 = ORIENTED_EDGE ( 'NONE', *, *, #2040, .F. ) ;
#2502 = CARTESIAN_POINT ( 'NONE',  ( -0.8154254375407991000, 0.1531333023338247700, 0.0000000000000000000 ) ) ;
#2503 = EDGE_CURVE ( 'NONE', #1944, #826, #163, .T. ) ;
#2504 = ORIENTED_EDGE ( 'NONE', *, *, #216, .T. ) ;
#2505 = PLANE ( 'NONE',  #325 ) ;
#2506 = VERTEX_POINT ( 'NONE', #863 ) ;
#2507 = PLANE ( 'NONE',  #2604 ) ;
#2508 = VECTOR ( 'NONE', #4282, 1000.000000000000100 ) ;
#2509 = EDGE_CURVE ( 'NONE', #3568, #897, #1829, .T. ) ;
#2510 = VERTEX_POINT ( 'NONE', #296 ) ;
#2511 = CARTESIAN_POINT ( 'NONE',  ( -0.8134527439024388200, 0.1640692491470413500, 0.0000000000000000000 ) ) ;
#2512 =( LENGTH_UNIT ( ) NAMED_UNIT ( * ) SI_UNIT ( .MILLI., .METRE. ) );
#2513 = CARTESIAN_POINT ( 'NONE',  ( -3.799999999999999800, 0.2499999999999994700, -0.01000000000000000000 ) ) ;
#2514 = CARTESIAN_POINT ( 'NONE',  ( 0.4393102134146348900, -0.2261746532919830500, 3.388131789017201400E-018 ) ) ;
#2515 = EDGE_LOOP ( 'NONE', ( #2548, #278, #1916, #4249 ) ) ;
#2516 = EDGE_LOOP ( 'NONE', ( #3461, #3945, #3442, #3581, #3730 ) ) ;
#2517 = CARTESIAN_POINT ( 'NONE',  ( 0.4553858262546225400, 0.2305201191828381300, 6.776263578034402700E-018 ) ) ;
#2518 = CARTESIAN_POINT ( 'NONE',  ( 0.4418158324514973600, -0.2809737001672743000, 6.776263578034402700E-018 ) ) ;
#2519 = VERTEX_POINT ( 'NONE', #375 ) ;
#2520 = LINE ( 'NONE', #2851, #1775 ) ;
#2521 = CARTESIAN_POINT ( 'NONE',  ( 0.5971118219282970400, -0.1283517632070821100, 3.388131789017201400E-018 ) ) ;
#2522 = AXIS2_PLACEMENT_3D ( 'NONE', #2158, #3640, #3653 ) ;
#2523 = VECTOR ( 'NONE', #169, 1000.000000000000000 ) ;
#2524 = CARTESIAN_POINT ( 'NONE',  ( 0.4285799291129857600, -0.2808184652986754300, 6.776263578034402700E-018 ) ) ;
#2525 = ORIENTED_EDGE ( 'NONE', *, *, #113, .F. ) ;
#2526 = CARTESIAN_POINT ( 'NONE',  ( -0.4873225018660880000, 0.002450734728015118700, 0.0000000000000000000 ) ) ;
#2527 = CARTESIAN_POINT ( 'NONE',  ( -1.750000000000000400, 0.0000000000000000000, 1.000000000000000000 ) ) ;
#2528 = CARTESIAN_POINT ( 'NONE',  ( -0.1524390243902424600, -0.2749551410968610900, 0.0000000000000000000 ) ) ;
#2529 = AXIS2_PLACEMENT_3D ( 'NONE', #4364, #995, #3397 ) ;
#2530 = LINE ( 'NONE', #513, #688 ) ;
#2531 = ORIENTED_EDGE ( 'NONE', *, *, #4310, .T. ) ;
#2532 = DIRECTION ( 'NONE',  ( -1.000000000000000000, -1.204669080539449600E-016, 0.0000000000000000000 ) ) ;
#2533 = ORIENTED_EDGE ( 'NONE', *, *, #4284, .T. ) ;
#2534 = ORIENTED_EDGE ( 'NONE', *, *, #216, .F. ) ;
#2535 = MECHANICAL_DESIGN_GEOMETRIC_PRESENTATION_REPRESENTATION (  '', ( #1846 ), #2752 ) ;
#2536 = EDGE_CURVE ( 'NONE', #2665, #1261, #1989, .T. ) ;
#2537 = LINE ( 'NONE', #2560, #1636 ) ;
#2538 = EDGE_CURVE ( 'NONE', #897, #1042, #2721, .T. ) ;
#2539 = ADVANCED_FACE ( 'NONE', ( #1729 ), #772, .F. ) ;
#2540 = SURFACE_STYLE_FILL_AREA ( #438 ) ;
#2541 = DIRECTION ( 'NONE',  ( -1.000000000000000000, 1.505836350674311700E-016, 0.0000000000000000000 ) ) ;
#2542 = CARTESIAN_POINT ( 'NONE',  ( 0.4285799291129857600, -0.2808184652986754300, 0.01000000000000000000 ) ) ;
#2543 = CARTESIAN_POINT ( 'NONE',  ( 0.6154434608049098600, -0.05187854469527426700, 3.388131789017201400E-018 ) ) ;
#2544 = LINE ( 'NONE', #2091, #2435 ) ;
#2545 = CARTESIAN_POINT ( 'NONE',  ( 0.5410302369630549700, -0.1966890952908888200, 0.01000000000000000000 ) ) ;
#2546 = FACE_OUTER_BOUND ( 'NONE', #1306, .T. ) ;
#2547 = DIRECTION ( 'NONE',  ( 1.000000000000000000, 0.0000000000000000000, -0.0000000000000000000 ) ) ;
#2548 = ORIENTED_EDGE ( 'NONE', *, *, #2064, .F. ) ;
#2549 = CARTESIAN_POINT ( 'NONE',  ( -0.3907625265607539400, -0.1998242842710678800, 0.01000000000000000000 ) ) ;
#2550 = ORIENTED_EDGE ( 'NONE', *, *, #1661, .F. ) ;
#2551 = MECHANICAL_DESIGN_GEOMETRIC_PRESENTATION_REPRESENTATION (  '', ( #1861 ), #2769 ) ;
#2552 = CARTESIAN_POINT ( 'NONE',  ( 0.4485518292682934000, -0.2810527020724708500, 6.776263578034402700E-018 ) ) ;
#2553 = DIRECTION ( 'NONE',  ( 0.0000000000000000000, 0.0000000000000000000, -1.000000000000000000 ) ) ;
#2554 = CARTESIAN_POINT ( 'NONE',  ( -0.4672507317253940500, 0.08006126960779098900, 0.01000000000000000000 ) ) ;
#2555 = DIRECTION ( 'NONE',  ( 0.0000000000000000000, 1.000000000000000000, 0.0000000000000000000 ) ) ;
#2556 = CARTESIAN_POINT ( 'NONE',  ( -0.8964367378048779800, -0.07983318987734888700, 0.01000000000000000000 ) ) ;
#2557 = CARTESIAN_POINT ( 'NONE',  ( 0.4485518292682934000, -0.2810527020724708500, 0.01000000000000000000 ) ) ;
#2558 = LINE ( 'NONE', #2830, #470 ) ;
#2559 = LINE ( 'NONE', #4366, #2508 ) ;
#2560 = CARTESIAN_POINT ( 'NONE',  ( -3.011672701348622700E-017, 0.2499999999999998900, -0.0000000000000000000 ) ) ;
#2561 = ADVANCED_FACE ( 'NONE', ( #3490 ), #1410, .T. ) ;
#2562 = VERTEX_POINT ( 'NONE', #96 ) ;
#2563 = VERTEX_POINT ( 'NONE', #834 ) ;
#2564 = EDGE_CURVE ( 'NONE', #4401, #4241, #3960, .T. ) ;
#2565 = ORIENTED_EDGE ( 'NONE', *, *, #2729, .F. ) ;
#2566 = DIRECTION ( 'NONE',  ( 0.0000000000000000000, -1.000000000000000000, 0.0000000000000000000 ) ) ;
#2567 =( NAMED_UNIT ( * ) PLANE_ANGLE_UNIT ( ) SI_UNIT ( $, .RADIAN. ) );
#2568 = CARTESIAN_POINT ( 'NONE',  ( -0.4747869969054317500, 0.06283409963400732300, 0.01000000000000000000 ) ) ;
#2569 = EDGE_LOOP ( 'NONE', ( #2498, #613, #3410, #3194, #2011 ) ) ;
#2570 = ORIENTED_EDGE ( 'NONE', *, *, #2536, .T. ) ;
#2571 = CARTESIAN_POINT ( 'NONE',  ( -1.500000000000000400, -1.549999999999998900, 1.000000000000000000 ) ) ;
#2572 =( NAMED_UNIT ( * ) PLANE_ANGLE_UNIT ( ) SI_UNIT ( $, .RADIAN. ) );
#2573 = CARTESIAN_POINT ( 'NONE',  ( -0.4806914022423365300, 0.04418472622951814800, 0.01000000000000000000 ) ) ;
#2574 = VERTEX_POINT ( 'NONE', #886 ) ;
#2575 = COLOUR_RGB ( '',0.2980392156862745100, 0.2980392156862745100, 0.2980392156862745100 ) ;
#2576 = EDGE_CURVE ( 'NONE', #360, #3237, #3641, .T. ) ;
#2577 = VECTOR ( 'NONE', #354, 1000.000000000000200 ) ;
#2578 = AXIS2_PLACEMENT_3D ( 'NONE', #925, #1866, #2595 ) ;
#2579 = CARTESIAN_POINT ( 'NONE',  ( -0.4872970335962055200, -0.04273183463745957400, 0.01000000000000000000 ) ) ;
#2580 = CARTESIAN_POINT ( 'NONE',  ( -0.8134527439024388200, 0.1640692491470413500, 0.0000000000000000000 ) ) ;
#2581 = CARTESIAN_POINT ( 'NONE',  ( -0.4806914022423365300, 0.04418472622951814800, 0.01000000000000000000 ) ) ;
#2582 = CARTESIAN_POINT ( 'NONE',  ( -3.500000000000000000, 0.2499999999999997800, 0.5000000000000000000 ) ) ;
#2583 = ADVANCED_FACE ( 'NONE', ( #4108 ), #650, .T. ) ;
#2584 = EDGE_CURVE ( 'NONE', #2316, #3757, #4165, .T. ) ;
#2585 = CARTESIAN_POINT ( 'NONE',  ( -1.750000000000000400, 0.0000000000000000000, 1.000000000000000000 ) ) ;
#2586 = CARTESIAN_POINT ( 'NONE',  ( -0.5506537293359076200, 0.03396296961618094200, 0.01000000000000000000 ) ) ;
#2587 = FACE_OUTER_BOUND ( 'NONE', #2750, .T. ) ;
#2588 = EDGE_CURVE ( 'NONE', #3766, #2510, #591, .T. ) ;
#2589 = FACE_OUTER_BOUND ( 'NONE', #919, .T. ) ;
#2590 = VECTOR ( 'NONE', #1511, 1000.000000000000000 ) ;
#2591 = SURFACE_STYLE_FILL_AREA ( #2936 ) ;
#2592 = EDGE_CURVE ( 'NONE', #2605, #4032, #3797, .T. ) ;
#2593 = FACE_OUTER_BOUND ( 'NONE', #2194, .T. ) ;
#2594 = SURFACE_STYLE_FILL_AREA ( #977 ) ;
#2595 = DIRECTION ( 'NONE',  ( 1.000000000000000000, 0.0000000000000000000, 0.0000000000000000000 ) ) ;
#2596 = VECTOR ( 'NONE', #2547, 1000.000000000000000 ) ;
#2597 = CARTESIAN_POINT ( 'NONE',  ( -0.4848443947653947000, 0.02404123866160717100, 0.01000000000000000000 ) ) ;
#2598 = AXIS2_PLACEMENT_3D ( 'NONE', #2585, #2291, #2230 ) ;
#2599 = CARTESIAN_POINT ( 'NONE',  ( -3.500000000000000000, 0.0000000000000000000, 0.5000000000000000000 ) ) ;
#2600 = DIRECTION ( 'NONE',  ( -0.3390537954853692900, -0.9407669869669987900, 0.0000000000000000000 ) ) ;
#2601 = CARTESIAN_POINT ( 'NONE',  ( -0.03048780487804810300, -0.04934538499930010700, 0.01000000000000000000 ) ) ;
#2602 = CARTESIAN_POINT ( 'NONE',  ( -3.500000000000000000, 2.000000000000000000, 0.0000000000000000000 ) ) ;
#2603 = CARTESIAN_POINT ( 'NONE',  ( 0.3109756097560983400, -0.1941624581700318300, 0.01000000000000000000 ) ) ;
#2604 = AXIS2_PLACEMENT_3D ( 'NONE', #1213, #2856, #1858 ) ;
#2605 = VERTEX_POINT ( 'NONE', #2528 ) ;
#2606 = PLANE ( 'NONE',  #771 ) ;
#2607 = CARTESIAN_POINT ( 'NONE',  ( -0.3964004182984792200, 0.2088781016803973600, 6.776263578034402700E-018 ) ) ;
#2608 = ORIENTED_EDGE ( 'NONE', *, *, #869, .F. ) ;
#2609 =( LENGTH_UNIT ( ) NAMED_UNIT ( * ) SI_UNIT ( .MILLI., .METRE. ) );
#2610 = CARTESIAN_POINT ( 'NONE',  ( 0.5866963938458862300, 0.09013250242765960500, 0.0000000000000000000 ) ) ;
#2611 = DIRECTION ( 'NONE',  ( 0.0000000000000000000, 0.0000000000000000000, -1.000000000000000000 ) ) ;
#2612 = PRODUCT_DEFINITION_SHAPE ( 'NONE', 'NONE',  #2748 ) ;
#2613 = AXIS2_PLACEMENT_3D ( 'NONE', #4113, #4130, #4138 ) ;
#2614 = FILL_AREA_STYLE_COLOUR ( '', #3839 ) ;
#2615 = EDGE_CURVE ( 'NONE', #1627, #4241, #252, .T. ) ;
#2616 = CARTESIAN_POINT ( 'NONE',  ( -0.4873225018660880000, 0.002450734728015118700, 0.01000000000000000000 ) ) ;
#2617 = ORIENTED_EDGE ( 'NONE', *, *, #1686, .T. ) ;
#2618 = ORIENTED_EDGE ( 'NONE', *, *, #4252, .F. ) ;
#2619 = MECHANICAL_DESIGN_GEOMETRIC_PRESENTATION_REPRESENTATION (  '', ( #1936 ), #2846 ) ;
#2620 = CARTESIAN_POINT ( 'NONE',  ( -3.300000000000002500, 0.0000000000000000000, 1.000000000000000000 ) ) ;
#2621 = DIRECTION ( 'NONE',  ( 0.0000000000000000000, -1.000000000000000000, 0.0000000000000000000 ) ) ;
#2622 = CARTESIAN_POINT ( 'NONE',  ( -0.4808271108893143500, -0.08497673556289722700, 0.01000000000000000000 ) ) ;
#2623 = ORIENTED_EDGE ( 'NONE', *, *, #464, .F. ) ;
#2624 = DIRECTION ( 'NONE',  ( 1.204669080539449600E-016, -1.000000000000000000, 0.0000000000000000000 ) ) ;
#2625 = CARTESIAN_POINT ( 'NONE',  ( -0.3127223659116400400, -0.2195965401031683100, 1.185846126156020500E-017 ) ) ;
#2626 = LINE ( 'NONE', #1557, #3542 ) ;
#2627 = CARTESIAN_POINT ( 'NONE',  ( -0.3723473547832405500, 0.2160973510452043300, 6.776263578034402700E-018 ) ) ;
#2628 = CARTESIAN_POINT ( 'NONE',  ( -0.8118330792682925100, 0.1640692491470413500, 6.776263578034402700E-018 ) ) ;
#2629 = ORIENTED_EDGE ( 'NONE', *, *, #1847, .T. ) ;
#2630 = FACE_OUTER_BOUND ( 'NONE', #1418, .T. ) ;
#2631 = ORIENTED_EDGE ( 'NONE', *, *, #2536, .F. ) ;
#2632 = VERTEX_POINT ( 'NONE', #1381 ) ;
#2633 = DIRECTION ( 'NONE',  ( -0.7071067811865460200, 0.0000000000000000000, -0.7071067811865489100 ) ) ;
#2634 = DIRECTION ( 'NONE',  ( -0.0000000000000000000, -0.0000000000000000000, -1.000000000000000000 ) ) ;
#2635 = VECTOR ( 'NONE', #1081, 1000.000000000000000 ) ;
#2636 = CARTESIAN_POINT ( 'NONE',  ( -0.4849282495683435700, -0.06451255395217828100, 0.01000000000000000000 ) ) ;
#2637 = LINE ( 'NONE', #1867, #2272 ) ;
#2638 = CARTESIAN_POINT ( 'NONE',  ( -0.4358665464100900400, -0.1677160450705783800, 0.01000000000000000000 ) ) ;
#2639 = VECTOR ( 'NONE', #486, 1000.000000000000000 ) ;
#2640 = CARTESIAN_POINT ( 'NONE',  ( -3.500000000000000000, -2.000000000000000000, 0.0000000000000000000 ) ) ;
#2641 = VECTOR ( 'NONE', #2497, 1000.000000000000000 ) ;
#2642 =( NAMED_UNIT ( * ) PLANE_ANGLE_UNIT ( ) SI_UNIT ( $, .RADIAN. ) );
#2643 = ORIENTED_EDGE ( 'NONE', *, *, #2695, .F. ) ;
#2644 = EDGE_CURVE ( 'NONE', #3523, #3010, #3580, .T. ) ;
#2645 = ORIENTED_EDGE ( 'NONE', *, *, #3811, .T. ) ;
#2646 = EDGE_CURVE ( 'NONE', #3568, #333, #565, .T. ) ;
#2647 = DIRECTION ( 'NONE',  ( 0.0000000000000000000, -0.0000000000000000000, 1.000000000000000000 ) ) ;
#2648 = CARTESIAN_POINT ( 'NONE',  ( 3.500000000000000000, -2.000000000000000000, 0.2899999999999999800 ) ) ;
#2649 = CARTESIAN_POINT ( 'NONE',  ( -0.4849282495683435700, -0.06451255395217828100, 1.185846126156020500E-017 ) ) ;
#2650 = DIRECTION ( 'NONE',  ( 0.0000000000000000000, 0.0000000000000000000, 1.000000000000000000 ) ) ;
#2651 = DIRECTION ( 'NONE',  ( -0.0000000000000000000, -0.0000000000000000000, -1.000000000000000000 ) ) ;
#2652 = DIRECTION ( 'NONE',  ( 0.9466707760722532500, 0.3222024856061136400, -0.0000000000000000000 ) ) ;
#2653 = ORIENTED_EDGE ( 'NONE', *, *, #1446, .T. ) ;
#2654 = AXIS2_PLACEMENT_3D ( 'NONE', #2852, #3166, #82 ) ;
#2655 = VERTEX_POINT ( 'NONE', #3043 ) ;
#2656 = EDGE_LOOP ( 'NONE', ( #1709, #720, #2135, #3247 ) ) ;
#2657 = DIRECTION ( 'NONE',  ( -0.0000000000000000000, -0.0000000000000000000, -1.000000000000000000 ) ) ;
#2658 = ORIENTED_EDGE ( 'NONE', *, *, #1978, .F. ) ;
#2659 = EDGE_CURVE ( 'NONE', #2870, #1361, #821, .T. ) ;
#2660 = CARTESIAN_POINT ( 'NONE',  ( 0.3109756097560982800, 0.1442521759763096800, 6.776263578034402700E-018 ) ) ;
#2661 = CARTESIAN_POINT ( 'NONE',  ( -1.500000000000000400, 1.550000000000000900, 1.000000000000000000 ) ) ;
#2662 = AXIS2_PLACEMENT_3D ( 'NONE', #823, #812, #622 ) ;
#2663 = EDGE_CURVE ( 'NONE', #45, #4396, #3197, .T. ) ;
#2664 = CARTESIAN_POINT ( 'NONE',  ( -1.750000000000000400, 0.0000000000000000000, 0.5000000000000000000 ) ) ;
#2665 = VERTEX_POINT ( 'NONE', #1799 ) ;
#2666 = UNCERTAINTY_MEASURE_WITH_UNIT (LENGTH_MEASURE( 1.000000000000000100E-005 ), #2371, 'distance_accuracy_value', 'NONE');
#2667 = SURFACE_STYLE_FILL_AREA ( #2862 ) ;
#2668 = EDGE_CURVE ( 'NONE', #4345, #4297, #3890, .T. ) ;
#2669 = EDGE_LOOP ( 'NONE', ( #1635, #89, #2623, #3077, #312, #1182, #1159, #196, #1226 ) ) ;
#2670 = SURFACE_STYLE_FILL_AREA ( #2016 ) ;
#2671 = EDGE_LOOP ( 'NONE', ( #15, #587, #2855, #3642 ) ) ;
#2672 = ORIENTED_EDGE ( 'NONE', *, *, #236, .F. ) ;
#2673 = FILL_AREA_STYLE ('',( #2614 ) ) ;
#2674 = CARTESIAN_POINT ( 'NONE',  ( -0.4751696014757090200, -0.1041811156140987600, 0.01000000000000000000 ) ) ;
#2675 = LINE ( 'NONE', #2058, #4355 ) ;
#2676 = ORIENTED_EDGE ( 'NONE', *, *, #3188, .T. ) ;
#2677 = CARTESIAN_POINT ( 'NONE',  ( 0.4485518292682934000, -0.2810527020724708500, 0.0000000000000000000 ) ) ;
#2678 = FILL_AREA_STYLE_COLOUR ( '', #3594 ) ;
#2679 = ORIENTED_EDGE ( 'NONE', *, *, #2538, .F. ) ;
#2680 = ORIENTED_EDGE ( 'NONE', *, *, #3619, .T. ) ;
#2681 = CARTESIAN_POINT ( 'NONE',  ( 0.6158536585365861300, -0.03029050695051963000, 1.524659305057740600E-017 ) ) ;
#2682 = CARTESIAN_POINT ( 'NONE',  ( -3.300000000000002500, 0.0000000000000000000, 1.000000000000000000 ) ) ;
#2683 = FACE_OUTER_BOUND ( 'NONE', #1178, .T. ) ;
#2684 = CARTESIAN_POINT ( 'NONE',  ( 0.5654144404474135100, -0.2550719493636587900, 6.776263578034402700E-018 ) ) ;
#2685 = CARTESIAN_POINT ( 'NONE',  ( -0.4407023022779702500, -0.2360147927432337300, 0.01000000000000000000 ) ) ;
#2686 = STYLED_ITEM ( 'NONE', ( #953 ), #1759 ) ;
#2687 = COLOUR_RGB ( '',0.6666666666666666300, 0.6666666666666666300, 0.6666666666666666300 ) ;
#2688 = FACE_OUTER_BOUND ( 'NONE', #2656, .T. ) ;
#2689 = FACE_OUTER_BOUND ( 'NONE', #429, .T. ) ;
#2690 = FACE_OUTER_BOUND ( 'NONE', #1821, .T. ) ;
#2691 = VECTOR ( 'NONE', #681, 1000.000000000000000 ) ;
#2692 = CARTESIAN_POINT ( 'NONE',  ( -1.750000000000000400, -1.550000000000001200, 1.000000000000000000 ) ) ;
#2693 = AXIS2_PLACEMENT_3D ( 'NONE', #658, #930, #697 ) ;
#2694 = CARTESIAN_POINT ( 'NONE',  ( -0.5132705962058877700, -0.1673045633561012500, 1.016439536705160400E-017 ) ) ;
#2695 = EDGE_CURVE ( 'NONE', #2131, #460, #1394, .T. ) ;
#2696 = FACE_OUTER_BOUND ( 'NONE', #628, .T. ) ;
#2697 = LINE ( 'NONE', #4309, #3120 ) ;
#2698 = SURFACE_SIDE_STYLE ('',( #801 ) ) ;
#2699 = CARTESIAN_POINT ( 'NONE',  ( -0.5548780487804863000, -0.01866703134076352200, 0.01000000000000000000 ) ) ;
#2700 =( NAMED_UNIT ( * ) SI_UNIT ( $, .STERADIAN. ) SOLID_ANGLE_UNIT ( ) );
#2701 = CARTESIAN_POINT ( 'NONE',  ( -0.8118330792682925100, 0.1640692491470413500, 0.01000000000000000000 ) ) ;
#2702 = AXIS2_PLACEMENT_3D ( 'NONE', #1528, #1594, #1605 ) ;
#2703 = DIRECTION ( 'NONE',  ( 0.0000000000000000000, 1.000000000000000000, 0.0000000000000000000 ) ) ;
#2704 = ORIENTED_EDGE ( 'NONE', *, *, #2472, .F. ) ;
#2705 =( NAMED_UNIT ( * ) PLANE_ANGLE_UNIT ( ) SI_UNIT ( $, .RADIAN. ) );
#2706 = ORIENTED_EDGE ( 'NONE', *, *, #147, .F. ) ;
#2707 = ORIENTED_EDGE ( 'NONE', *, *, #2576, .F. ) ;
#2708 = CARTESIAN_POINT ( 'NONE',  ( 3.799999999999999800, -0.2500000000000005600, -0.01000000000000000000 ) ) ;
#2709 = AXIS2_PLACEMENT_3D ( 'NONE', #2443, #3162, #4004 ) ;
#2710 = CARTESIAN_POINT ( 'NONE',  ( -0.5548780487804863000, -0.01866703134076352200, 6.776263578034402700E-018 ) ) ;
#2711 = CARTESIAN_POINT ( 'NONE',  ( 0.6792951741591105600, -0.08704667285068082300, 0.01000000000000000000 ) ) ;
#2712 = CARTESIAN_POINT ( 'NONE',  ( 0.6040308745227659400, -0.1109712601688162800, 0.01000000000000000000 ) ) ;
#2713 = CARTESIAN_POINT ( 'NONE',  ( -0.4848443947653947000, 0.02404123866160717100, 6.776263578034402700E-018 ) ) ;
#2714 = CARTESIAN_POINT ( 'NONE',  ( 0.5296491528746722900, 0.2133905728109923300, 0.0000000000000000000 ) ) ;
#2715 = CARTESIAN_POINT ( 'NONE',  ( 0.6827705550223912600, -0.04344803857943516800, 0.01000000000000000000 ) ) ;
#2716 =( GEOMETRIC_REPRESENTATION_CONTEXT ( 3 ) GLOBAL_UNCERTAINTY_ASSIGNED_CONTEXT ( ( #2263 ) ) GLOBAL_UNIT_ASSIGNED_CONTEXT ( ( #392, #4406, #1436 ) ) REPRESENTATION_CONTEXT ( 'NONE', 'WORKASPACE' ) );
#2717 = ORIENTED_EDGE ( 'NONE', *, *, #298, .T. ) ;
#2718 = DIRECTION ( 'NONE',  ( 0.0000000000000000000, -1.000000000000000000, 0.0000000000000000000 ) ) ;
#2719 = CARTESIAN_POINT ( 'NONE',  ( 0.6829268292682934000, -0.03438730573100741400, 0.01000000000000000000 ) ) ;
#2720 = EDGE_CURVE ( 'NONE', #304, #3257, #4087, .T. ) ;
#2721 = B_SPLINE_CURVE_WITH_KNOTS ( 'NONE', 3,
 ( #2209, #1231, #3343, #620, #599, #578, #572, #497, #1040, #585, #541, #1084, #1370, #3493, #246, #3681, #1739, #678, #2815 ),
 .UNSPECIFIED., .F., .F.,
 ( 4, 1, 1, 1, 1, 1, 1, 1, 1, 1, 1, 1, 1, 1, 1, 1, 4 ),
 ( 0.0000000000000000000, 0.06783324845577362600, 0.1326555365079042600, 0.1950508840508277100, 0.2555829330687771100, 0.3147998341472899000, 0.3736004728263745400, 0.4325455953267435300, 0.4924306292835654000, 0.5526712559629696200, 0.6125130441881164700, 0.6726102503570063900, 0.7338383693139459700, 0.7965942385677738900, 0.8614497992905731900, 0.9291989423509055000, 1.000000000000000000 ),
 .UNSPECIFIED. ) ;
#2722 = ORIENTED_EDGE ( 'NONE', *, *, #2185, .T. ) ;
#2723 = SURFACE_STYLE_USAGE ( .BOTH. , #1372 ) ;
#2724 = FILL_AREA_STYLE ('',( #2165 ) ) ;
#2725 = EDGE_CURVE ( 'NONE', #2143, #4266, #2073, .T. ) ;
#2726 = CARTESIAN_POINT ( 'NONE',  ( 0.6744179057464898500, -0.1115820310669490400, 6.776263578034402700E-018 ) ) ;
#2727 = CARTESIAN_POINT ( 'NONE',  ( 0.3242558045063165800, 0.1519689694967902000, 0.01000000000000000000 ) ) ;
#2728 = CARTESIAN_POINT ( 'NONE',  ( 0.3546144861576529500, -0.2139196268047380800, 0.0000000000000000000 ) ) ;
#2729 = EDGE_CURVE ( 'NONE', #333, #1042, #2181, .T. ) ;
#2730 = CIRCLE ( 'NONE', #730, 1.750000000000000000 ) ;
#2731 = VERTEX_POINT ( 'NONE', #2804 ) ;
#2732 = LINE ( 'NONE', #2256, #3735 ) ;
#2733 = AXIS2_PLACEMENT_3D ( 'NONE', #4302, #4293, #792 ) ;
#2734 = ORIENTED_EDGE ( 'NONE', *, *, #2428, .T. ) ;
#2735 = CARTESIAN_POINT ( 'NONE',  ( -0.2883955792682912900, -0.2749551410968611400, 0.01000000000000000000 ) ) ;
#2736 = CIRCLE ( 'NONE', #2390, 1.750000000000000000 ) ;
#2737 = CARTESIAN_POINT ( 'NONE',  ( 3.500000000000000000, -2.000000000000000000, 0.0000000000000000000 ) ) ;
#2738 = CARTESIAN_POINT ( 'NONE',  ( -0.3167229944959275600, -0.2744426244447063500, 1.016439536705160400E-017 ) ) ;
#2739 = EDGE_CURVE ( 'NONE', #1681, #4266, #2558, .T. ) ;
#2740 = LINE ( 'NONE', #2179, #3449 ) ;
#2741 = DIRECTION ( 'NONE',  ( -0.0000000000000000000, -0.0000000000000000000, -1.000000000000000000 ) ) ;
#2742 =( NAMED_UNIT ( * ) PLANE_ANGLE_UNIT ( ) SI_UNIT ( $, .RADIAN. ) );
#2743 = CARTESIAN_POINT ( 'NONE',  ( -0.5548780487804863000, -0.01866703134076352200, 1.016439536705160400E-017 ) ) ;
#2745 = COLOUR_RGB ( '',0.6666666666666666300, 0.6666666666666666300, 0.6666666666666666300 ) ;
#2744 = CARTESIAN_POINT ( 'NONE',  ( 1.750000000000000400, 0.0000000000000000000, 0.5000000000000000000 ) ) ;
#2746 = PRESENTATION_LAYER_ASSIGNMENT (  '', '', ( #2289 ) ) ;
#2747 = PRESENTATION_STYLE_ASSIGNMENT (( #2434 ) ) ;
#2748 = PRODUCT_DEFINITION ( '未知', '', #2981, #659 ) ;
#2749 = CARTESIAN_POINT ( 'NONE',  ( -0.3441520247636209500, -0.2709534151405166300, 0.01000000000000000000 ) ) ;
#2750 = EDGE_LOOP ( 'NONE', ( #3827, #2076, #1923, #2672 ) ) ;
#2751 = DIRECTION ( 'NONE',  ( -0.0000000000000000000, -0.0000000000000000000, -1.000000000000000000 ) ) ;
#2752 =( GEOMETRIC_REPRESENTATION_CONTEXT ( 3 ) GLOBAL_UNCERTAINTY_ASSIGNED_CONTEXT ( ( #148 ) ) GLOBAL_UNIT_ASSIGNED_CONTEXT ( ( #2038, #1951, #1945 ) ) REPRESENTATION_CONTEXT ( 'NONE', 'WORKASPACE' ) );
#2753 = DIRECTION ( 'NONE',  ( 0.0000000000000000000, -0.0000000000000000000, 1.000000000000000000 ) ) ;
#2754 = EDGE_CURVE ( 'NONE', #3549, #2133, #2290, .T. ) ;
#2755 = CARTESIAN_POINT ( 'NONE',  ( 0.6827090675407121400, -0.02465955017610889400, 0.01000000000000000000 ) ) ;
#2756 = DIRECTION ( 'NONE',  ( 1.000000000000000000, 0.0000000000000000000, 0.0000000000000000000 ) ) ;
#2757 = CARTESIAN_POINT ( 'NONE',  ( -0.8082893805652040500, 0.1443583355312345300, 0.01000000000000000000 ) ) ;
#2758 = ORIENTED_EDGE ( 'NONE', *, *, #4333, .F. ) ;
#2759 = DIRECTION ( 'NONE',  ( -0.0000000000000000000, -0.0000000000000000000, -1.000000000000000000 ) ) ;
#2760 = CARTESIAN_POINT ( 'NONE',  ( -1.750000000000000400, 0.0000000000000000000, 0.5000000000000000000 ) ) ;
#2761 = VERTEX_POINT ( 'NONE', #3406 ) ;
#2762 = DIRECTION ( 'NONE',  ( 0.0000000000000000000, 0.0000000000000000000, -1.000000000000000000 ) ) ;
#2763 = CARTESIAN_POINT ( 'NONE',  ( 0.6733368993461261700, 0.04861410252434884800, 0.01000000000000000000 ) ) ;
#2764 = ORIENTED_EDGE ( 'NONE', *, *, #434, .T. ) ;
#2765 = VECTOR ( 'NONE', #2741, 1000.000000000000000 ) ;
#2766 = ORIENTED_EDGE ( 'NONE', *, *, #4083, .T. ) ;
#2767 = CARTESIAN_POINT ( 'NONE',  ( -3.500000000000000000, -2.000000000000000000, 0.5000000000000000000 ) ) ;
#2768 = CARTESIAN_POINT ( 'NONE',  ( -0.5546784648335992800, -0.009603548055271438400, 6.776263578034402700E-018 ) ) ;
#2769 =( GEOMETRIC_REPRESENTATION_CONTEXT ( 3 ) GLOBAL_UNCERTAINTY_ASSIGNED_CONTEXT ( ( #3355 ) ) GLOBAL_UNIT_ASSIGNED_CONTEXT ( ( #352, #2282, #2034 ) ) REPRESENTATION_CONTEXT ( 'NONE', 'WORKASPACE' ) );
#2770 = ORIENTED_EDGE ( 'NONE', *, *, #2005, .F. ) ;
#2771 = CARTESIAN_POINT ( 'NONE',  ( -0.3471494332783229300, 0.2213891859496099300, 0.0000000000000000000 ) ) ;
#2772 = CARTESIAN_POINT ( 'NONE',  ( 0.9146341463414641200, 0.2250448589031389100, 0.0000000000000000000 ) ) ;
#2773 = ORIENTED_EDGE ( 'NONE', *, *, #315, .F. ) ;
#2774 = ORIENTED_EDGE ( 'NONE', *, *, #73, .T. ) ;
#2775 = DIRECTION ( 'NONE',  ( 2.168404344971008900E-016, -1.000000000000000000, 0.0000000000000000000 ) ) ;
#2776 = B_SPLINE_CURVE_WITH_KNOTS ( 'NONE', 3,
 ( #2124, #1921, #829, #954, #1751, #1463, #1454, #2941, #361, #4086, #1805, #1206, #1718, #605, #3244, #3045, #892, #3320, #1396 ),
 .UNSPECIFIED., .F., .F.,
 ( 4, 1, 1, 1, 1, 1, 1, 1, 1, 1, 1, 1, 1, 1, 1, 1, 4 ),
 ( 0.0000000000000000000, 0.06806869584499403200, 0.1334274328189550600, 0.1961460338131565700, 0.2570485924493128800, 0.3168826631591620800, 0.3761872086663216600, 0.4359603353635461100, 0.4965352368627263300, 0.5574653434807331800, 0.6176868634101467800, 0.6779436406969062700, 0.7388052848060404600, 0.8009493367665843100, 0.8648146674702268400, 0.9310247810786572700, 1.000000000000000000 ),
 .UNSPECIFIED. ) ;
#2777 = CARTESIAN_POINT ( 'NONE',  ( -0.8038300304878047700, 0.1290082735372852800, 0.01000000000000000000 ) ) ;
#2778 =( LENGTH_UNIT ( ) NAMED_UNIT ( * ) SI_UNIT ( .MILLI., .METRE. ) );
#2779 = LINE ( 'NONE', #1388, #956 ) ;
#2780 = EDGE_LOOP ( 'NONE', ( #4343, #3635, #238, #2351, #3104, #2734, #1768, #3852 ) ) ;
#2781 = AXIS2_PLACEMENT_3D ( 'NONE', #1674, #665, #4206 ) ;
#2782 = DIRECTION ( 'NONE',  ( 0.0000000000000000000, -0.0000000000000000000, 1.000000000000000000 ) ) ;
#2783 = ORIENTED_EDGE ( 'NONE', *, *, #2892, .F. ) ;
#2784 = CARTESIAN_POINT ( 'NONE',  ( 0.1463414634146348300, -0.2200770923163732900, 0.01000000000000000000 ) ) ;
#2785 = DIRECTION ( 'NONE',  ( -0.0000000000000000000, -0.0000000000000000000, -1.000000000000000000 ) ) ;
#2786 = EDGE_CURVE ( 'NONE', #4329, #1917, #1865, .T. ) ;
#2787 = SURFACE_SIDE_STYLE ('',( #3337 ) ) ;
#2788 = SURFACE_STYLE_FILL_AREA ( #1172 ) ;
#2789 = VERTEX_POINT ( 'NONE', #3088 ) ;
#2790 = DIRECTION ( 'NONE',  ( 0.0000000000000000000, 0.0000000000000000000, 1.000000000000000000 ) ) ;
#2791 = COLOUR_RGB ( '',0.6666666666666666300, 0.6666666666666666300, 0.6666666666666666300 ) ;
#2792 = PLANE ( 'NONE',  #3080 ) ;
#2793 = CARTESIAN_POINT ( 'NONE',  ( -2.000000000000000000, -0.2500000000000002800, 0.2899999999999999800 ) ) ;
#2794 = CARTESIAN_POINT ( 'NONE',  ( 0.4228260513954073000, 0.2311007476609444300, -0.0000000000000000000 ) ) ;
#2795 = DIRECTION ( 'NONE',  ( -1.314251500014323300E-016, 0.7071067811865490200, 0.7071067811865461300 ) ) ;
#2796 = LINE ( 'NONE', #1979, #2691 ) ;
#2797 = DIRECTION ( 'NONE',  ( 0.0000000000000000000, 0.0000000000000000000, 1.000000000000000000 ) ) ;
#2798 = STYLED_ITEM ( 'NONE', ( #4177 ), #2288 ) ;
#2799 = CARTESIAN_POINT ( 'NONE',  ( -0.4588251012888037700, -0.1386584080321667800, 0.01000000000000000000 ) ) ;
#2800 =( NAMED_UNIT ( * ) PLANE_ANGLE_UNIT ( ) SI_UNIT ( $, .RADIAN. ) );
#2801 = CARTESIAN_POINT ( 'NONE',  ( -0.3721065928830371000, 0.1585772300678970300, 0.0000000000000000000 ) ) ;
#2802 = EDGE_CURVE ( 'NONE', #3694, #1547, #2031, .T. ) ;
#2803 = CARTESIAN_POINT ( 'NONE',  ( 0.3149556715114252800, 0.2129409415234537800, 6.776263578034402700E-018 ) ) ;
#2804 = CARTESIAN_POINT ( 'NONE',  ( -0.2935403963414620100, 0.2250448589031389100, 0.0000000000000000000 ) ) ;
#2805 = CARTESIAN_POINT ( 'NONE',  ( 0.1463414634146348300, 0.1701668101226511100, 0.01000000000000000000 ) ) ;
#2806 = EDGE_CURVE ( 'NONE', #2121, #3757, #716, .T. ) ;
#2807 = CARTESIAN_POINT ( 'NONE',  ( -0.8211699695121950100, 0.1290082735372852800, 0.01000000000000000000 ) ) ;
#2808 = ORIENTED_EDGE ( 'NONE', *, *, #3643, .F. ) ;
#2809 = DIRECTION ( 'NONE',  ( -0.0000000000000000000, -1.000000000000000000, -0.0000000000000000000 ) ) ;
#2810 = ORIENTED_EDGE ( 'NONE', *, *, #1275, .T. ) ;
#2811 = EDGE_CURVE ( 'NONE', #333, #1066, #1734, .T. ) ;
#2812 = DIRECTION ( 'NONE',  ( 1.000000000000000000, 0.0000000000000000000, 0.0000000000000000000 ) ) ;
#2813 = CARTESIAN_POINT ( 'NONE',  ( 0.3154158025699777500, 0.1468322624720492200, 6.776263578034402700E-018 ) ) ;
#2814 = VERTEX_POINT ( 'NONE', #3006 ) ;
#2815 = CARTESIAN_POINT ( 'NONE',  ( 0.6829268292682934000, -0.03438730573100741400, 0.0000000000000000000 ) ) ;
#2816 = ORIENTED_EDGE ( 'NONE', *, *, #3062, .F. ) ;
#2817 = DIRECTION ( 'NONE',  ( -1.000000000000000000, -0.0000000000000000000, -0.0000000000000000000 ) ) ;
#2818 = ADVANCED_FACE ( 'NONE', ( #3672 ), #1532, .T. ) ;
#2819 = STYLED_ITEM ( 'NONE', ( #2159 ), #633 ) ;
#2820 = ORIENTED_EDGE ( 'NONE', *, *, #3037, .F. ) ;
#2821 = CARTESIAN_POINT ( 'NONE',  ( -0.4407023022779702500, -0.2360147927432337300, 1.016439536705160400E-017 ) ) ;
#2822 = ORIENTED_EDGE ( 'NONE', *, *, #3042, .T. ) ;
#2823 = DIRECTION ( 'NONE',  ( 0.0000000000000000000, 0.0000000000000000000, -1.000000000000000000 ) ) ;
#2824 = CARTESIAN_POINT ( 'NONE',  ( 0.6827090675407121400, -0.02465955017610889400, 0.01000000000000000000 ) ) ;
#2825 = CARTESIAN_POINT ( 'NONE',  ( -0.8062193102706336500, 0.1362134299195491800, 6.776263578034402700E-018 ) ) ;
#2826 = SURFACE_STYLE_USAGE ( .BOTH. , #1833 ) ;
#2827 = STYLED_ITEM ( 'NONE', ( #3697 ), #1857 ) ;
#2828 = VERTEX_POINT ( 'NONE', #3838 ) ;
#2829 = CARTESIAN_POINT ( 'NONE',  ( 0.3523311418886930200, 0.1639609332968831300, 0.01000000000000000000 ) ) ;
#2830 = CARTESIAN_POINT ( 'NONE',  ( 0.9146341463414641200, -0.2200770923163732900, -0.0000000000000000000 ) ) ;
#2831 = DIRECTION ( 'NONE',  ( 0.0000000000000000000, 1.000000000000000000, 0.0000000000000000000 ) ) ;
#2832 = CARTESIAN_POINT ( 'NONE',  ( 0.0000000000000000000, 0.0000000000000000000, 0.2899999999999999800 ) ) ;
#2833 = DIRECTION ( 'NONE',  ( 0.0000000000000000000, -1.000000000000000000, 0.0000000000000000000 ) ) ;
#2834 = CIRCLE ( 'NONE', #524, 1.750000000000000000 ) ;
#2835 = STYLED_ITEM ( 'NONE', ( #3853 ), #2935 ) ;
#2836 = EDGE_LOOP ( 'NONE', ( #328, #745, #4360, #1750 ) ) ;
#2837 = EDGE_CURVE ( 'NONE', #327, #4034, #268, .T. ) ;
#2838 = COLOUR_RGB ( '',0.2980392156862745100, 0.2980392156862745100, 0.2980392156862745100 ) ;
#2839 = FACE_OUTER_BOUND ( 'NONE', #632, .T. ) ;
#2840 = ORIENTED_EDGE ( 'NONE', *, *, #3486, .F. ) ;
#2841 = CARTESIAN_POINT ( 'NONE',  ( -0.8205460169504995600, 0.1310031907638404000, 0.01000000000000000000 ) ) ;
#2842 = ORIENTED_EDGE ( 'NONE', *, *, #1243, .F. ) ;
#2843 = LINE ( 'NONE', #3302, #2361 ) ;
#2844 =( LENGTH_UNIT ( ) NAMED_UNIT ( * ) SI_UNIT ( .MILLI., .METRE. ) );
#2845 = VERTEX_POINT ( 'NONE', #3769 ) ;
#2846 =( GEOMETRIC_REPRESENTATION_CONTEXT ( 3 ) GLOBAL_UNCERTAINTY_ASSIGNED_CONTEXT ( ( #3054 ) ) GLOBAL_UNIT_ASSIGNED_CONTEXT ( ( #3790, #3746, #3759 ) ) REPRESENTATION_CONTEXT ( 'NONE', 'WORKASPACE' ) );
#2847 = CARTESIAN_POINT ( 'NONE',  ( 0.6829268292682934000, -0.03438730573100741400, 0.01000000000000000000 ) ) ;
#2848 = DIRECTION ( 'NONE',  ( 0.0000000000000000000, 1.000000000000000000, 0.0000000000000000000 ) ) ;
#2849 = PRESENTATION_STYLE_ASSIGNMENT (( #735 ) ) ;
#2850 = PRESENTATION_STYLE_ASSIGNMENT (( #961 ) ) ;
#2851 = CARTESIAN_POINT ( 'NONE',  ( -0.6646341463414632300, -0.2749551410968610900, 0.01000000000000000000 ) ) ;
#2852 = CARTESIAN_POINT ( 'NONE',  ( 0.0000000000000000000, 0.0000000000000000000, -0.01000000000000000000 ) ) ;
#2853 = CARTESIAN_POINT ( 'NONE',  ( 0.7256097560975616200, -0.2200770923163732900, 0.01000000000000000000 ) ) ;
#2854 = FACE_OUTER_BOUND ( 'NONE', #29, .T. ) ;
#2855 = ORIENTED_EDGE ( 'NONE', *, *, #4026, .T. ) ;
#2856 = DIRECTION ( 'NONE',  ( 0.0000000000000000000, 1.000000000000000000, 0.0000000000000000000 ) ) ;
#2857 = FILL_AREA_STYLE ('',( #2220 ) ) ;
#2858 = DIRECTION ( 'NONE',  ( 1.000000000000000000, 0.0000000000000000000, 0.0000000000000000000 ) ) ;
#2859 =( NAMED_UNIT ( * ) PLANE_ANGLE_UNIT ( ) SI_UNIT ( $, .RADIAN. ) );
#2860 = CARTESIAN_POINT ( 'NONE',  ( -1.500000000000000400, 0.0000000000000000000, 1.000000000000000000 ) ) ;
#2861 = ADVANCED_FACE ( 'NONE', ( #3271 ), #3846, .T. ) ;
#2862 = FILL_AREA_STYLE ('',( #2227 ) ) ;
#2863 =( LENGTH_UNIT ( ) NAMED_UNIT ( * ) SI_UNIT ( .MILLI., .METRE. ) );
#2864 = ORIENTED_EDGE ( 'NONE', *, *, #3599, .F. ) ;
#2865 = VERTEX_POINT ( 'NONE', #3835 ) ;
#2866 = EDGE_CURVE ( 'NONE', #353, #4221, #3317, .T. ) ;
#2867 =( LENGTH_UNIT ( ) NAMED_UNIT ( * ) SI_UNIT ( .MILLI., .METRE. ) );
#2868 = CARTESIAN_POINT ( 'NONE',  ( 0.5503284455404371400, 0.1336729282781080900, 0.01000000000000000000 ) ) ;
#2869 = VECTOR ( 'NONE', #2751, 1000.000000000000000 ) ;
#2870 = VERTEX_POINT ( 'NONE', #3440 ) ;
#2871 = DIRECTION ( 'NONE',  ( 0.0000000000000000000, 0.0000000000000000000, 1.000000000000000000 ) ) ;
#2872 =( NAMED_UNIT ( * ) PLANE_ANGLE_UNIT ( ) SI_UNIT ( $, .RADIAN. ) );
#2873 = PLANE ( 'NONE',  #1307 ) ;
#2874 = CARTESIAN_POINT ( 'NONE',  ( 0.5107842865561871300, -0.2132732091469785600, 0.01000000000000000000 ) ) ;
#2875 = DIRECTION ( 'NONE',  ( 1.000000000000000000, 1.776356839400250500E-015, 0.0000000000000000000 ) ) ;
#2876 = CARTESIAN_POINT ( 'NONE',  ( 0.1463414634146348300, 0.1701668101226511100, 0.0000000000000000000 ) ) ;
#2877 = AXIS2_PLACEMENT_3D ( 'NONE', #3857, #3698, #3818 ) ;
#2878 = CARTESIAN_POINT ( 'NONE',  ( -3.500000000000000000, 2.000000000000000000, 0.5000000000000000000 ) ) ;
#2879 = EDGE_LOOP ( 'NONE', ( #3167, #576, #2484, #2015, #1662 ) ) ;
#2880 = CARTESIAN_POINT ( 'NONE',  ( 0.6788953285478537300, 0.02221710479675125700, 6.776263578034402700E-018 ) ) ;
#2881 = LINE ( 'NONE', #3567, #3211 ) ;
#2882 = ORIENTED_EDGE ( 'NONE', *, *, #1277, .T. ) ;
#2883 = ADVANCED_FACE ( 'NONE', ( #2630 ), #4010, .F. ) ;
#2884 = CARTESIAN_POINT ( 'NONE',  ( 0.5958547439563647300, 0.07311941238376816500, 0.01000000000000000000 ) ) ;
#2885 =( NAMED_UNIT ( * ) SI_UNIT ( $, .STERADIAN. ) SOLID_ANGLE_UNIT ( ) );
#2886 = STYLED_ITEM ( 'NONE', ( #914 ), #2127 ) ;
#2887 = ORIENTED_EDGE ( 'NONE', *, *, #3293, .T. ) ;
#2888 = PLANE ( 'NONE',  #4202 ) ;
#2889 = SURFACE_STYLE_FILL_AREA ( #3938 ) ;
#2890 = CARTESIAN_POINT ( 'NONE',  ( -0.7804878048780485900, 0.2250448589031389100, 0.0000000000000000000 ) ) ;
#2891 = FACE_OUTER_BOUND ( 'NONE', #4296, .T. ) ;
#2892 = EDGE_CURVE ( 'NONE', #254, #97, #2736, .T. ) ;
#2893 = LINE ( 'NONE', #3807, #3690 ) ;
#2894 = CARTESIAN_POINT ( 'NONE',  ( 0.4481291366731994800, 0.1758330163923385600, 0.01000000000000000000 ) ) ;
#2895 =( NAMED_UNIT ( * ) PLANE_ANGLE_UNIT ( ) SI_UNIT ( $, .RADIAN. ) );
#2896 = VERTEX_POINT ( 'NONE', #3226 ) ;
#2897 = EDGE_CURVE ( 'NONE', #2297, #833, #2954, .T. ) ;
#2898 = LINE ( 'NONE', #3589, #966 ) ;
#2899 = LINE ( 'NONE', #3235, #2957 ) ;
#2900 = FACE_OUTER_BOUND ( 'NONE', #2879, .T. ) ;
#2901 = DIRECTION ( 'NONE',  ( -0.0000000000000000000, -0.0000000000000000000, -1.000000000000000000 ) ) ;
#2902 = CARTESIAN_POINT ( 'NONE',  ( -0.4878048780487790900, -0.02009614719442206300, 0.01000000000000000000 ) ) ;
#2903 = CIRCLE ( 'NONE', #887, 1.550000000000000000 ) ;
#2904 = VECTOR ( 'NONE', #1806, 1000.000000000000000 ) ;
#2905 = VECTOR ( 'NONE', #4102, 1000.000000000000000 ) ;
#2906 = DIRECTION ( 'NONE',  ( 0.0000000000000000000, 0.0000000000000000000, 1.000000000000000000 ) ) ;
#2907 = PRESENTATION_STYLE_ASSIGNMENT (( #2344 ) ) ;
#2908 = FACE_OUTER_BOUND ( 'NONE', #819, .T. ) ;
#2909 = CARTESIAN_POINT ( 'NONE',  ( -0.7804878048780485900, 0.2250448589031389100, 0.01000000000000000000 ) ) ;
#2910 = LINE ( 'NONE', #1647, #3182 ) ;
#2911 = AXIS2_PLACEMENT_3D ( 'NONE', #641, #2350, #1401 ) ;
#2912 = SURFACE_STYLE_USAGE ( .BOTH. , #2940 ) ;
#2913 = DIRECTION ( 'NONE',  ( 0.0000000000000000000, 1.000000000000000000, 0.0000000000000000000 ) ) ;
#2914 = DIRECTION ( 'NONE',  ( -0.0000000000000000000, -0.0000000000000000000, -1.000000000000000000 ) ) ;
#2915 = CARTESIAN_POINT ( 'NONE',  ( -0.5367801690928406500, -0.1234034371697288900, 0.01000000000000000000 ) ) ;
#2916 = DIRECTION ( 'NONE',  ( -0.0000000000000000000, -0.0000000000000000000, -1.000000000000000000 ) ) ;
#2917 = CARTESIAN_POINT ( 'NONE',  ( -0.05487804878048714600, -0.2200770923163732900, 0.0000000000000000000 ) ) ;
#2918 = CARTESIAN_POINT ( 'NONE',  ( -0.8134527439024388200, 0.1640692491470413500, 6.776263578034402700E-018 ) ) ;
#2919 = ORIENTED_EDGE ( 'NONE', *, *, #2215, .F. ) ;
#2920 = ORIENTED_EDGE ( 'NONE', *, *, #113, .T. ) ;
#2921 = AXIS2_PLACEMENT_3D ( 'NONE', #2437, #822, #2782 ) ;
#2922 =( NAMED_UNIT ( * ) PLANE_ANGLE_UNIT ( ) SI_UNIT ( $, .RADIAN. ) );
#2923 = EDGE_CURVE ( 'NONE', #2655, #3429, #3272, .T. ) ;
#2924 = ORIENTED_EDGE ( 'NONE', *, *, #2615, .F. ) ;
#2925 = CARTESIAN_POINT ( 'NONE',  ( -1.750000000000000700, 1.550000000000002900, 1.000000000000000000 ) ) ;
#2926 = CARTESIAN_POINT ( 'NONE',  ( -0.4876409877575734700, -0.01243570462565555600, 0.01000000000000000000 ) ) ;
#2927 = ORIENTED_EDGE ( 'NONE', *, *, #1275, .F. ) ;
#2928 = ORIENTED_EDGE ( 'NONE', *, *, #2564, .T. ) ;
#2929 = ORIENTED_EDGE ( 'NONE', *, *, #4333, .T. ) ;
#2930 = STYLED_ITEM ( 'NONE', ( #349 ), #263 ) ;
#2931 = CARTESIAN_POINT ( 'NONE',  ( -0.8134527439024388200, 0.1640692491470413500, 0.01000000000000000000 ) ) ;
#2932 = CARTESIAN_POINT ( 'NONE',  ( -0.3950711594167463100, -0.2578505493808361800, 0.01000000000000000000 ) ) ;
#2933 = DIRECTION ( 'NONE',  ( 1.000000000000000000, 0.0000000000000000000, 0.0000000000000000000 ) ) ;
#2934 = CARTESIAN_POINT ( 'NONE',  ( -0.4054168985882687400, 0.1436009468746251600, 0.0000000000000000000 ) ) ;
#2935 = ADVANCED_FACE ( 'NONE', ( #3964 ), #2888, .T. ) ;
#2936 = FILL_AREA_STYLE ('',( #3026 ) ) ;
#2937 = ORIENTED_EDGE ( 'NONE', *, *, #3505, .F. ) ;
#2938 =( LENGTH_UNIT ( ) NAMED_UNIT ( * ) SI_UNIT ( .MILLI., .METRE. ) );
#2939 = SURFACE_STYLE_FILL_AREA ( #3691 ) ;
#2940 = SURFACE_SIDE_STYLE ('',( #2591 ) ) ;
#2941 = CARTESIAN_POINT ( 'NONE',  ( -0.5132705962058877700, -0.1673045633561012500, 0.0000000000000000000 ) ) ;
#2942 = DIRECTION ( 'NONE',  ( 1.000000000000000000, 1.505836350674311700E-016, 0.0000000000000000000 ) ) ;
#2943 = SURFACE_STYLE_USAGE ( .BOTH. , #2988 ) ;
#2944 = LINE ( 'NONE', #1328, #1572 ) ;
#2945 = VECTOR ( 'NONE', #53, 1000.000000000000000 ) ;
#2946 = VERTEX_POINT ( 'NONE', #4213 ) ;
#2947 = CARTESIAN_POINT ( 'NONE',  ( -0.8141460919036356300, 0.1602255621615445200, 6.776263578034402700E-018 ) ) ;
#2948 = VERTEX_POINT ( 'NONE', #385 ) ;
#2949 = ORIENTED_EDGE ( 'NONE', *, *, #1684, .F. ) ;
#2950 = DIRECTION ( 'NONE',  ( 0.0000000000000000000, -1.000000000000000000, 0.0000000000000000000 ) ) ;
#2951 = B_SPLINE_CURVE_WITH_KNOTS ( 'NONE', 3,
 ( #4397, #255, #3647, #4167, #3031, #3866, #2777 ),
 .UNSPECIFIED., .F., .F.,
 ( 4, 1, 1, 1, 4 ),
 ( 0.0000000000000000000, 0.3005411131585100600, 0.5677471464835988100, 0.8000336137369802300, 1.000000000000000000 ),
 .UNSPECIFIED. ) ;
#2952 = LINE ( 'NONE', #1373, #221 ) ;
#2953 = CARTESIAN_POINT ( 'NONE',  ( 0.6031887329182967800, 0.05475809726715137600, 0.0000000000000000000 ) ) ;
#2954 = LINE ( 'NONE', #1701, #3496 ) ;
#2955 = EDGE_CURVE ( 'NONE', #3429, #2519, #603, .T. ) ;
#2956 = CARTESIAN_POINT ( 'NONE',  ( 0.5787608400088551900, -0.1596678594511102000, 0.01000000000000000000 ) ) ;
#2957 = VECTOR ( 'NONE', #2621, 1000.000000000000000 ) ;
#2958 = SURFACE_SIDE_STYLE ('',( #1845 ) ) ;
#2959 = CARTESIAN_POINT ( 'NONE',  ( -0.4848443947653947000, 0.02404123866160717100, 0.0000000000000000000 ) ) ;
#2960 = EDGE_CURVE ( 'NONE', #1774, #1900, #1652, .T. ) ;
#2961 = FACE_OUTER_BOUND ( 'NONE', #1512, .T. ) ;
#2962 = ADVANCED_FACE ( 'NONE', ( #1902 ), #116, .T. ) ;
#2963 = EDGE_CURVE ( 'NONE', #142, #1560, #2442, .T. ) ;
#2964 = CARTESIAN_POINT ( 'NONE',  ( -0.8141460919036356300, 0.1602255621615445200, 0.01000000000000000000 ) ) ;
#2965 = LINE ( 'NONE', #4275, #3815 ) ;
#2966 = CARTESIAN_POINT ( 'NONE',  ( 0.1463414634146348300, 0.1701668101226511100, 0.0000000000000000000 ) ) ;
#2967 = ORIENTED_EDGE ( 'NONE', *, *, #2421, .F. ) ;
#2968 = CARTESIAN_POINT ( 'NONE',  ( 0.6829268292682934000, -0.03438730573100741400, 0.01000000000000000000 ) ) ;
#2969 = AXIS2_PLACEMENT_3D ( 'NONE', #4140, #2417, #799 ) ;
#2970 = CARTESIAN_POINT ( 'NONE',  ( -0.3341406441838917800, -0.2170736392966999600, 1.185846126156020500E-017 ) ) ;
#2971 = VERTEX_POINT ( 'NONE', #3117 ) ;
#2972 = CARTESIAN_POINT ( 'NONE',  ( -0.8154254375407991000, 0.1531333023338247700, 6.776263578034402700E-018 ) ) ;
#2973 = CARTESIAN_POINT ( 'NONE',  ( 0.3394609096654191400, -0.2083325962510518800, 6.776263578034402700E-018 ) ) ;
#2974 = DIRECTION ( 'NONE',  ( -0.0000000000000000000, -0.0000000000000000000, -1.000000000000000000 ) ) ;
#2975 = CARTESIAN_POINT ( 'NONE',  ( -0.8101486246691070900, 0.1537828242598459900, 6.776263578034402700E-018 ) ) ;
#2976 = MECHANICAL_DESIGN_GEOMETRIC_PRESENTATION_REPRESENTATION (  '', ( #2289 ), #3204 ) ;
#2977 = ORIENTED_EDGE ( 'NONE', *, *, #1738, .T. ) ;
#2978 = DIRECTION ( 'NONE',  ( -0.0000000000000000000, -0.0000000000000000000, -1.000000000000000000 ) ) ;
#2979 = CARTESIAN_POINT ( 'NONE',  ( -1.750000000000000400, 1.550000000000002900, 1.000000000000000000 ) ) ;
#2980 = ORIENTED_EDGE ( 'NONE', *, *, #4383, .F. ) ;
#2981 = PRODUCT_DEFINITION_FORMATION_WITH_SPECIFIED_SOURCE ( '任何', '', #1956, .NOT_KNOWN. ) ;
#2982 = ORIENTED_EDGE ( 'NONE', *, *, #964, .T. ) ;
#2983 = DIRECTION ( 'NONE',  ( 1.000000000000000000, 0.0000000000000000000, -0.0000000000000000000 ) ) ;
#2984 = CARTESIAN_POINT ( 'NONE',  ( -0.4480639183564909000, -0.1538453297112271100, 0.01000000000000000000 ) ) ;
#2985 = VERTEX_POINT ( 'NONE', #3148 ) ;
#2986 = VECTOR ( 'NONE', #2901, 1000.000000000000000 ) ;
#2987 = SURFACE_STYLE_USAGE ( .BOTH. , #374 ) ;
#2988 = SURFACE_SIDE_STYLE ('',( #1280 ) ) ;
#2989 = EDGE_CURVE ( 'NONE', #2133, #868, #1301, .T. ) ;
#2990 = DIRECTION ( 'NONE',  ( -1.000000000000000000, 0.0000000000000000000, 0.0000000000000000000 ) ) ;
#2991 = CARTESIAN_POINT ( 'NONE',  ( -0.8172553295144935300, 0.1434164763442193300, 6.776263578034402700E-018 ) ) ;
#2992 = ORIENTED_EDGE ( 'NONE', *, *, #4411, .F. ) ;
#2993 = VERTEX_POINT ( 'NONE', #1724 ) ;
#2994 = CARTESIAN_POINT ( 'NONE',  ( -0.8154254375407991000, 0.1531333023338247700, 0.01000000000000000000 ) ) ;
#2995 = CARTESIAN_POINT ( 'NONE',  ( -0.04268292682926762300, 0.2250448589031389100, 0.01000000000000000000 ) ) ;
#2996 = DIRECTION ( 'NONE',  ( -1.000000000000000000, -1.858632295689435900E-016, 0.0000000000000000000 ) ) ;
#2997 = LINE ( 'NONE', #782, #3094 ) ;
#2998 = VECTOR ( 'NONE', #314, 1000.000000000000000 ) ;
#2999 = CARTESIAN_POINT ( 'NONE',  ( -0.5448870500228847300, -0.09923704475034207700, 1.016439536705160400E-017 ) ) ;
#3000 = CARTESIAN_POINT ( 'NONE',  ( -0.4872970335962055200, -0.04273183463745957400, 1.185846126156020500E-017 ) ) ;
#3001 = CARTESIAN_POINT ( 'NONE',  ( -0.8205460169504995600, 0.1310031907638404000, 6.776263578034402700E-018 ) ) ;
#3002 = VECTOR ( 'NONE', #3693, 1000.000000000000000 ) ;
#3003 = CARTESIAN_POINT ( 'NONE',  ( -1.500000000000000400, 0.0000000000000000000, 2.000000000000000000 ) ) ;
#3004 = FILL_AREA_STYLE ('',( #3041 ) ) ;
#3005 = VERTEX_POINT ( 'NONE', #2682 ) ;
#3006 = CARTESIAN_POINT ( 'NONE',  ( -0.7804878048780485900, 0.2250448589031389100, 0.0000000000000000000 ) ) ;
#3007 = CARTESIAN_POINT ( 'NONE',  ( 0.1463414634146348300, -0.2200770923163732900, -0.0000000000000000000 ) ) ;
#3008 = VECTOR ( 'NONE', #990, 1000.000000000000000 ) ;
#3009 = ORIENTED_EDGE ( 'NONE', *, *, #3062, .T. ) ;
#3010 = VERTEX_POINT ( 'NONE', #2495 ) ;
#3011 = CARTESIAN_POINT ( 'NONE',  ( 3.799999999999999800, 0.2499999999999994700, 0.2899999999999999800 ) ) ;
#3012 = LINE ( 'NONE', #3979, #3227 ) ;
#3013 = CARTESIAN_POINT ( 'NONE',  ( 0.4114767199714093300, 0.2310193926286043000, 0.01000000000000000000 ) ) ;
#3014 = CARTESIAN_POINT ( 'NONE',  ( -0.5914634146341462000, -0.2749551410968610900, 0.01000000000000000000 ) ) ;
#3015 = CARTESIAN_POINT ( 'NONE',  ( 1.500000000000000400, 0.0000000000000000000, 1.800000000000000000 ) ) ;
#3016 = FACE_OUTER_BOUND ( 'NONE', #3099, .T. ) ;
#3017 = PRESENTATION_STYLE_ASSIGNMENT (( #3796 ) ) ;
#3018 = FACE_BOUND ( 'NONE', #1518, .T. ) ;
#3019 = VECTOR ( 'NONE', #1456, 1000.000000000000000 ) ;
#3020 = CARTESIAN_POINT ( 'NONE',  ( -0.5262841260377187900, -0.1461202748444543900, 0.01000000000000000000 ) ) ;
#3021 = DIRECTION ( 'NONE',  ( 0.0000000000000000000, -0.0000000000000000000, 1.000000000000000000 ) ) ;
#3022 = VECTOR ( 'NONE', #635, 1000.000000000000100 ) ;
#3023 = STYLED_ITEM ( 'NONE', ( #2850 ), #149 ) ;
#3024 = SURFACE_STYLE_FILL_AREA ( #3804 ) ;
#3025 = SURFACE_STYLE_FILL_AREA ( #4116 ) ;
#3026 = FILL_AREA_STYLE_COLOUR ( '', #4372 ) ;
#3027 = DIRECTION ( 'NONE',  ( 1.204669080539449600E-016, 1.000000000000000000, 0.0000000000000000000 ) ) ;
#3028 = CARTESIAN_POINT ( 'NONE',  ( -3.500000000000000000, 2.000000000000000000, 0.5000000000000000000 ) ) ;
#3029 = CARTESIAN_POINT ( 'NONE',  ( -0.5448913222597637800, 0.05839634858975931200, 6.776263578034402700E-018 ) ) ;
#3030 = CARTESIAN_POINT ( 'NONE',  ( -3.050000000000000700, 0.0000000000000000000, 1.000000000000000000 ) ) ;
#3031 = CARTESIAN_POINT ( 'NONE',  ( -0.8062193102706336500, 0.1362134299195491800, 0.01000000000000000000 ) ) ;
#3032 = ORIENTED_EDGE ( 'NONE', *, *, #3273, .F. ) ;
#3033 = EDGE_CURVE ( 'NONE', #1694, #3231, #370, .T. ) ;
#3034 = ORIENTED_EDGE ( 'NONE', *, *, #2372, .T. ) ;
#3035 = PRESENTATION_LAYER_ASSIGNMENT (  '', '', ( #2798 ) ) ;
#3036 = VERTEX_POINT ( 'NONE', #1668 ) ;
#3037 = EDGE_CURVE ( 'NONE', #1361, #3679, #2082, .T. ) ;
#3038 = DIRECTION ( 'NONE',  ( -0.0000000000000000000, -0.0000000000000000000, -1.000000000000000000 ) ) ;
#3039 =( LENGTH_UNIT ( ) NAMED_UNIT ( * ) SI_UNIT ( .MILLI., .METRE. ) );
#3040 = PLANE ( 'NONE',  #2598 ) ;
#3041 = FILL_AREA_STYLE_COLOUR ( '', #1041 ) ;
#3042 = EDGE_CURVE ( 'NONE', #2993, #2121, #3781, .T. ) ;
#3043 = CARTESIAN_POINT ( 'NONE',  ( -0.05487804878048714600, -0.2749551410968610900, 0.01000000000000000000 ) ) ;
#3044 = CARTESIAN_POINT ( 'NONE',  ( 0.6744179057464898500, -0.1115820310669490400, 0.01000000000000000000 ) ) ;
#3045 = CARTESIAN_POINT ( 'NONE',  ( -0.3441520247636209500, -0.2709534151405166300, 0.0000000000000000000 ) ) ;
#3046 = CARTESIAN_POINT ( 'NONE',  ( 0.6822828863907657300, -0.005621374391815121300, 0.0000000000000000000 ) ) ;
#3047 = ORIENTED_EDGE ( 'NONE', *, *, #1842, .F. ) ;
#3048 = EDGE_LOOP ( 'NONE', ( #3630, #3519, #415, #1569 ) ) ;
#3049 = PRESENTATION_LAYER_ASSIGNMENT (  '', '', ( #2819 ) ) ;
#3050 = CARTESIAN_POINT ( 'NONE',  ( 0.3155717748205165700, -0.1967512352590506100, 0.01000000000000000000 ) ) ;
#3051 = CARTESIAN_POINT ( 'NONE',  ( 3.500000000000000000, 0.2499999999999993600, 0.0000000000000000000 ) ) ;
#3052 = VECTOR ( 'NONE', #3485, 1000.000000000000000 ) ;
#3053 = CARTESIAN_POINT ( 'NONE',  ( -3.050000000000000700, 0.0000000000000000000, 2.000000000000000000 ) ) ;
#3054 = UNCERTAINTY_MEASURE_WITH_UNIT (LENGTH_MEASURE( 1.000000000000000100E-005 ), #3790, 'distance_accuracy_value', 'NONE');
#3055 = LINE ( 'NONE', #1855, #2145 ) ;
#3056 = CARTESIAN_POINT ( 'NONE',  ( 0.4813554753168048400, 0.2269961549871858900, 0.0000000000000000000 ) ) ;
#3057 = PRESENTATION_LAYER_ASSIGNMENT (  '', '', ( #2827 ) ) ;
#3058 =( LENGTH_UNIT ( ) NAMED_UNIT ( * ) SI_UNIT ( .MILLI., .METRE. ) );
#3059 = SURFACE_STYLE_FILL_AREA ( #2340 ) ;
#3060 = PRESENTATION_LAYER_ASSIGNMENT (  '', '', ( #2835 ) ) ;
#3061 = CARTESIAN_POINT ( 'NONE',  ( -0.8038300304878047700, 0.1290082735372852800, 0.0000000000000000000 ) ) ;
#3062 = EDGE_CURVE ( 'NONE', #1917, #3005, #1290, .T. ) ;
#3063 = CARTESIAN_POINT ( 'NONE',  ( -1.750000000000000400, 1.750000000000000900, 1.000000000000000000 ) ) ;
#3064 = LINE ( 'NONE', #718, #4065 ) ;
#3065 = LINE ( 'NONE', #4330, #3456 ) ;
#3066 = CARTESIAN_POINT ( 'NONE',  ( 1.750000000000000400, 0.0000000000000000000, 1.000000000000000000 ) ) ;
#3067 = EDGE_CURVE ( 'NONE', #1066, #353, #2881, .T. ) ;
#3068 = CARTESIAN_POINT ( 'NONE',  ( -0.8134527439024388200, 0.1640692491470413500, 0.01000000000000000000 ) ) ;
#3069 = CARTESIAN_POINT ( 'NONE',  ( 0.6674435890370699100, -0.1347505888631916900, 6.776263578034402700E-018 ) ) ;
#3070 = CARTESIAN_POINT ( 'NONE',  ( -0.3542990767548198600, -0.2130223420384684500, 0.0000000000000000000 ) ) ;
#3071 = ORIENTED_EDGE ( 'NONE', *, *, #794, .F. ) ;
#3072 = CARTESIAN_POINT ( 'NONE',  ( 0.3248036304379767200, -0.2019510520577615700, 0.0000000000000000000 ) ) ;
#3073 = STYLED_ITEM ( 'NONE', ( #1748 ), #508 ) ;
#3074 = CARTESIAN_POINT ( 'NONE',  ( 0.3109756097560982800, 0.1442521759763096800, 0.0000000000000000000 ) ) ;
#3075 = PLANE ( 'NONE',  #270 ) ;
#3076 = CARTESIAN_POINT ( 'NONE',  ( -0.3732003330700067200, -0.2073470946256303300, 0.0000000000000000000 ) ) ;
#3077 = ORIENTED_EDGE ( 'NONE', *, *, #519, .F. ) ;
#3078 = CARTESIAN_POINT ( 'NONE',  ( 1.500000000000000000, 1.550000000000001600, 1.800000000000000000 ) ) ;
#3079 = DIRECTION ( 'NONE',  ( 0.0000000000000000000, 0.0000000000000000000, -1.000000000000000000 ) ) ;
#3080 = AXIS2_PLACEMENT_3D ( 'NONE', #2925, #2795, #151 ) ;
#3081 = ORIENTED_EDGE ( 'NONE', *, *, #2392, .T. ) ;
#3082 = FILL_AREA_STYLE_COLOUR ( '', #1038 ) ;
#3083 =( NAMED_UNIT ( * ) SI_UNIT ( $, .STERADIAN. ) SOLID_ANGLE_UNIT ( ) );
#3084 = ORIENTED_EDGE ( 'NONE', *, *, #598, .F. ) ;
#3085 = DIRECTION ( 'NONE',  ( 1.000000000000000000, 0.0000000000000000000, 0.0000000000000000000 ) ) ;
#3086 = VECTOR ( 'NONE', #2950, 1000.000000000000000 ) ;
#3087 = PLANE ( 'NONE',  #2063 ) ;
#3088 = CARTESIAN_POINT ( 'NONE',  ( -1.500000000000000400, -1.549999999999998900, 1.800000000000000000 ) ) ;
#3089 = B_SPLINE_CURVE_WITH_KNOTS ( 'NONE', 3,
 ( #2176, #118, #3207, #1153, #3560, #1527, #3892, #1856, #4230, #2193, #136, #2545, #491, #2874, #813, #3225, #1168, #3573, #1543 ),
 .UNSPECIFIED., .F., .F.,
 ( 4, 1, 1, 1, 1, 1, 1, 1, 1, 1, 1, 1, 1, 1, 1, 1, 4 ),
 ( 0.0000000000000000000, 0.07377411937406352900, 0.1440791147260412600, 0.2113485183089115200, 0.2760768857398837000, 0.3385209158196765800, 0.3998851166931335400, 0.4602540674652130800, 0.5205889643912479100, 0.5802076845630441700, 0.6386329085525458400, 0.6963645494905240700, 0.7540017746600128400, 0.8128056813744977100, 0.8727544255255603700, 0.9351819969782670900, 1.000000000000000000 ),
 .UNSPECIFIED. ) ;
#3090 = CARTESIAN_POINT ( 'NONE',  ( -0.5448870500228847300, -0.09923704475034207700, 0.01000000000000000000 ) ) ;
#3091 = ORIENTED_EDGE ( 'NONE', *, *, #1551, .T. ) ;
#3092 = CARTESIAN_POINT ( 'NONE',  ( 0.3359067750317617000, 0.2201438588100262400, 0.01000000000000000000 ) ) ;
#3093 = PRESENTATION_STYLE_ASSIGNMENT (( #2463 ) ) ;
#3094 = VECTOR ( 'NONE', #663, 1000.000000000000000 ) ;
#3095 = ORIENTED_EDGE ( 'NONE', *, *, #2456, .T. ) ;
#3096 = EDGE_CURVE ( 'NONE', #2665, #4049, #2196, .T. ) ;
#3097 = CARTESIAN_POINT ( 'NONE',  ( -0.5262737158895529600, 0.1030975487269055700, 0.0000000000000000000 ) ) ;
#3098 = CARTESIAN_POINT ( 'NONE',  ( 0.6674435890370699100, -0.1347505888631916900, 0.01000000000000000000 ) ) ;
#3099 = EDGE_LOOP ( 'NONE', ( #3191, #214, #2658, #4050 ) ) ;
#3100 = CARTESIAN_POINT ( 'NONE',  ( 0.9146341463414641200, 0.2250448589031389100, 0.01000000000000000000 ) ) ;
#3101 = VERTEX_POINT ( 'NONE', #1891 ) ;
#3102 = CARTESIAN_POINT ( 'NONE',  ( -3.764590876685778700E-017, -0.2499999999999999400, -0.0000000000000000000 ) ) ;
#3103 = STYLED_ITEM ( 'NONE', ( #450 ), #852 ) ;
#3104 = ORIENTED_EDGE ( 'NONE', *, *, #1553, .T. ) ;
#3105 = FILL_AREA_STYLE_COLOUR ( '', #3803 ) ;
#3106 = VECTOR ( 'NONE', #2048, 1000.000000000000000 ) ;
#3107 = CARTESIAN_POINT ( 'NONE',  ( 0.3154158025699777500, 0.1468322624720492200, -0.0000000000000000000 ) ) ;
#3108 = ORIENTED_EDGE ( 'NONE', *, *, #3570, .F. ) ;
#3109 = DIRECTION ( 'NONE',  ( 1.000000000000000000, 0.0000000000000000000, 0.0000000000000000000 ) ) ;
#3110 = LINE ( 'NONE', #1782, #3276 ) ;
#3111 = CARTESIAN_POINT ( 'NONE',  ( -0.3907625265607539400, -0.1998242842710678800, 0.0000000000000000000 ) ) ;
#3112 = EDGE_CURVE ( 'NONE', #3364, #4049, #2997, .T. ) ;
#3113 = DIRECTION ( 'NONE',  ( -0.0000000000000000000, 0.0000000000000000000, -1.000000000000000000 ) ) ;
#3114 = VECTOR ( 'NONE', #2913, 1000.000000000000000 ) ;
#3115 = DIRECTION ( 'NONE',  ( -0.0000000000000000000, -0.0000000000000000000, -1.000000000000000000 ) ) ;
#3116 = AXIS2_PLACEMENT_3D ( 'NONE', #3880, #3566, #3569 ) ;
#3117 = CARTESIAN_POINT ( 'NONE',  ( 3.500000000000000000, -2.000000000000000000, 0.5000000000000000000 ) ) ;
#3118 = EDGE_CURVE ( 'NONE', #2563, #3101, #4214, .T. ) ;
#3119 =( LENGTH_UNIT ( ) NAMED_UNIT ( * ) SI_UNIT ( .MILLI., .METRE. ) );
#3120 = VECTOR ( 'NONE', #1704, 1000.000000000000000 ) ;
#3121 = CARTESIAN_POINT ( 'NONE',  ( 0.3242558045063165800, 0.1519689694967902000, 0.0000000000000000000 ) ) ;
#3122 = PRESENTATION_LAYER_ASSIGNMENT (  '', '', ( #2445 ) ) ;
#3123 = CARTESIAN_POINT ( 'NONE',  ( 0.1463414634146348300, -0.04934538499930010700, 0.01000000000000000000 ) ) ;
#3124 = EDGE_CURVE ( 'NONE', #45, #932, #2559, .T. ) ;
#3125 = B_SPLINE_SURFACE_WITH_KNOTS ( 'NONE', 3, 1, ( 
 ( #3944, #3858 ),
 ( #3615, #3593 ),
 ( #3584, #3529 ),
 ( #3297, #2713 ),
 ( #2581, #2235 ),
 ( #2175, #1596 ),
 ( #1575, #1246 ),
 ( #1186, #857 ),
 ( #849, #1711 ),
 ( #528, #522 ),
 ( #4294, #4287 ),
 ( #4276, #4270 ),
 ( #4263, #4255 ),
 ( #4243, #4229 ),
 ( #4074, #3176 ),
 ( #3952, #3934 ),
 ( #3929, #3923 ),
 ( #3910, #3267 ),
 ( #3261, #3251 ) ),
 .UNSPECIFIED., .F., .F., .F.,
 ( 4, 1, 1, 1, 1, 1, 1, 1, 1, 1, 1, 1, 1, 1, 1, 1, 4 ),
 ( 2, 2 ),
 ( 0.0000000000000000000, 0.07430379644281594200, 0.1443936103644178100, 0.2104994961032797300, 0.2735426065034680700, 0.3338247445790736300, 0.3925296724085027300, 0.4500874545995856000, 0.5078206115557880600, 0.5654649127768466300, 0.6231487223336199500, 0.6812971927909355900, 0.7409134981565808100, 0.8018557521958578100, 0.8652412377209433000, 0.9309416570467441400, 1.000000000000000000 ),
 ( 0.0000000000000000000, 1.000000000000000000 ),
 .UNSPECIFIED. ) ;
#3126 = CARTESIAN_POINT ( 'NONE',  ( -0.4751696014757090200, -0.1041811156140987600, 0.0000000000000000000 ) ) ;
#3127 = CARTESIAN_POINT ( 'NONE',  ( 0.3248036304379767200, -0.2019510520577615700, 6.776263578034402700E-018 ) ) ;
#3128 = CARTESIAN_POINT ( 'NONE',  ( -0.2883955792682912900, -0.2749551410968611400, 3.388131789017201400E-018 ) ) ;
#3129 = DIRECTION ( 'NONE',  ( 1.000000000000000000, 0.0000000000000000000, -0.0000000000000000000 ) ) ;
#3130 = FILL_AREA_STYLE_COLOUR ( '', #425 ) ;
#3131 = CARTESIAN_POINT ( 'NONE',  ( -0.2904916158536571300, -0.2200770923163732900, 0.01000000000000000000 ) ) ;
#3132 = CARTESIAN_POINT ( 'NONE',  ( 0.3523311418886930200, 0.1639609332968831300, 0.0000000000000000000 ) ) ;
#3133 = VERTEX_POINT ( 'NONE', #4320 ) ;
#3134 = CARTESIAN_POINT ( 'NONE',  ( -0.3345974694437324200, 0.1675073073196904600, 0.0000000000000000000 ) ) ;
#3135 = UNCERTAINTY_MEASURE_WITH_UNIT (LENGTH_MEASURE( 1.000000000000000100E-005 ), #2151, 'distance_accuracy_value', 'NONE');
#3136 = CARTESIAN_POINT ( 'NONE',  ( -0.2195121951219497800, 0.1701668101226511100, 0.0000000000000000000 ) ) ;
#3137 = DIRECTION ( 'NONE',  ( -0.0000000000000000000, -0.0000000000000000000, -1.000000000000000000 ) ) ;
#3138 = ORIENTED_EDGE ( 'NONE', *, *, #2659, .T. ) ;
#3139 = CARTESIAN_POINT ( 'NONE',  ( 0.3109756097560983400, 0.2113253467080170300, 0.0000000000000000000 ) ) ;
#3140 = CARTESIAN_POINT ( 'NONE',  ( -0.5448913222597637800, 0.05839634858975931200, 0.01000000000000000000 ) ) ;
#3141 = CARTESIAN_POINT ( 'NONE',  ( -0.4480639183564909000, -0.1538453297112271100, 0.0000000000000000000 ) ) ;
#3142 = CARTESIAN_POINT ( 'NONE',  ( 0.6156805012968636900, -0.02256746147911046000, 1.524659305057740600E-017 ) ) ;
#3143 = DIRECTION ( 'NONE',  ( -0.0000000000000000000, -0.0000000000000000000, -1.000000000000000000 ) ) ;
#3144 = PRESENTATION_LAYER_ASSIGNMENT (  '', '', ( #2686 ) ) ;
#3145 = CARTESIAN_POINT ( 'NONE',  ( 0.3109756097560982800, -0.2490405069505196000, 0.01000000000000000000 ) ) ;
#3146 = DIRECTION ( 'NONE',  ( 1.000000000000000000, 0.0000000000000000000, 0.0000000000000000000 ) ) ;
#3147 = ORIENTED_EDGE ( 'NONE', *, *, #1851, .F. ) ;
#3148 = CARTESIAN_POINT ( 'NONE',  ( -0.04268292682926762300, 0.1701668101226511100, 0.0000000000000000000 ) ) ;
#3149 = B_SPLINE_SURFACE_WITH_KNOTS ( 'NONE', 3, 1, ( 
 ( #1492, #2132 ),
 ( #64, #1087 ),
 ( #2894, #3760 ),
 ( #1082, #2281 ),
 ( #2078, #584 ),
 ( #3457, #4250 ),
 ( #1345, #1807 ),
 ( #2406, #1608 ),
 ( #2868, #207 ),
 ( #1894, #1954 ),
 ( #3348, #3703 ),
 ( #1769, #3621 ),
 ( #2884, #762 ),
 ( #1566, #1578 ),
 ( #2109, #459 ),
 ( #4299, #1171 ),
 ( #1789, #3315 ),
 ( #3431, #3142 ),
 ( #389, #2681 ) ),
 .UNSPECIFIED., .F., .F., .F.,
 ( 4, 1, 1, 1, 1, 1, 1, 1, 1, 1, 1, 1, 1, 1, 1, 1, 4 ),
 ( 2, 2 ),
 ( 0.0000000000000000000, 0.06460397028839215400, 0.1267024139629472600, 0.1867568140356183100, 0.2455056873654371500, 0.3036520244499752400, 0.3615030739706251400, 0.4202402229284673000, 0.4800333407766962400, 0.5406781347755159600, 0.6011918063807816200, 0.6623335024774421600, 0.7247395102972316000, 0.7894677361728864600, 0.8565048600438305300, 0.9263120958391900500, 1.000000000000000000 ),
 ( 0.0000000000000000000, 1.000000000000000000 ),
 .UNSPECIFIED. ) ;
#3150 = CARTESIAN_POINT ( 'NONE',  ( -0.3703077036300164700, -0.2656459259124787100, 1.016439536705160400E-017 ) ) ;
#3151 = EDGE_CURVE ( 'NONE', #2948, #2655, #4100, .T. ) ;
#3152 = CARTESIAN_POINT ( 'NONE',  ( 2.000000000000000000, -0.2500000000000002800, 0.2899999999999999800 ) ) ;
#3153 = CARTESIAN_POINT ( 'NONE',  ( 0.3668698776661528100, 0.1684074337117249200, 0.0000000000000000000 ) ) ;
#3154 = PLANE ( 'NONE',  #562 ) ;
#3155 = CARTESIAN_POINT ( 'NONE',  ( -0.4588251012888037700, -0.1386584080321667800, 0.0000000000000000000 ) ) ;
#3156 = LINE ( 'NONE', #1843, #2474 ) ;
#3157 = CARTESIAN_POINT ( 'NONE',  ( 0.3109756097560983400, -0.1941624581700318300, 0.01000000000000000000 ) ) ;
#3158 = LINE ( 'NONE', #2452, #428 ) ;
#3159 = ORIENTED_EDGE ( 'NONE', *, *, #3330, .F. ) ;
#3160 = AXIS2_PLACEMENT_3D ( 'NONE', #1643, #1663, #3361 ) ;
#3161 = ORIENTED_EDGE ( 'NONE', *, *, #351, .T. ) ;
#3162 = DIRECTION ( 'NONE',  ( 1.000000000000000000, 0.0000000000000000000, -0.0000000000000000000 ) ) ;
#3163 = CARTESIAN_POINT ( 'NONE',  ( 0.3109756097560982800, 0.1442521759763096800, 0.01000000000000000000 ) ) ;
#3164 = FILL_AREA_STYLE_COLOUR ( '', #1644 ) ;
#3165 = VECTOR ( 'NONE', #445, 1000.000000000000000 ) ;
#3166 = DIRECTION ( 'NONE',  ( 0.0000000000000000000, 0.0000000000000000000, -1.000000000000000000 ) ) ;
#3167 = ORIENTED_EDGE ( 'NONE', *, *, #2490, .T. ) ;
#3168 = CARTESIAN_POINT ( 'NONE',  ( 0.3109756097560983400, 0.2113253467080170300, 6.776263578034402700E-018 ) ) ;
#3169 = FACE_OUTER_BOUND ( 'NONE', #409, .T. ) ;
#3170 = LINE ( 'NONE', #1970, #2265 ) ;
#3171 = CARTESIAN_POINT ( 'NONE',  ( 0.3816842251632449600, 0.1719980169223478100, 0.0000000000000000000 ) ) ;
#3172 = LINE ( 'NONE', #3821, #2635 ) ;
#3173 = CARTESIAN_POINT ( 'NONE',  ( 0.6788953285478537300, 0.02221710479675125700, 0.01000000000000000000 ) ) ;
#3174 = FACE_BOUND ( 'NONE', #2780, .T. ) ;
#3175 = CARTESIAN_POINT ( 'NONE',  ( -0.5542882031863094500, 0.008118969072721247600, 0.0000000000000000000 ) ) ;
#3176 = CARTESIAN_POINT ( 'NONE',  ( -0.3538631564933580300, 0.1638485068511463500, 6.776263578034402700E-018 ) ) ;
#3177 = LINE ( 'NONE', #2049, #292 ) ;
#3178 = CARTESIAN_POINT ( 'NONE',  ( 0.3816842251632449600, 0.1719980169223478100, 0.01000000000000000000 ) ) ;
#3179 = AXIS2_PLACEMENT_3D ( 'NONE', #810, #2232, #81 ) ;
#3180 = CARTESIAN_POINT ( 'NONE',  ( -0.4677658563680944800, -0.1220487602865996500, 0.0000000000000000000 ) ) ;
#3181 = ORIENTED_EDGE ( 'NONE', *, *, #547, .F. ) ;
#3182 = VECTOR ( 'NONE', #1654, 1000.000000000000000 ) ;
#3183 = CARTESIAN_POINT ( 'NONE',  ( 0.1463414634146348300, 0.005532663781187717100, 0.01000000000000000000 ) ) ;
#3184 = SURFACE_STYLE_USAGE ( .BOTH. , #3292 ) ;
#3185 = ADVANCED_FACE ( 'NONE', ( #3356, #1507 ), #722, .T. ) ;
#3186 = EDGE_CURVE ( 'NONE', #1361, #1445, #778, .T. ) ;
#3187 = CARTESIAN_POINT ( 'NONE',  ( 0.3381595203132164400, 0.1583908642098385600, 6.776263578034402700E-018 ) ) ;
#3188 = EDGE_CURVE ( 'NONE', #2632, #1990, #4081, .T. ) ;
#3189 = CARTESIAN_POINT ( 'NONE',  ( -0.4358665464100900400, -0.1677160450705783800, 0.0000000000000000000 ) ) ;
#3190 = CARTESIAN_POINT ( 'NONE',  ( 0.3968518678333571900, 0.1744063222787549400, 0.0000000000000000000 ) ) ;
#3191 = ORIENTED_EDGE ( 'NONE', *, *, #1052, .F. ) ;
#3192 = CARTESIAN_POINT ( 'NONE',  ( -0.4221823489837568900, -0.1800535754266360300, 0.0000000000000000000 ) ) ;
#3193 = DIRECTION ( 'NONE',  ( -0.0000000000000000000, -0.0000000000000000000, -1.000000000000000000 ) ) ;
#3194 = ORIENTED_EDGE ( 'NONE', *, *, #869, .T. ) ;
#3195 = CARTESIAN_POINT ( 'NONE',  ( -1.500000000000000400, -1.349999999999999900, 2.000000000000000000 ) ) ;
#3196 = CARTESIAN_POINT ( 'NONE',  ( -0.2195121951219497800, 0.1701668101226511100, 0.0000000000000000000 ) ) ;
#3197 = LINE ( 'NONE', #3014, #2765 ) ;
#3198 = CARTESIAN_POINT ( 'NONE',  ( 0.3109756097560983400, 0.2113253467080170300, 0.01000000000000000000 ) ) ;
#3199 = CARTESIAN_POINT ( 'NONE',  ( 0.4123440683672717800, 0.1760266390732833400, 0.0000000000000000000 ) ) ;
#3200 = ORIENTED_EDGE ( 'NONE', *, *, #139, .F. ) ;
#3201 = CARTESIAN_POINT ( 'NONE',  ( -0.4071273330245606700, -0.1907964850329192400, 0.0000000000000000000 ) ) ;
#3202 = ORIENTED_EDGE ( 'NONE', *, *, #1108, .T. ) ;
#3203 = DIRECTION ( 'NONE',  ( -0.0000000000000000000, -0.0000000000000000000, -1.000000000000000000 ) ) ;
#3204 =( GEOMETRIC_REPRESENTATION_CONTEXT ( 3 ) GLOBAL_UNCERTAINTY_ASSIGNED_CONTEXT ( ( #655 ) ) GLOBAL_UNIT_ASSIGNED_CONTEXT ( ( #997, #1020, #1032 ) ) REPRESENTATION_CONTEXT ( 'NONE', 'WORKASPACE' ) );
#3205 = CARTESIAN_POINT ( 'NONE',  ( 0.4227917705111431400, 0.1761846008000914300, -0.0000000000000000000 ) ) ;
#3206 = DIRECTION ( 'NONE',  ( 1.000000000000000000, -0.0000000000000000000, 0.0000000000000000000 ) ) ;
#3207 = CARTESIAN_POINT ( 'NONE',  ( 0.6154434608049098600, -0.05187854469527426700, 0.01000000000000000000 ) ) ;
#3208 = CARTESIAN_POINT ( 'NONE',  ( -0.5914634146341462000, -0.2749551410968610900, 0.01000000000000000000 ) ) ;
#3209 = CARTESIAN_POINT ( 'NONE',  ( 0.4280678353658543500, 0.1762643710982608700, 0.0000000000000000000 ) ) ;
#3210 = PRODUCT_RELATED_PRODUCT_CATEGORY ( 'part', '', ( #1956 ) ) ;
#3211 = VECTOR ( 'NONE', #4247, 1000.000000000000000 ) ;
#3212 = VERTEX_POINT ( 'NONE', #3707 ) ;
#3213 = CARTESIAN_POINT ( 'NONE',  ( 1.500000000000000000, 1.350000000000000100, 1.800000000000000000 ) ) ;
#3214 = DIRECTION ( 'NONE',  ( -0.0000000000000000000, 0.0000000000000000000, -1.000000000000000000 ) ) ;
#3215 = VECTOR ( 'NONE', #2328, 1000.000000000000000 ) ;
#3216 = STYLED_ITEM ( 'NONE', ( #1892 ), #3312 ) ;
#3217 = EDGE_LOOP ( 'NONE', ( #1872, #2820, #3393, #3319 ) ) ;
#3218 = EDGE_CURVE ( 'NONE', #3523, #3231, #880, .T. ) ;
#3219 = ORIENTED_EDGE ( 'NONE', *, *, #3386, .T. ) ;
#3220 = ORIENTED_EDGE ( 'NONE', *, *, #3124, .T. ) ;
#3221 = ORIENTED_EDGE ( 'NONE', *, *, #3067, .T. ) ;
#3222 = CARTESIAN_POINT ( 'NONE',  ( 0.3109756097560983400, 0.2113253467080170300, 0.01000000000000000000 ) ) ;
#3223 = CIRCLE ( 'NONE', #190, 1.550000000000000300 ) ;
#3224 = VECTOR ( 'NONE', #2541, 1000.000000000000000 ) ;
#3225 = CARTESIAN_POINT ( 'NONE',  ( 0.4767545418744458800, -0.2231603268169375100, 0.01000000000000000000 ) ) ;
#3226 = CARTESIAN_POINT ( 'NONE',  ( -0.03048780487804810300, -0.04934538499930010700, 0.01000000000000000000 ) ) ;
#3227 = VECTOR ( 'NONE', #4146, 1000.000000000000000 ) ;
#3228 = FACE_OUTER_BOUND ( 'NONE', #3472, .T. ) ;
#3229 = CARTESIAN_POINT ( 'NONE',  ( -0.4193364853228162000, 0.1996555894078171600, 0.01000000000000000000 ) ) ;
#3230 = STYLED_ITEM ( 'NONE', ( #1634 ), #1383 ) ;
#3231 = VERTEX_POINT ( 'NONE', #3136 ) ;
#3232 = SURFACE_SIDE_STYLE ('',( #1057 ) ) ;
#3233 = CARTESIAN_POINT ( 'NONE',  ( 3.764590876685778700E-017, -0.2499999999999999400, -0.0000000000000000000 ) ) ;
#3234 = CARTESIAN_POINT ( 'NONE',  ( 0.9146341463414641200, -0.2200770923163732900, 0.01000000000000000000 ) ) ;
#3235 = CARTESIAN_POINT ( 'NONE',  ( 0.3109756097560982800, -0.1941624581700318000, -0.0000000000000000000 ) ) ;
#3236 = CARTESIAN_POINT ( 'NONE',  ( 3.799999999999999800, -0.2500000000000005600, -0.01000000000000000000 ) ) ;
#3237 = VERTEX_POINT ( 'NONE', #3128 ) ;
#3238 = UNCERTAINTY_MEASURE_WITH_UNIT (LENGTH_MEASURE( 1.000000000000000100E-005 ), #2411, 'distance_accuracy_value', 'NONE');
#3239 = VERTEX_POINT ( 'NONE', #30 ) ;
#3240 = AXIS2_PLACEMENT_3D ( 'NONE', #601, #853, #860 ) ;
#3241 = ORIENTED_EDGE ( 'NONE', *, *, #1661, .T. ) ;
#3242 = EDGE_CURVE ( 'NONE', #1646, #3378, #523, .T. ) ;
#3243 = CARTESIAN_POINT ( 'NONE',  ( 0.6822828863907657300, -0.005621374391815121300, 0.01000000000000000000 ) ) ;
#3244 = CARTESIAN_POINT ( 'NONE',  ( -0.3703077036300164700, -0.2656459259124787100, 0.0000000000000000000 ) ) ;
#3245 = CARTESIAN_POINT ( 'NONE',  ( 0.3109756097560983400, 0.2113253467080170300, 0.01000000000000000000 ) ) ;
#3246 = ADVANCED_FACE ( 'NONE', ( #717 ), #3087, .F. ) ;
#3247 = ORIENTED_EDGE ( 'NONE', *, *, #2668, .T. ) ;
#3248 = CARTESIAN_POINT ( 'NONE',  ( -0.8211699695121950100, 0.1290082735372852800, 0.0000000000000000000 ) ) ;
#3249 = SURFACE_STYLE_USAGE ( .BOTH. , #2958 ) ;
#3250 = CARTESIAN_POINT ( 'NONE',  ( 1.750000000000000000, 1.750000000000001600, 0.8000000000000012700 ) ) ;
#3251 = CARTESIAN_POINT ( 'NONE',  ( -0.2932545731707302800, 0.1701668101226511100, 6.776263578034402700E-018 ) ) ;
#3252 = ORIENTED_EDGE ( 'NONE', *, *, #2538, .T. ) ;
#3253 = CARTESIAN_POINT ( 'NONE',  ( -0.05487804878048714600, -0.2200770923163732900, 0.01000000000000000000 ) ) ;
#3254 = VECTOR ( 'NONE', #4068, 1000.000000000000000 ) ;
#3255 = CARTESIAN_POINT ( 'NONE',  ( 0.9817073170731713800, -0.2749551410968610900, 0.01000000000000000000 ) ) ;
#3256 = MECHANICAL_DESIGN_GEOMETRIC_PRESENTATION_REPRESENTATION (  '', ( #2798 ), #3502 ) ;
#3257 = VERTEX_POINT ( 'NONE', #2571 ) ;
#3258 = CARTESIAN_POINT ( 'NONE',  ( 0.6788953285478537300, 0.02221710479675125700, 0.01000000000000000000 ) ) ;
#3259 = ORIENTED_EDGE ( 'NONE', *, *, #1611, .T. ) ;
#3260 = CARTESIAN_POINT ( 'NONE',  ( -0.4613397204180551000, -0.2215513866132785800, 1.016439536705160400E-017 ) ) ;
#3261 = CARTESIAN_POINT ( 'NONE',  ( -0.2932545731707302800, 0.1701668101226511100, 0.01000000000000000000 ) ) ;
#3262 = DIRECTION ( 'NONE',  ( 0.0000000000000000000, -1.000000000000000000, 0.0000000000000000000 ) ) ;
#3263 = EDGE_CURVE ( 'NONE', #460, #518, #694, .T. ) ;
#3264 = CIRCLE ( 'NONE', #46, 1.750000000000000000 ) ;
#3265 = ORIENTED_EDGE ( 'NONE', *, *, #2897, .F. ) ;
#3266 = EDGE_LOOP ( 'NONE', ( #2448, #2758, #3624, #4248 ) ) ;
#3267 = CARTESIAN_POINT ( 'NONE',  ( -0.3003742112739502000, 0.1700203130381039200, 6.776263578034402700E-018 ) ) ;
#3268 = CARTESIAN_POINT ( 'NONE',  ( -0.2195121951219497800, 0.1701668101226511100, 0.01000000000000000000 ) ) ;
#3269 = VECTOR ( 'NONE', #763, 1000.000000000000000 ) ;
#3270 = EDGE_CURVE ( 'NONE', #1761, #2083, #2537, .T. ) ;
#3271 = FACE_OUTER_BOUND ( 'NONE', #1225, .T. ) ;
#3272 = LINE ( 'NONE', #4193, #2477 ) ;
#3273 = EDGE_CURVE ( 'NONE', #1601, #4345, #2732, .T. ) ;
#3274 = DIRECTION ( 'NONE',  ( -0.0000000000000000000, -0.0000000000000000000, -1.000000000000000000 ) ) ;
#3275 = COLOUR_RGB ( '',0.6666666666666666300, 0.6666666666666666300, 0.6666666666666666300 ) ;
#3276 = VECTOR ( 'NONE', #1754, 1000.000000000000000 ) ;
#3277 = CARTESIAN_POINT ( 'NONE',  ( 0.6733368993461261700, 0.04861410252434884800, 0.01000000000000000000 ) ) ;
#3278 = MECHANICAL_DESIGN_GEOMETRIC_PRESENTATION_REPRESENTATION (  '', ( #2819 ), #3517 ) ;
#3279 = FACE_OUTER_BOUND ( 'NONE', #1874, .T. ) ;
#3280 = CARTESIAN_POINT ( 'NONE',  ( 0.4481291366731994800, 0.1758330163923385600, 0.0000000000000000000 ) ) ;
#3281 = LINE ( 'NONE', #1876, #2904 ) ;
#3282 = CARTESIAN_POINT ( 'NONE',  ( -0.3127223659116400400, -0.2195965401031683100, 0.0000000000000000000 ) ) ;
#3283 = DIRECTION ( 'NONE',  ( -1.505836350674311700E-016, -1.000000000000000000, 0.0000000000000000000 ) ) ;
#3284 = CARTESIAN_POINT ( 'NONE',  ( -0.2980254002394434600, -0.2199142378579786400, -0.0000000000000000000 ) ) ;
#3285 = FACE_OUTER_BOUND ( 'NONE', #686, .T. ) ;
#3286 = MECHANICAL_DESIGN_GEOMETRIC_PRESENTATION_REPRESENTATION (  '', ( #2827 ), #3527 ) ;
#3287 = FILL_AREA_STYLE_COLOUR ( '', #4222 ) ;
#3288 = CARTESIAN_POINT ( 'NONE',  ( 0.6129680645552328900, 0.01444012799955415500, 0.0000000000000000000 ) ) ;
#3289 = ADVANCED_FACE ( 'NONE', ( #1648 ), #2242, .F. ) ;
#3290 = EDGE_LOOP ( 'NONE', ( #634, #796, #3668, #611 ) ) ;
#3291 = MECHANICAL_DESIGN_GEOMETRIC_PRESENTATION_REPRESENTATION (  '', ( #2835 ), #3533 ) ;
#3292 = SURFACE_SIDE_STYLE ('',( #3784 ) ) ;
#3293 = EDGE_CURVE ( 'NONE', #2413, #83, #1068, .T. ) ;
#3294 = CARTESIAN_POINT ( 'NONE',  ( 0.6552522120671927500, 0.09699711865594502800, 0.01000000000000000000 ) ) ;
#3295 = ORIENTED_EDGE ( 'NONE', *, *, #1686, .F. ) ;
#3296 = DIRECTION ( 'NONE',  ( 0.0000000000000000000, 1.000000000000000000, 0.0000000000000000000 ) ) ;
#3297 = CARTESIAN_POINT ( 'NONE',  ( -0.4848443947653947000, 0.02404123866160717100, 0.01000000000000000000 ) ) ;
#3298 = UNCERTAINTY_MEASURE_WITH_UNIT (LENGTH_MEASURE( 1.000000000000000100E-005 ), #1337, 'distance_accuracy_value', 'NONE');
#3299 = EDGE_CURVE ( 'NONE', #1066, #4207, #20, .T. ) ;
#3300 = ORIENTED_EDGE ( 'NONE', *, *, #3793, .F. ) ;
#3301 = VECTOR ( 'NONE', #3761, 1000.000000000000000 ) ;
#3302 = CARTESIAN_POINT ( 'NONE',  ( -0.8134527439024388200, 0.1640692491470413500, 0.01000000000000000000 ) ) ;
#3303 = EDGE_LOOP ( 'NONE', ( #1938, #2172, #2766, #301 ) ) ;
#3304 = CARTESIAN_POINT ( 'NONE',  ( 0.6653820571764721400, 0.07352954886407069000, 0.01000000000000000000 ) ) ;
#3305 = DIRECTION ( 'NONE',  ( 0.0000000000000000000, 0.0000000000000000000, 1.000000000000000000 ) ) ;
#3306 = VERTEX_POINT ( 'NONE', #1242 ) ;
#3307 = CARTESIAN_POINT ( 'NONE',  ( -0.3542990767548198600, -0.2130223420384684500, 1.185846126156020500E-017 ) ) ;
#3308 = DIRECTION ( 'NONE',  ( 1.000000000000000000, -1.505836350674311700E-016, 0.0000000000000000000 ) ) ;
#3309 = CARTESIAN_POINT ( 'NONE',  ( -0.8118330792682925100, 0.1640692491470413500, 0.01000000000000000000 ) ) ;
#3310 = ORIENTED_EDGE ( 'NONE', *, *, #1485, .F. ) ;
#3311 = STYLED_ITEM ( 'NONE', ( #1051 ), #1265 ) ;
#3312 = ADVANCED_FACE ( 'NONE', ( #1991 ), #4271, .T. ) ;
#3313 = VECTOR ( 'NONE', #1562, 1000.000000000000000 ) ;
#3314 = EDGE_LOOP ( 'NONE', ( #3108, #2565, #1264, #3221 ) ) ;
#3315 = CARTESIAN_POINT ( 'NONE',  ( 0.6153433058964603600, -0.007528093710022619300, 1.524659305057740600E-017 ) ) ;
#3316 = CARTESIAN_POINT ( 'NONE',  ( 0.6282416040731024800, 0.1395686924965503200, 0.01000000000000000000 ) ) ;
#3317 = B_SPLINE_CURVE_WITH_KNOTS ( 'NONE', 3,
 ( #3389, #2794, #3933, #3992, #3997, #3982, #4021, #4033, #4038, #3708, #3139 ),
 .UNSPECIFIED., .F., .F.,
 ( 4, 1, 1, 1, 1, 1, 1, 1, 4 ),
 ( 0.0000000000000000000, 0.1451868664724689000, 0.2834426109197292200, 0.4165243659288286900, 0.5431811235350828500, 0.6651530826377133300, 0.7813602063127153000, 0.8927566556418089500, 0.9999999999999998900 ),
 .UNSPECIFIED. ) ;
#3318 = PRESENTATION_STYLE_ASSIGNMENT (( #1419 ) ) ;
#3319 = ORIENTED_EDGE ( 'NONE', *, *, #3505, .T. ) ;
#3320 = CARTESIAN_POINT ( 'NONE',  ( -0.2979659377577952900, -0.2747819884087833700, -0.0000000000000000000 ) ) ;
#3321 = ORIENTED_EDGE ( 'NONE', *, *, #3186, .F. ) ;
#3322 = CARTESIAN_POINT ( 'NONE',  ( -0.4588251012888037700, -0.1386584080321667800, 0.01000000000000000000 ) ) ;
#3323 = CARTESIAN_POINT ( 'NONE',  ( -0.2904916158536571300, -0.2200770923163732900, 0.0000000000000000000 ) ) ;
#3324 = CARTESIAN_POINT ( 'NONE',  ( 3.500000000000000000, 0.2499999999999997800, 0.5000000000000000000 ) ) ;
#3325 = CARTESIAN_POINT ( 'NONE',  ( 2.000000000000000000, -0.2500000000000002800, 0.2899999999999999800 ) ) ;
#3326 = CARTESIAN_POINT ( 'NONE',  ( 0.6429387546605859200, 0.1190480376029081100, 0.01000000000000000000 ) ) ;
#3327 =( LENGTH_UNIT ( ) NAMED_UNIT ( * ) SI_UNIT ( .MILLI., .METRE. ) );
#3328 = UNCERTAINTY_MEASURE_WITH_UNIT (LENGTH_MEASURE( 1.000000000000000100E-005 ), #316, 'distance_accuracy_value', 'NONE');
#3329 = CARTESIAN_POINT ( 'NONE',  ( 3.799999999999999800, -0.2500000000000005600, 0.2899999999999999800 ) ) ;
#3330 = EDGE_CURVE ( 'NONE', #3428, #3523, #3379, .T. ) ;
#3331 = LINE ( 'NONE', #3674, #177 ) ;
#3332 = EDGE_CURVE ( 'NONE', #1560, #2131, #2476, .T. ) ;
#3333 = CARTESIAN_POINT ( 'NONE',  ( -0.4849282495683435700, -0.06451255395217828100, 0.0000000000000000000 ) ) ;
#3334 = PRESENTATION_STYLE_ASSIGNMENT (( #1766 ) ) ;
#3335 = SURFACE_STYLE_FILL_AREA ( #1203 ) ;
#3336 = CARTESIAN_POINT ( 'NONE',  ( 0.4457335509202433600, -0.2260091042500413600, 3.388131789017201400E-018 ) ) ;
#3337 = SURFACE_STYLE_FILL_AREA ( #2857 ) ;
#3338 = CARTESIAN_POINT ( 'NONE',  ( 0.6113948168277751900, 0.1584196055067120200, 0.01000000000000000000 ) ) ;
#3339 = AXIS2_PLACEMENT_3D ( 'NONE', #1098, #758, #2753 ) ;
#3340 = CARTESIAN_POINT ( 'NONE',  ( -0.4876323200385808100, -0.02778741794641852200, 1.185846126156020500E-017 ) ) ;
#3341 = ORIENTED_EDGE ( 'NONE', *, *, #1471, .F. ) ;
#3342 = ADVANCED_FACE ( 'NONE', ( #1574 ), #571, .T. ) ;
#3343 = CARTESIAN_POINT ( 'NONE',  ( 0.4742051573765537800, -0.2804805589472413900, 0.0000000000000000000 ) ) ;
#3344 = FILL_AREA_STYLE ('',( #3130 ) ) ;
#3345 = PRESENTATION_LAYER_ASSIGNMENT (  '', '', ( #2886 ) ) ;
#3346 = ORIENTED_EDGE ( 'NONE', *, *, #1808, .T. ) ;
#3347 = CARTESIAN_POINT ( 'NONE',  ( -0.03048780487804810300, 0.005532663781187717100, 0.01000000000000000000 ) ) ;
#3348 = CARTESIAN_POINT ( 'NONE',  ( 0.5761349786781614400, 0.1060958577627817800, 0.01000000000000000000 ) ) ;
#3349 = CARTESIAN_POINT ( 'NONE',  ( -0.5506537293359076200, 0.03396296961618094200, 0.0000000000000000000 ) ) ;
#3350 = ORIENTED_EDGE ( 'NONE', *, *, #1048, .T. ) ;
#3351 = EDGE_CURVE ( 'NONE', #1601, #1303, #4170, .T. ) ;
#3352 = DIRECTION ( 'NONE',  ( -1.000000000000000000, 0.0000000000000000000, 0.0000000000000000000 ) ) ;
#3353 = DIRECTION ( 'NONE',  ( 1.000000000000000000, 0.0000000000000000000, 0.0000000000000000000 ) ) ;
#3354 = DIRECTION ( 'NONE',  ( 0.0000000000000000000, 0.0000000000000000000, 1.000000000000000000 ) ) ;
#3355 = UNCERTAINTY_MEASURE_WITH_UNIT (LENGTH_MEASURE( 1.000000000000000100E-005 ), #352, 'distance_accuracy_value', 'NONE');
#3356 = FACE_BOUND ( 'NONE', #1055, .T. ) ;
#3357 = MECHANICAL_DESIGN_GEOMETRIC_PRESENTATION_REPRESENTATION (  '', ( #2445 ), #3595 ) ;
#3358 = CARTESIAN_POINT ( 'NONE',  ( -3.799999999999999800, -0.2500000000000005600, -0.01000000000000000000 ) ) ;
#3359 = EDGE_CURVE ( 'NONE', #3757, #1681, #1473, .T. ) ;
#3360 = CARTESIAN_POINT ( 'NONE',  ( 0.5730602608781829600, 0.1904165701611277300, 0.01000000000000000000 ) ) ;
#3361 = DIRECTION ( 'NONE',  ( 0.0000000000000000000, -0.0000000000000000000, 1.000000000000000000 ) ) ;
#3362 = EDGE_CURVE ( 'NONE', #104, #3306, #231, .T. ) ;
#3363 = ADVANCED_FACE ( 'NONE', ( #542 ), #3125, .T. ) ;
#3364 = VERTEX_POINT ( 'NONE', #419 ) ;
#3365 = ORIENTED_EDGE ( 'NONE', *, *, #4239, .F. ) ;
#3366 =( NAMED_UNIT ( * ) SI_UNIT ( $, .STERADIAN. ) SOLID_ANGLE_UNIT ( ) );
#3367 = CARTESIAN_POINT ( 'NONE',  ( -0.5546784648335992800, -0.009603548055271438400, 0.01000000000000000000 ) ) ;
#3368 = CARTESIAN_POINT ( 'NONE',  ( -0.8101486246691070900, 0.1537828242598459900, 0.0000000000000000000 ) ) ;
#3369 = EDGE_LOOP ( 'NONE', ( #1887, #2937, #647, #2277 ) ) ;
#3370 = SURFACE_STYLE_USAGE ( .BOTH. , #3516 ) ;
#3371 = CARTESIAN_POINT ( 'NONE',  ( 0.5929558394664787800, 0.1755063587573295600, 0.01000000000000000000 ) ) ;
#3372 = FILL_AREA_STYLE_COLOUR ( '', #2213 ) ;
#3373 = CARTESIAN_POINT ( 'NONE',  ( -0.8475609756097559600, 0.2250448589031389100, 0.0000000000000000000 ) ) ;
#3374 = MECHANICAL_DESIGN_GEOMETRIC_PRESENTATION_REPRESENTATION (  '', ( #2686 ), #3611 ) ;
#3375 = VECTOR ( 'NONE', #2427, 1000.000000000000000 ) ;
#3376 = ORIENTED_EDGE ( 'NONE', *, *, #3535, .F. ) ;
#3377 = ORIENTED_EDGE ( 'NONE', *, *, #3600, .T. ) ;
#3378 = VERTEX_POINT ( 'NONE', #3236 ) ;
#3379 = LINE ( 'NONE', #1175, #636 ) ;
#3380 = DIRECTION ( 'NONE',  ( 0.0000000000000000000, 0.0000000000000000000, 1.000000000000000000 ) ) ;
#3381 =( LENGTH_UNIT ( ) NAMED_UNIT ( * ) SI_UNIT ( .MILLI., .METRE. ) );
#3382 = SURFACE_STYLE_FILL_AREA ( #4080 ) ;
#3383 = DIRECTION ( 'NONE',  ( 0.3390537954853692900, 0.9407669869669987900, 0.0000000000000000000 ) ) ;
#3384 = AXIS2_PLACEMENT_3D ( 'NONE', #2760, #2790, #2812 ) ;
#3385 = FILL_AREA_STYLE_COLOUR ( '', #1693 ) ;
#3386 = EDGE_CURVE ( 'NONE', #142, #2036, #1362, .T. ) ;
#3387 =( NAMED_UNIT ( * ) SI_UNIT ( $, .STERADIAN. ) SOLID_ANGLE_UNIT ( ) );
#3388 =( NAMED_UNIT ( * ) PLANE_ANGLE_UNIT ( ) SI_UNIT ( $, .RADIAN. ) );
#3389 = CARTESIAN_POINT ( 'NONE',  ( 0.4286394817073178000, 0.2311424198787486700, 0.0000000000000000000 ) ) ;
#3390 = CARTESIAN_POINT ( 'NONE',  ( 0.6733368993461261700, 0.04861410252434884800, 0.0000000000000000000 ) ) ;
#3391 = PRESENTATION_LAYER_ASSIGNMENT (  '', '', ( #2930 ) ) ;
#3392 = EDGE_CURVE ( 'NONE', #4207, #4221, #432, .T. ) ;
#3393 = ORIENTED_EDGE ( 'NONE', *, *, #3186, .T. ) ;
#3394 = CARTESIAN_POINT ( 'NONE',  ( 0.4285799291129857600, -0.2808184652986754300, 0.0000000000000000000 ) ) ;
#3395 = CARTESIAN_POINT ( 'NONE',  ( 0.5519480709241034700, 0.2030169446059528200, 0.01000000000000000000 ) ) ;
#3396 = CARTESIAN_POINT ( 'NONE',  ( -0.5542882031863094500, 0.008118969072721247600, 0.01000000000000000000 ) ) ;
#3397 = DIRECTION ( 'NONE',  ( 1.000000000000000000, 0.0000000000000000000, 0.0000000000000000000 ) ) ;
#3398 = CARTESIAN_POINT ( 'NONE',  ( 0.5107842865561871300, -0.2132732091469785600, 3.388131789017201400E-018 ) ) ;
#3399 = CARTESIAN_POINT ( 'NONE',  ( 0.5296491528746722900, 0.2133905728109923300, 0.01000000000000000000 ) ) ;
#3400 = CARTESIAN_POINT ( 'NONE',  ( 0.6584940782872652500, -0.1565732012068437000, 6.776263578034402700E-018 ) ) ;
#3401 = CARTESIAN_POINT ( 'NONE',  ( -0.4808271108893143500, -0.08497673556289722700, 0.0000000000000000000 ) ) ;
#3402 = DIRECTION ( 'NONE',  ( -1.000000000000000000, 0.0000000000000000000, 0.0000000000000000000 ) ) ;
#3403 = CARTESIAN_POINT ( 'NONE',  ( 0.4376700701921746300, 0.2309323073720220600, -0.0000000000000000000 ) ) ;
#3404 = ORIENTED_EDGE ( 'NONE', *, *, #295, .T. ) ;
#3405 = EDGE_CURVE ( 'NONE', #1900, #3428, #3662, .T. ) ;
#3406 = CARTESIAN_POINT ( 'NONE',  ( -0.2935403963414620100, 0.2250448589031389100, 0.01000000000000000000 ) ) ;
#3407 = ADVANCED_FACE ( 'NONE', ( #1248, #4056 ), #2873, .F. ) ;
#3408 = ORIENTED_EDGE ( 'NONE', *, *, #3791, .T. ) ;
#3409 = AXIS2_PLACEMENT_3D ( 'NONE', #3634, #4251, #1201 ) ;
#3410 = ORIENTED_EDGE ( 'NONE', *, *, #1243, .T. ) ;
#3411 = CARTESIAN_POINT ( 'NONE',  ( 0.1463414634146348300, -0.2200770923163732900, 0.01000000000000000000 ) ) ;
#3412 = CARTESIAN_POINT ( 'NONE',  ( 0.3381595203132164400, 0.1583908642098385600, 0.0000000000000000000 ) ) ;
#3413 = UNCERTAINTY_MEASURE_WITH_UNIT (LENGTH_MEASURE( 1.000000000000000100E-005 ), #1595, 'distance_accuracy_value', 'NONE');
#3414 = EDGE_CURVE ( 'NONE', #3509, #4345, #3055, .T. ) ;
#3415 = B_SPLINE_CURVE_WITH_KNOTS ( 'NONE', 3,
 ( #308, #638, #3046, #988, #3390, #1356, #3720, #1699, #4058, #2021, #4386, #2383, #323, #2714, #653, #3056, #1003, #3403, #1374 ),
 .UNSPECIFIED., .F., .F.,
 ( 4, 1, 1, 1, 1, 1, 1, 1, 1, 1, 1, 1, 1, 1, 1, 1, 4 ),
 ( 0.0000000000000000000, 0.07064371857535413400, 0.1382567155089045600, 0.2033641242175800200, 0.2663240938030567700, 0.3279047615429893100, 0.3887377151730920800, 0.4494235281093023100, 0.5108610114593154000, 0.5720793960475145700, 0.6317344287314452500, 0.6911172105788376800, 0.7503600294901704400, 0.8100329005312619800, 0.8713624508287359800, 0.9344271412311532200, 1.000000000000000000 ),
 .UNSPECIFIED. ) ;
#3416 = CARTESIAN_POINT ( 'NONE',  ( -0.3341406441838917800, -0.2170736392966999600, 0.0000000000000000000 ) ) ;
#3417 = FILL_AREA_STYLE ('',( #2153 ) ) ;
#3418 = CARTESIAN_POINT ( 'NONE',  ( 0.3155717748205165700, -0.1967512352590506100, 0.01000000000000000000 ) ) ;
#3419 = EDGE_CURVE ( 'NONE', #106, #2316, #329, .T. ) ;
#3420 = CARTESIAN_POINT ( 'NONE',  ( 0.4286394817073178000, 0.2311424198787486700, 0.01000000000000000000 ) ) ;
#3421 = VERTEX_POINT ( 'NONE', #1580 ) ;
#3422 = DIRECTION ( 'NONE',  ( 0.0000000000000000000, 1.000000000000000000, 0.0000000000000000000 ) ) ;
#3423 = CARTESIAN_POINT ( 'NONE',  ( -0.2935403963414620100, 0.2250448589031389100, 0.01000000000000000000 ) ) ;
#3424 = EDGE_LOOP ( 'NONE', ( #3341, #125, #2717, #1974 ) ) ;
#3425 = CARTESIAN_POINT ( 'NONE',  ( 0.3109756097560983400, -0.1941624581700318300, 3.388131789017201400E-018 ) ) ;
#3426 = EDGE_CURVE ( 'NONE', #1832, #3257, #2952, .T. ) ;
#3427 = CARTESIAN_POINT ( 'NONE',  ( 0.5060815322072960100, 0.2213092042433529300, 0.01000000000000000000 ) ) ;
#3428 = VERTEX_POINT ( 'NONE', #1235 ) ;
#3429 = VERTEX_POINT ( 'NONE', #1193 ) ;
#3430 = AXIS2_PLACEMENT_3D ( 'NONE', #811, #835, #842 ) ;
#3431 = CARTESIAN_POINT ( 'NONE',  ( 0.6156805012968636900, -0.02256746147911046000, 0.01000000000000000000 ) ) ;
#3432 = CARTESIAN_POINT ( 'NONE',  ( -0.5448913222597637800, 0.05839634858975931200, 0.0000000000000000000 ) ) ;
#3433 = LINE ( 'NONE', #2917, #1524 ) ;
#3434 = VECTOR ( 'NONE', #980, 1000.000000000000000 ) ;
#3435 = EDGE_LOOP ( 'NONE', ( #4090, #2704, #488, #1571, #3365, #827 ) ) ;
#3436 = ADVANCED_FACE ( 'NONE', ( #3849 ), #1224, .T. ) ;
#3437 = CARTESIAN_POINT ( 'NONE',  ( -0.4872970335962055200, -0.04273183463745957400, 0.0000000000000000000 ) ) ;
#3438 = SURFACE_STYLE_USAGE ( .BOTH. , #2698 ) ;
#3439 = LINE ( 'NONE', #561, #4313 ) ;
#3440 = CARTESIAN_POINT ( 'NONE',  ( 0.1463414634146348300, 0.1701668101226511100, 0.01000000000000000000 ) ) ;
#3441 = CARTESIAN_POINT ( 'NONE',  ( 0.6474648039987288600, -0.1770055700205153400, 6.776263578034402700E-018 ) ) ;
#3442 = ORIENTED_EDGE ( 'NONE', *, *, #427, .T. ) ;
#3443 = CARTESIAN_POINT ( 'NONE',  ( -0.2935403963414620100, 0.2250448589031389100, 0.01000000000000000000 ) ) ;
#3444 = CARTESIAN_POINT ( 'NONE',  ( 0.4813554753168048400, 0.2269961549871858900, 0.01000000000000000000 ) ) ;
#3445 = DIRECTION ( 'NONE',  ( -1.000000000000000000, 0.0000000000000000000, 0.0000000000000000000 ) ) ;
#3446 = PRESENTATION_STYLE_ASSIGNMENT (( #4228 ) ) ;
#3447 = CARTESIAN_POINT ( 'NONE',  ( 0.7256097560975616200, -0.2200770923163732900, 0.01000000000000000000 ) ) ;
#3448 = FACE_OUTER_BOUND ( 'NONE', #1830, .T. ) ;
#3449 = VECTOR ( 'NONE', #4218, 1000.000000000000000 ) ;
#3450 = CARTESIAN_POINT ( 'NONE',  ( 0.4553858262546225400, 0.2305201191828381300, 0.01000000000000000000 ) ) ;
#3451 = AXIS2_PLACEMENT_3D ( 'NONE', #1885, #1798, #1792 ) ;
#3452 = EDGE_CURVE ( 'NONE', #4241, #4329, #3439, .T. ) ;
#3453 = SURFACE_SIDE_STYLE ('',( #596 ) ) ;
#3454 = COLOUR_RGB ( '',0.6666666666666666300, 0.6666666666666666300, 0.6666666666666666300 ) ;
#3455 = SURFACE_STYLE_FILL_AREA ( #1282 ) ;
#3456 = VECTOR ( 'NONE', #2650, 1000.000000000000000 ) ;
#3457 = CARTESIAN_POINT ( 'NONE',  ( 0.5035959877791480500, 0.1626897732940341700, 0.01000000000000000000 ) ) ;
#3458 = EDGE_CURVE ( 'NONE', #97, #4297, #2530, .T. ) ;
#3459 = CARTESIAN_POINT ( 'NONE',  ( -0.8964367378048779800, -0.07983318987734888700, 0.0000000000000000000 ) ) ;
#3460 = CARTESIAN_POINT ( 'NONE',  ( -0.3142672990260576600, 0.1697344422085006500, 0.0000000000000000000 ) ) ;
#3461 = ORIENTED_EDGE ( 'NONE', *, *, #598, .T. ) ;
#3462 = DIRECTION ( 'NONE',  ( 0.0000000000000000000, -1.000000000000000000, 0.0000000000000000000 ) ) ;
#3463 = DIRECTION ( 'NONE',  ( -0.0000000000000000000, -0.0000000000000000000, -1.000000000000000000 ) ) ;
#3464 = CARTESIAN_POINT ( 'NONE',  ( 0.4376700701921746300, 0.2309323073720220600, 0.01000000000000000000 ) ) ;
#3465 = ADVANCED_FACE ( 'NONE', ( #2839 ), #182, .T. ) ;
#3466 = DIRECTION ( 'NONE',  ( 1.000000000000000000, 0.0000000000000000000, 0.0000000000000000000 ) ) ;
#3467 = CARTESIAN_POINT ( 'NONE',  ( 1.750000000000000400, 0.0000000000000000000, 1.000000000000000000 ) ) ;
#3468 =( LENGTH_UNIT ( ) NAMED_UNIT ( * ) SI_UNIT ( .MILLI., .METRE. ) );
#3469 = AXIS2_PLACEMENT_3D ( 'NONE', #1245, #3027, #3826 ) ;
#3470 = DIRECTION ( 'NONE',  ( 0.0000000000000000000, 0.0000000000000000000, -1.000000000000000000 ) ) ;
#3471 = PLANE ( 'NONE',  #2432 ) ;
#3472 = EDGE_LOOP ( 'NONE', ( #1816, #2808, #2676, #264 ) ) ;
#3473 = DIRECTION ( 'NONE',  ( 0.0000000000000000000, 0.0000000000000000000, 1.000000000000000000 ) ) ;
#3474 = SURFACE_STYLE_FILL_AREA ( #3565 ) ;
#3475 = CARTESIAN_POINT ( 'NONE',  ( 0.3248036304379767200, -0.2019510520577615700, 0.01000000000000000000 ) ) ;
#3476 = CARTESIAN_POINT ( 'NONE',  ( -0.5132506857202197000, 0.1232320010283776600, 0.0000000000000000000 ) ) ;
#3477 = CARTESIAN_POINT ( 'NONE',  ( 0.6156805012968636900, -0.02256746147911046000, 0.01000000000000000000 ) ) ;
#3478 = ADVANCED_FACE ( 'NONE', ( #4220 ), #1740, .F. ) ;
#3479 = DIRECTION ( 'NONE',  ( -1.000000000000000000, 0.0000000000000000000, 0.0000000000000000000 ) ) ;
#3480 = PLANE ( 'NONE',  #38 ) ;
#3481 = SURFACE_STYLE_FILL_AREA ( #3344 ) ;
#3482 = PRESENTATION_LAYER_ASSIGNMENT (  '', '', ( #3023 ) ) ;
#3483 = DIRECTION ( 'NONE',  ( -0.0000000000000000000, -0.0000000000000000000, -1.000000000000000000 ) ) ;
#3484 = DIRECTION ( 'NONE',  ( -0.0000000000000000000, -0.0000000000000000000, -1.000000000000000000 ) ) ;
#3485 = DIRECTION ( 'NONE',  ( -0.0000000000000000000, -0.0000000000000000000, -1.000000000000000000 ) ) ;
#3486 = EDGE_CURVE ( 'NONE', #4207, #1413, #2092, .T. ) ;
#3487 = CARTESIAN_POINT ( 'NONE',  ( -0.2904916158536571300, -0.2200770923163732900, 0.01000000000000000000 ) ) ;
#3488 =( NAMED_UNIT ( * ) SI_UNIT ( $, .STERADIAN. ) SOLID_ANGLE_UNIT ( ) );
#3489 = LINE ( 'NONE', #1026, #2469 ) ;
#3490 = FACE_OUTER_BOUND ( 'NONE', #2836, .T. ) ;
#3491 = ORIENTED_EDGE ( 'NONE', *, *, #1984, .T. ) ;
#3492 = LINE ( 'NONE', #2224, #4096 ) ;
#3493 = CARTESIAN_POINT ( 'NONE',  ( 0.6674435890370699100, -0.1347505888631916900, -0.0000000000000000000 ) ) ;
#3494 = EDGE_LOOP ( 'NONE', ( #1092, #1504, #2025, #2534, #3543 ) ) ;
#3495 = PLANE ( 'NONE',  #2877 ) ;
#3496 = VECTOR ( 'NONE', #4197, 1000.000000000000000 ) ;
#3497 = DIRECTION ( 'NONE',  ( 1.000000000000000000, 0.0000000000000000000, 0.0000000000000000000 ) ) ;
#3498 = VERTEX_POINT ( 'NONE', #373 ) ;
#3499 =( NAMED_UNIT ( * ) SI_UNIT ( $, .STERADIAN. ) SOLID_ANGLE_UNIT ( ) );
#3500 = CYLINDRICAL_SURFACE ( 'NONE', #809, 1.750000000000000000 ) ;
#3501 = CARTESIAN_POINT ( 'NONE',  ( 0.3109756097560982800, -0.2490405069505196000, 0.01000000000000000000 ) ) ;
#3502 =( GEOMETRIC_REPRESENTATION_CONTEXT ( 3 ) GLOBAL_UNCERTAINTY_ASSIGNED_CONTEXT ( ( #2374 ) ) GLOBAL_UNIT_ASSIGNED_CONTEXT ( ( #1078, #3884, #952 ) ) REPRESENTATION_CONTEXT ( 'NONE', 'WORKASPACE' ) );
#3503 = SURFACE_STYLE_FILL_AREA ( #237 ) ;
#3504 = CARTESIAN_POINT ( 'NONE',  ( 0.5201472030125481300, 0.1547627581214367200, 0.01000000000000000000 ) ) ;
#3505 = EDGE_CURVE ( 'NONE', #1445, #1033, #266, .T. ) ;
#3506 = FACE_OUTER_BOUND ( 'NONE', #3721, .T. ) ;
#3507 = LINE ( 'NONE', #2438, #2325 ) ;
#3508 = CARTESIAN_POINT ( 'NONE',  ( -2.000000000000000000, -0.2500000000000002800, 0.2899999999999999800 ) ) ;
#3509 = VERTEX_POINT ( 'NONE', #553 ) ;
#3510 = EDGE_CURVE ( 'NONE', #942, #3766, #380, .T. ) ;
#3511 = DIRECTION ( 'NONE',  ( 0.3393303772748773600, 0.9406672605435406600, 0.0000000000000000000 ) ) ;
#3512 = EDGE_CURVE ( 'NONE', #1261, #1556, #1177, .T. ) ;
#3513 = CARTESIAN_POINT ( 'NONE',  ( 0.3668698776661528100, 0.1684074337117249200, 6.776263578034402700E-018 ) ) ;
#3514 = CARTESIAN_POINT ( 'NONE',  ( 0.3154158025699777500, 0.1468322624720492200, 0.01000000000000000000 ) ) ;
#3515 =( NAMED_UNIT ( * ) PLANE_ANGLE_UNIT ( ) SI_UNIT ( $, .RADIAN. ) );
#3516 = SURFACE_SIDE_STYLE ('',( #386 ) ) ;
#3517 =( GEOMETRIC_REPRESENTATION_CONTEXT ( 3 ) GLOBAL_UNCERTAINTY_ASSIGNED_CONTEXT ( ( #1586 ) ) GLOBAL_UNIT_ASSIGNED_CONTEXT ( ( #1875, #1781, #1688 ) ) REPRESENTATION_CONTEXT ( 'NONE', 'WORKASPACE' ) );
#3518 = CARTESIAN_POINT ( 'NONE',  ( -0.3003742112739502000, 0.1700203130381039200, -0.0000000000000000000 ) ) ;
#3519 = ORIENTED_EDGE ( 'NONE', *, *, #1183, .T. ) ;
#3520 = DIRECTION ( 'NONE',  ( 1.000000000000000000, 0.0000000000000000000, 0.0000000000000000000 ) ) ;
#3521 = EDGE_CURVE ( 'NONE', #2180, #2985, #2893, .T. ) ;
#3522 = CARTESIAN_POINT ( 'NONE',  ( 2.000000000000000000, -0.2500000000000002800, 0.2899999999999999800 ) ) ;
#3523 = VERTEX_POINT ( 'NONE', #4043 ) ;
#3524 = ORIENTED_EDGE ( 'NONE', *, *, #2388, .F. ) ;
#3525 = EDGE_LOOP ( 'NONE', ( #1728, #381, #3602, #3071, #11, #2840, #951, #1720, #1378, #3906 ) ) ;
#3526 = CARTESIAN_POINT ( 'NONE',  ( 0.4583433388316405200, -0.2256841114708207600, 0.01000000000000000000 ) ) ;
#3527 =( GEOMETRIC_REPRESENTATION_CONTEXT ( 3 ) GLOBAL_UNCERTAINTY_ASSIGNED_CONTEXT ( ( #4077 ) ) GLOBAL_UNIT_ASSIGNED_CONTEXT ( ( #3058, #1064, #1715 ) ) REPRESENTATION_CONTEXT ( 'NONE', 'WORKASPACE' ) );
#3528 = ORIENTED_EDGE ( 'NONE', *, *, #1113, .T. ) ;
#3529 = CARTESIAN_POINT ( 'NONE',  ( -0.4873225018660880000, 0.002450734728015118700, 6.776263578034402700E-018 ) ) ;
#3530 = CARTESIAN_POINT ( 'NONE',  ( 0.4123440683672717800, 0.1760266390732833400, 0.01000000000000000000 ) ) ;
#3531 = EDGE_LOOP ( 'NONE', ( #3295, #2090, #2501, #2228 ) ) ;
#3532 = ORIENTED_EDGE ( 'NONE', *, *, #2584, .F. ) ;
#3533 =( GEOMETRIC_REPRESENTATION_CONTEXT ( 3 ) GLOBAL_UNCERTAINTY_ASSIGNED_CONTEXT ( ( #78 ) ) GLOBAL_UNIT_ASSIGNED_CONTEXT ( ( #4388, #4147, #259 ) ) REPRESENTATION_CONTEXT ( 'NONE', 'WORKASPACE' ) );
#3534 = CARTESIAN_POINT ( 'NONE',  ( 0.3394609096654191400, -0.2083325962510518800, 0.01000000000000000000 ) ) ;
#3535 = EDGE_CURVE ( 'NONE', #413, #2429, #161, .T. ) ;
#3536 = LINE ( 'NONE', #3157, #1059 ) ;
#3537 = CARTESIAN_POINT ( 'NONE',  ( 2.000000000000000000, 0.0000000000000000000, -0.0000000000000000000 ) ) ;
#3538 = DIRECTION ( 'NONE',  ( -0.0000000000000000000, -0.0000000000000000000, -1.000000000000000000 ) ) ;
#3539 = EDGE_CURVE ( 'NONE', #4221, #3694, #1883, .T. ) ;
#3540 = COLOUR_RGB ( '',0.6666666666666666300, 0.6666666666666666300, 0.6666666666666666300 ) ;
#3541 = CARTESIAN_POINT ( 'NONE',  ( -0.2195121951219497800, -0.2200770923163732900, 0.01000000000000000000 ) ) ;
#3542 = VECTOR ( 'NONE', #2555, 1000.000000000000000 ) ;
#3543 = ORIENTED_EDGE ( 'NONE', *, *, #2392, .F. ) ;
#3544 = ORIENTED_EDGE ( 'NONE', *, *, #2275, .T. ) ;
#3545 = DIRECTION ( 'NONE',  ( 1.000000000000000000, 0.0000000000000000000, 0.0000000000000000000 ) ) ;
#3546 = DIRECTION ( 'NONE',  ( -0.0000000000000000000, -0.0000000000000000000, -1.000000000000000000 ) ) ;
#3547 = DIRECTION ( 'NONE',  ( -1.000000000000000000, 0.0000000000000000000, -0.0000000000000000000 ) ) ;
#3548 = VERTEX_POINT ( 'NONE', #2010 ) ;
#3549 = VERTEX_POINT ( 'NONE', #1725 ) ;
#3550 = LINE ( 'NONE', #2237, #4417 ) ;
#3551 = DIRECTION ( 'NONE',  ( 1.000000000000000000, 0.0000000000000000000, 0.0000000000000000000 ) ) ;
#3552 = PLANE ( 'NONE',  #2578 ) ;
#3553 = AXIS2_PLACEMENT_3D ( 'NONE', #2468, #2134, #2234 ) ;
#3554 = FILL_AREA_STYLE ('',( #2065 ) ) ;
#3555 = COLOUR_RGB ( '',0.6666666666666666300, 0.6666666666666666300, 0.6666666666666666300 ) ;
#3556 = PRESENTATION_STYLE_ASSIGNMENT (( #1299 ) ) ;
#3557 = CARTESIAN_POINT ( 'NONE',  ( 0.3729713468732504000, -0.2732636642250421100, -0.0000000000000000000 ) ) ;
#3558 = CARTESIAN_POINT ( 'NONE',  ( 0.3546144861576529500, -0.2139196268047380800, 0.01000000000000000000 ) ) ;
#3559 =( NAMED_UNIT ( * ) PLANE_ANGLE_UNIT ( ) SI_UNIT ( $, .RADIAN. ) );
#3560 = CARTESIAN_POINT ( 'NONE',  ( 0.6093370453716222500, -0.09242074457902052500, 0.01000000000000000000 ) ) ;
#3561 = PRESENTATION_STYLE_ASSIGNMENT (( #3438 ) ) ;
#3562 = CARTESIAN_POINT ( 'NONE',  ( -0.8211699695121950100, 0.1290082735372852800, 6.776263578034402700E-018 ) ) ;
#3563 = VERTEX_POINT ( 'NONE', #4371 ) ;
#3564 = CIRCLE ( 'NONE', #2366, 1.350000000000000100 ) ;
#3565 = FILL_AREA_STYLE ('',( #3082 ) ) ;
#3566 = DIRECTION ( 'NONE',  ( 0.9315776194850603500, -0.3635424856527064700, 0.0000000000000000000 ) ) ;
#3567 = CARTESIAN_POINT ( 'NONE',  ( 0.4286394817073178000, 0.2311424198787486700, 0.01000000000000000000 ) ) ;
#3568 = VERTEX_POINT ( 'NONE', #2362 ) ;
#3569 = DIRECTION ( 'NONE',  ( 0.3635424856527064200, 0.9315776194850602400, 0.0000000000000000000 ) ) ;
#3570 = EDGE_CURVE ( 'NONE', #1042, #353, #3415, .T. ) ;
#3571 =( LENGTH_UNIT ( ) NAMED_UNIT ( * ) SI_UNIT ( .MILLI., .METRE. ) );
#3572 = ORIENTED_EDGE ( 'NONE', *, *, #4109, .T. ) ;
#3573 = CARTESIAN_POINT ( 'NONE',  ( 0.4457335509202433600, -0.2260091042500413600, 0.01000000000000000000 ) ) ;
#3574 = CARTESIAN_POINT ( 'NONE',  ( -1.500000000000000400, 0.0000000000000000000, 1.800000000000000000 ) ) ;
#3575 = CARTESIAN_POINT ( 'NONE',  ( -0.5367538280350966400, 0.08144677980025176500, 0.0000000000000000000 ) ) ;
#3576 = FILL_AREA_STYLE ('',( #3582 ) ) ;
#3577 = CARTESIAN_POINT ( 'NONE',  ( 0.3704262831464875100, -0.2183676282297354900, 0.01000000000000000000 ) ) ;
#3578 = PRESENTATION_LAYER_ASSIGNMENT (  '', '', ( #3103 ) ) ;
#3579 = CARTESIAN_POINT ( 'NONE',  ( -0.2932545731707302800, 0.1701668101226511100, 0.0000000000000000000 ) ) ;
#3580 = LINE ( 'NONE', #3802, #144 ) ;
#3581 = ORIENTED_EDGE ( 'NONE', *, *, #2447, .T. ) ;
#3582 = FILL_AREA_STYLE_COLOUR ( '', #1719 ) ;
#3583 = MECHANICAL_DESIGN_GEOMETRIC_PRESENTATION_REPRESENTATION (  '', ( #2886 ), #3799 ) ;
#3584 = CARTESIAN_POINT ( 'NONE',  ( -0.4873225018660880000, 0.002450734728015118700, 0.01000000000000000000 ) ) ;
#3585 = DIRECTION ( 'NONE',  ( 0.0000000000000000000, 0.0000000000000000000, 1.000000000000000000 ) ) ;
#3586 = ORIENTED_EDGE ( 'NONE', *, *, #1520, .F. ) ;
#3587 = EDGE_CURVE ( 'NONE', #3306, #1965, #347, .T. ) ;
#3588 = EDGE_CURVE ( 'NONE', #3378, #2246, #2779, .T. ) ;
#3589 = CARTESIAN_POINT ( 'NONE',  ( -0.04268292682926762300, 0.1701668101226511100, 0.01000000000000000000 ) ) ;
#3590 = CARTESIAN_POINT ( 'NONE',  ( 0.3868066585732959400, -0.2219209855907093600, 0.01000000000000000000 ) ) ;
#3591 = CARTESIAN_POINT ( 'NONE',  ( -3.500000000000000000, -2.000000000000000000, 0.5000000000000000000 ) ) ;
#3592 = CARTESIAN_POINT ( 'NONE',  ( -2.000000000000000000, -0.2500000000000002800, -0.01000000000000000000 ) ) ;
#3593 = CARTESIAN_POINT ( 'NONE',  ( -0.4876409877575734700, -0.01243570462565555600, 6.776263578034402700E-018 ) ) ;
#3594 = COLOUR_RGB ( '',1.000000000000000000, 1.000000000000000000, 1.000000000000000000 ) ;
#3595 =( GEOMETRIC_REPRESENTATION_CONTEXT ( 3 ) GLOBAL_UNCERTAINTY_ASSIGNED_CONTEXT ( ( #3610 ) ) GLOBAL_UNIT_ASSIGNED_CONTEXT ( ( #1371, #1035, #651 ) ) REPRESENTATION_CONTEXT ( 'NONE', 'WORKASPACE' ) );
#3596 = ORIENTED_EDGE ( 'NONE', *, *, #3666, .T. ) ;
#3597 = CARTESIAN_POINT ( 'NONE',  ( 0.4038117729642041200, -0.2243350952482234300, 0.01000000000000000000 ) ) ;
#3598 = ORIENTED_EDGE ( 'NONE', *, *, #2115, .T. ) ;
#3599 = EDGE_CURVE ( 'NONE', #2563, #3509, #3601, .T. ) ;
#3600 = EDGE_CURVE ( 'NONE', #1413, #3694, #2675, .T. ) ;
#3601 = CIRCLE ( 'NONE', #4024, 1.750000000000000000 ) ;
#3602 = ORIENTED_EDGE ( 'NONE', *, *, #4083, .F. ) ;
#3603 = ORIENTED_EDGE ( 'NONE', *, *, #2210, .T. ) ;
#3604 = AXIS2_PLACEMENT_3D ( 'NONE', #4085, #3861, #3718 ) ;
#3605 = CARTESIAN_POINT ( 'NONE',  ( 1.500000000000000000, 1.550000000000001600, 1.000000000000000000 ) ) ;
#3606 = DIRECTION ( 'NONE',  ( 0.0000000000000000000, -1.000000000000000000, 0.0000000000000000000 ) ) ;
#3607 = EDGE_CURVE ( 'NONE', #3239, #191, #1783, .T. ) ;
#3608 = FACE_OUTER_BOUND ( 'NONE', #1174, .T. ) ;
#3609 = LINE ( 'NONE', #1414, #3019 ) ;
#3610 = UNCERTAINTY_MEASURE_WITH_UNIT (LENGTH_MEASURE( 1.000000000000000100E-005 ), #1371, 'distance_accuracy_value', 'NONE');
#3611 =( GEOMETRIC_REPRESENTATION_CONTEXT ( 3 ) GLOBAL_UNCERTAINTY_ASSIGNED_CONTEXT ( ( #2346 ) ) GLOBAL_UNIT_ASSIGNED_CONTEXT ( ( #2113, #2455, #155 ) ) REPRESENTATION_CONTEXT ( 'NONE', 'WORKASPACE' ) );
#3612 = DIRECTION ( 'NONE',  ( 0.0000000000000000000, -0.0000000000000000000, -1.000000000000000000 ) ) ;
#3613 = VECTOR ( 'NONE', #1090, 1000.000000000000000 ) ;
#3614 = DIRECTION ( 'NONE',  ( 0.0000000000000000000, 1.000000000000000000, 0.0000000000000000000 ) ) ;
#3615 = CARTESIAN_POINT ( 'NONE',  ( -0.4876409877575734700, -0.01243570462565555600, 0.01000000000000000000 ) ) ;
#3616 = CARTESIAN_POINT ( 'NONE',  ( -0.7292301829268291700, -0.07983318987734888700, 0.01000000000000000000 ) ) ;
#3617 = AXIS2_PLACEMENT_3D ( 'NONE', #610, #1386, #34 ) ;
#3618 = CARTESIAN_POINT ( 'NONE',  ( 0.4213677138847104500, -0.2259390827226537000, 0.01000000000000000000 ) ) ;
#3619 = EDGE_CURVE ( 'NONE', #1944, #3563, #837, .T. ) ;
#3620 = MECHANICAL_DESIGN_GEOMETRIC_PRESENTATION_REPRESENTATION (  '', ( #2930 ), #3837 ) ;
#3621 = CARTESIAN_POINT ( 'NONE',  ( 0.5866963938458862300, 0.09013250242765960500, 1.524659305057740600E-017 ) ) ;
#3622 = CARTESIAN_POINT ( 'NONE',  ( 0.4860535721198373500, 0.1688316319334811900, 0.0000000000000000000 ) ) ;
#3623 = VERTEX_POINT ( 'NONE', #1404 ) ;
#3624 = ORIENTED_EDGE ( 'NONE', *, *, #2588, .T. ) ;
#3625 = DIRECTION ( 'NONE',  ( 0.0000000000000000000, 0.0000000000000000000, -1.000000000000000000 ) ) ;
#3626 = PLANE ( 'NONE',  #3817 ) ;
#3627 = DIRECTION ( 'NONE',  ( -0.0000000000000000000, -0.0000000000000000000, -1.000000000000000000 ) ) ;
#3628 = AXIS2_PLACEMENT_3D ( 'NONE', #521, #1138, #1118 ) ;
#3629 = EDGE_CURVE ( 'NONE', #2096, #1019, #3489, .T. ) ;
#3630 = ORIENTED_EDGE ( 'NONE', *, *, #1204, .F. ) ;
#3631 = DIRECTION ( 'NONE',  ( -0.0000000000000000000, -0.0000000000000000000, -1.000000000000000000 ) ) ;
#3632 = DIRECTION ( 'NONE',  ( 0.0000000000000000000, -1.000000000000000000, 0.0000000000000000000 ) ) ;
#3633 = STYLED_ITEM ( 'NONE', ( #3017 ), #2467 ) ;
#3634 = CARTESIAN_POINT ( 'NONE',  ( -1.500000000000000400, 0.0000000000000000000, 2.000000000000000000 ) ) ;
#3635 = ORIENTED_EDGE ( 'NONE', *, *, #728, .T. ) ;
#3636 = CARTESIAN_POINT ( 'NONE',  ( 0.6156805012968636900, -0.02256746147911046000, -0.0000000000000000000 ) ) ;
#3637 = DIRECTION ( 'NONE',  ( -0.0000000000000000000, -0.0000000000000000000, -1.000000000000000000 ) ) ;
#3638 = EDGE_CURVE ( 'NONE', #407, #2971, #4265, .T. ) ;
#3639 = VECTOR ( 'NONE', #3828, 1000.000000000000000 ) ;
#3640 = DIRECTION ( 'NONE',  ( 0.0000000000000000000, -1.000000000000000000, 0.0000000000000000000 ) ) ;
#3641 = LINE ( 'NONE', #1895, #3434 ) ;
#3642 = ORIENTED_EDGE ( 'NONE', *, *, #815, .T. ) ;
#3643 = EDGE_CURVE ( 'NONE', #2632, #3306, #1570, .T. ) ;
#3644 = PRESENTATION_STYLE_ASSIGNMENT (( #984 ) ) ;
#3645 = CARTESIAN_POINT ( 'NONE',  ( 0.4228260513954073000, 0.2311007476609444300, 0.01000000000000000000 ) ) ;
#3646 = LINE ( 'NONE', #693, #4373 ) ;
#3647 = CARTESIAN_POINT ( 'NONE',  ( -0.8101486246691070900, 0.1537828242598459900, 0.01000000000000000000 ) ) ;
#3648 = STYLED_ITEM ( 'NONE', ( #4374 ), #788 ) ;
#3649 = FACE_OUTER_BOUND ( 'NONE', #732, .T. ) ;
#3650 = CARTESIAN_POINT ( 'NONE',  ( -0.3732003330700067200, -0.2073470946256303300, 1.185846126156020500E-017 ) ) ;
#3651 = CARTESIAN_POINT ( 'NONE',  ( 0.1463414634146348300, -0.04934538499930010700, 0.01000000000000000000 ) ) ;
#3652 = CYLINDRICAL_SURFACE ( 'NONE', #2012, 1.550000000000000300 ) ;
#3653 = DIRECTION ( 'NONE',  ( 0.0000000000000000000, -0.0000000000000000000, -1.000000000000000000 ) ) ;
#3654 = CARTESIAN_POINT ( 'NONE',  ( 3.500000000000000000, -0.2500000000000004400, 0.0000000000000000000 ) ) ;
#3655 = CARTESIAN_POINT ( 'NONE',  ( -0.5262841260377187900, -0.1461202748444543900, 1.016439536705160400E-017 ) ) ;
#3656 = ORIENTED_EDGE ( 'NONE', *, *, #2264, .F. ) ;
#3657 = FACE_OUTER_BOUND ( 'NONE', #2229, .T. ) ;
#3658 = ORIENTED_EDGE ( 'NONE', *, *, #2720, .F. ) ;
#3659 = STYLED_ITEM ( 'NONE', ( #1014 ), #1960 ) ;
#3660 = DIRECTION ( 'NONE',  ( -0.0000000000000000000, -0.0000000000000000000, -1.000000000000000000 ) ) ;
#3661 = CARTESIAN_POINT ( 'NONE',  ( -0.5546761151791638200, -0.02811082359393830100, 0.01000000000000000000 ) ) ;
#3662 = B_SPLINE_CURVE_WITH_KNOTS ( 'NONE', 3,
 ( #2902, #2926, #2616, #2597, #2573, #2568, #2554, #2426, #2381, #2257, #2251, #2240, #2221, #2192, #2116, #2043, #2020, #1930, #1914 ),
 .UNSPECIFIED., .F., .F.,
 ( 4, 1, 1, 1, 1, 1, 1, 1, 1, 1, 1, 1, 1, 1, 1, 1, 4 ),
 ( 0.0000000000000000000, 0.07430379644281594200, 0.1443936103644178100, 0.2104994961032797300, 0.2735426065034680700, 0.3338247445790736300, 0.3925296724085027300, 0.4500874545995856000, 0.5078206115557880600, 0.5654649127768466300, 0.6231487223336199500, 0.6812971927909355900, 0.7409134981565808100, 0.8018557521958578100, 0.8652412377209433000, 0.9309416570467441400, 1.000000000000000000 ),
 .UNSPECIFIED. ) ;
#3663 = CARTESIAN_POINT ( 'NONE',  ( -0.4677658563680944800, -0.1220487602865996500, 0.01000000000000000000 ) ) ;
#3664 = PRESENTATION_LAYER_ASSIGNMENT (  '', '', ( #3216 ) ) ;
#3665 = CARTESIAN_POINT ( 'NONE',  ( 0.3546144861576529500, -0.2139196268047380800, 6.776263578034402700E-018 ) ) ;
#3666 = EDGE_CURVE ( 'NONE', #3237, #2605, #1676, .T. ) ;
#3667 = CARTESIAN_POINT ( 'NONE',  ( 1.500000000000000400, 0.0000000000000000000, 2.000000000000000000 ) ) ;
#3668 = ORIENTED_EDGE ( 'NONE', *, *, #3405, .T. ) ;
#3669 = CARTESIAN_POINT ( 'NONE',  ( 0.5035959877791480500, 0.1626897732940341700, 0.01000000000000000000 ) ) ;
#3670 = ORIENTED_EDGE ( 'NONE', *, *, #3744, .F. ) ;
#3671 = ORIENTED_EDGE ( 'NONE', *, *, #818, .T. ) ;
#3672 = FACE_OUTER_BOUND ( 'NONE', #1346, .T. ) ;
#3673 = VECTOR ( 'NONE', #40, 1000.000000000000000 ) ;
#3674 = CARTESIAN_POINT ( 'NONE',  ( 0.6158536585365861300, -0.03029050695051963000, 0.01000000000000000000 ) ) ;
#3675 = CARTESIAN_POINT ( 'NONE',  ( 0.4767545418744458800, -0.2231603268169375100, 3.388131789017201400E-018 ) ) ;
#3676 = DIRECTION ( 'NONE',  ( 0.0000000000000000000, -1.000000000000000000, 0.0000000000000000000 ) ) ;
#3677 = CARTESIAN_POINT ( 'NONE',  ( -0.4878048780487790900, -0.02009614719442206300, 1.185846126156020500E-017 ) ) ;
#3678 = CARTESIAN_POINT ( 'NONE',  ( -1.042682926829268100, -0.2749551410968610900, 0.0000000000000000000 ) ) ;
#3679 = VERTEX_POINT ( 'NONE', #25 ) ;
#3680 = CARTESIAN_POINT ( 'NONE',  ( 0.5263499968943466900, -0.2057552587062764500, 3.388131789017201400E-018 ) ) ;
#3681 = CARTESIAN_POINT ( 'NONE',  ( 0.6792951741591105600, -0.08704667285068082300, -0.0000000000000000000 ) ) ;
#3682 = CARTESIAN_POINT ( 'NONE',  ( -1.500000000000000400, 1.550000000000000900, 2.000000000000000000 ) ) ;
#3683 = CARTESIAN_POINT ( 'NONE',  ( 0.3816842251632449600, 0.1719980169223478100, 0.01000000000000000000 ) ) ;
#3685 = FACE_OUTER_BOUND ( 'NONE', #2178, .T. ) ;
#3684 = PRESENTATION_LAYER_ASSIGNMENT (  '', '', ( #3230 ) ) ;
#3686 = EDGE_LOOP ( 'NONE', ( #1678, #3999, #1152, #485, #1062 ) ) ;
#3687 = LINE ( 'NONE', #2097, #4007 ) ;
#3688 = FILL_AREA_STYLE ('',( #2111 ) ) ;
#3689 = B_SPLINE_CURVE_WITH_KNOTS ( 'NONE', 3,
 ( #1347, #1509, #1274, #2446, #1495, #3669, #3504, #512, #1871, #3989, #2458, #1957, #1966, #1818, #1822, #1653, #4370, #3477, #2079 ),
 .UNSPECIFIED., .F., .F.,
 ( 4, 1, 1, 1, 1, 1, 1, 1, 1, 1, 1, 1, 1, 1, 1, 1, 4 ),
 ( 0.0000000000000000000, 0.06460397028839215400, 0.1267024139629472600, 0.1867568140356183100, 0.2455056873654371500, 0.3036520244499752400, 0.3615030739706251400, 0.4202402229284673000, 0.4800333407766962400, 0.5406781347755159600, 0.6011918063807816200, 0.6623335024774421600, 0.7247395102972316000, 0.7894677361728864600, 0.8565048600438305300, 0.9263120958391900500, 1.000000000000000000 ),
 .UNSPECIFIED. ) ;
#3690 = VECTOR ( 'NONE', #4331, 1000.000000000000000 ) ;
#3691 = FILL_AREA_STYLE ('',( #1067 ) ) ;
#3692 = ORIENTED_EDGE ( 'NONE', *, *, #2923, .F. ) ;
#3693 = DIRECTION ( 'NONE',  ( -0.0000000000000000000, -0.0000000000000000000, -1.000000000000000000 ) ) ;
#3694 = VERTEX_POINT ( 'NONE', #4124 ) ;
#3695 = COLOUR_RGB ( '',0.6666666666666666300, 0.6666666666666666300, 0.6666666666666666300 ) ;
#3696 = CARTESIAN_POINT ( 'NONE',  ( -0.8154254375407991000, 0.1531333023338247700, 0.01000000000000000000 ) ) ;
#3697 = PRESENTATION_STYLE_ASSIGNMENT (( #754 ) ) ;
#3698 = DIRECTION ( 'NONE',  ( 0.0000000000000000000, -1.000000000000000000, 0.0000000000000000000 ) ) ;
#3699 = MECHANICAL_DESIGN_GEOMETRIC_PRESENTATION_REPRESENTATION (  '', ( #3023 ), #3930 ) ;
#3700 = VECTOR ( 'NONE', #1034, 1000.000000000000000 ) ;
#3701 = VECTOR ( 'NONE', #2117, 1000.000000000000000 ) ;
#3702 = CARTESIAN_POINT ( 'NONE',  ( -1.500000000000000400, 1.350000000000001000, 2.000000000000000000 ) ) ;
#3703 = CARTESIAN_POINT ( 'NONE',  ( 0.5761349786781614400, 0.1060958577627817800, 1.524659305057740600E-017 ) ) ;
#3704 = VECTOR ( 'NONE', #2164, 1000.000000000000000 ) ;
#3705 = CARTESIAN_POINT ( 'NONE',  ( -0.8062193102706336500, 0.1362134299195491800, 0.0000000000000000000 ) ) ;
#3706 = CARTESIAN_POINT ( 'NONE',  ( 0.3394609096654191400, -0.2083325962510518800, 0.01000000000000000000 ) ) ;
#3707 = CARTESIAN_POINT ( 'NONE',  ( -0.1524390243902424600, 0.2250448589031389100, 0.01000000000000000000 ) ) ;
#3708 = CARTESIAN_POINT ( 'NONE',  ( 0.3149556715114252800, 0.2129409415234537800, -0.0000000000000000000 ) ) ;
#3709 = CARTESIAN_POINT ( 'NONE',  ( -3.500000000000000000, -0.2500000000000005000, 0.2899999999999999800 ) ) ;
#3710 = FILL_AREA_STYLE_COLOUR ( '', #2154 ) ;
#3711 = ORIENTED_EDGE ( 'NONE', *, *, #2301, .T. ) ;
#3712 = CARTESIAN_POINT ( 'NONE',  ( 0.6131126674932583200, -0.07271738365668545300, 3.388131789017201400E-018 ) ) ;
#3713 = APPLICATION_PROTOCOL_DEFINITION ( 'draft international standard', 'automotive_design', 1998, #4052 ) ;
#3714 = CARTESIAN_POINT ( 'NONE',  ( -0.5546784648335992800, -0.009603548055271438400, 0.01000000000000000000 ) ) ;
#3715 = EDGE_CURVE ( 'NONE', #4200, #2563, #3264, .T. ) ;
#3716 =( LENGTH_UNIT ( ) NAMED_UNIT ( * ) SI_UNIT ( .MILLI., .METRE. ) );
#3717 = CARTESIAN_POINT ( 'NONE',  ( 0.6474648039987288600, -0.1770055700205153400, 0.01000000000000000000 ) ) ;
#3718 = DIRECTION ( 'NONE',  ( 0.0000000000000000000, 0.0000000000000000000, 1.000000000000000000 ) ) ;
#3719 = CARTESIAN_POINT ( 'NONE',  ( 3.799999999999999800, -0.2500000000000005600, 0.2899999999999999800 ) ) ;
#3720 = CARTESIAN_POINT ( 'NONE',  ( 0.6552522120671927500, 0.09699711865594502800, 0.0000000000000000000 ) ) ;
#3721 = EDGE_LOOP ( 'NONE', ( #2387, #356, #2307, #2462 ) ) ;
#3722 = DIRECTION ( 'NONE',  ( 0.0000000000000000000, -1.000000000000000000, 0.0000000000000000000 ) ) ;
#3723 = ORIENTED_EDGE ( 'NONE', *, *, #840, .T. ) ;
#3724 = ORIENTED_EDGE ( 'NONE', *, *, #3521, .T. ) ;
#3725 = CARTESIAN_POINT ( 'NONE',  ( 0.3816842251632449600, 0.1719980169223478100, 6.776263578034402700E-018 ) ) ;
#3726 = VECTOR ( 'NONE', #3497, 1000.000000000000000 ) ;
#3727 = APPLICATION_CONTEXT ( 'automotive_design' ) ;
#3728 =( NAMED_UNIT ( * ) SI_UNIT ( $, .STERADIAN. ) SOLID_ANGLE_UNIT ( ) );
#3729 = CARTESIAN_POINT ( 'NONE',  ( -0.5506623980646318000, -0.07363852827920776300, 0.01000000000000000000 ) ) ;
#3730 = ORIENTED_EDGE ( 'NONE', *, *, #1313, .T. ) ;
#3731 = DIRECTION ( 'NONE',  ( -1.000000000000000000, 0.0000000000000000000, 0.0000000000000000000 ) ) ;
#3732 = CARTESIAN_POINT ( 'NONE',  ( 0.3523311418886930200, 0.1639609332968831300, 6.776263578034402700E-018 ) ) ;
#3733 = CARTESIAN_POINT ( 'NONE',  ( 0.4393102134146348900, -0.2261746532919830500, 0.0000000000000000000 ) ) ;
#3734 = LINE ( 'NONE', #4168, #1934 ) ;
#3735 = VECTOR ( 'NONE', #2214, 1000.000000000000000 ) ;
#3736 = ORIENTED_EDGE ( 'NONE', *, *, #875, .T. ) ;
#3737 = COLOUR_RGB ( '',0.2980392156862745100, 0.2980392156862745100, 0.2980392156862745100 ) ;
#3738 = ORIENTED_EDGE ( 'NONE', *, *, #910, .F. ) ;
#3739 = ORIENTED_EDGE ( 'NONE', *, *, #3359, .T. ) ;
#3740 = CARTESIAN_POINT ( 'NONE',  ( 0.6827090675407121400, -0.02465955017610889400, 6.776263578034402700E-018 ) ) ;
#3741 = CARTESIAN_POINT ( 'NONE',  ( -0.5548780487804863000, -0.01866703134076352200, 0.01000000000000000000 ) ) ;
#3742 = ORIENTED_EDGE ( 'NONE', *, *, #972, .F. ) ;
#3743 = CARTESIAN_POINT ( 'NONE',  ( 0.6157147486115227600, -0.03760110979840524500, 3.388131789017201400E-018 ) ) ;
#3744 = EDGE_CURVE ( 'NONE', #2471, #2605, #631, .T. ) ;
#3745 = LINE ( 'NONE', #2129, #3704 ) ;
#3746 =( NAMED_UNIT ( * ) PLANE_ANGLE_UNIT ( ) SI_UNIT ( $, .RADIAN. ) );
#3747 = CYLINDRICAL_SURFACE ( 'NONE', #4169, 1.550000000000000300 ) ;
#3748 = LINE ( 'NONE', #795, #4274 ) ;
#3749 = CARTESIAN_POINT ( 'NONE',  ( 0.6344277638371991200, -0.1960589124292952400, 6.776263578034402700E-018 ) ) ;
#3750 = SURFACE_STYLE_FILL_AREA ( #1447 ) ;
#3751 = CARTESIAN_POINT ( 'NONE',  ( -1.750000000000000400, -1.749999999999999100, 0.5000000000000000000 ) ) ;
#3752 = FILL_AREA_STYLE_COLOUR ( '', #3454 ) ;
#3753 = LINE ( 'NONE', #1097, #3700 ) ;
#3754 = DIRECTION ( 'NONE',  ( -0.0000000000000000000, -0.0000000000000000000, -1.000000000000000000 ) ) ;
#3755 = CARTESIAN_POINT ( 'NONE',  ( 0.4280678353658543500, 0.1762643710982608700, 0.01000000000000000000 ) ) ;
#3756 = UNCERTAINTY_MEASURE_WITH_UNIT (LENGTH_MEASURE( 1.000000000000000100E-005 ), #1112, 'distance_accuracy_value', 'NONE');
#3757 = VERTEX_POINT ( 'NONE', #2772 ) ;
#3758 = CARTESIAN_POINT ( 'NONE',  ( -0.8475609756097559600, 0.2250448589031389100, 0.01000000000000000000 ) ) ;
#3759 =( NAMED_UNIT ( * ) SI_UNIT ( $, .STERADIAN. ) SOLID_ANGLE_UNIT ( ) );
#3760 = CARTESIAN_POINT ( 'NONE',  ( 0.4481291366731994800, 0.1758330163923385600, 1.524659305057740600E-017 ) ) ;
#3761 = DIRECTION ( 'NONE',  ( -1.000000000000000000, 0.0000000000000000000, 0.0000000000000000000 ) ) ;
#3762 = PRESENTATION_LAYER_ASSIGNMENT (  '', '', ( #3311 ) ) ;
#3763 = CARTESIAN_POINT ( 'NONE',  ( -0.8038300304878047700, 0.1290082735372852800, 6.776263578034402700E-018 ) ) ;
#3764 = DIRECTION ( 'NONE',  ( 1.000000000000000000, 0.0000000000000000000, -0.0000000000000000000 ) ) ;
#3765 = ORIENTED_EDGE ( 'NONE', *, *, #2388, .T. ) ;
#3766 = VERTEX_POINT ( 'NONE', #3798 ) ;
#3767 = ORIENTED_EDGE ( 'NONE', *, *, #2499, .F. ) ;
#3768 = DIRECTION ( 'NONE',  ( -0.0000000000000000000, -0.0000000000000000000, -1.000000000000000000 ) ) ;
#3769 = CARTESIAN_POINT ( 'NONE',  ( 0.7256097560975616200, -0.2749551410968610900, 0.01000000000000000000 ) ) ;
#3770 = DIRECTION ( 'NONE',  ( 0.0000000000000000000, 0.0000000000000000000, -1.000000000000000000 ) ) ;
#3771 = ORIENTED_EDGE ( 'NONE', *, *, #3242, .T. ) ;
#3772 = CARTESIAN_POINT ( 'NONE',  ( 0.4286394817073178000, 0.2311424198787486700, 0.0000000000000000000 ) ) ;
#3773 = EDGE_LOOP ( 'NONE', ( #723, #3886, #4348, #531 ) ) ;
#3774 = DIRECTION ( 'NONE',  ( 1.000000000000000000, 0.0000000000000000000, 0.0000000000000000000 ) ) ;
#3775 = EDGE_CURVE ( 'NONE', #826, #2506, #1468, .T. ) ;
#3776 = CARTESIAN_POINT ( 'NONE',  ( -0.2979659377577952900, -0.2747819884087833700, 1.016439536705160400E-017 ) ) ;
#3777 = CARTESIAN_POINT ( 'NONE',  ( -0.2883955792682912400, -0.2749551410968610900, 0.0000000000000000000 ) ) ;
#3778 = ORIENTED_EDGE ( 'NONE', *, *, #4075, .T. ) ;
#3779 = ORIENTED_EDGE ( 'NONE', *, *, #1567, .F. ) ;
#3780 = DIRECTION ( 'NONE',  ( -0.0000000000000000000, 1.000000000000000000, 0.0000000000000000000 ) ) ;
#3781 = LINE ( 'NONE', #2464, #2303 ) ;
#3782 = EDGE_LOOP ( 'NONE', ( #1852, #1784, #2166, #1672 ) ) ;
#3783 = MECHANICAL_DESIGN_GEOMETRIC_PRESENTATION_REPRESENTATION (  '', ( #3103 ), #4012 ) ;
#3784 = SURFACE_STYLE_FILL_AREA ( #3995 ) ;
#3785 = CARTESIAN_POINT ( 'NONE',  ( -0.2979659377577952900, -0.2747819884087833700, 0.01000000000000000000 ) ) ;
#3786 = CARTESIAN_POINT ( 'NONE',  ( -0.4071273330245606700, -0.1907964850329192400, 0.01000000000000000000 ) ) ;
#3787 = VECTOR ( 'NONE', #303, 1000.000000000000000 ) ;
#3788 = ORIENTED_EDGE ( 'NONE', *, *, #3948, .F. ) ;
#3789 = FILL_AREA_STYLE_COLOUR ( '', #4369 ) ;
#3790 =( LENGTH_UNIT ( ) NAMED_UNIT ( * ) SI_UNIT ( .MILLI., .METRE. ) );
#3791 = EDGE_CURVE ( 'NONE', #3679, #1033, #3158, .T. ) ;
#3792 =( NAMED_UNIT ( * ) SI_UNIT ( $, .STERADIAN. ) SOLID_ANGLE_UNIT ( ) );
#3793 = EDGE_CURVE ( 'NONE', #1774, #3421, #2253, .T. ) ;
#3794 = VECTOR ( 'NONE', #4392, 1000.000000000000000 ) ;
#3795 = EDGE_LOOP ( 'NONE', ( #575, #3767, #3138, #433 ) ) ;
#3796 = SURFACE_STYLE_USAGE ( .BOTH. , #421 ) ;
#3797 = LINE ( 'NONE', #52, #4217 ) ;
#3798 = CARTESIAN_POINT ( 'NONE',  ( -0.8211699695121950100, 0.1290082735372852800, 0.01000000000000000000 ) ) ;
#3799 =( GEOMETRIC_REPRESENTATION_CONTEXT ( 3 ) GLOBAL_UNCERTAINTY_ASSIGNED_CONTEXT ( ( #2453 ) ) GLOBAL_UNIT_ASSIGNED_CONTEXT ( ( #3381, #3388, #3366 ) ) REPRESENTATION_CONTEXT ( 'NONE', 'WORKASPACE' ) );
#3800 = EDGE_LOOP ( 'NONE', ( #262, #101, #1155, #19 ) ) ;
#3801 = ORIENTED_EDGE ( 'NONE', *, *, #4175, .T. ) ;
#3802 = CARTESIAN_POINT ( 'NONE',  ( -0.2195121951219497800, 0.1701668101226511100, 0.01000000000000000000 ) ) ;
#3803 = COLOUR_RGB ( '',0.6666666666666666300, 0.6666666666666666300, 0.6666666666666666300 ) ;
#3804 = FILL_AREA_STYLE ('',( #3789 ) ) ;
#3805 = ORIENTED_EDGE ( 'NONE', *, *, #2802, .T. ) ;
#3806 = CARTESIAN_POINT ( 'NONE',  ( 0.1463414634146348300, 0.005532663781187717100, 0.01000000000000000000 ) ) ;
#3807 = CARTESIAN_POINT ( 'NONE',  ( -0.04268292682926762300, 0.1701668101226511100, 0.01000000000000000000 ) ) ;
#3808 = LINE ( 'NONE', #2173, #3701 ) ;
#3809 = CARTESIAN_POINT ( 'NONE',  ( -0.4221823489837568900, -0.1800535754266360300, 0.01000000000000000000 ) ) ;
#3810 = LINE ( 'NONE', #3007, #4131 ) ;
#3811 = EDGE_CURVE ( 'NONE', #932, #2814, #1357, .T. ) ;
#3812 = CARTESIAN_POINT ( 'NONE',  ( -3.500000000000000000, -2.000000000000000000, 0.5000000000000000000 ) ) ;
#3813 = LINE ( 'NONE', #1497, #2590 ) ;
#3814 = CARTESIAN_POINT ( 'NONE',  ( -1.750000000000000400, 1.550000000000002000, 1.000000000000000000 ) ) ;
#3815 = VECTOR ( 'NONE', #4011, 1000.000000000000000 ) ;
#3816 = UNCERTAINTY_MEASURE_WITH_UNIT (LENGTH_MEASURE( 1.000000000000000100E-005 ), #3119, 'distance_accuracy_value', 'NONE');
#3817 = AXIS2_PLACEMENT_3D ( 'NONE', #3616, #3606, #3612 ) ;
#3818 = DIRECTION ( 'NONE',  ( 0.0000000000000000000, -0.0000000000000000000, -1.000000000000000000 ) ) ;
#3819 = CARTESIAN_POINT ( 'NONE',  ( 0.4583433388316405200, -0.2256841114708207600, 0.0000000000000000000 ) ) ;
#3820 = CARTESIAN_POINT ( 'NONE',  ( -3.500000000000000000, 0.2499999999999995300, 0.2899999999999999800 ) ) ;
#3821 = CARTESIAN_POINT ( 'NONE',  ( -3.500000000000000000, 2.000000000000000000, 0.0000000000000000000 ) ) ;
#3822 = FILL_AREA_STYLE_COLOUR ( '', #105 ) ;
#3823 = PRESENTATION_LAYER_ASSIGNMENT (  '', '', ( #4040 ) ) ;
#3824 = ORIENTED_EDGE ( 'NONE', *, *, #4398, .T. ) ;
#3825 = CARTESIAN_POINT ( 'NONE',  ( 0.1463414634146348300, 0.1701668101226511100, 0.01000000000000000000 ) ) ;
#3826 = DIRECTION ( 'NONE',  ( -1.000000000000000000, 1.204669080539449600E-016, 0.0000000000000000000 ) ) ;
#3827 = ORIENTED_EDGE ( 'NONE', *, *, #1899, .T. ) ;
#3828 = DIRECTION ( 'NONE',  ( -1.000000000000000000, 0.0000000000000000000, 0.0000000000000000000 ) ) ;
#3829 = ORIENTED_EDGE ( 'NONE', *, *, #464, .T. ) ;
#3830 = ORIENTED_EDGE ( 'NONE', *, *, #2695, .T. ) ;
#3831 = CARTESIAN_POINT ( 'NONE',  ( -0.8038300304878047700, 0.1290082735372852800, 0.01000000000000000000 ) ) ;
#3832 = AXIS2_PLACEMENT_3D ( 'NONE', #2860, #2871, #2933 ) ;
#3833 = EDGE_CURVE ( 'NONE', #4111, #1422, #2139, .T. ) ;
#3834 = CARTESIAN_POINT ( 'NONE',  ( -0.8118330792682925100, 0.1640692491470413500, 0.0000000000000000000 ) ) ;
#3835 = CARTESIAN_POINT ( 'NONE',  ( -0.04268292682926762300, 0.2250448589031389100, 0.0000000000000000000 ) ) ;
#3836 = ORIENTED_EDGE ( 'NONE', *, *, #3033, .F. ) ;
#3837 =( GEOMETRIC_REPRESENTATION_CONTEXT ( 3 ) GLOBAL_UNCERTAINTY_ASSIGNED_CONTEXT ( ( #2666 ) ) GLOBAL_UNIT_ASSIGNED_CONTEXT ( ( #2371, #2379, #2393 ) ) REPRESENTATION_CONTEXT ( 'NONE', 'WORKASPACE' ) );
#3838 = CARTESIAN_POINT ( 'NONE',  ( 0.2134146341463421500, 0.2250448589031389100, 0.0000000000000000000 ) ) ;
#3839 = COLOUR_RGB ( '',1.000000000000000000, 1.000000000000000000, 1.000000000000000000 ) ;
#3840 = CARTESIAN_POINT ( 'NONE',  ( -0.8101486246691070900, 0.1537828242598459900, 0.01000000000000000000 ) ) ;
#3841 = FILL_AREA_STYLE ('',( #2296 ) ) ;
#3842 = CARTESIAN_POINT ( 'NONE',  ( 0.6822828863907657300, -0.005621374391815121300, 6.776263578034402700E-018 ) ) ;
#3843 = CIRCLE ( 'NONE', #969, 1.550000000000002000 ) ;
#3844 = ORIENTED_EDGE ( 'NONE', *, *, #912, .F. ) ;
#3845 = ORIENTED_EDGE ( 'NONE', *, *, #1523, .T. ) ;
#3846 = PLANE ( 'NONE',  #1240 ) ;
#3847 = ORIENTED_EDGE ( 'NONE', *, *, #1369, .F. ) ;
#3848 = ORIENTED_EDGE ( 'NONE', *, *, #3392, .F. ) ;
#3849 = FACE_OUTER_BOUND ( 'NONE', #2569, .T. ) ;
#3850 = ORIENTED_EDGE ( 'NONE', *, *, #1815, .F. ) ;
#3851 = DIRECTION ( 'NONE',  ( 0.0000000000000000000, -0.0000000000000000000, -1.000000000000000000 ) ) ;
#3852 = ORIENTED_EDGE ( 'NONE', *, *, #1926, .T. ) ;
#3853 = PRESENTATION_STYLE_ASSIGNMENT (( #456 ) ) ;
#3854 = CARTESIAN_POINT ( 'NONE',  ( 0.4583433388316405200, -0.2256841114708207600, 3.388131789017201400E-018 ) ) ;
#3855 = ORIENTED_EDGE ( 'NONE', *, *, #3607, .F. ) ;
#3856 = DIRECTION ( 'NONE',  ( 1.000000000000000000, 0.0000000000000000000, 0.0000000000000000000 ) ) ;
#3857 = CARTESIAN_POINT ( 'NONE',  ( 0.9146341463414641200, -0.2200770923163732900, 0.01000000000000000000 ) ) ;
#3858 = CARTESIAN_POINT ( 'NONE',  ( -0.4878048780487790900, -0.02009614719442206300, 6.776263578034402700E-018 ) ) ;
#3859 = CARTESIAN_POINT ( 'NONE',  ( 0.4280678353658543500, 0.1762643710982608700, 0.01000000000000000000 ) ) ;
#3860 = PRESENTATION_LAYER_ASSIGNMENT (  '', '', ( #3633 ) ) ;
#3861 = DIRECTION ( 'NONE',  ( -1.000000000000000000, 0.0000000000000000000, 0.0000000000000000000 ) ) ;
#3862 = CARTESIAN_POINT ( 'NONE',  ( -0.4358665464100900400, -0.1677160450705783800, 0.01000000000000000000 ) ) ;
#3863 = CARTESIAN_POINT ( 'NONE',  ( -0.3471494332783229300, 0.2213891859496099300, 6.776263578034402700E-018 ) ) ;
#3864 = CARTESIAN_POINT ( 'NONE',  ( 0.4393102134146348900, -0.2261746532919830500, 0.01000000000000000000 ) ) ;
#3865 = LINE ( 'NONE', #586, #4368 ) ;
#3866 = CARTESIAN_POINT ( 'NONE',  ( -0.8045857424527083100, 0.1312872125406663000, 0.01000000000000000000 ) ) ;
#3867 = CARTESIAN_POINT ( 'NONE',  ( -0.04268292682926762300, 0.1701668101226511100, 0.0000000000000000000 ) ) ;
#3868 = VECTOR ( 'NONE', #7, 1000.000000000000000 ) ;
#3869 = DIRECTION ( 'NONE',  ( -0.3635424856527063600, -0.9315776194850602400, 0.0000000000000000000 ) ) ;
#3870 = COLOUR_RGB ( '',0.6666666666666666300, 0.6666666666666666300, 0.6666666666666666300 ) ;
#3871 = EDGE_CURVE ( 'NONE', #3212, #4032, #324, .T. ) ;
#3872 = DIRECTION ( 'NONE',  ( 0.0000000000000000000, -1.000000000000000000, 0.0000000000000000000 ) ) ;
#3873 = VERTEX_POINT ( 'NONE', #1072 ) ;
#3874 = CARTESIAN_POINT ( 'NONE',  ( -0.2932545731707302800, 0.1701668101226511100, 0.0000000000000000000 ) ) ;
#3875 = UNCERTAINTY_MEASURE_WITH_UNIT (LENGTH_MEASURE( 1.000000000000000100E-005 ), #873, 'distance_accuracy_value', 'NONE');
#3876 = DIRECTION ( 'NONE',  ( 1.000000000000000000, 1.505836350674311700E-016, 0.0000000000000000000 ) ) ;
#3877 = CARTESIAN_POINT ( 'NONE',  ( -0.5132705962058877700, -0.1673045633561012500, 0.01000000000000000000 ) ) ;
#3878 = DIRECTION ( 'NONE',  ( 0.0000000000000000000, 0.0000000000000000000, -1.000000000000000000 ) ) ;
#3879 = DIRECTION ( 'NONE',  ( -1.000000000000000000, -2.168404344971008900E-016, 0.0000000000000000000 ) ) ;
#3880 = CARTESIAN_POINT ( 'NONE',  ( -0.8475609756097559600, 0.2250448589031389100, 0.01000000000000000000 ) ) ;
#3881 = AXIS2_PLACEMENT_3D ( 'NONE', #1579, #1526, #3214 ) ;
#3882 = ORIENTED_EDGE ( 'NONE', *, *, #1597, .T. ) ;
#3883 = DIRECTION ( 'NONE',  ( 1.000000000000000000, 0.0000000000000000000, 0.0000000000000000000 ) ) ;
#3884 =( NAMED_UNIT ( * ) PLANE_ANGLE_UNIT ( ) SI_UNIT ( $, .RADIAN. ) );
#3885 = ORIENTED_EDGE ( 'NONE', *, *, #2064, .T. ) ;
#3886 = ORIENTED_EDGE ( 'NONE', *, *, #2472, .T. ) ;
#3887 = CARTESIAN_POINT ( 'NONE',  ( -0.5132506857202197000, 0.1232320010283776600, 0.01000000000000000000 ) ) ;
#3888 = CARTESIAN_POINT ( 'NONE',  ( 0.4332725031317566900, -0.2260953830182728400, 0.01000000000000000000 ) ) ;
#3889 = AXIS2_PLACEMENT_3D ( 'NONE', #1794, #589, #777 ) ;
#3890 = CIRCLE ( 'NONE', #3384, 1.750000000000000000 ) ;
#3891 = CARTESIAN_POINT ( 'NONE',  ( 0.0000000000000000000, 0.0000000000000000000, 0.01000000000000000000 ) ) ;
#3892 = CARTESIAN_POINT ( 'NONE',  ( 0.5971118219282970400, -0.1283517632070821100, 0.01000000000000000000 ) ) ;
#3893 = CARTESIAN_POINT ( 'NONE',  ( -0.2883955792682912900, -0.2749551410968611400, 0.01000000000000000000 ) ) ;
#3894 = ORIENTED_EDGE ( 'NONE', *, *, #107, .F. ) ;
#3895 = CARTESIAN_POINT ( 'NONE',  ( -0.05487804878048714600, -0.2200770923163732900, 0.01000000000000000000 ) ) ;
#3896 = CARTESIAN_POINT ( 'NONE',  ( -0.5262737158895529600, 0.1030975487269055700, 6.776263578034402700E-018 ) ) ;
#3897 = DIRECTION ( 'NONE',  ( 0.0000000000000000000, -0.0000000000000000000, -1.000000000000000000 ) ) ;
#3898 = VERTEX_POINT ( 'NONE', #4148 ) ;
#3899 = MECHANICAL_DESIGN_GEOMETRIC_PRESENTATION_REPRESENTATION (  '', ( #3216 ), #4115 ) ;
#3900 = EDGE_CURVE ( 'NONE', #2413, #2828, #1114, .T. ) ;
#3901 = CARTESIAN_POINT ( 'NONE',  ( -1.750000000000000400, 0.0000000000000000000, 1.000000000000000000 ) ) ;
#3902 = VECTOR ( 'NONE', #1459, 1000.000000000000000 ) ;
#3903 = EDGE_LOOP ( 'NONE', ( #4158, #4390, #162, #2631 ) ) ;
#3904 = CARTESIAN_POINT ( 'NONE',  ( -0.5262737158895529600, 0.1030975487269055700, 0.01000000000000000000 ) ) ;
#3905 = LINE ( 'NONE', #866, #3002 ) ;
#3906 = ORIENTED_EDGE ( 'NONE', *, *, #1802, .F. ) ;
#3907 = DIRECTION ( 'NONE',  ( 1.000000000000000000, 0.0000000000000000000, -0.0000000000000000000 ) ) ;
#3908 = EDGE_LOOP ( 'NONE', ( #1633, #165, #3084, #3544 ) ) ;
#3909 = SURFACE_STYLE_USAGE ( .BOTH. , #1387 ) ;
#3910 = CARTESIAN_POINT ( 'NONE',  ( -0.3003742112739502000, 0.1700203130381039200, 0.01000000000000000000 ) ) ;
#3911 = CARTESIAN_POINT ( 'NONE',  ( 1.750000000000000200, -1.550000000000001200, 1.000000000000000000 ) ) ;
#3912 = DIRECTION ( 'NONE',  ( -0.0000000000000000000, 0.0000000000000000000, -1.000000000000000000 ) ) ;
#3913 = VECTOR ( 'NONE', #3632, 1000.000000000000000 ) ;
#3914 = CARTESIAN_POINT ( 'NONE',  ( 0.3638328332527680000, 0.2263090277686653800, 6.776263578034402700E-018 ) ) ;
#3915 = VECTOR ( 'NONE', #443, 1000.000000000000000 ) ;
#3916 = LINE ( 'NONE', #4288, #3726 ) ;
#3917 = DIRECTION ( 'NONE',  ( 0.0000000000000000000, -1.000000000000000000, 0.0000000000000000000 ) ) ;
#3918 = FACE_OUTER_BOUND ( 'NONE', #3369, .T. ) ;
#3919 = MECHANICAL_DESIGN_GEOMETRIC_PRESENTATION_REPRESENTATION (  '', ( #3230 ), #4134 ) ;
#3920 = VERTEX_POINT ( 'NONE', #3501 ) ;
#3921 = FACE_OUTER_BOUND ( 'NONE', #1779, .T. ) ;
#3922 = CARTESIAN_POINT ( 'NONE',  ( -3.799999999999999800, -0.2500000000000005600, 0.2899999999999999800 ) ) ;
#3923 = CARTESIAN_POINT ( 'NONE',  ( -0.3142672990260576600, 0.1697344422085006500, 6.776263578034402700E-018 ) ) ;
#3924 = VECTOR ( 'NONE', #167, 1000.000000000000000 ) ;
#3925 = CARTESIAN_POINT ( 'NONE',  ( -1.042682926829268100, -0.2749551410968610900, 0.01000000000000000000 ) ) ;
#3926 = CARTESIAN_POINT ( 'NONE',  ( 0.6653820571764721400, 0.07352954886407069000, 6.776263578034402700E-018 ) ) ;
#3927 = FACE_OUTER_BOUND ( 'NONE', #3782, .T. ) ;
#3928 = CARTESIAN_POINT ( 'NONE',  ( 0.0000000000000000000, 0.0000000000000000000, -0.01000000000000000000 ) ) ;
#3929 = CARTESIAN_POINT ( 'NONE',  ( -0.3142672990260576600, 0.1697344422085006500, 0.01000000000000000000 ) ) ;
#3930 =( GEOMETRIC_REPRESENTATION_CONTEXT ( 3 ) GLOBAL_UNCERTAINTY_ASSIGNED_CONTEXT ( ( #1491 ) ) GLOBAL_UNIT_ASSIGNED_CONTEXT ( ( #983, #1023, #1030 ) ) REPRESENTATION_CONTEXT ( 'NONE', 'WORKASPACE' ) );
#3931 = CARTESIAN_POINT ( 'NONE',  ( 2.000000000000000000, -0.2500000000000002800, 0.2899999999999999800 ) ) ;
#3932 = DIRECTION ( 'NONE',  ( -1.000000000000000000, 0.0000000000000000000, 0.0000000000000000000 ) ) ;
#3933 = CARTESIAN_POINT ( 'NONE',  ( 0.4114767199714093300, 0.2310193926286043000, 0.0000000000000000000 ) ) ;
#3934 = CARTESIAN_POINT ( 'NONE',  ( -0.3345974694437324200, 0.1675073073196904600, 6.776263578034402700E-018 ) ) ;
#3935 = DIRECTION ( 'NONE',  ( 1.000000000000000000, 0.0000000000000000000, 0.0000000000000000000 ) ) ;
#3936 = CARTESIAN_POINT ( 'NONE',  ( 0.5410302369630549700, -0.1966890952908888200, 3.388131789017201400E-018 ) ) ;
#3937 = ORIENTED_EDGE ( 'NONE', *, *, #2022, .T. ) ;
#3938 = FILL_AREA_STYLE ('',( #1085 ) ) ;
#3939 = DIRECTION ( 'NONE',  ( -1.000000000000000000, 0.0000000000000000000, -0.0000000000000000000 ) ) ;
#3940 = ORIENTED_EDGE ( 'NONE', *, *, #1300, .T. ) ;
#3941 = CARTESIAN_POINT ( 'NONE',  ( -0.4876323200385808100, -0.02778741794641852200, -0.0000000000000000000 ) ) ;
#3942 = ORIENTED_EDGE ( 'NONE', *, *, #574, .F. ) ;
#3943 = CARTESIAN_POINT ( 'NONE',  ( 1.500000000000000200, -1.349999999999998800, 2.000000000000000000 ) ) ;
#3944 = CARTESIAN_POINT ( 'NONE',  ( -0.4878048780487790900, -0.02009614719442206300, 0.01000000000000000000 ) ) ;
#3945 = ORIENTED_EDGE ( 'NONE', *, *, #3833, .T. ) ;
#3946 = CARTESIAN_POINT ( 'NONE',  ( 0.7256097560975616200, -0.2749551410968610900, -0.0000000000000000000 ) ) ;
#3947 = EDGE_LOOP ( 'NONE', ( #563, #1008, #3091, #940, #346, #3739 ) ) ;
#3948 = EDGE_CURVE ( 'NONE', #1445, #2896, #3954, .T. ) ;
#3949 = CARTESIAN_POINT ( 'NONE',  ( -0.6646341463414632300, -0.2749551410968610900, 0.01000000000000000000 ) ) ;
#3950 = CARTESIAN_POINT ( 'NONE',  ( -0.4878048780487790900, -0.02009614719442206300, 0.0000000000000000000 ) ) ;
#3951 =( NAMED_UNIT ( * ) SI_UNIT ( $, .STERADIAN. ) SOLID_ANGLE_UNIT ( ) );
#3952 = CARTESIAN_POINT ( 'NONE',  ( -0.3345974694437324200, 0.1675073073196904600, 0.01000000000000000000 ) ) ;
#3953 = EDGE_CURVE ( 'NONE', #2993, #2316, #3734, .T. ) ;
#3954 = LINE ( 'NONE', #1086, #2032 ) ;
#3955 = CARTESIAN_POINT ( 'NONE',  ( -0.7292301829268291700, -0.07983318987734888700, 0.01000000000000000000 ) ) ;
#3956 = FILL_AREA_STYLE ('',( #3822 ) ) ;
#3957 = CARTESIAN_POINT ( 'NONE',  ( -0.4677658563680944800, -0.1220487602865996500, 0.01000000000000000000 ) ) ;
#3958 = VECTOR ( 'NONE', #2916, 1000.000000000000000 ) ;
#3959 = CARTESIAN_POINT ( 'NONE',  ( -0.4980396252656454900, 0.1420093378598832300, 0.01000000000000000000 ) ) ;
#3960 = CIRCLE ( 'NONE', #2693, 1.550000000000000300 ) ;
#3961 = STYLED_ITEM ( 'NONE', ( #646 ), #654 ) ;
#3962 = VERTEX_POINT ( 'NONE', #759 ) ;
#3963 = CARTESIAN_POINT ( 'NONE',  ( 0.5201472030125481300, 0.1547627581214367200, 0.0000000000000000000 ) ) ;
#3964 = FACE_OUTER_BOUND ( 'NONE', #1212, .T. ) ;
#3965 = LINE ( 'NONE', #1903, #3114 ) ;
#3966 = ORIENTED_EDGE ( 'NONE', *, *, #2923, .T. ) ;
#3967 = CARTESIAN_POINT ( 'NONE',  ( 0.3109756097560982800, -0.2490405069505196000, 0.01000000000000000000 ) ) ;
#3968 = DIRECTION ( 'NONE',  ( -1.000000000000000000, 0.0000000000000000000, 0.0000000000000000000 ) ) ;
#3969 = VECTOR ( 'NONE', #915, 1000.000000000000100 ) ;
#3970 = VECTOR ( 'NONE', #505, 1000.000000000000000 ) ;
#3971 = FACE_OUTER_BOUND ( 'NONE', #2057, .T. ) ;
#3972 = CARTESIAN_POINT ( 'NONE',  ( -3.500000000000000000, 0.2499999999999993600, 0.0000000000000000000 ) ) ;
#3973 = ORIENTED_EDGE ( 'NONE', *, *, #4109, .F. ) ;
#3974 =( NAMED_UNIT ( * ) SI_UNIT ( $, .STERADIAN. ) SOLID_ANGLE_UNIT ( ) );
#3975 = PRESENTATION_STYLE_ASSIGNMENT (( #2912 ) ) ;
#3976 = CARTESIAN_POINT ( 'NONE',  ( -0.2904916158536571300, -0.2200770923163732900, 0.01000000000000000000 ) ) ;
#3977 = CARTESIAN_POINT ( 'NONE',  ( -0.8172553295144935300, 0.1434164763442193300, 0.01000000000000000000 ) ) ;
#3978 = AXIS2_PLACEMENT_3D ( 'NONE', #2187, #2007, #1828 ) ;
#3979 = CARTESIAN_POINT ( 'NONE',  ( -3.500000000000000000, -2.000000000000000000, 0.5000000000000000000 ) ) ;
#3980 = DIRECTION ( 'NONE',  ( 0.0000000000000000000, 0.0000000000000000000, -1.000000000000000000 ) ) ;
#3981 = EDGE_CURVE ( 'NONE', #97, #1601, #2834, .T. ) ;
#3982 = CARTESIAN_POINT ( 'NONE',  ( 0.3638328332527680000, 0.2263090277686653800, 0.0000000000000000000 ) ) ;
#3983 = CARTESIAN_POINT ( 'NONE',  ( 0.1463414634146348300, 0.005532663781187717100, 0.01000000000000000000 ) ) ;
#3984 = CARTESIAN_POINT ( 'NONE',  ( -0.4980903209863217800, -0.1871178259049332800, 0.01000000000000000000 ) ) ;
#3985 = ORIENTED_EDGE ( 'NONE', *, *, #1313, .F. ) ;
#3986 = PLANE ( 'NONE',  #2160 ) ;
#3987 = CARTESIAN_POINT ( 'NONE',  ( 0.4091822946474112900, -0.2792319737929689900, 0.01000000000000000000 ) ) ;
#3988 = ORIENTED_EDGE ( 'NONE', *, *, #2576, .T. ) ;
#3989 = CARTESIAN_POINT ( 'NONE',  ( 0.5638306837902358200, 0.1205774096510552500, 0.01000000000000000000 ) ) ;
#3990 = CARTESIAN_POINT ( 'NONE',  ( -0.3907625265607539400, -0.1998242842710678800, 1.185846126156020500E-017 ) ) ;
#3991 =( LENGTH_UNIT ( ) NAMED_UNIT ( * ) SI_UNIT ( .MILLI., .METRE. ) );
#3992 = CARTESIAN_POINT ( 'NONE',  ( 0.3948270974870732900, 0.2299991929957081500, 0.0000000000000000000 ) ) ;
#3993 =( NAMED_UNIT ( * ) SI_UNIT ( $, .STERADIAN. ) SOLID_ANGLE_UNIT ( ) );
#3994 = MECHANICAL_DESIGN_GEOMETRIC_PRESENTATION_REPRESENTATION (  '', ( #3311 ), #4219 ) ;
#3995 = FILL_AREA_STYLE ('',( #1683 ) ) ;
#3996 = EDGE_LOOP ( 'NONE', ( #2439, #2424, #3220, #2645 ) ) ;
#3997 = CARTESIAN_POINT ( 'NONE',  ( 0.3789534589230555400, 0.2285573386366286700, 0.0000000000000000000 ) ) ;
#3998 = B_SPLINE_CURVE_WITH_KNOTS ( 'NONE', 3,
 ( #336, #2355, #483, #797, #1443, #3557, #2496, #21, #3394, #2415, #1415 ),
 .UNSPECIFIED., .F., .F.,
 ( 4, 1, 1, 1, 1, 1, 1, 1, 4 ),
 ( 0.0000000000000000000, 0.1124483899088009100, 0.2265276752126780500, 0.3444019493260278000, 0.4658649724874585600, 0.5916594493521166700, 0.7221684870248877800, 0.8586063875549265800, 1.000000000000000000 ),
 .UNSPECIFIED. ) ;
#3999 = ORIENTED_EDGE ( 'NONE', *, *, #4051, .T. ) ;
#4000 = CARTESIAN_POINT ( 'NONE',  ( -0.4751696014757090200, -0.1041811156140987600, 0.01000000000000000000 ) ) ;
#4001 = VECTOR ( 'NONE', #2252, 1000.000000000000000 ) ;
#4002 = CARTESIAN_POINT ( 'NONE',  ( -0.5448913222597637800, 0.05839634858975931200, 0.01000000000000000000 ) ) ;
#4003 = DIRECTION ( 'NONE',  ( -1.000000000000000000, -1.858632295689435900E-016, 0.0000000000000000000 ) ) ;
#4004 = DIRECTION ( 'NONE',  ( -0.0000000000000000000, 0.0000000000000000000, -1.000000000000000000 ) ) ;
#4005 = EDGE_CURVE ( 'NONE', #1413, #669, #1764, .T. ) ;
#4006 = ORIENTED_EDGE ( 'NONE', *, *, #3486, .T. ) ;
#4007 = VECTOR ( 'NONE', #3146, 1000.000000000000000 ) ;
#4008 = ORIENTED_EDGE ( 'NONE', *, *, #3510, .F. ) ;
#4009 = ORIENTED_EDGE ( 'NONE', *, *, #2503, .T. ) ;
#4010 = PLANE ( 'NONE',  #2613 ) ;
#4011 = DIRECTION ( 'NONE',  ( -1.000000000000000000, 0.0000000000000000000, -0.0000000000000000000 ) ) ;
#4012 =( GEOMETRIC_REPRESENTATION_CONTEXT ( 3 ) GLOBAL_UNCERTAINTY_ASSIGNED_CONTEXT ( ( #4190 ) ) GLOBAL_UNIT_ASSIGNED_CONTEXT ( ( #3327, #566, #3499 ) ) REPRESENTATION_CONTEXT ( 'NONE', 'WORKASPACE' ) );
#4013 = CARTESIAN_POINT ( 'NONE',  ( -0.8191217334991172100, 0.1355569465572913400, 0.01000000000000000000 ) ) ;
#4014 = VECTOR ( 'NONE', #2566, 1000.000000000000000 ) ;
#4015 = LINE ( 'NONE', #2601, #2596 ) ;
#4016 = PLANE ( 'NONE',  #3116 ) ;
#4017 = LINE ( 'NONE', #143, #1691 ) ;
#4018 = DIRECTION ( 'NONE',  ( 0.0000000000000000000, -0.0000000000000000000, -1.000000000000000000 ) ) ;
#4019 = FACE_OUTER_BOUND ( 'NONE', #2516, .T. ) ;
#4020 = VECTOR ( 'NONE', #2611, 1000.000000000000000 ) ;
#4021 = CARTESIAN_POINT ( 'NONE',  ( 0.3494659985123490000, 0.2236326480727251800, 0.0000000000000000000 ) ) ;
#4022 = PLANE ( 'NONE',  #396 ) ;
#4023 = CARTESIAN_POINT ( 'NONE',  ( -0.7123666158536584600, -0.1347112386578366800, 0.0000000000000000000 ) ) ;
#4024 = AXIS2_PLACEMENT_3D ( 'NONE', #2744, #682, #3085 ) ;
#4025 = CARTESIAN_POINT ( 'NONE',  ( 0.4038117729642041200, -0.2243350952482234300, 6.776263578034402700E-018 ) ) ;
#4026 = EDGE_CURVE ( 'NONE', #932, #327, #95, .T. ) ;
#4027 = SURFACE_SIDE_STYLE ('',( #103 ) ) ;
#4028 = VERTEX_POINT ( 'NONE', #1823 ) ;
#4029 = CARTESIAN_POINT ( 'NONE',  ( -0.8112500380320643000, 0.1605088030029309400, 0.01000000000000000000 ) ) ;
#4030 = ORIENTED_EDGE ( 'NONE', *, *, #2754, .F. ) ;
#4031 = ORIENTED_EDGE ( 'NONE', *, *, #3218, .T. ) ;
#4032 = VERTEX_POINT ( 'NONE', #99 ) ;
#4033 = CARTESIAN_POINT ( 'NONE',  ( 0.3359067750317617000, 0.2201438588100262400, 0.0000000000000000000 ) ) ;
#4034 = VERTEX_POINT ( 'NONE', #458 ) ;
#4035 = CARTESIAN_POINT ( 'NONE',  ( -0.8038300304878047700, 0.1290082735372852800, 0.0000000000000000000 ) ) ;
#4036 = ORIENTED_EDGE ( 'NONE', *, *, #3588, .T. ) ;
#4037 = CARTESIAN_POINT ( 'NONE',  ( -0.4788288181916162100, 0.1601952091178159300, 0.01000000000000000000 ) ) ;
#4038 = CARTESIAN_POINT ( 'NONE',  ( 0.3230699268645677000, 0.2162346966673583900, 0.0000000000000000000 ) ) ;
#4039 = CARTESIAN_POINT ( 'NONE',  ( -0.8118330792682925100, 0.1640692491470413500, 0.01000000000000000000 ) ) ;
#4040 = STYLED_ITEM ( 'NONE', ( #1005 ), #1780 ) ;
#4041 =( NAMED_UNIT ( * ) SI_UNIT ( $, .STERADIAN. ) SOLID_ANGLE_UNIT ( ) );
#4042 = ORIENTED_EDGE ( 'NONE', *, *, #3638, .F. ) ;
#4043 = CARTESIAN_POINT ( 'NONE',  ( -0.2195121951219497800, 0.1701668101226511100, 0.01000000000000000000 ) ) ;
#4044 = CARTESIAN_POINT ( 'NONE',  ( 0.2134146341463421500, -0.2749551410968610900, 0.01000000000000000000 ) ) ;
#4045 =( NAMED_UNIT ( * ) SI_UNIT ( $, .STERADIAN. ) SOLID_ANGLE_UNIT ( ) );
#4046 = UNCERTAINTY_MEASURE_WITH_UNIT (LENGTH_MEASURE( 1.000000000000000100E-005 ), #1854, 'distance_accuracy_value', 'NONE');
#4047 = VECTOR ( 'NONE', #3115, 1000.000000000000000 ) ;
#4048 = STYLED_ITEM ( 'NONE', ( #1506 ), #2818 ) ;
#4049 = VERTEX_POINT ( 'NONE', #2513 ) ;
#4050 = ORIENTED_EDGE ( 'NONE', *, *, #3833, .F. ) ;
#4051 = EDGE_CURVE ( 'NONE', #1303, #882, #2730, .T. ) ;
#4052 = APPLICATION_CONTEXT ( 'automotive_design' ) ;
#4053 = PRESENTATION_STYLE_ASSIGNMENT (( #1803 ) ) ;
#4054 = ORIENTED_EDGE ( 'NONE', *, *, #2125, .F. ) ;
#4055 = DIRECTION ( 'NONE',  ( 0.0000000000000000000, -1.000000000000000000, 0.0000000000000000000 ) ) ;
#4056 = FACE_OUTER_BOUND ( 'NONE', #1006, .T. ) ;
#4057 = CARTESIAN_POINT ( 'NONE',  ( -0.4185497136480025300, -0.2480319555743048000, 1.016439536705160400E-017 ) ) ;
#4058 = CARTESIAN_POINT ( 'NONE',  ( 0.6282416040731024800, 0.1395686924965503200, 0.0000000000000000000 ) ) ;
#4059 = VERTEX_POINT ( 'NONE', #4195 ) ;
#4060 = FACE_OUTER_BOUND ( 'NONE', #1405, .T. ) ;
#4061 = FACE_OUTER_BOUND ( 'NONE', #666, .T. ) ;
#4062 = CARTESIAN_POINT ( 'NONE',  ( 0.4393102134146348900, -0.2261746532919830500, 0.01000000000000000000 ) ) ;
#4063 = FILL_AREA_STYLE ('',( #3287 ) ) ;
#4064 = CARTESIAN_POINT ( 'NONE',  ( -0.9189214939024389400, -0.1347112386578366800, 0.01000000000000000000 ) ) ;
#4065 = VECTOR ( 'NONE', #3538, 1000.000000000000000 ) ;
#4066 = LINE ( 'NONE', #1024, #850 ) ;
#4067 = ORIENTED_EDGE ( 'NONE', *, *, #910, .T. ) ;
#4068 = DIRECTION ( 'NONE',  ( 1.000000000000000000, 0.0000000000000000000, 0.0000000000000000000 ) ) ;
#4069 = AXIS2_PLACEMENT_3D ( 'NONE', #1132, #2652, #348 ) ;
#4070 = SURFACE_STYLE_USAGE ( .BOTH. , #4027 ) ;
#4071 = CARTESIAN_POINT ( 'NONE',  ( 0.6584940782872652500, -0.1565732012068437000, 0.01000000000000000000 ) ) ;
#4072 = SURFACE_STYLE_USAGE ( .BOTH. , #4118 ) ;
#4073 = CARTESIAN_POINT ( 'NONE',  ( -0.3950711594167463100, -0.2578505493808361800, 1.016439536705160400E-017 ) ) ;
#4074 = CARTESIAN_POINT ( 'NONE',  ( -0.3538631564933580300, 0.1638485068511463500, 0.01000000000000000000 ) ) ;
#4075 = EDGE_CURVE ( 'NONE', #3005, #1832, #3843, .T. ) ;
#4076 =( NAMED_UNIT ( * ) PLANE_ANGLE_UNIT ( ) SI_UNIT ( $, .RADIAN. ) );
#4077 = UNCERTAINTY_MEASURE_WITH_UNIT (LENGTH_MEASURE( 1.000000000000000100E-005 ), #3058, 'distance_accuracy_value', 'NONE');
#4078 = MECHANICAL_DESIGN_GEOMETRIC_PRESENTATION_REPRESENTATION (  '', ( #3633 ), #4300 ) ;
#4079 = CARTESIAN_POINT ( 'NONE',  ( -0.4407023022779702500, -0.2360147927432337300, 0.01000000000000000000 ) ) ;
#4080 = FILL_AREA_STYLE ('',( #4125 ) ) ;
#4081 = B_SPLINE_CURVE_WITH_KNOTS ( 'NONE', 3,
 ( #3864, #3888, #3618, #3597, #3590, #3577, #3558, #3534, #3475, #3418, #2603 ),
 .UNSPECIFIED., .F., .F.,
 ( 4, 1, 1, 1, 1, 1, 1, 1, 4 ),
 ( 0.0000000000000000000, 0.1352946047634291100, 0.2667656579247481000, 0.3948160188358722500, 0.5200516544342459500, 0.6421757029708216000, 0.7626518205584230700, 0.8818340043805018600, 1.000000000000000000 ),
 .UNSPECIFIED. ) ;
#4082 = CARTESIAN_POINT ( 'NONE',  ( -1.500000000000000400, 1.349999999999999900, 2.000000000000000000 ) ) ;
#4083 = EDGE_CURVE ( 'NONE', #2946, #2632, #3089, .T. ) ;
#4084 = CARTESIAN_POINT ( 'NONE',  ( 0.6344277638371991200, -0.1960589124292952400, 0.01000000000000000000 ) ) ;
#4085 = CARTESIAN_POINT ( 'NONE',  ( -1.500000000000000400, -1.349999999999998800, 1.800000000000000000 ) ) ;
#4086 = CARTESIAN_POINT ( 'NONE',  ( -0.4806392962021363000, -0.2052886045389776800, 0.0000000000000000000 ) ) ;
#4087 = CIRCLE ( 'NONE', #3832, 1.550000000000000000 ) ;
#4088 = ORIENTED_EDGE ( 'NONE', *, *, #1146, .T. ) ;
#4089 =( LENGTH_UNIT ( ) NAMED_UNIT ( * ) SI_UNIT ( .MILLI., .METRE. ) );
#4090 = ORIENTED_EDGE ( 'NONE', *, *, #1300, .F. ) ;
#4091 = PRESENTATION_LAYER_ASSIGNMENT (  '', '', ( #3648 ) ) ;
#4092 = CARTESIAN_POINT ( 'NONE',  ( 0.4286394817073178000, 0.2311424198787486700, 6.776263578034402700E-018 ) ) ;
#4093 = EDGE_LOOP ( 'NONE', ( #251, #627, #2887, #4349 ) ) ;
#4094 =( NAMED_UNIT ( * ) SI_UNIT ( $, .STERADIAN. ) SOLID_ANGLE_UNIT ( ) );
#4095 = CARTESIAN_POINT ( 'NONE',  ( 0.9146341463414641200, -0.2200770923163732900, 0.01000000000000000000 ) ) ;
#4096 = VECTOR ( 'NONE', #909, 1000.000000000000000 ) ;
#4097 = CARTESIAN_POINT ( 'NONE',  ( 3.500000000000000000, 0.2499999999999993600, 0.2899999999999999800 ) ) ;
#4098 = ORIENTED_EDGE ( 'NONE', *, *, #3151, .T. ) ;
#4099 = CARTESIAN_POINT ( 'NONE',  ( -0.03048780487804810300, -0.04934538499930010700, 0.0000000000000000000 ) ) ;
#4100 = LINE ( 'NONE', #4225, #1607 ) ;
#4101 =( NAMED_UNIT ( * ) PLANE_ANGLE_UNIT ( ) SI_UNIT ( $, .RADIAN. ) );
#4102 = DIRECTION ( 'NONE',  ( 1.000000000000000000, 0.0000000000000000000, 0.0000000000000000000 ) ) ;
#4103 = CARTESIAN_POINT ( 'NONE',  ( 0.1463414634146348300, 0.005532663781187717100, 0.01000000000000000000 ) ) ;
#4104 = CARTESIAN_POINT ( 'NONE',  ( -3.500000000000000000, -2.000000000000000000, 0.5000000000000000000 ) ) ;
#4105 = PRESENTATION_LAYER_ASSIGNMENT (  '', '', ( #3659 ) ) ;
#4106 = FACE_OUTER_BOUND ( 'NONE', #684, .T. ) ;
#4107 = CARTESIAN_POINT ( 'NONE',  ( -0.5546784648335992800, -0.009603548055271438400, -0.0000000000000000000 ) ) ;
#4108 = FACE_OUTER_BOUND ( 'NONE', #424, .T. ) ;
#4109 = EDGE_CURVE ( 'NONE', #3036, #2429, #1007, .T. ) ;
#4110 = ORIENTED_EDGE ( 'NONE', *, *, #2955, .T. ) ;
#4111 = VERTEX_POINT ( 'NONE', #4244 ) ;
#4112 = PLANE ( 'NONE',  #510 ) ;
#4113 = CARTESIAN_POINT ( 'NONE',  ( -3.500000000000000000, -2.000000000000000000, 0.5000000000000000000 ) ) ;
#4114 = VERTEX_POINT ( 'NONE', #153 ) ;
#4115 =( GEOMETRIC_REPRESENTATION_CONTEXT ( 3 ) GLOBAL_UNCERTAINTY_ASSIGNED_CONTEXT ( ( #3756 ) ) GLOBAL_UNIT_ASSIGNED_CONTEXT ( ( #1112, #1101, #1063 ) ) REPRESENTATION_CONTEXT ( 'NONE', 'WORKASPACE' ) );
#4116 = FILL_AREA_STYLE ('',( #3752 ) ) ;
#4117 = EDGE_CURVE ( 'NONE', #1615, #882, #1727, .T. ) ;
#4118 = SURFACE_SIDE_STYLE ('',( #1898 ) ) ;
#4119 = ORIENTED_EDGE ( 'NONE', *, *, #2358, .F. ) ;
#4120 = CARTESIAN_POINT ( 'NONE',  ( -0.5548780487804863000, -0.01866703134076352200, 0.0000000000000000000 ) ) ;
#4121 = CARTESIAN_POINT ( 'NONE',  ( 0.6195335880197236900, -0.2136739659598344000, 6.776263578034402700E-018 ) ) ;
#4122 = CARTESIAN_POINT ( 'NONE',  ( 0.4123440683672717800, 0.1760266390732833400, 6.776263578034402700E-018 ) ) ;
#4123 = CONICAL_SURFACE ( 'NONE', #1671, 1.550000000000002000, 0.7853981633974461700 ) ;
#4124 = CARTESIAN_POINT ( 'NONE',  ( 0.3109756097560982800, 0.1442521759763096800, 0.0000000000000000000 ) ) ;
#4125 = FILL_AREA_STYLE_COLOUR ( '', #2149 ) ;
#4126 = LINE ( 'NONE', #3741, #4173 ) ;
#4127 = CARTESIAN_POINT ( 'NONE',  ( -2.000000000000000000, 0.2499999999999996700, 0.2899999999999999800 ) ) ;
#4128 = CARTESIAN_POINT ( 'NONE',  ( 0.9146341463414641200, 0.2250448589031389100, 0.01000000000000000000 ) ) ;
#4129 = ORIENTED_EDGE ( 'NONE', *, *, #2444, .F. ) ;
#4130 = DIRECTION ( 'NONE',  ( 0.0000000000000000000, 1.000000000000000000, 0.0000000000000000000 ) ) ;
#4131 = VECTOR ( 'NONE', #3479, 1000.000000000000000 ) ;
#4132 = ADVANCED_FACE ( 'NONE', ( #4311 ), #824, .T. ) ;
#4133 = CARTESIAN_POINT ( 'NONE',  ( 0.3789534589230555400, 0.2285573386366286700, 6.776263578034402700E-018 ) ) ;
#4134 =( GEOMETRIC_REPRESENTATION_CONTEXT ( 3 ) GLOBAL_UNCERTAINTY_ASSIGNED_CONTEXT ( ( #1904 ) ) GLOBAL_UNIT_ASSIGNED_CONTEXT ( ( #1896, #3559, #3083 ) ) REPRESENTATION_CONTEXT ( 'NONE', 'WORKASPACE' ) );
#4135 = CARTESIAN_POINT ( 'NONE',  ( -0.4409394792252222000, 0.1881022435451960600, 0.01000000000000000000 ) ) ;
#4136 = DIRECTION ( 'NONE',  ( -0.0000000000000000000, -0.0000000000000000000, -1.000000000000000000 ) ) ;
#4137 = UNCERTAINTY_MEASURE_WITH_UNIT (LENGTH_MEASURE( 1.000000000000000100E-005 ), #2778, 'distance_accuracy_value', 'NONE');
#4138 = DIRECTION ( 'NONE',  ( 0.0000000000000000000, -0.0000000000000000000, 1.000000000000000000 ) ) ;
#4139 = ORIENTED_EDGE ( 'NONE', *, *, #2659, .F. ) ;
#4140 = CARTESIAN_POINT ( 'NONE',  ( -0.8038300304878047700, 0.1290082735372852800, 0.01000000000000000000 ) ) ;
#4141 = VERTEX_POINT ( 'NONE', #3234 ) ;
#4142 = SURFACE_STYLE_USAGE ( .BOTH. , #4154 ) ;
#4143 = ORIENTED_EDGE ( 'NONE', *, *, #2275, .F. ) ;
#4144 = SURFACE_STYLE_USAGE ( .BOTH. , #3453 ) ;
#4145 = ORIENTED_EDGE ( 'NONE', *, *, #975, .F. ) ;
#4146 = DIRECTION ( 'NONE',  ( -0.0000000000000000000, -1.000000000000000000, -0.0000000000000000000 ) ) ;
#4147 =( NAMED_UNIT ( * ) PLANE_ANGLE_UNIT ( ) SI_UNIT ( $, .RADIAN. ) );
#4148 = CARTESIAN_POINT ( 'NONE',  ( -3.500000000000000000, 2.000000000000000000, 0.5000000000000000000 ) ) ;
#4149 = DIRECTION ( 'NONE',  ( 1.000000000000000000, 0.0000000000000000000, 0.0000000000000000000 ) ) ;
#4150 = DIRECTION ( 'NONE',  ( -0.0000000000000000000, -0.0000000000000000000, -1.000000000000000000 ) ) ;
#4151 = ORIENTED_EDGE ( 'NONE', *, *, #2444, .T. ) ;
#4152 = ORIENTED_EDGE ( 'NONE', *, *, #3218, .F. ) ;
#4153 = LINE ( 'NONE', #2876, #1985 ) ;
#4154 = SURFACE_SIDE_STYLE ('',( #3474 ) ) ;
#4155 = SHAPE_DEFINITION_REPRESENTATION ( #2612, #736 ) ;
#4156 = EDGE_LOOP ( 'NONE', ( #1039, #2707, #4088, #881 ) ) ;
#4157 = PLANE ( 'NONE',  #3430 ) ;
#4158 = ORIENTED_EDGE ( 'NONE', *, *, #3096, .T. ) ;
#4159 = CARTESIAN_POINT ( 'NONE',  ( -0.7292301829268291700, -0.07983318987734888700, 0.0000000000000000000 ) ) ;
#4160 = VECTOR ( 'NONE', #331, 1000.000000000000000 ) ;
#4161 = CARTESIAN_POINT ( 'NONE',  ( 0.5673533901101536200, -0.1734595390745556100, 0.01000000000000000000 ) ) ;
#4162 = EDGE_CURVE ( 'NONE', #1358, #3364, #2626, .T. ) ;
#4163 = VECTOR ( 'NONE', #3463, 1000.000000000000000 ) ;
#4164 = CARTESIAN_POINT ( 'NONE',  ( -1.750000000000000400, 0.0000000000000000000, 0.8000000000000012700 ) ) ;
#4165 = LINE ( 'NONE', #2062, #3915 ) ;
#4166 = EDGE_LOOP ( 'NONE', ( #1733, #2816, #3894, #318 ) ) ;
#4167 = CARTESIAN_POINT ( 'NONE',  ( -0.8082893805652040500, 0.1443583355312345300, 0.01000000000000000000 ) ) ;
#4168 = CARTESIAN_POINT ( 'NONE',  ( 0.9817073170731713800, 0.2250448589031389100, 0.01000000000000000000 ) ) ;
#4169 = AXIS2_PLACEMENT_3D ( 'NONE', #3667, #2657, #1015 ) ;
#4170 = LINE ( 'NONE', #507, #2365 ) ;
#4171 = ORIENTED_EDGE ( 'NONE', *, *, #2503, .F. ) ;
#4172 = CARTESIAN_POINT ( 'NONE',  ( 0.4942627770300098700, -0.2190856217435321900, 0.01000000000000000000 ) ) ;
#4173 = VECTOR ( 'NONE', #3193, 1000.000000000000000 ) ;
#4174 = VECTOR ( 'NONE', #616, 1000.000000000000000 ) ;
#4175 = EDGE_CURVE ( 'NONE', #4034, #431, #896, .T. ) ;
#4176 = LINE ( 'NONE', #3123, #3868 ) ;
#4177 = PRESENTATION_STYLE_ASSIGNMENT (( #397 ) ) ;
#4178 = DIRECTION ( 'NONE',  ( 0.0000000000000000000, 0.0000000000000000000, 1.000000000000000000 ) ) ;
#4179 = CARTESIAN_POINT ( 'NONE',  ( -1.750000000000000400, -1.749999999999999100, 1.000000000000000000 ) ) ;
#4180 = VECTOR ( 'NONE', #3109, 1000.000000000000000 ) ;
#4181 = DIRECTION ( 'NONE',  ( 0.0000000000000000000, 0.0000000000000000000, -1.000000000000000000 ) ) ;
#4182 = FACE_BOUND ( 'NONE', #1170, .T. ) ;
#4183 = CARTESIAN_POINT ( 'NONE',  ( -1.750000000000000400, 1.750000000000000900, 0.8000000000000012700 ) ) ;
#4184 = AXIS2_PLACEMENT_3D ( 'NONE', #1680, #1559, #640 ) ;
#4185 = CARTESIAN_POINT ( 'NONE',  ( 0.0000000000000000000, 0.0000000000000000000, 0.5000000000000000000 ) ) ;
#4186 = CARTESIAN_POINT ( 'NONE',  ( -3.500000000000000000, 2.000000000000000000, 0.5000000000000000000 ) ) ;
#4187 = DIRECTION ( 'NONE',  ( 0.0000000000000000000, 1.000000000000000000, 0.0000000000000000000 ) ) ;
#4188 = SURFACE_STYLE_USAGE ( .BOTH. , #4210 ) ;
#4189 = CARTESIAN_POINT ( 'NONE',  ( 0.3704262831464875100, -0.2183676282297354900, 6.776263578034402700E-018 ) ) ;
#4190 = UNCERTAINTY_MEASURE_WITH_UNIT (LENGTH_MEASURE( 1.000000000000000100E-005 ), #3327, 'distance_accuracy_value', 'NONE');
#4191 = STYLED_ITEM ( 'NONE', ( #2849 ), #1886 ) ;
#4192 = ORIENTED_EDGE ( 'NONE', *, *, #3871, .F. ) ;
#4193 = CARTESIAN_POINT ( 'NONE',  ( -0.05487804878048714600, -0.2749551410968610900, 0.01000000000000000000 ) ) ;
#4194 = ORIENTED_EDGE ( 'NONE', *, *, #2122, .F. ) ;
#4195 = CARTESIAN_POINT ( 'NONE',  ( -0.4878048780487790900, -0.02009614719442206300, 0.0000000000000000000 ) ) ;
#4196 = CARTESIAN_POINT ( 'NONE',  ( 0.1463414634146348300, -0.2200770923163732900, 0.01000000000000000000 ) ) ;
#4197 = DIRECTION ( 'NONE',  ( 1.000000000000000000, -1.204669080539449300E-016, 0.0000000000000000000 ) ) ;
#4198 = EDGE_CURVE ( 'NONE', #3428, #1694, #1827, .T. ) ;
#4199 = DIRECTION ( 'NONE',  ( -1.000000000000000000, 0.0000000000000000000, 0.0000000000000000000 ) ) ;
#4200 = VERTEX_POINT ( 'NONE', #836 ) ;
#4201 = ORIENTED_EDGE ( 'NONE', *, *, #3270, .T. ) ;
#4202 = AXIS2_PLACEMENT_3D ( 'NONE', #715, #2302, #62 ) ;
#4203 = EDGE_CURVE ( 'NONE', #431, #3563, #1624, .T. ) ;
#4204 = CARTESIAN_POINT ( 'NONE',  ( 0.4332725031317566900, -0.2260953830182728400, 0.01000000000000000000 ) ) ;
#4205 = CARTESIAN_POINT ( 'NONE',  ( -0.4185497136480025300, -0.2480319555743048000, 0.01000000000000000000 ) ) ;
#4206 = DIRECTION ( 'NONE',  ( -0.0000000000000000000, 0.0000000000000000000, -1.000000000000000000 ) ) ;
#4207 = VERTEX_POINT ( 'NONE', #3245 ) ;
#4208 = CARTESIAN_POINT ( 'NONE',  ( -0.2904916158536571300, -0.2200770923163732900, 0.01000000000000000000 ) ) ;
#4209 = ORIENTED_EDGE ( 'NONE', *, *, #590, .T. ) ;
#4210 = SURFACE_SIDE_STYLE ('',( #2667 ) ) ;
#4211 = DIRECTION ( 'NONE',  ( 1.000000000000000000, -1.204669080539449600E-016, 0.0000000000000000000 ) ) ;
#4212 = ORIENTED_EDGE ( 'NONE', *, *, #3512, .T. ) ;
#4213 = CARTESIAN_POINT ( 'NONE',  ( 0.6158536585365861300, -0.03029050695051963000, 0.01000000000000000000 ) ) ;
#4214 = LINE ( 'NONE', #609, #3673 ) ;
#4215 = DIRECTION ( 'NONE',  ( 0.0000000000000000000, 0.0000000000000000000, 1.000000000000000000 ) ) ;
#4216 = LINE ( 'NONE', #185, #3313 ) ;
#4217 = VECTOR ( 'NONE', #2089, 1000.000000000000000 ) ;
#4218 = DIRECTION ( 'NONE',  ( -0.0000000000000000000, -0.0000000000000000000, -1.000000000000000000 ) ) ;
#4219 =( GEOMETRIC_REPRESENTATION_CONTEXT ( 3 ) GLOBAL_UNCERTAINTY_ASSIGNED_CONTEXT ( ( #3135 ) ) GLOBAL_UNIT_ASSIGNED_CONTEXT ( ( #2151, #2567, #3951 ) ) REPRESENTATION_CONTEXT ( 'NONE', 'WORKASPACE' ) );
#4220 = FACE_OUTER_BOUND ( 'NONE', #711, .T. ) ;
#4221 = VERTEX_POINT ( 'NONE', #2236 ) ;
#4222 = COLOUR_RGB ( '',0.2980392156862745100, 0.2980392156862745100, 0.2980392156862745100 ) ;
#4223 = ORIENTED_EDGE ( 'NONE', *, *, #1767, .T. ) ;
#4224 = CARTESIAN_POINT ( 'NONE',  ( 0.3789534589230555400, 0.2285573386366286700, 0.01000000000000000000 ) ) ;
#4225 = CARTESIAN_POINT ( 'NONE',  ( -0.05487804878048714600, -0.2200770923163732900, 0.01000000000000000000 ) ) ;
#4226 = ORIENTED_EDGE ( 'NONE', *, *, #820, .T. ) ;
#4227 = DIRECTION ( 'NONE',  ( 0.0000000000000000000, 0.0000000000000000000, -1.000000000000000000 ) ) ;
#4228 = SURFACE_STYLE_USAGE ( .BOTH. , #2120 ) ;
#4229 = CARTESIAN_POINT ( 'NONE',  ( -0.3721065928830371000, 0.1585772300678970300, 6.776263578034402700E-018 ) ) ;
#4230 = CARTESIAN_POINT ( 'NONE',  ( 0.5787608400088551900, -0.1596678594511102000, 0.01000000000000000000 ) ) ;
#4231 = FILL_AREA_STYLE ('',( #3372 ) ) ;
#4232 = DIRECTION ( 'NONE',  ( 1.000000000000000000, 0.0000000000000000000, 0.0000000000000000000 ) ) ;
#4233 = CARTESIAN_POINT ( 'NONE',  ( 1.750000000000000200, -1.550000000000001200, 1.000000000000000000 ) ) ;
#4234 = FACE_OUTER_BOUND ( 'NONE', #1184, .T. ) ;
#4235 = FACE_OUTER_BOUND ( 'NONE', #42, .T. ) ;
#4236 = CARTESIAN_POINT ( 'NONE',  ( -0.8082893805652040500, 0.1443583355312345300, 6.776263578034402700E-018 ) ) ;
#4237 = VECTOR ( 'NONE', #1949, 1000.000000000000100 ) ;
#4238 = LINE ( 'NONE', #2335, #4174 ) ;
#4239 = EDGE_CURVE ( 'NONE', #3257, #4401, #4216, .T. ) ;
#4240 = FACE_OUTER_BOUND ( 'NONE', #3996, .T. ) ;
#4241 = VERTEX_POINT ( 'NONE', #3605 ) ;
#4242 = DIRECTION ( 'NONE',  ( -0.0000000000000000000, -0.0000000000000000000, -1.000000000000000000 ) ) ;
#4243 = CARTESIAN_POINT ( 'NONE',  ( -0.3721065928830371000, 0.1585772300678970300, 0.01000000000000000000 ) ) ;
#4244 = CARTESIAN_POINT ( 'NONE',  ( 2.850000000000000500, 0.0000000000000000000, 2.000000000000000000 ) ) ;
#4245 = CARTESIAN_POINT ( 'NONE',  ( -0.4480639183564909000, -0.1538453297112271100, 0.01000000000000000000 ) ) ;
#4246 = DIRECTION ( 'NONE',  ( -0.0000000000000000000, -0.0000000000000000000, -1.000000000000000000 ) ) ;
#4247 = DIRECTION ( 'NONE',  ( -0.0000000000000000000, -0.0000000000000000000, -1.000000000000000000 ) ) ;
#4248 = ORIENTED_EDGE ( 'NONE', *, *, #1628, .T. ) ;
#4249 = ORIENTED_EDGE ( 'NONE', *, *, #2499, .T. ) ;
#4250 = CARTESIAN_POINT ( 'NONE',  ( 0.5035959877791480500, 0.1626897732940341700, 1.524659305057740600E-017 ) ) ;
#4251 = DIRECTION ( 'NONE',  ( 0.0000000000000000000, 0.0000000000000000000, 1.000000000000000000 ) ) ;
#4252 = EDGE_CURVE ( 'NONE', #3133, #3429, #3433, .T. ) ;
#4253 = CARTESIAN_POINT ( 'NONE',  ( 0.5787608400088551900, -0.1596678594511102000, 3.388131789017201400E-018 ) ) ;
#4254 = CARTESIAN_POINT ( 'NONE',  ( -0.8475609756097559600, 0.2250448589031389100, 0.01000000000000000000 ) ) ;
#4255 = CARTESIAN_POINT ( 'NONE',  ( -0.3892718088248050500, 0.1518217670500249000, 6.776263578034402700E-018 ) ) ;
#4256 = ORIENTED_EDGE ( 'NONE', *, *, #73, .F. ) ;
#4257 = AXIS2_PLACEMENT_3D ( 'NONE', #339, #320, #3380 ) ;
#4258 = EDGE_CURVE ( 'NONE', #2254, #2083, #583, .T. ) ;
#4259 = EDGE_LOOP ( 'NONE', ( #3200, #1327, #3259, #3724 ) ) ;
#4260 = DIRECTION ( 'NONE',  ( 0.0000000000000000000, -1.000000000000000000, 0.0000000000000000000 ) ) ;
#4261 = ORIENTED_EDGE ( 'NONE', *, *, #1096, .F. ) ;
#4262 = CARTESIAN_POINT ( 'NONE',  ( -0.5542802873806451600, -0.04662243073984359600, 1.016439536705160400E-017 ) ) ;
#4263 = CARTESIAN_POINT ( 'NONE',  ( -0.3892718088248050500, 0.1518217670500249000, 0.01000000000000000000 ) ) ;
#4264 = PRESENTATION_LAYER_ASSIGNMENT (  '', '', ( #3073 ) ) ;
#4265 = LINE ( 'NONE', #4104, #3375 ) ;
#4266 = VERTEX_POINT ( 'NONE', #1576 ) ;
#4267 = CARTESIAN_POINT ( 'NONE',  ( -0.3167229944959275600, -0.2744426244447063500, 0.01000000000000000000 ) ) ;
#4268 = ORIENTED_EDGE ( 'NONE', *, *, #3638, .T. ) ;
#4269 = DIRECTION ( 'NONE',  ( 0.0000000000000000000, 0.7071067811865460200, 0.7071067811865489100 ) ) ;
#4270 = CARTESIAN_POINT ( 'NONE',  ( -0.4054168985882687400, 0.1436009468746251600, 6.776263578034402700E-018 ) ) ;
#4271 = TOROIDAL_SURFACE ( 'NONE', #146, 1.350000000000000100, 0.2000000000000000100 ) ;
#4272 = AXIS2_PLACEMENT_3D ( 'NONE', #3003, #2651, #2037 ) ;
#4273 = LINE ( 'NONE', #1106, #4014 ) ;
#4274 = VECTOR ( 'NONE', #774, 1000.000000000000000 ) ;
#4275 = CARTESIAN_POINT ( 'NONE',  ( -1.500000000000000400, -1.549999999999998900, 1.800000000000000000 ) ) ;
#4276 = CARTESIAN_POINT ( 'NONE',  ( -0.4054168985882687400, 0.1436009468746251600, 0.01000000000000000000 ) ) ;
#4277 = COLOUR_RGB ( '',0.6666666666666666300, 0.6666666666666666300, 0.6666666666666666300 ) ;
#4278 = CARTESIAN_POINT ( 'NONE',  ( -0.2904916158536571300, -0.2200770923163732900, 1.185846126156020500E-017 ) ) ;
#4279 = CIRCLE ( 'NONE', #2348, 0.2000000000000000900 ) ;
#4280 = PRESENTATION_LAYER_ASSIGNMENT (  '', '', ( #4048 ) ) ;
#4281 = CARTESIAN_POINT ( 'NONE',  ( 0.3230699268645677000, 0.2162346966673583900, 0.01000000000000000000 ) ) ;
#4282 = DIRECTION ( 'NONE',  ( -0.3536223923290755500, 0.9353882635801357100, 0.0000000000000000000 ) ) ;
#4283 = COLOUR_RGB ( '',0.6666666666666666300, 0.6666666666666666300, 0.6666666666666666300 ) ;
#4284 = EDGE_CURVE ( 'NONE', #2655, #4028, #484, .T. ) ;
#4285 = FACE_OUTER_BOUND ( 'NONE', #2345, .T. ) ;
#4286 = CARTESIAN_POINT ( 'NONE',  ( 0.6829268292682934000, -0.03438730573100741400, 0.01000000000000000000 ) ) ;
#4287 = CARTESIAN_POINT ( 'NONE',  ( -0.4204153958142486400, 0.1338100617988998700, 6.776263578034402700E-018 ) ) ;
#4288 = CARTESIAN_POINT ( 'NONE',  ( -0.9189214939024389400, -0.1347112386578366800, 0.0000000000000000000 ) ) ;
#4289 = CARTESIAN_POINT ( 'NONE',  ( 0.3968518678333571900, 0.1744063222787549400, 6.776263578034402700E-018 ) ) ;
#4290 = CARTESIAN_POINT ( 'NONE',  ( 0.5503284455404371400, 0.1336729282781080900, 0.0000000000000000000 ) ) ;
#4291 = DIRECTION ( 'NONE',  ( 0.0000000000000000000, 0.0000000000000000000, 1.000000000000000000 ) ) ;
#4292 = ORIENTED_EDGE ( 'NONE', *, *, #427, .F. ) ;
#4293 = DIRECTION ( 'NONE',  ( -0.0000000000000000000, -0.0000000000000000000, -1.000000000000000000 ) ) ;
#4294 = CARTESIAN_POINT ( 'NONE',  ( -0.4204153958142486400, 0.1338100617988998700, 0.01000000000000000000 ) ) ;
#4295 = VERTEX_POINT ( 'NONE', #3946 ) ;
#4296 = EDGE_LOOP ( 'NONE', ( #4346, #2347, #874, #1091 ) ) ;
#4297 = VERTEX_POINT ( 'NONE', #2599 ) ;
#4298 = DIRECTION ( 'NONE',  ( 1.000000000000000000, 0.0000000000000000000, 0.0000000000000000000 ) ) ;
#4299 = CARTESIAN_POINT ( 'NONE',  ( 0.6129680645552328900, 0.01444012799955415500, 0.01000000000000000000 ) ) ;
#4300 =( GEOMETRIC_REPRESENTATION_CONTEXT ( 3 ) GLOBAL_UNCERTAINTY_ASSIGNED_CONTEXT ( ( #2433 ) ) GLOBAL_UNIT_ASSIGNED_CONTEXT ( ( #3571, #285, #501 ) ) REPRESENTATION_CONTEXT ( 'NONE', 'WORKASPACE' ) );
#4301 =( LENGTH_UNIT ( ) NAMED_UNIT ( * ) SI_UNIT ( .MILLI., .METRE. ) );
#4302 = CARTESIAN_POINT ( 'NONE',  ( 1.750000000000000400, 0.0000000000000000000, 1.000000000000000000 ) ) ;
#4303 = ORIENTED_EDGE ( 'NONE', *, *, #1277, .F. ) ;
#4304 = CARTESIAN_POINT ( 'NONE',  ( -0.2980254002394434600, -0.2199142378579786400, 0.01000000000000000000 ) ) ;
#4305 = PLANE ( 'NONE',  #1217 ) ;
#4306 = EDGE_LOOP ( 'NONE', ( #1912, #2052, #3009, #3778, #462, #3658 ) ) ;
#4307 = CARTESIAN_POINT ( 'NONE',  ( 3.500000000000000000, -2.000000000000000000, 0.5000000000000000000 ) ) ;
#4308 = DIRECTION ( 'NONE',  ( -0.0000000000000000000, -1.000000000000000000, -0.0000000000000000000 ) ) ;
#4309 = CARTESIAN_POINT ( 'NONE',  ( -1.042682926829268100, -0.2749551410968610900, 0.01000000000000000000 ) ) ;
#4310 = EDGE_CURVE ( 'NONE', #1547, #104, #2269, .T. ) ;
#4311 = FACE_OUTER_BOUND ( 'NONE', #4389, .T. ) ;
#4312 = PLANE ( 'NONE',  #2911 ) ;
#4313 = VECTOR ( 'NONE', #1001, 1000.000000000000000 ) ;
#4314 = ORIENTED_EDGE ( 'NONE', *, *, #1802, .T. ) ;
#4315 = MECHANICAL_DESIGN_GEOMETRIC_PRESENTATION_REPRESENTATION (  '', ( #3648 ), #124 ) ;
#4316 = ORIENTED_EDGE ( 'NONE', *, *, #2125, .T. ) ;
#4317 = CARTESIAN_POINT ( 'NONE',  ( -0.4071273330245606700, -0.1907964850329192400, 1.185846126156020500E-017 ) ) ;
#4318 = VECTOR ( 'NONE', #3511, 1000.000000000000100 ) ;
#4319 = CARTESIAN_POINT ( 'NONE',  ( -0.5367538280350966400, 0.08144677980025176500, 6.776263578034402700E-018 ) ) ;
#4320 = CARTESIAN_POINT ( 'NONE',  ( -0.05487804878048714600, -0.2200770923163732900, 0.0000000000000000000 ) ) ;
#4321 = FILL_AREA_STYLE ('',( #4385 ) ) ;
#4322 = LINE ( 'NONE', #1000, #1952 ) ;
#4323 = ADVANCED_FACE ( 'NONE', ( #4106 ), #1689, .T. ) ;
#4324 = MECHANICAL_DESIGN_GEOMETRIC_PRESENTATION_REPRESENTATION (  '', ( #3659 ), #132 ) ;
#4325 = CARTESIAN_POINT ( 'NONE',  ( 0.3109756097560982800, -0.2490405069505196000, 6.776263578034402700E-018 ) ) ;
#4326 = EDGE_CURVE ( 'NONE', #2896, #1702, #1294, .T. ) ;
#4327 = EDGE_CURVE ( 'NONE', #1115, #3548, #2200, .T. ) ;
#4328 = CARTESIAN_POINT ( 'NONE',  ( -0.4808271108893143500, -0.08497673556289722700, 0.01000000000000000000 ) ) ;
#4329 = VERTEX_POINT ( 'NONE', #2661 ) ;
#4330 = CARTESIAN_POINT ( 'NONE',  ( 3.500000000000000000, -0.2500000000000004400, 0.5000000000000000000 ) ) ;
#4331 = DIRECTION ( 'NONE',  ( -0.0000000000000000000, -0.0000000000000000000, -1.000000000000000000 ) ) ;
#4332 = FACE_OUTER_BOUND ( 'NONE', #1406, .T. ) ;
#4333 = EDGE_CURVE ( 'NONE', #3766, #2133, #3905, .T. ) ;
#4334 = CARTESIAN_POINT ( 'NONE',  ( 2.000000000000000000, -0.2500000000000002800, -0.01000000000000000000 ) ) ;
#4335 = CARTESIAN_POINT ( 'NONE',  ( 1.750000000000000200, -1.750000000000000200, 0.8000000000000012700 ) ) ;
#4336 = VERTEX_POINT ( 'NONE', #272 ) ;
#4337 = EDGE_LOOP ( 'NONE', ( #741, #452, #1625, #4129 ) ) ;
#4338 = CARTESIAN_POINT ( 'NONE',  ( -0.1524390243902424600, 0.2250448589031389100, 0.0000000000000000000 ) ) ;
#4339 = CARTESIAN_POINT ( 'NONE',  ( -0.3207373611852571400, 0.2244386635710823900, 0.0000000000000000000 ) ) ;
#4340 = ORIENTED_EDGE ( 'NONE', *, *, #2564, .F. ) ;
#4341 = DIRECTION ( 'NONE',  ( 1.000000000000000000, -0.0000000000000000000, 0.0000000000000000000 ) ) ;
#4342 = CARTESIAN_POINT ( 'NONE',  ( -0.03048780487804810300, -0.04934538499930010700, 0.01000000000000000000 ) ) ;
#4343 = ORIENTED_EDGE ( 'NONE', *, *, #1309, .T. ) ;
#4344 = CARTESIAN_POINT ( 'NONE',  ( 0.3359067750317617000, 0.2201438588100262400, 6.776263578034402700E-018 ) ) ;
#4345 = VERTEX_POINT ( 'NONE', #606 ) ;
#4346 = ORIENTED_EDGE ( 'NONE', *, *, #3359, .F. ) ;
#4347 = EDGE_LOOP ( 'NONE', ( #517, #2967, #2, #3161 ) ) ;
#4348 = ORIENTED_EDGE ( 'NONE', *, *, #798, .T. ) ;
#4349 = ORIENTED_EDGE ( 'NONE', *, *, #1997, .T. ) ;
#4350 = CARTESIAN_POINT ( 'NONE',  ( 0.5224595266993281600, -0.2719800253693980800, 0.01000000000000000000 ) ) ;
#4351 = LINE ( 'NONE', #3443, #1352 ) ;
#4352 = CARTESIAN_POINT ( 'NONE',  ( 2.000000000000000000, -0.2500000000000002800, 0.0000000000000000000 ) ) ;
#4353 = ORIENTED_EDGE ( 'NONE', *, *, #4258, .T. ) ;
#4354 = PRESENTATION_STYLE_ASSIGNMENT (( #872 ) ) ;
#4355 = VECTOR ( 'NONE', #3754, 1000.000000000000000 ) ;
#4356 = ORIENTED_EDGE ( 'NONE', *, *, #2022, .F. ) ;
#4357 = ORIENTED_EDGE ( 'NONE', *, *, #1485, .T. ) ;
#4358 = VECTOR ( 'NONE', #1776, 1000.000000000000000 ) ;
#4359 = ORIENTED_EDGE ( 'NONE', *, *, #764, .F. ) ;
#4360 = ORIENTED_EDGE ( 'NONE', *, *, #1369, .T. ) ;
#4361 = CARTESIAN_POINT ( 'NONE',  ( 0.6113948168277751900, 0.1584196055067120200, 6.776263578034402700E-018 ) ) ;
#4362 = CARTESIAN_POINT ( 'NONE',  ( -0.03048780487804810300, 0.005532663781187717100, 0.01000000000000000000 ) ) ;
#4363 = UNCERTAINTY_MEASURE_WITH_UNIT (LENGTH_MEASURE( 1.000000000000000100E-005 ), #652, 'distance_accuracy_value', 'NONE');
#4364 = CARTESIAN_POINT ( 'NONE',  ( 0.0000000000000000000, 0.0000000000000000000, 0.0000000000000000000 ) ) ;
#4365 = CARTESIAN_POINT ( 'NONE',  ( 0.3948270974870732900, 0.2299991929957081500, 6.776263578034402700E-018 ) ) ;
#4366 = CARTESIAN_POINT ( 'NONE',  ( -0.5914634146341462000, -0.2749551410968610900, 0.01000000000000000000 ) ) ;
#4367 = CARTESIAN_POINT ( 'NONE',  ( 2.000000000000000000, 0.2499999999999996700, -0.01000000000000000000 ) ) ;
#4368 = VECTOR ( 'NONE', #3484, 1000.000000000000000 ) ;
#4369 = COLOUR_RGB ( '',0.6666666666666666300, 0.6666666666666666300, 0.6666666666666666300 ) ;
#4370 = CARTESIAN_POINT ( 'NONE',  ( 0.6153433058964603600, -0.007528093710022619300, 0.01000000000000000000 ) ) ;
#4372 = COLOUR_RGB ( '',0.6666666666666666300, 0.6666666666666666300, 0.6666666666666666300 ) ;
#4371 = CARTESIAN_POINT ( 'NONE',  ( -0.9695121951219510800, -0.2749551410968610900, 0.0000000000000000000 ) ) ;
#4373 = VECTOR ( 'NONE', #768, 1000.000000000000100 ) ;
#4374 = PRESENTATION_STYLE_ASSIGNMENT (( #3909 ) ) ;
#4375 = AXIS2_PLACEMENT_3D ( 'NONE', #4362, #3764, #2075 ) ;
#4376 = EDGE_LOOP ( 'NONE', ( #4395, #1364, #4226, #3528 ) ) ;
#4377 = FACE_BOUND ( 'NONE', #2311, .T. ) ;
#4378 = DIRECTION ( 'NONE',  ( 1.000000000000000000, 0.0000000000000000000, 0.0000000000000000000 ) ) ;
#4379 = CARTESIAN_POINT ( 'NONE',  ( -0.8038300304878047700, 0.1290082735372852800, 0.01000000000000000000 ) ) ;
#4380 = PLANE ( 'NONE',  #4375 ) ;
#4381 = CARTESIAN_POINT ( 'NONE',  ( 0.4123440683672717800, 0.1760266390732833400, 0.01000000000000000000 ) ) ;
#4382 = SURFACE_SIDE_STYLE ('',( #2670 ) ) ;
#4383 = EDGE_CURVE ( 'NONE', #1469, #2993, #377, .T. ) ;
#4384 = CARTESIAN_POINT ( 'NONE',  ( -0.4193364853228162000, 0.1996555894078171600, 0.0000000000000000000 ) ) ;
#4385 = FILL_AREA_STYLE_COLOUR ( '', #3555 ) ;
#4386 = CARTESIAN_POINT ( 'NONE',  ( 0.5929558394664787800, 0.1755063587573295600, 0.0000000000000000000 ) ) ;
#4387 = VERTEX_POINT ( 'NONE', #4023 ) ;
#4388 =( LENGTH_UNIT ( ) NAMED_UNIT ( * ) SI_UNIT ( .MILLI., .METRE. ) );
#4389 = EDGE_LOOP ( 'NONE', ( #1025, #602, #921, #239 ) ) ;
#4390 = ORIENTED_EDGE ( 'NONE', *, *, #2353, .T. ) ;
#4391 = PRESENTATION_LAYER_ASSIGNMENT (  '', '', ( #3961 ) ) ;
#4392 = DIRECTION ( 'NONE',  ( -0.0000000000000000000, -0.0000000000000000000, -1.000000000000000000 ) ) ;
#4393 = CARTESIAN_POINT ( 'NONE',  ( 0.3109756097560982800, -0.1941624581700318000, 0.01000000000000000000 ) ) ;
#4394 = SURFACE_STYLE_USAGE ( .BOTH. , #643 ) ;
#4395 = ORIENTED_EDGE ( 'NONE', *, *, #2188, .F. ) ;
#4396 = VERTEX_POINT ( 'NONE', #288 ) ;
#4397 = CARTESIAN_POINT ( 'NONE',  ( -0.8118330792682925100, 0.1640692491470413500, 0.01000000000000000000 ) ) ;
#4398 = EDGE_CURVE ( 'NONE', #2068, #1019, #2004, .T. ) ;
#4399 = EDGE_LOOP ( 'NONE', ( #4303, #479, #4268, #2920, #2304, #3181 ) ) ;
#4400 = CARTESIAN_POINT ( 'NONE',  ( -0.5132506857202197000, 0.1232320010283776600, 6.776263578034402700E-018 ) ) ;
#4401 = VERTEX_POINT ( 'NONE', #2339 ) ;
#4402 = CARTESIAN_POINT ( 'NONE',  ( 0.4227917705111431400, 0.1761846008000914300, 6.776263578034402700E-018 ) ) ;
#4403 = ORIENTED_EDGE ( 'NONE', *, *, #3351, .F. ) ;
#4404 = CARTESIAN_POINT ( 'NONE',  ( 0.4038117729642041200, -0.2243350952482234300, -0.0000000000000000000 ) ) ;
#4405 = AXIS2_PLACEMENT_3D ( 'NONE', #1853, #608, #614 ) ;
#4406 =( NAMED_UNIT ( * ) PLANE_ANGLE_UNIT ( ) SI_UNIT ( $, .RADIAN. ) );
#4407 = PRESENTATION_STYLE_ASSIGNMENT (( #4188 ) ) ;
#4408 = CARTESIAN_POINT ( 'NONE',  ( -0.4980396252656454900, 0.1420093378598832300, 6.776263578034402700E-018 ) ) ;
#4409 = B_SPLINE_CURVE_WITH_KNOTS ( 'NONE', 3,
 ( #2285, #604, #4339, #2771, #4414, #66, #4384, #1610, #1777, #120, #2430, #3476, #3097, #3575, #3432, #3349, #3175, #4107, #4120 ),
 .UNSPECIFIED., .F., .F.,
 ( 4, 1, 1, 1, 1, 1, 1, 1, 1, 1, 1, 1, 1, 1, 1, 1, 4 ),
 ( 0.0000000000000000000, 0.06863117867660112300, 0.1345664660386772200, 0.1983281540108811900, 0.2607897666408450200, 0.3219991514841584200, 0.3827217465030197100, 0.4435374740357287400, 0.5051334294849249000, 0.5662138747646717800, 0.6261058646175454700, 0.6853493221605164700, 0.7449958703477971300, 0.8054158418145626100, 0.8676362663459532600, 0.9323077823023292500, 1.000000000000000000 ),
 .UNSPECIFIED. ) ;
#4410 = VECTOR ( 'NONE', #4211, 1000.000000000000000 ) ;
#4411 = EDGE_CURVE ( 'NONE', #3898, #894, #2087, .T. ) ;
#4412 = CIRCLE ( 'NONE', #2384, 1.550000000000000000 ) ;
#4413 = ORIENTED_EDGE ( 'NONE', *, *, #737, .T. ) ;
#4414 = CARTESIAN_POINT ( 'NONE',  ( -0.3723473547832405500, 0.2160973510452043300, 0.0000000000000000000 ) ) ;
#4415 = ORIENTED_EDGE ( 'NONE', *, *, #2663, .T. ) ;
#4416 = DIRECTION ( 'NONE',  ( 0.0000000000000000000, 0.0000000000000000000, -1.000000000000000000 ) ) ;
#4417 = VECTOR ( 'NONE', #311, 1000.000000000000000 ) ;
ENDSEC;
END-ISO-10303-21;
