#VRML V2.0 utf8
# 3D model generated by easyeda2kicad.py (https://github.com/uPesy/easyeda2kicad.py)

Shape{
    appearance Appearance {
        material  Material 	{
            diffuseColor 0.9686274509803922 0.8784313725490196 0.6
            specularColor 0.6784313725490196 0.615686274509804 0.4196078431372549
            ambientIntensity 0.2
            transparency 0
            shininess 0.5
        }
    }
    geometry IndexedFaceSet {
        ccw TRUE
        solid FALSE
        coord DEF co Coordinate {
            point [
                -3.8425 0.7283 0.2362, -3.8425 0.8071 0.2362, -3.8307 0.7283 0.2362, -3.8307 0.8071 0.2362, -3.8154 0.7263 0.2362, -3.795 0.8024 0.2362, -3.8012 0.7204 0.2362, -3.7618 0.7886 0.2362, -3.789 0.711 0.2362, -3.7333 0.7667 0.2362, -3.7796 0.6988 0.2362, -3.7114 0.7382 0.2362, -3.7737 0.6846 0.2362, -3.6976 0.705 0.2362, -3.7717 0.6693 0.2362, -3.6929 0.6693 0.2362, -3.7717 0.252 0.2362, -3.6929 0.252 0.2362, -4.0031 0.5031 1.5212, -3.9969 0.5031 1.5212, -4.0984 0.5984 2.2568, -3.9016 0.5984 2.2568, -4.0984 0.6893 2.9578, -3.9016 0.6893 2.9578, -4.019 0.5984 1.6443, -4.0984 0.5984 1.6443, -4.0984 0.7674 2.9477, -3.9969 0.5825 1.5212, -3.998 0.5812 1.511, -4.002 0.5812 1.511, -3.9016 0.7674 2.9477, -3.9016 0.5984 1.6443, -3.981 0.5984 1.6443, -4.0031 0.5825 1.5212, -3.9915 0.5912 1.432, -4.0085 0.5912 1.432, -3.9952 0.5855 1.449, -4.0048 0.5855 1.4489, -3.9977 0.5817 1.4667, -4.0025 0.5819 1.4667, -3.9979 0.5814 1.4709, -4.0019 0.5811 1.4709, -3.9989 0.5798 1.4909, -4.0011 0.5798 1.4909, -3.9861 0.5984 1.4141, -3.9016 0.5984 1.4141, -3.9016 0.7815 0.959, -4.0984 0.7815 0.959, -4.0984 0.5984 1.4141, -4.0139 0.5984 1.4141, -3.9818 0.5182 1.4026, -4.0182 0.5182 1.4026, -3.9016 0.5984 1.2031, -4.0984 0.5984 1.2031, -3.9016 0.7084 0.9296, -4.0984 0.7084 0.9296, -4.0087 0.5087 1.4313, -3.9913 0.5087 1.4313, -4.003 0.503 1.4609, -3.997 0.503 1.4609, -4.0011 0.5011 1.491, -3.9989 0.5011 1.491, -4.0984 0.7283 0.8268, -4.0984 0.8071 0.8268, -4.1693 0.7283 0.8268, -4.1693 0.8071 0.8268, -4.1846 0.7263 0.8268, -4.205 0.8024 0.8268, -4.1988 0.7204 0.8268, -4.2382 0.7886 0.8268, -4.211 0.711 0.8268, -4.2667 0.7667 0.8268, -4.2204 0.6988 0.8268, -4.2886 0.7382 0.8268, -4.2263 0.6846 0.8268, -4.3024 0.705 0.8268, -4.2283 0.6693 0.8268, -4.3071 0.6693 0.8268, -4.2283 0.5984 0.8268, -4.3071 0.5984 0.8268, -4.0984 0.7233 0.8791, -4.0984 0.8006 0.8941, -3.7717 0.4016 0.8268, -3.7717 0.1929 0.8268, -3.6929 0.4016 0.8268, -3.6929 0.1929 0.8268, -3.7717 0.5984 0.8268, -3.6929 0.5984 0.8268, -3.7717 0.6693 0.8268, -3.6929 0.6693 0.8268, -3.7737 0.6846 0.8268, -3.6976 0.705 0.8268, -3.7796 0.6988 0.8268, -3.7114 0.7382 0.8268, -3.789 0.711 0.8268, -3.7333 0.7667 0.8268, -3.8012 0.7204 0.8268, -3.7618 0.7886 0.8268, -3.8154 0.7263 0.8268, -3.795 0.8024 0.8268, -3.8307 0.7283 0.8268, -3.8307 0.8071 0.8268, -3.9016 0.7283 0.8268, -3.9016 0.8071 0.8268, -3.6929 0.1929 0.2953, -3.7717 0.1929 0.2953, -3.6929 0.1949 0.28, -3.6929 0.2008 0.2657, -3.6929 0.2102 0.2535, -3.6929 0.2224 0.2441, -3.6929 0.2367 0.2382, -3.9016 0.8071 0.1772, -3.9016 0.8071 0.2362, -3.8996 0.8071 0.1925, -3.8937 0.8071 0.2067, -4.0984 0.8071 0.2362, -4.0984 0.8071 0.1772, -4.1004 0.8071 0.1925, -4.1693 0.8071 0.2362, -4.1575 0.8071 0.2362, -4.1422 0.8071 0.2342, -3.8578 0.8071 0.2342, -3.872 0.8071 0.2283, -3.8843 0.8071 0.2189, -4.1063 0.8071 0.2067, -4.1157 0.8071 0.2189, -4.128 0.8071 0.2283, -4.205 0.8024 0.2362, -4.2382 0.7886 0.2362, -4.2667 0.7667 0.2362, -4.2886 0.7382 0.2362, -4.3024 0.705 0.2362, -4.3071 0.6693 0.2362, -4.3071 0.1929 0.2953, -4.3071 0.1929 0.8268, -4.3071 0.4016 0.8268, -4.3071 0.252 0.2362, -4.3071 0.2367 0.2382, -4.3071 0.2224 0.2441, -4.3071 0.2102 0.2535, -4.3071 0.2008 0.2657, -4.3071 0.1949 0.28, -4.2283 0.1929 0.2953, -4.2283 0.1929 0.8268, -4.2283 0.6693 0.2362, -4.2283 0.252 0.2362, -4.2283 0.4016 0.8268, -4.2283 0.2224 0.2441, -4.2283 0.1949 0.28, -4.2283 0.2102 0.2535, -4.2283 0.2008 0.2657, -4.2283 0.2367 0.2382, -4.2263 0.6846 0.2362, -4.2204 0.6988 0.2362, -4.211 0.711 0.2362, -4.1988 0.7204 0.2362, -4.1846 0.7263 0.2362, -4.1693 0.7283 0.2362, -4.0984 0.7283 0.1772, -4.0984 0.7283 0.2362, -4.1004 0.7283 0.1925, -4.1063 0.7283 0.2067, -4.1575 0.7283 0.2362, -3.9016 0.7283 0.2362, -3.9016 0.7283 0.1772, -3.8996 0.7283 0.1925, -3.8578 0.7283 0.2342, -4.1422 0.7283 0.2342, -4.128 0.7283 0.2283, -4.1157 0.7283 0.2189, -3.8937 0.7283 0.2067, -3.8843 0.7283 0.2189, -3.872 0.7283 0.2283, -3.7717 0.1949 0.28, -3.7717 0.2224 0.2441, -3.7717 0.2102 0.2535, -3.7717 0.2008 0.2657, -3.7717 0.2367 0.2382, -3.9016 0.8006 0.8941, -3.9016 0.7233 0.8791, -3.7326 0.5984 2.9477, -3.8107 0.5984 2.9578, -3.7326 0.4016 2.9477, -3.8107 0.4016 2.9578, -3.7916 0.5984 0.9296, -3.7185 0.5984 0.959, -3.7767 0.5984 0.8791, -3.6994 0.5984 0.8941, -3.9088 0.5085 1.432, -3.9088 0.4016 1.432, -3.9016 0.5139 1.4141, -3.7185 0.4016 0.959, -3.9016 0.519 1.6443, -3.9188 0.502 1.511, -3.9175 0.5031 1.5212, -3.9188 0.4016 1.511, -3.9202 0.5011 1.4909, -3.9189 0.4016 1.4709, -3.9186 0.5021 1.4709, -3.9183 0.5023 1.4667, -3.9145 0.5048 1.449, -3.9818 0.4016 1.4026, -3.997 0.4016 1.4609, -3.9969 0.4016 1.5212, -3.7916 0.4016 0.9296, -3.7767 0.4016 0.8791, -3.6994 0.4016 0.8941, -3.9016 0.5812 1.511, -3.9016 0.5031 1.5212, -3.9016 0.5811 1.4709, -3.9016 0.5023 1.4667, -3.9016 0.5912 1.432, -3.9088 0.5912 1.432, -3.9188 0.5812 1.511, -3.9202 0.5798 1.491, -3.9189 0.5811 1.4709, -3.9151 0.5849 1.4511, -3.9969 0.5984 1.5212, -3.9188 0.5984 1.511, -3.9088 0.5984 1.432, -3.9189 0.5984 1.4709, -3.9977 0.5984 1.4667, -4.2674 0.4016 2.9477, -4.1893 0.4016 2.9578, -4.2674 0.5984 2.9477, -4.1893 0.5984 2.9578, -4.2233 0.5984 0.8791, -4.3006 0.5984 0.8941, -4.2084 0.5984 0.9296, -4.2815 0.5984 0.959, -4.0984 0.5139 1.4141, -4.2815 0.4016 0.959, -4.0912 0.5085 1.432, -4.0912 0.4016 1.432, -4.0984 0.519 1.6443, -4.0812 0.4016 1.511, -4.0825 0.5031 1.5212, -4.0812 0.502 1.511, -4.0031 0.4016 1.5212, -4.003 0.4016 1.4609, -4.0811 0.4016 1.4709, -4.0182 0.4016 1.4026, -4.2084 0.4016 0.9296, -4.2233 0.4016 0.8791, -4.3006 0.4016 0.8941, -4.0855 0.5048 1.4489, -4.0819 0.5025 1.4667, -4.0811 0.5019 1.4709, -4.0798 0.5011 1.4909, -4.0984 0.5031 1.5212, -4.0984 0.5812 1.511, -4.0984 0.5023 1.4667, -4.0984 0.5811 1.4709, -4.0984 0.5912 1.432, -4.0912 0.5912 1.432, -4.0849 0.5849 1.4511, -4.0811 0.5811 1.4709, -4.0812 0.5812 1.511, -4.0798 0.5798 1.491, -4.0812 0.5984 1.511, -4.0031 0.5984 1.5212, -4.0811 0.5984 1.4709, -4.0023 0.5984 1.4667, -4.0912 0.5984 1.432, -4.0984 0.7185 0.2362, -3.9016 0.7185 0.2362, -4.0984 0.8858 -0.1083, -3.9016 0.8858 -0.1083, -4.0984 1.3976 -0.1083, -3.9016 1.3976 -0.1083, -3.9114 1.4147 -0.1083, -3.9073 1.4116 -0.1083, -3.9022 1.4027 -0.1083, -3.9042 1.4075 -0.1083, -3.9162 1.4167 -0.1083, -3.9213 1.4173 -0.1083, -4.0787 1.4173 -0.1083, -4.0838 1.4167 -0.1083, -4.0958 1.4075 -0.1083, -4.0978 1.4027 -0.1083, -4.0927 1.4116 -0.1083, -4.0886 1.4147 -0.1083, -3.9213 1.4173 -0.2067, -4.0787 1.4173 -0.2067, -3.9016 0.8858 -0.2067, -4.0984 0.8858 -0.2067, -3.9016 1.3976 -0.2067, -4.0984 1.3976 -0.2067, -4.0886 1.4147 -0.2067, -4.0927 1.4116 -0.2067, -4.0978 1.4027 -0.2067, -4.0958 1.4075 -0.2067, -4.0838 1.4167 -0.2067, -3.9162 1.4167 -0.2067, -3.9042 1.4075 -0.2067, -3.9022 1.4027 -0.2067, -3.9073 1.4116 -0.2067, -3.9114 1.4147 -0.2067, -3.9016 0.8425 -0.201, -4.0984 0.8425 -0.201, -3.9016 0.8022 -0.1843, -4.0984 0.8022 -0.1843, -3.9016 0.7675 -0.1577, -4.0984 0.7675 -0.1577, -3.9016 0.7409 -0.123, -4.0984 0.7409 -0.123, -3.9016 0.7242 -0.0827, -4.0984 0.7242 -0.0827, -3.9016 0.7185 -0.0394, -4.0984 0.7185 -0.0394, -3.9016 0.8169 0.2362, -4.0984 0.8169 0.2362, -4.0984 0.8169 -0.0394, -3.9016 0.8169 -0.0394, -4.0984 0.8193 -0.0572, -3.9016 0.8193 -0.0572, -4.0984 0.8262 -0.0738, -3.9016 0.8262 -0.0738, -4.0984 0.8371 -0.0881, -3.9016 0.8371 -0.0881, -4.0984 0.8514 -0.099, -3.9016 0.8514 -0.099, -4.0984 0.868 -0.1059, -3.9016 0.868 -0.1059, -3.7717 -0.252 0.2362, -3.6929 -0.252 0.2362, -3.7717 -0.6693 0.2362, -3.6929 -0.6693 0.2362, -3.7737 -0.6846 0.2362, -3.6976 -0.705 0.2362, -3.7796 -0.6988 0.2362, -3.7114 -0.7382 0.2362, -3.789 -0.711 0.2362, -3.7333 -0.7667 0.2362, -3.8012 -0.7204 0.2362, -3.7618 -0.7886 0.2362, -3.8154 -0.7263 0.2362, -3.795 -0.8024 0.2362, -3.8307 -0.7283 0.2362, -3.8307 -0.8071 0.2362, -3.8425 -0.7283 0.2362, -3.8425 -0.8071 0.2362, -4.0984 -0.6893 2.9578, -3.9016 -0.6893 2.9578, -4.0984 -0.5984 2.2568, -3.9016 -0.5984 2.2568, -4.0031 -0.5031 1.5212, -3.9969 -0.5031 1.5212, -3.981 -0.5984 1.6443, -3.9016 -0.5984 1.6443, -3.9016 -0.7674 2.9477, -4.0984 -0.7674 2.9477, -4.0984 -0.5984 1.6443, -4.019 -0.5984 1.6443, -4.002 -0.5812 1.511, -3.998 -0.5812 1.511, -4.0031 -0.5825 1.5212, -3.9969 -0.5825 1.5212, -3.9989 -0.5798 1.4909, -4.0011 -0.5798 1.4909, -3.9979 -0.5814 1.4709, -4.0019 -0.5811 1.4709, -3.9977 -0.5817 1.4667, -4.0025 -0.5819 1.4667, -3.9952 -0.5855 1.449, -4.0048 -0.5855 1.4489, -3.9915 -0.5912 1.432, -4.0085 -0.5912 1.432, -4.0139 -0.5984 1.4141, -4.0984 -0.5984 1.4141, -4.0984 -0.7815 0.959, -3.9016 -0.7815 0.959, -3.9016 -0.5984 1.4141, -3.9861 -0.5984 1.4141, -3.9016 -0.7084 0.9296, -4.0984 -0.7084 0.9296, -3.9016 -0.5984 1.2031, -4.0984 -0.5984 1.2031, -3.9818 -0.5182 1.4026, -4.0182 -0.5182 1.4026, -4.0011 -0.5011 1.491, -3.9989 -0.5011 1.491, -4.003 -0.503 1.4609, -3.997 -0.503 1.4609, -4.0087 -0.5087 1.4313, -3.9913 -0.5087 1.4313, -4.2283 -0.5984 0.8268, -4.3071 -0.5984 0.8268, -4.2283 -0.6693 0.8268, -4.3071 -0.6693 0.8268, -4.2263 -0.6846 0.8268, -4.3024 -0.705 0.8268, -4.2204 -0.6988 0.8268, -4.2886 -0.7382 0.8268, -4.211 -0.711 0.8268, -4.2667 -0.7667 0.8268, -4.1988 -0.7204 0.8268, -4.2382 -0.7886 0.8268, -4.1846 -0.7263 0.8268, -4.205 -0.8024 0.8268, -4.1693 -0.7283 0.8268, -4.1693 -0.8071 0.8268, -4.0984 -0.7283 0.8268, -4.0984 -0.8071 0.8268, -4.0984 -0.7233 0.8791, -4.0984 -0.8006 0.8941, -3.7717 -0.1929 0.8268, -3.7717 -0.4016 0.8268, -3.6929 -0.1929 0.8268, -3.6929 -0.4016 0.8268, -3.9016 -0.7283 0.8268, -3.9016 -0.8071 0.8268, -3.8307 -0.7283 0.8268, -3.8307 -0.8071 0.8268, -3.8154 -0.7263 0.8268, -3.795 -0.8024 0.8268, -3.8012 -0.7204 0.8268, -3.7618 -0.7886 0.8268, -3.789 -0.711 0.8268, -3.7333 -0.7667 0.8268, -3.7796 -0.6988 0.8268, -3.7114 -0.7382 0.8268, -3.7737 -0.6846 0.8268, -3.6976 -0.705 0.8268, -3.7717 -0.6693 0.8268, -3.6929 -0.6693 0.8268, -3.7717 -0.5984 0.8268, -3.6929 -0.5984 0.8268, -3.6929 -0.1929 0.2953, -3.7717 -0.1929 0.2953, -3.6929 -0.2367 0.2382, -3.6929 -0.2224 0.2441, -3.6929 -0.2102 0.2535, -3.6929 -0.1949 0.28, -3.6929 -0.2008 0.2657, -4.0984 -0.8071 0.1772, -4.0984 -0.8071 0.2362, -4.1004 -0.8071 0.1925, -4.1063 -0.8071 0.2067, -4.1693 -0.8071 0.2362, -4.1575 -0.8071 0.2362, -3.9016 -0.8071 0.2362, -3.9016 -0.8071 0.1772, -3.8996 -0.8071 0.1925, -3.8578 -0.8071 0.2342, -4.1422 -0.8071 0.2342, -4.128 -0.8071 0.2283, -4.1157 -0.8071 0.2189, -3.8937 -0.8071 0.2067, -3.8843 -0.8071 0.2189, -3.872 -0.8071 0.2283, -4.3071 -0.6693 0.2362, -4.3024 -0.705 0.2362, -4.2886 -0.7382 0.2362, -4.2667 -0.7667 0.2362, -4.2382 -0.7886 0.2362, -4.205 -0.8024 0.2362, -4.3071 -0.4016 0.8268, -4.3071 -0.252 0.2362, -4.3071 -0.1929 0.8268, -4.3071 -0.1929 0.2953, -4.3071 -0.2367 0.2382, -4.3071 -0.2008 0.2657, -4.3071 -0.2102 0.2535, -4.3071 -0.2224 0.2441, -4.3071 -0.1949 0.28, -4.2283 -0.1929 0.8268, -4.2283 -0.1929 0.2953, -4.2283 -0.6693 0.2362, -4.2283 -0.252 0.2362, -4.2283 -0.4016 0.8268, -4.2283 -0.2102 0.2535, -4.2283 -0.2224 0.2441, -4.2283 -0.2367 0.2382, -4.2283 -0.2008 0.2657, -4.2283 -0.1949 0.28, -4.1693 -0.7283 0.2362, -4.1846 -0.7263 0.2362, -4.1988 -0.7204 0.2362, -4.211 -0.711 0.2362, -4.2204 -0.6988 0.2362, -4.2263 -0.6846 0.2362, -3.9016 -0.7283 0.1772, -3.9016 -0.7283 0.2362, -3.8996 -0.7283 0.1925, -3.8937 -0.7283 0.2067, -4.0984 -0.7283 0.2362, -4.0984 -0.7283 0.1772, -4.1004 -0.7283 0.1925, -4.1575 -0.7283 0.2362, -4.1422 -0.7283 0.2342, -3.8578 -0.7283 0.2342, -3.872 -0.7283 0.2283, -3.8843 -0.7283 0.2189, -4.1063 -0.7283 0.2067, -4.1157 -0.7283 0.2189, -4.128 -0.7283 0.2283, -3.7717 -0.2224 0.2441, -3.7717 -0.1949 0.28, -3.7717 -0.2102 0.2535, -3.7717 -0.2008 0.2657, -3.7717 -0.2367 0.2382, -3.9016 -0.8006 0.8941, -3.9016 -0.7233 0.8791, -3.8107 -0.5984 2.9578, -3.7326 -0.5984 2.9477, -3.8107 -0.4016 2.9578, -3.7326 -0.4016 2.9477, -3.7767 -0.5984 0.8791, -3.6994 -0.5984 0.8941, -3.7916 -0.5984 0.9296, -3.7185 -0.5984 0.959, -3.9016 -0.5139 1.4141, -3.7185 -0.4016 0.959, -3.9088 -0.5085 1.432, -3.9088 -0.4016 1.432, -3.9016 -0.519 1.6443, -3.9188 -0.4016 1.511, -3.9175 -0.5031 1.5212, -3.9188 -0.502 1.511, -3.9189 -0.4016 1.4709, -3.9186 -0.5021 1.4709, -3.9183 -0.5023 1.4667, -3.9145 -0.5048 1.449, -3.9202 -0.5011 1.4909, -3.9969 -0.4016 1.5212, -3.997 -0.4016 1.4609, -3.9818 -0.4016 1.4026, -3.7916 -0.4016 0.9296, -3.7767 -0.4016 0.8791, -3.6994 -0.4016 0.8941, -3.9016 -0.5031 1.5212, -3.9016 -0.5812 1.511, -3.9016 -0.5023 1.4667, -3.9016 -0.5811 1.4709, -3.9016 -0.5912 1.432, -3.9088 -0.5912 1.432, -3.9151 -0.5849 1.4511, -3.9189 -0.5811 1.4709, -3.9188 -0.5812 1.511, -3.9202 -0.5798 1.491, -3.9969 -0.5984 1.5212, -3.9188 -0.5984 1.511, -3.9189 -0.5984 1.4709, -3.9088 -0.5984 1.432, -3.9977 -0.5984 1.4667, -4.1893 -0.4016 2.9578, -4.2674 -0.4016 2.9477, -4.1893 -0.5984 2.9578, -4.2674 -0.5984 2.9477, -4.2084 -0.5984 0.9296, -4.2815 -0.5984 0.959, -4.2233 -0.5984 0.8791, -4.3006 -0.5984 0.8941, -4.0912 -0.5085 1.432, -4.0912 -0.4016 1.432, -4.0984 -0.5139 1.4141, -4.2815 -0.4016 0.959, -4.0984 -0.519 1.6443, -4.0812 -0.502 1.511, -4.0825 -0.5031 1.5212, -4.0812 -0.4016 1.511, -4.2233 -0.4016 0.8791, -4.3006 -0.4016 0.8941, -4.2084 -0.4016 0.9296, -4.0182 -0.4016 1.4026, -4.003 -0.4016 1.4609, -4.0811 -0.4016 1.4709, -4.0031 -0.4016 1.5212, -4.0855 -0.5048 1.4489, -4.0819 -0.5025 1.4667, -4.0811 -0.5019 1.4709, -4.0798 -0.5011 1.4909, -4.0984 -0.5812 1.511, -4.0984 -0.5031 1.5212, -4.0984 -0.5811 1.4709, -4.0984 -0.5023 1.4667, -4.0984 -0.5912 1.432, -4.0912 -0.5912 1.432, -4.0812 -0.5812 1.511, -4.0798 -0.5798 1.491, -4.0811 -0.5811 1.4709, -4.0849 -0.5849 1.4511, -4.0031 -0.5984 1.5212, -4.0812 -0.5984 1.511, -4.0023 -0.5984 1.4667, -4.0811 -0.5984 1.4709, -4.0912 -0.5984 1.432, -4.0984 -0.7185 0.2362, -3.9016 -0.7185 0.2362, -3.9016 -0.8858 -0.1083, -4.0984 -0.8858 -0.1083, -3.9016 -1.3976 -0.1083, -4.0984 -1.3976 -0.1083, -4.0886 -1.4147 -0.1083, -4.0927 -1.4116 -0.1083, -4.0978 -1.4027 -0.1083, -4.0958 -1.4075 -0.1083, -4.0838 -1.4167 -0.1083, -4.0787 -1.4173 -0.1083, -3.9213 -1.4173 -0.1083, -3.9162 -1.4167 -0.1083, -3.9042 -1.4075 -0.1083, -3.9022 -1.4027 -0.1083, -3.9073 -1.4116 -0.1083, -3.9114 -1.4147 -0.1083, -4.0787 -1.4173 -0.2067, -3.9213 -1.4173 -0.2067, -4.0984 -0.8858 -0.2067, -3.9016 -0.8858 -0.2067, -4.0984 -1.3976 -0.2067, -3.9016 -1.3976 -0.2067, -3.9114 -1.4147 -0.2067, -3.9073 -1.4116 -0.2067, -3.9022 -1.4027 -0.2067, -3.9042 -1.4075 -0.2067, -3.9162 -1.4167 -0.2067, -4.0838 -1.4167 -0.2067, -4.0958 -1.4075 -0.2067, -4.0978 -1.4027 -0.2067, -4.0927 -1.4116 -0.2067, -4.0886 -1.4147 -0.2067, -4.0984 -0.7185 -0.0394, -3.9016 -0.7185 -0.0394, -3.9016 -0.7242 -0.0827, -4.0984 -0.7242 -0.0827, -3.9016 -0.7409 -0.123, -4.0984 -0.7409 -0.123, -3.9016 -0.7675 -0.1577, -4.0984 -0.7675 -0.1577, -3.9016 -0.8022 -0.1843, -4.0984 -0.8022 -0.1843, -3.9016 -0.8425 -0.201, -4.0984 -0.8425 -0.201, -3.9016 -0.8169 0.2362, -4.0984 -0.8169 0.2362, -4.0984 -0.8169 -0.0394, -3.9016 -0.8169 -0.0394, -4.0984 -0.868 -0.1059, -3.9016 -0.868 -0.1059, -4.0984 -0.8514 -0.099, -3.9016 -0.8514 -0.099, -4.0984 -0.8371 -0.0881, -3.9016 -0.8371 -0.0881, -4.0984 -0.8262 -0.0738, -3.9016 -0.8262 -0.0738, -4.0984 -0.8193 -0.0572, -3.9016 -0.8193 -0.0572, -2.8425 0.7283 0.2362, -2.8425 0.8071 0.2362, -2.8307 0.7283 0.2362, -2.8307 0.8071 0.2362, -2.8154 0.7263 0.2362, -2.795 0.8024 0.2362, -2.8012 0.7204 0.2362, -2.7618 0.7886 0.2362, -2.789 0.711 0.2362, -2.7333 0.7667 0.2362, -2.7796 0.6988 0.2362, -2.7114 0.7382 0.2362, -2.7737 0.6846 0.2362, -2.6976 0.705 0.2362, -2.7717 0.6693 0.2362, -2.6929 0.6693 0.2362, -2.7717 0.252 0.2362, -2.6929 0.252 0.2362, -3.0031 0.5031 1.5212, -2.9969 0.5031 1.5212, -3.0984 0.5984 2.2568, -2.9016 0.5984 2.2568, -3.0984 0.6893 2.9578, -2.9016 0.6893 2.9578, -3.019 0.5984 1.6443, -3.0984 0.5984 1.6443, -3.0984 0.7674 2.9477, -2.9969 0.5825 1.5212, -2.998 0.5812 1.511, -3.002 0.5812 1.511, -2.9016 0.7674 2.9477, -2.9016 0.5984 1.6443, -2.981 0.5984 1.6443, -3.0031 0.5825 1.5212, -2.9915 0.5912 1.432, -3.0085 0.5912 1.432, -2.9952 0.5855 1.449, -3.0048 0.5855 1.4489, -2.9977 0.5817 1.4667, -3.0025 0.5819 1.4667, -2.9979 0.5814 1.4709, -3.0019 0.5811 1.4709, -2.9989 0.5798 1.4909, -3.0011 0.5798 1.4909, -2.9861 0.5984 1.4141, -2.9016 0.5984 1.4141, -2.9016 0.7815 0.959, -3.0984 0.7815 0.959, -3.0984 0.5984 1.4141, -3.0139 0.5984 1.4141, -2.9818 0.5182 1.4026, -3.0182 0.5182 1.4026, -2.9016 0.5984 1.2031, -3.0984 0.5984 1.2031, -2.9016 0.7084 0.9296, -3.0984 0.7084 0.9296, -3.0087 0.5087 1.4313, -2.9913 0.5087 1.4313, -3.003 0.503 1.4609, -2.997 0.503 1.4609, -3.0011 0.5011 1.491, -2.9989 0.5011 1.491, -3.0984 0.7283 0.8268, -3.0984 0.8071 0.8268, -3.1693 0.7283 0.8268, -3.1693 0.8071 0.8268, -3.1846 0.7263 0.8268, -3.205 0.8024 0.8268, -3.1988 0.7204 0.8268, -3.2382 0.7886 0.8268, -3.211 0.711 0.8268, -3.2667 0.7667 0.8268, -3.2204 0.6988 0.8268, -3.2886 0.7382 0.8268, -3.2263 0.6846 0.8268, -3.3024 0.705 0.8268, -3.2283 0.6693 0.8268, -3.3071 0.6693 0.8268, -3.2283 0.5984 0.8268, -3.3071 0.5984 0.8268, -3.0984 0.7233 0.8791, -3.0984 0.8006 0.8941, -2.7717 0.4016 0.8268, -2.7717 0.1929 0.8268, -2.6929 0.4016 0.8268, -2.6929 0.1929 0.8268, -2.7717 0.5984 0.8268, -2.6929 0.5984 0.8268, -2.7717 0.6693 0.8268, -2.6929 0.6693 0.8268, -2.7737 0.6846 0.8268, -2.6976 0.705 0.8268, -2.7796 0.6988 0.8268, -2.7114 0.7382 0.8268, -2.789 0.711 0.8268, -2.7333 0.7667 0.8268, -2.8012 0.7204 0.8268, -2.7618 0.7886 0.8268, -2.8154 0.7263 0.8268, -2.795 0.8024 0.8268, -2.8307 0.7283 0.8268, -2.8307 0.8071 0.8268, -2.9016 0.7283 0.8268, -2.9016 0.8071 0.8268, -2.6929 0.1929 0.2953, -2.7717 0.1929 0.2953, -2.6929 0.2367 0.2382, -2.6929 0.2008 0.2657, -2.6929 0.2102 0.2535, -2.6929 0.2224 0.2441, -2.6929 0.1949 0.28, -2.8996 0.8071 0.1925, -2.9016 0.8071 0.1772, -2.9016 0.8071 0.2362, -2.8937 0.8071 0.2067, -3.0984 0.8071 0.2362, -3.0984 0.8071 0.1772, -3.1004 0.8071 0.1925, -2.8578 0.8071 0.2342, -2.872 0.8071 0.2283, -2.8843 0.8071 0.2189, -3.1693 0.8071 0.2362, -3.1575 0.8071 0.2362, -3.1422 0.8071 0.2342, -3.1063 0.8071 0.2067, -3.1157 0.8071 0.2189, -3.128 0.8071 0.2283, -3.205 0.8024 0.2362, -3.2382 0.7886 0.2362, -3.2667 0.7667 0.2362, -3.2886 0.7382 0.2362, -3.3024 0.705 0.2362, -3.3071 0.6693 0.2362, -3.3071 0.1929 0.2953, -3.3071 0.1929 0.8268, -3.3071 0.4016 0.8268, -3.3071 0.252 0.2362, -3.3071 0.2367 0.2382, -3.3071 0.2224 0.2441, -3.3071 0.2102 0.2535, -3.3071 0.1949 0.28, -3.3071 0.2008 0.2657, -3.2283 0.1929 0.2953, -3.2283 0.1929 0.8268, -3.2283 0.6693 0.2362, -3.2283 0.252 0.2362, -3.2283 0.4016 0.8268, -3.2283 0.2224 0.2441, -3.2283 0.1949 0.28, -3.2283 0.2102 0.2535, -3.2283 0.2008 0.2657, -3.2283 0.2367 0.2382, -3.2263 0.6846 0.2362, -3.2204 0.6988 0.2362, -3.211 0.711 0.2362, -3.1988 0.7204 0.2362, -3.1846 0.7263 0.2362, -3.1693 0.7283 0.2362, -3.0984 0.7283 0.1772, -3.0984 0.7283 0.2362, -3.1004 0.7283 0.1925, -3.1063 0.7283 0.2067, -2.9016 0.7283 0.2362, -2.9016 0.7283 0.1772, -2.8996 0.7283 0.1925, -3.1575 0.7283 0.2362, -2.8578 0.7283 0.2342, -3.1422 0.7283 0.2342, -3.128 0.7283 0.2283, -3.1157 0.7283 0.2189, -2.8937 0.7283 0.2067, -2.8843 0.7283 0.2189, -2.872 0.7283 0.2283, -2.7717 0.2224 0.2441, -2.7717 0.2102 0.2535, -2.7717 0.2008 0.2657, -2.7717 0.2367 0.2382, -2.7717 0.1949 0.28, -2.9016 0.8006 0.8941, -2.9016 0.7233 0.8791, -2.7326 0.5984 2.9477, -2.8107 0.5984 2.9578, -2.7326 0.4016 2.9477, -2.8107 0.4016 2.9578, -2.7916 0.5984 0.9296, -2.7185 0.5984 0.959, -2.7767 0.5984 0.8791, -2.6994 0.5984 0.8941, -2.9088 0.5085 1.432, -2.9088 0.4016 1.432, -2.9016 0.5139 1.4141, -2.7185 0.4016 0.959, -2.9016 0.519 1.6443, -2.9188 0.502 1.511, -2.9175 0.5031 1.5212, -2.9188 0.4016 1.511, -2.9202 0.5011 1.4909, -2.9189 0.4016 1.4709, -2.9186 0.5021 1.4709, -2.9183 0.5023 1.4667, -2.9145 0.5048 1.449, -2.9818 0.4016 1.4026, -2.997 0.4016 1.4609, -2.9969 0.4016 1.5212, -2.7916 0.4016 0.9296, -2.7767 0.4016 0.8791, -2.6994 0.4016 0.8941, -2.9016 0.5812 1.511, -2.9016 0.5031 1.5212, -2.9016 0.5811 1.4709, -2.9016 0.5023 1.4667, -2.9016 0.5912 1.432, -2.9088 0.5912 1.432, -2.9188 0.5812 1.511, -2.9202 0.5798 1.491, -2.9189 0.5811 1.4709, -2.9151 0.5849 1.4511, -2.9969 0.5984 1.5212, -2.9188 0.5984 1.511, -2.9088 0.5984 1.432, -2.9189 0.5984 1.4709, -2.9977 0.5984 1.4667, -3.2674 0.4016 2.9477, -3.1893 0.4016 2.9578, -3.2674 0.5984 2.9477, -3.1893 0.5984 2.9578, -3.2233 0.5984 0.8791, -3.3006 0.5984 0.8941, -3.2084 0.5984 0.9296, -3.2815 0.5984 0.959, -3.0984 0.5139 1.4141, -3.2815 0.4016 0.959, -3.0912 0.5085 1.432, -3.0912 0.4016 1.432, -3.0984 0.519 1.6443, -3.0812 0.4016 1.511, -3.0825 0.5031 1.5212, -3.0812 0.502 1.511, -3.0031 0.4016 1.5212, -3.003 0.4016 1.4609, -3.0811 0.4016 1.4709, -3.0182 0.4016 1.4026, -3.2084 0.4016 0.9296, -3.2233 0.4016 0.8791, -3.3006 0.4016 0.8941, -3.0855 0.5048 1.4489, -3.0819 0.5025 1.4667, -3.0811 0.5019 1.4709, -3.0798 0.5011 1.4909, -3.0984 0.5031 1.5212, -3.0984 0.5812 1.511, -3.0984 0.5023 1.4667, -3.0984 0.5811 1.4709, -3.0984 0.5912 1.432, -3.0912 0.5912 1.432, -3.0849 0.5849 1.4511, -3.0811 0.5811 1.4709, -3.0812 0.5812 1.511, -3.0798 0.5798 1.491, -3.0812 0.5984 1.511, -3.0031 0.5984 1.5212, -3.0811 0.5984 1.4709, -3.0023 0.5984 1.4667, -3.0912 0.5984 1.432, -3.0984 0.7185 0.2362, -2.9016 0.7185 0.2362, -3.0984 0.8858 -0.1083, -2.9016 0.8858 -0.1083, -3.0984 1.3976 -0.1083, -2.9016 1.3976 -0.1083, -2.9042 1.4075 -0.1083, -2.9073 1.4116 -0.1083, -2.9114 1.4147 -0.1083, -2.9022 1.4027 -0.1083, -2.9213 1.4173 -0.1083, -2.9162 1.4167 -0.1083, -3.0787 1.4173 -0.1083, -3.0838 1.4167 -0.1083, -3.0958 1.4075 -0.1083, -3.0978 1.4027 -0.1083, -3.0927 1.4116 -0.1083, -3.0886 1.4147 -0.1083, -2.9213 1.4173 -0.2067, -3.0787 1.4173 -0.2067, -2.9022 1.4027 -0.2067, -2.9016 1.3976 -0.2067, -2.9016 0.8858 -0.2067, -3.0984 0.8858 -0.2067, -3.0984 1.3976 -0.2067, -2.9114 1.4147 -0.2067, -2.9073 1.4116 -0.2067, -2.9042 1.4075 -0.2067, -3.0978 1.4027 -0.2067, -3.0958 1.4075 -0.2067, -3.0927 1.4116 -0.2067, -3.0838 1.4167 -0.2067, -2.9162 1.4167 -0.2067, -3.0886 1.4147 -0.2067, -2.9016 0.8425 -0.201, -3.0984 0.8425 -0.201, -2.9016 0.8022 -0.1843, -3.0984 0.8022 -0.1843, -2.9016 0.7675 -0.1577, -3.0984 0.7675 -0.1577, -2.9016 0.7409 -0.123, -3.0984 0.7409 -0.123, -2.9016 0.7242 -0.0827, -3.0984 0.7242 -0.0827, -2.9016 0.7185 -0.0394, -3.0984 0.7185 -0.0394, -2.9016 0.8169 0.2362, -3.0984 0.8169 0.2362, -3.0984 0.8169 -0.0394, -2.9016 0.8169 -0.0394, -3.0984 0.8193 -0.0572, -2.9016 0.8193 -0.0572, -3.0984 0.8262 -0.0738, -2.9016 0.8262 -0.0738, -3.0984 0.8371 -0.0881, -2.9016 0.8371 -0.0881, -3.0984 0.8514 -0.099, -2.9016 0.8514 -0.099, -3.0984 0.868 -0.1059, -2.9016 0.868 -0.1059, -1.8425 0.7283 0.2362, -1.8425 0.8071 0.2362, -1.8307 0.7283 0.2362, -1.8307 0.8071 0.2362, -1.8154 0.7263 0.2362, -1.795 0.8024 0.2362, -1.8012 0.7204 0.2362, -1.7618 0.7886 0.2362, -1.789 0.711 0.2362, -1.7333 0.7667 0.2362, -1.7796 0.6988 0.2362, -1.7114 0.7382 0.2362, -1.7737 0.6846 0.2362, -1.6976 0.705 0.2362, -1.7717 0.6693 0.2362, -1.6929 0.6693 0.2362, -1.7717 0.252 0.2362, -1.6929 0.252 0.2362, -2.0031 0.5031 1.5212, -1.9969 0.5031 1.5212, -2.0984 0.5984 2.2568, -1.9016 0.5984 2.2568, -2.0984 0.6893 2.9578, -1.9016 0.6893 2.9578, -2.019 0.5984 1.6443, -2.0984 0.5984 1.6443, -2.0984 0.7674 2.9477, -1.9969 0.5825 1.5212, -1.998 0.5812 1.511, -2.002 0.5812 1.511, -1.9016 0.7674 2.9477, -1.9016 0.5984 1.6443, -1.981 0.5984 1.6443, -2.0031 0.5825 1.5212, -1.9915 0.5912 1.432, -2.0085 0.5912 1.432, -1.9952 0.5855 1.449, -2.0048 0.5855 1.4489, -1.9977 0.5817 1.4667, -2.0025 0.5819 1.4667, -1.9979 0.5814 1.4709, -2.0019 0.5811 1.4709, -1.9989 0.5798 1.4909, -2.0011 0.5798 1.4909, -1.9861 0.5984 1.4141, -1.9016 0.5984 1.4141, -1.9016 0.7815 0.959, -2.0984 0.7815 0.959, -2.0984 0.5984 1.4141, -2.0139 0.5984 1.4141, -1.9818 0.5182 1.4026, -2.0182 0.5182 1.4026, -1.9016 0.5984 1.2031, -2.0984 0.5984 1.2031, -1.9016 0.7084 0.9296, -2.0984 0.7084 0.9296, -2.0087 0.5087 1.4313, -1.9913 0.5087 1.4313, -2.003 0.503 1.4609, -1.997 0.503 1.4609, -2.0011 0.5011 1.491, -1.9989 0.5011 1.491, -2.0984 0.7283 0.8268, -2.0984 0.8071 0.8268, -2.1693 0.7283 0.8268, -2.1693 0.8071 0.8268, -2.1846 0.7263 0.8268, -2.205 0.8024 0.8268, -2.1988 0.7204 0.8268, -2.2382 0.7886 0.8268, -2.211 0.711 0.8268, -2.2667 0.7667 0.8268, -2.2204 0.6988 0.8268, -2.2886 0.7382 0.8268, -2.2263 0.6846 0.8268, -2.3024 0.705 0.8268, -2.2283 0.6693 0.8268, -2.3071 0.6693 0.8268, -2.2283 0.5984 0.8268, -2.3071 0.5984 0.8268, -2.0984 0.7233 0.8791, -2.0984 0.8006 0.8941, -1.7717 0.4016 0.8268, -1.7717 0.1929 0.8268, -1.6929 0.4016 0.8268, -1.6929 0.1929 0.8268, -1.7717 0.5984 0.8268, -1.6929 0.5984 0.8268, -1.7717 0.6693 0.8268, -1.6929 0.6693 0.8268, -1.7737 0.6846 0.8268, -1.6976 0.705 0.8268, -1.7796 0.6988 0.8268, -1.7114 0.7382 0.8268, -1.789 0.711 0.8268, -1.7333 0.7667 0.8268, -1.8012 0.7204 0.8268, -1.7618 0.7886 0.8268, -1.8154 0.7263 0.8268, -1.795 0.8024 0.8268, -1.8307 0.7283 0.8268, -1.8307 0.8071 0.8268, -1.9016 0.7283 0.8268, -1.9016 0.8071 0.8268, -1.6929 0.1929 0.2953, -1.7717 0.1929 0.2953, -1.6929 0.2367 0.2382, -1.6929 0.2008 0.2657, -1.6929 0.2102 0.2535, -1.6929 0.2224 0.2441, -1.6929 0.1949 0.28, -1.8996 0.8071 0.1925, -1.9016 0.8071 0.1772, -1.9016 0.8071 0.2362, -2.0984 0.8071 0.2362, -2.0984 0.8071 0.1772, -2.1004 0.8071 0.1925, -1.8937 0.8071 0.2067, -1.8578 0.8071 0.2342, -1.872 0.8071 0.2283, -1.8843 0.8071 0.2189, -2.1693 0.8071 0.2362, -2.1575 0.8071 0.2362, -2.1422 0.8071 0.2342, -2.1063 0.8071 0.2067, -2.1157 0.8071 0.2189, -2.128 0.8071 0.2283, -2.205 0.8024 0.2362, -2.2382 0.7886 0.2362, -2.2667 0.7667 0.2362, -2.2886 0.7382 0.2362, -2.3024 0.705 0.2362, -2.3071 0.6693 0.2362, -2.3071 0.1929 0.2953, -2.3071 0.1929 0.8268, -2.3071 0.4016 0.8268, -2.3071 0.252 0.2362, -2.3071 0.2008 0.2657, -2.3071 0.1949 0.28, -2.3071 0.2102 0.2535, -2.3071 0.2224 0.2441, -2.3071 0.2367 0.2382, -2.2283 0.1929 0.2953, -2.2283 0.1929 0.8268, -2.2283 0.6693 0.2362, -2.2283 0.252 0.2362, -2.2283 0.4016 0.8268, -2.2283 0.2224 0.2441, -2.2283 0.1949 0.28, -2.2283 0.2102 0.2535, -2.2283 0.2008 0.2657, -2.2283 0.2367 0.2382, -2.2263 0.6846 0.2362, -2.2204 0.6988 0.2362, -2.211 0.711 0.2362, -2.1988 0.7204 0.2362, -2.1846 0.7263 0.2362, -2.1693 0.7283 0.2362, -2.1004 0.7283 0.1925, -2.0984 0.7283 0.1772, -2.0984 0.7283 0.2362, -2.1575 0.7283 0.2362, -1.9016 0.7283 0.2362, -1.9016 0.7283 0.1772, -1.8996 0.7283 0.1925, -2.1063 0.7283 0.2067, -2.1422 0.7283 0.2342, -2.128 0.7283 0.2283, -2.1157 0.7283 0.2189, -1.8578 0.7283 0.2342, -1.8937 0.7283 0.2067, -1.8843 0.7283 0.2189, -1.872 0.7283 0.2283, -1.7717 0.1949 0.28, -1.7717 0.2367 0.2382, -1.7717 0.2224 0.2441, -1.7717 0.2102 0.2535, -1.7717 0.2008 0.2657, -1.9016 0.8006 0.8941, -1.9016 0.7233 0.8791, -1.7326 0.5984 2.9477, -1.8107 0.5984 2.9578, -1.7326 0.4016 2.9477, -1.8107 0.4016 2.9578, -1.7916 0.5984 0.9296, -1.7185 0.5984 0.959, -1.7767 0.5984 0.8791, -1.6994 0.5984 0.8941, -1.9088 0.5085 1.432, -1.9088 0.4016 1.432, -1.9016 0.5139 1.4141, -1.7185 0.4016 0.959, -1.9016 0.519 1.6443, -1.9188 0.502 1.511, -1.9175 0.5031 1.5212, -1.9188 0.4016 1.511, -1.9202 0.5011 1.4909, -1.9189 0.4016 1.4709, -1.9186 0.5021 1.4709, -1.9183 0.5023 1.4667, -1.9145 0.5048 1.449, -1.9818 0.4016 1.4026, -1.997 0.4016 1.4609, -1.9969 0.4016 1.5212, -1.7916 0.4016 0.9296, -1.7767 0.4016 0.8791, -1.6994 0.4016 0.8941, -1.9016 0.5812 1.511, -1.9016 0.5031 1.5212, -1.9016 0.5811 1.4709, -1.9016 0.5023 1.4667, -1.9016 0.5912 1.432, -1.9088 0.5912 1.432, -1.9188 0.5812 1.511, -1.9202 0.5798 1.491, -1.9189 0.5811 1.4709, -1.9151 0.5849 1.4511, -1.9969 0.5984 1.5212, -1.9188 0.5984 1.511, -1.9088 0.5984 1.432, -1.9189 0.5984 1.4709, -1.9977 0.5984 1.4667, -2.2674 0.4016 2.9477, -2.1893 0.4016 2.9578, -2.2674 0.5984 2.9477, -2.1893 0.5984 2.9578, -2.2233 0.5984 0.8791, -2.3006 0.5984 0.8941, -2.2084 0.5984 0.9296, -2.2815 0.5984 0.959, -2.0984 0.5139 1.4141, -2.2815 0.4016 0.959, -2.0912 0.5085 1.432, -2.0912 0.4016 1.432, -2.0984 0.519 1.6443, -2.0812 0.4016 1.511, -2.0825 0.5031 1.5212, -2.0812 0.502 1.511, -2.0031 0.4016 1.5212, -2.003 0.4016 1.4609, -2.0811 0.4016 1.4709, -2.0182 0.4016 1.4026, -2.2084 0.4016 0.9296, -2.2233 0.4016 0.8791, -2.3006 0.4016 0.8941, -2.0855 0.5048 1.4489, -2.0819 0.5025 1.4667, -2.0811 0.5019 1.4709, -2.0798 0.5011 1.4909, -2.0984 0.5031 1.5212, -2.0984 0.5812 1.511, -2.0984 0.5023 1.4667, -2.0984 0.5811 1.4709, -2.0984 0.5912 1.432, -2.0912 0.5912 1.432, -2.0849 0.5849 1.4511, -2.0811 0.5811 1.4709, -2.0812 0.5812 1.511, -2.0798 0.5798 1.491, -2.0812 0.5984 1.511, -2.0031 0.5984 1.5212, -2.0811 0.5984 1.4709, -2.0023 0.5984 1.4667, -2.0912 0.5984 1.432, -2.0984 0.7185 0.2362, -1.9016 0.7185 0.2362, -2.0984 0.8858 -0.1083, -1.9016 0.8858 -0.1083, -2.0984 1.3976 -0.1083, -1.9016 1.3976 -0.1083, -1.9042 1.4075 -0.1083, -1.9073 1.4116 -0.1083, -1.9114 1.4147 -0.1083, -1.9213 1.4173 -0.1083, -2.0787 1.4173 -0.1083, -2.0978 1.4027 -0.1083, -2.0886 1.4147 -0.1083, -2.0927 1.4116 -0.1083, -2.0958 1.4075 -0.1083, -1.9022 1.4027 -0.1083, -1.9162 1.4167 -0.1083, -2.0838 1.4167 -0.1083, -1.9213 1.4173 -0.2067, -2.0787 1.4173 -0.2067, -1.9016 0.8858 -0.2067, -2.0984 0.8858 -0.2067, -1.9016 1.3976 -0.2067, -2.0984 1.3976 -0.2067, -2.0958 1.4075 -0.2067, -2.0927 1.4116 -0.2067, -2.0886 1.4147 -0.2067, -1.9022 1.4027 -0.2067, -1.9114 1.4147 -0.2067, -1.9073 1.4116 -0.2067, -1.9042 1.4075 -0.2067, -2.0978 1.4027 -0.2067, -2.0838 1.4167 -0.2067, -1.9162 1.4167 -0.2067, -1.9016 0.8425 -0.201, -2.0984 0.8425 -0.201, -1.9016 0.8022 -0.1843, -2.0984 0.8022 -0.1843, -1.9016 0.7675 -0.1577, -2.0984 0.7675 -0.1577, -1.9016 0.7409 -0.123, -2.0984 0.7409 -0.123, -1.9016 0.7242 -0.0827, -2.0984 0.7242 -0.0827, -1.9016 0.7185 -0.0394, -2.0984 0.7185 -0.0394, -1.9016 0.8169 0.2362, -2.0984 0.8169 0.2362, -2.0984 0.8169 -0.0394, -1.9016 0.8169 -0.0394, -2.0984 0.8193 -0.0572, -1.9016 0.8193 -0.0572, -2.0984 0.8262 -0.0738, -1.9016 0.8262 -0.0738, -2.0984 0.8371 -0.0881, -1.9016 0.8371 -0.0881, -2.0984 0.8514 -0.099, -1.9016 0.8514 -0.099, -2.0984 0.868 -0.1059, -1.9016 0.868 -0.1059, -0.8425 0.7283 0.2362, -0.8425 0.8071 0.2362, -0.8307 0.7283 0.2362, -0.8307 0.8071 0.2362, -0.8154 0.7263 0.2362, -0.795 0.8024 0.2362, -0.8012 0.7204 0.2362, -0.7618 0.7886 0.2362, -0.789 0.711 0.2362, -0.7333 0.7667 0.2362, -0.7796 0.6988 0.2362, -0.7114 0.7382 0.2362, -0.7737 0.6846 0.2362, -0.6976 0.705 0.2362, -0.7717 0.6693 0.2362, -0.6929 0.6693 0.2362, -0.7717 0.252 0.2362, -0.6929 0.252 0.2362, -1.0031 0.5031 1.5212, -0.9969 0.5031 1.5212, -1.0984 0.5984 2.2568, -0.9016 0.5984 2.2568, -1.0984 0.6893 2.9578, -0.9016 0.6893 2.9578, -1.019 0.5984 1.6443, -1.0984 0.5984 1.6443, -1.0984 0.7674 2.9477, -0.9969 0.5825 1.5212, -0.998 0.5812 1.511, -1.002 0.5812 1.511, -0.9016 0.7674 2.9477, -0.9016 0.5984 1.6443, -0.981 0.5984 1.6443, -1.0031 0.5825 1.5212, -0.9915 0.5912 1.432, -1.0085 0.5912 1.432, -0.9952 0.5855 1.449, -1.0048 0.5855 1.4489, -0.9977 0.5817 1.4667, -1.0025 0.5819 1.4667, -0.9979 0.5814 1.4709, -1.0019 0.5811 1.4709, -0.9989 0.5798 1.4909, -1.0011 0.5798 1.4909, -0.9861 0.5984 1.4141, -0.9016 0.5984 1.4141, -0.9016 0.7815 0.959, -1.0984 0.7815 0.959, -1.0984 0.5984 1.4141, -1.0139 0.5984 1.4141, -0.9818 0.5182 1.4026, -1.0182 0.5182 1.4026, -0.9016 0.5984 1.2031, -1.0984 0.5984 1.2031, -0.9016 0.7084 0.9296, -1.0984 0.7084 0.9296, -1.0087 0.5087 1.4313, -0.9913 0.5087 1.4313, -1.003 0.503 1.4609, -0.997 0.503 1.4609, -1.0011 0.5011 1.491, -0.9989 0.5011 1.491, -1.0984 0.7283 0.8268, -1.0984 0.8071 0.8268, -1.1693 0.7283 0.8268, -1.1693 0.8071 0.8268, -1.1846 0.7263 0.8268, -1.205 0.8024 0.8268, -1.1988 0.7204 0.8268, -1.2382 0.7886 0.8268, -1.211 0.711 0.8268, -1.2667 0.7667 0.8268, -1.2204 0.6988 0.8268, -1.2886 0.7382 0.8268, -1.2263 0.6846 0.8268, -1.3024 0.705 0.8268, -1.2283 0.6693 0.8268, -1.3071 0.6693 0.8268, -1.2283 0.5984 0.8268, -1.3071 0.5984 0.8268, -1.0984 0.7233 0.8791, -1.0984 0.8006 0.8941, -0.7717 0.4016 0.8268, -0.7717 0.1929 0.8268, -0.6929 0.4016 0.8268, -0.6929 0.1929 0.8268, -0.7717 0.5984 0.8268, -0.6929 0.5984 0.8268, -0.7717 0.6693 0.8268, -0.6929 0.6693 0.8268, -0.7737 0.6846 0.8268, -0.6976 0.705 0.8268, -0.7796 0.6988 0.8268, -0.7114 0.7382 0.8268, -0.789 0.711 0.8268, -0.7333 0.7667 0.8268, -0.8012 0.7204 0.8268, -0.7618 0.7886 0.8268, -0.8154 0.7263 0.8268, -0.795 0.8024 0.8268, -0.8307 0.7283 0.8268, -0.8307 0.8071 0.8268, -0.9016 0.7283 0.8268, -0.9016 0.8071 0.8268, -0.6929 0.1929 0.2953, -0.7717 0.1929 0.2953, -0.6929 0.1949 0.28, -0.6929 0.2008 0.2657, -0.6929 0.2102 0.2535, -0.6929 0.2224 0.2441, -0.6929 0.2367 0.2382, -0.8578 0.8071 0.2342, -0.872 0.8071 0.2283, -0.8843 0.8071 0.2189, -0.9016 0.8071 0.2362, -1.1693 0.8071 0.2362, -1.1575 0.8071 0.2362, -1.1422 0.8071 0.2342, -1.0984 0.8071 0.2362, -0.8937 0.8071 0.2067, -0.8996 0.8071 0.1925, -0.9016 0.8071 0.1772, -1.0984 0.8071 0.1772, -1.1004 0.8071 0.1925, -1.1063 0.8071 0.2067, -1.1157 0.8071 0.2189, -1.128 0.8071 0.2283, -1.205 0.8024 0.2362, -1.2382 0.7886 0.2362, -1.2667 0.7667 0.2362, -1.2886 0.7382 0.2362, -1.3024 0.705 0.2362, -1.3071 0.6693 0.2362, -1.3071 0.1929 0.2953, -1.3071 0.1929 0.8268, -1.3071 0.4016 0.8268, -1.3071 0.252 0.2362, -1.3071 0.2367 0.2382, -1.3071 0.2224 0.2441, -1.3071 0.2102 0.2535, -1.3071 0.2008 0.2657, -1.3071 0.1949 0.28, -1.2283 0.1929 0.2953, -1.2283 0.1929 0.8268, -1.2283 0.6693 0.2362, -1.2283 0.252 0.2362, -1.2283 0.4016 0.8268, -1.2283 0.2224 0.2441, -1.2283 0.1949 0.28, -1.2283 0.2102 0.2535, -1.2283 0.2008 0.2657, -1.2283 0.2367 0.2382, -1.2263 0.6846 0.2362, -1.2204 0.6988 0.2362, -1.211 0.711 0.2362, -1.1988 0.7204 0.2362, -1.1846 0.7263 0.2362, -1.1693 0.7283 0.2362, -1.1422 0.7283 0.2342, -1.1575 0.7283 0.2362, -1.128 0.7283 0.2283, -1.1157 0.7283 0.2189, -1.0984 0.7283 0.2362, -0.8578 0.7283 0.2342, -0.9016 0.7283 0.2362, -1.1063 0.7283 0.2067, -1.1004 0.7283 0.1925, -1.0984 0.7283 0.1772, -0.9016 0.7283 0.1772, -0.8996 0.7283 0.1925, -0.8937 0.7283 0.2067, -0.8843 0.7283 0.2189, -0.872 0.7283 0.2283, -0.7717 0.1949 0.28, -0.7717 0.2224 0.2441, -0.7717 0.2102 0.2535, -0.7717 0.2008 0.2657, -0.7717 0.2367 0.2382, -0.9016 0.8006 0.8941, -0.9016 0.7233 0.8791, -0.7326 0.5984 2.9477, -0.8107 0.5984 2.9578, -0.7326 0.4016 2.9477, -0.8107 0.4016 2.9578, -0.7916 0.5984 0.9296, -0.7185 0.5984 0.959, -0.7767 0.5984 0.8791, -0.6994 0.5984 0.8941, -0.9088 0.5085 1.432, -0.9088 0.4016 1.432, -0.9016 0.5139 1.4141, -0.7185 0.4016 0.959, -0.9016 0.519 1.6443, -0.9188 0.502 1.511, -0.9175 0.5031 1.5212, -0.9188 0.4016 1.511, -0.9202 0.5011 1.4909, -0.9189 0.4016 1.4709, -0.9186 0.5021 1.4709, -0.9183 0.5023 1.4667, -0.9145 0.5048 1.449, -0.9818 0.4016 1.4026, -0.997 0.4016 1.4609, -0.9969 0.4016 1.5212, -0.7916 0.4016 0.9296, -0.7767 0.4016 0.8791, -0.6994 0.4016 0.8941, -0.9016 0.5812 1.511, -0.9016 0.5031 1.5212, -0.9016 0.5811 1.4709, -0.9016 0.5023 1.4667, -0.9016 0.5912 1.432, -0.9088 0.5912 1.432, -0.9188 0.5812 1.511, -0.9202 0.5798 1.491, -0.9189 0.5811 1.4709, -0.9151 0.5849 1.4511, -0.9969 0.5984 1.5212, -0.9188 0.5984 1.511, -0.9088 0.5984 1.432, -0.9189 0.5984 1.4709, -0.9977 0.5984 1.4667, -1.2674 0.4016 2.9477, -1.1893 0.4016 2.9578, -1.2674 0.5984 2.9477, -1.1893 0.5984 2.9578, -1.2233 0.5984 0.8791, -1.3006 0.5984 0.8941, -1.2084 0.5984 0.9296, -1.2815 0.5984 0.959, -1.0984 0.5139 1.4141, -1.2815 0.4016 0.959, -1.0912 0.5085 1.432, -1.0912 0.4016 1.432, -1.0984 0.519 1.6443, -1.0812 0.4016 1.511, -1.0825 0.5031 1.5212, -1.0812 0.502 1.511, -1.0031 0.4016 1.5212, -1.003 0.4016 1.4609, -1.0811 0.4016 1.4709, -1.0182 0.4016 1.4026, -1.2084 0.4016 0.9296, -1.2233 0.4016 0.8791, -1.3006 0.4016 0.8941, -1.0855 0.5048 1.4489, -1.0819 0.5025 1.4667, -1.0811 0.5019 1.4709, -1.0798 0.5011 1.4909, -1.0984 0.5031 1.5212, -1.0984 0.5812 1.511, -1.0984 0.5023 1.4667, -1.0984 0.5811 1.4709, -1.0984 0.5912 1.432, -1.0912 0.5912 1.432, -1.0849 0.5849 1.4511, -1.0811 0.5811 1.4709, -1.0812 0.5812 1.511, -1.0798 0.5798 1.491, -1.0812 0.5984 1.511, -1.0031 0.5984 1.5212, -1.0811 0.5984 1.4709, -1.0023 0.5984 1.4667, -1.0912 0.5984 1.432, -1.0984 0.7185 0.2362, -0.9016 0.7185 0.2362, -1.0984 0.8858 -0.1083, -0.9016 0.8858 -0.1083, -1.0984 1.3976 -0.1083, -0.9016 1.3976 -0.1083, -0.9213 1.4173 -0.1083, -0.9022 1.4027 -0.1083, -0.9162 1.4167 -0.1083, -0.9042 1.4075 -0.1083, -0.9114 1.4147 -0.1083, -0.9073 1.4116 -0.1083, -1.0787 1.4173 -0.1083, -1.0838 1.4167 -0.1083, -1.0978 1.4027 -0.1083, -1.0886 1.4147 -0.1083, -1.0958 1.4075 -0.1083, -1.0927 1.4116 -0.1083, -0.9213 1.4173 -0.2067, -1.0787 1.4173 -0.2067, -0.9016 0.8858 -0.2067, -1.0984 0.8858 -0.2067, -0.9016 1.3976 -0.2067, -1.0984 1.3976 -0.2067, -1.0978 1.4027 -0.2067, -1.0838 1.4167 -0.2067, -1.0958 1.4075 -0.2067, -1.0886 1.4147 -0.2067, -1.0927 1.4116 -0.2067, -0.9162 1.4167 -0.2067, -0.9022 1.4027 -0.2067, -0.9114 1.4147 -0.2067, -0.9042 1.4075 -0.2067, -0.9073 1.4116 -0.2067, -0.9016 0.8425 -0.201, -1.0984 0.8425 -0.201, -0.9016 0.8022 -0.1843, -1.0984 0.8022 -0.1843, -0.9016 0.7675 -0.1577, -1.0984 0.7675 -0.1577, -0.9016 0.7409 -0.123, -1.0984 0.7409 -0.123, -0.9016 0.7242 -0.0827, -1.0984 0.7242 -0.0827, -0.9016 0.7185 -0.0394, -1.0984 0.7185 -0.0394, -0.9016 0.8169 0.2362, -1.0984 0.8169 0.2362, -1.0984 0.8169 -0.0394, -0.9016 0.8169 -0.0394, -1.0984 0.8193 -0.0572, -0.9016 0.8193 -0.0572, -1.0984 0.8262 -0.0738, -0.9016 0.8262 -0.0738, -1.0984 0.8371 -0.0881, -0.9016 0.8371 -0.0881, -1.0984 0.8514 -0.099, -0.9016 0.8514 -0.099, -1.0984 0.868 -0.1059, -0.9016 0.868 -0.1059, 0.1575 0.7283 0.2362, 0.1575 0.8071 0.2362, 0.1693 0.7283 0.2362, 0.1693 0.8071 0.2362, 0.1846 0.7263 0.2362, 0.205 0.8024 0.2362, 0.1988 0.7204 0.2362, 0.2382 0.7886 0.2362, 0.211 0.711 0.2362, 0.2667 0.7667 0.2362, 0.2204 0.6988 0.2362, 0.2886 0.7382 0.2362, 0.2263 0.6846 0.2362, 0.3024 0.705 0.2362, 0.2283 0.6693 0.2362, 0.3071 0.6693 0.2362, 0.2283 0.252 0.2362, 0.3071 0.252 0.2362, -0.0031 0.5031 1.5212, 0.0031 0.5031 1.5212, -0.0984 0.5984 2.2568, 0.0984 0.5984 2.2568, -0.0984 0.6893 2.9578, 0.0984 0.6893 2.9578, -0.019 0.5984 1.6443, -0.0984 0.5984 1.6443, -0.0984 0.7674 2.9477, 0.0031 0.5825 1.5212, 0.002 0.5812 1.511, -0.002 0.5812 1.511, 0.0984 0.7674 2.9477, 0.0984 0.5984 1.6443, 0.019 0.5984 1.6443, -0.0031 0.5825 1.5212, 0.0085 0.5912 1.432, -0.0085 0.5912 1.432, 0.0048 0.5855 1.449, -0.0048 0.5855 1.4489, 0.0023 0.5817 1.4667, -0.0025 0.5819 1.4667, 0.0021 0.5814 1.4709, -0.0019 0.5811 1.4709, 0.0011 0.5798 1.4909, -0.0011 0.5798 1.4909, 0.0139 0.5984 1.4141, 0.0984 0.5984 1.4141, 0.0984 0.7815 0.959, -0.0984 0.7815 0.959, -0.0984 0.5984 1.4141, -0.0139 0.5984 1.4141, 0.0182 0.5182 1.4026, -0.0182 0.5182 1.4026, 0.0984 0.5984 1.2031, -0.0984 0.5984 1.2031, 0.0984 0.7084 0.9296, -0.0984 0.7084 0.9296, -0.0087 0.5087 1.4313, 0.0087 0.5087 1.4313, -0.003 0.503 1.4609, 0.003 0.503 1.4609, -0.0011 0.5011 1.491, 0.0011 0.5011 1.491, -0.0984 0.7283 0.8268, -0.0984 0.8071 0.8268, -0.1693 0.7283 0.8268, -0.1693 0.8071 0.8268, -0.1846 0.7263 0.8268, -0.205 0.8024 0.8268, -0.1988 0.7204 0.8268, -0.2382 0.7886 0.8268, -0.211 0.711 0.8268, -0.2667 0.7667 0.8268, -0.2204 0.6988 0.8268, -0.2886 0.7382 0.8268, -0.2263 0.6846 0.8268, -0.3024 0.705 0.8268, -0.2283 0.6693 0.8268, -0.3071 0.6693 0.8268, -0.2283 0.5984 0.8268, -0.3071 0.5984 0.8268, -0.0984 0.7233 0.8791, -0.0984 0.8006 0.8941, 0.2283 0.4016 0.8268, 0.2283 0.1929 0.8268, 0.3071 0.4016 0.8268, 0.3071 0.1929 0.8268, 0.2283 0.5984 0.8268, 0.3071 0.5984 0.8268, 0.2283 0.6693 0.8268, 0.3071 0.6693 0.8268, 0.2263 0.6846 0.8268, 0.3024 0.705 0.8268, 0.2204 0.6988 0.8268, 0.2886 0.7382 0.8268, 0.211 0.711 0.8268, 0.2667 0.7667 0.8268, 0.1988 0.7204 0.8268, 0.2382 0.7886 0.8268, 0.1846 0.7263 0.8268, 0.205 0.8024 0.8268, 0.1693 0.7283 0.8268, 0.1693 0.8071 0.8268, 0.0984 0.7283 0.8268, 0.0984 0.8071 0.8268, 0.3071 0.1929 0.2953, 0.2283 0.1929 0.2953, 0.3071 0.1949 0.28, 0.3071 0.2008 0.2657, 0.3071 0.2102 0.2535, 0.3071 0.2224 0.2441, 0.3071 0.2367 0.2382, 0.1422 0.8071 0.2342, 0.128 0.8071 0.2283, 0.1157 0.8071 0.2189, 0.0984 0.8071 0.2362, -0.1693 0.8071 0.2362, -0.1575 0.8071 0.2362, -0.1422 0.8071 0.2342, -0.0984 0.8071 0.2362, 0.1063 0.8071 0.2067, 0.1004 0.8071 0.1925, 0.0984 0.8071 0.1772, -0.0984 0.8071 0.1772, -0.1004 0.8071 0.1925, -0.1063 0.8071 0.2067, -0.1157 0.8071 0.2189, -0.128 0.8071 0.2283, -0.205 0.8024 0.2362, -0.2382 0.7886 0.2362, -0.2667 0.7667 0.2362, -0.2886 0.7382 0.2362, -0.3024 0.705 0.2362, -0.3071 0.6693 0.2362, -0.3071 0.1929 0.2953, -0.3071 0.1929 0.8268, -0.3071 0.4016 0.8268, -0.3071 0.252 0.2362, -0.3071 0.2367 0.2382, -0.3071 0.2224 0.2441, -0.3071 0.2102 0.2535, -0.3071 0.2008 0.2657, -0.3071 0.1949 0.28, -0.2283 0.1929 0.2953, -0.2283 0.1929 0.8268, -0.2283 0.6693 0.2362, -0.2283 0.252 0.2362, -0.2283 0.4016 0.8268, -0.2283 0.2224 0.2441, -0.2283 0.1949 0.28, -0.2283 0.2102 0.2535, -0.2283 0.2008 0.2657, -0.2283 0.2367 0.2382, -0.2263 0.6846 0.2362, -0.2204 0.6988 0.2362, -0.211 0.711 0.2362, -0.1988 0.7204 0.2362, -0.1846 0.7263 0.2362, -0.1693 0.7283 0.2362, -0.1422 0.7283 0.2342, -0.1575 0.7283 0.2362, -0.128 0.7283 0.2283, -0.1157 0.7283 0.2189, -0.0984 0.7283 0.2362, 0.1422 0.7283 0.2342, 0.0984 0.7283 0.2362, -0.1063 0.7283 0.2067, -0.1004 0.7283 0.1925, -0.0984 0.7283 0.1772, 0.0984 0.7283 0.1772, 0.1004 0.7283 0.1925, 0.1063 0.7283 0.2067, 0.1157 0.7283 0.2189, 0.128 0.7283 0.2283, 0.2283 0.1949 0.28, 0.2283 0.2224 0.2441, 0.2283 0.2102 0.2535, 0.2283 0.2008 0.2657, 0.2283 0.2367 0.2382, 0.0984 0.8006 0.8941, 0.0984 0.7233 0.8791, 0.2674 0.5984 2.9477, 0.1893 0.5984 2.9578, 0.2674 0.4016 2.9477, 0.1893 0.4016 2.9578, 0.2084 0.5984 0.9296, 0.2815 0.5984 0.959, 0.2233 0.5984 0.8791, 0.3006 0.5984 0.8941, 0.0912 0.5085 1.432, 0.0912 0.4016 1.432, 0.0984 0.5139 1.4141, 0.2815 0.4016 0.959, 0.0984 0.519 1.6443, 0.0812 0.502 1.511, 0.0825 0.5031 1.5212, 0.0812 0.4016 1.511, 0.0798 0.5011 1.4909, 0.0811 0.4016 1.4709, 0.0814 0.5021 1.4709, 0.0817 0.5023 1.4667, 0.0855 0.5048 1.449, 0.0182 0.4016 1.4026, 0.003 0.4016 1.4609, 0.0031 0.4016 1.5212, 0.2084 0.4016 0.9296, 0.2233 0.4016 0.8791, 0.3006 0.4016 0.8941, 0.0984 0.5812 1.511, 0.0984 0.5031 1.5212, 0.0984 0.5811 1.4709, 0.0984 0.5023 1.4667, 0.0984 0.5912 1.432, 0.0912 0.5912 1.432, 0.0812 0.5812 1.511, 0.0798 0.5798 1.491, 0.0811 0.5811 1.4709, 0.0849 0.5849 1.4511, 0.0031 0.5984 1.5212, 0.0812 0.5984 1.511, 0.0912 0.5984 1.432, 0.0811 0.5984 1.4709, 0.0023 0.5984 1.4667, -0.2674 0.4016 2.9477, -0.1893 0.4016 2.9578, -0.2674 0.5984 2.9477, -0.1893 0.5984 2.9578, -0.2233 0.5984 0.8791, -0.3006 0.5984 0.8941, -0.2084 0.5984 0.9296, -0.2815 0.5984 0.959, -0.0984 0.5139 1.4141, -0.2815 0.4016 0.959, -0.0912 0.5085 1.432, -0.0912 0.4016 1.432, -0.0984 0.519 1.6443, -0.0812 0.4016 1.511, -0.0825 0.5031 1.5212, -0.0812 0.502 1.511, -0.0031 0.4016 1.5212, -0.003 0.4016 1.4609, -0.0811 0.4016 1.4709, -0.0182 0.4016 1.4026, -0.2084 0.4016 0.9296, -0.2233 0.4016 0.8791, -0.3006 0.4016 0.8941, -0.0855 0.5048 1.4489, -0.0819 0.5025 1.4667, -0.0811 0.5019 1.4709, -0.0798 0.5011 1.4909, -0.0984 0.5031 1.5212, -0.0984 0.5812 1.511, -0.0984 0.5023 1.4667, -0.0984 0.5811 1.4709, -0.0984 0.5912 1.432, -0.0912 0.5912 1.432, -0.0849 0.5849 1.4511, -0.0811 0.5811 1.4709, -0.0812 0.5812 1.511, -0.0798 0.5798 1.491, -0.0812 0.5984 1.511, -0.0031 0.5984 1.5212, -0.0811 0.5984 1.4709, -0.0023 0.5984 1.4667, -0.0912 0.5984 1.432, -0.0984 0.7185 0.2362, 0.0984 0.7185 0.2362, -0.0984 0.8858 -0.1083, 0.0984 0.8858 -0.1083, -0.0984 1.3976 -0.1083, 0.0984 1.3976 -0.1083, 0.0787 1.4173 -0.1083, 0.0927 1.4116 -0.1083, 0.0958 1.4075 -0.1083, 0.0978 1.4027 -0.1083, 0.0886 1.4147 -0.1083, 0.0838 1.4167 -0.1083, -0.0958 1.4075 -0.1083, -0.0838 1.4167 -0.1083, -0.0927 1.4116 -0.1083, -0.0886 1.4147 -0.1083, -0.0787 1.4173 -0.1083, -0.0978 1.4027 -0.1083, 0.0787 1.4173 -0.2067, -0.0787 1.4173 -0.2067, 0.0984 0.8858 -0.2067, -0.0984 0.8858 -0.2067, 0.0984 1.3976 -0.2067, -0.0984 1.3976 -0.2067, 0.0838 1.4167 -0.2067, 0.0886 1.4147 -0.2067, 0.0927 1.4116 -0.2067, 0.0958 1.4075 -0.2067, 0.0978 1.4027 -0.2067, -0.0978 1.4027 -0.2067, -0.0838 1.4167 -0.2067, -0.0958 1.4075 -0.2067, -0.0927 1.4116 -0.2067, -0.0886 1.4147 -0.2067, 0.0984 0.8425 -0.201, -0.0984 0.8425 -0.201, 0.0984 0.8022 -0.1843, -0.0984 0.8022 -0.1843, 0.0984 0.7675 -0.1577, -0.0984 0.7675 -0.1577, 0.0984 0.7409 -0.123, -0.0984 0.7409 -0.123, 0.0984 0.7242 -0.0827, -0.0984 0.7242 -0.0827, 0.0984 0.7185 -0.0394, -0.0984 0.7185 -0.0394, 0.0984 0.8169 0.2362, -0.0984 0.8169 0.2362, -0.0984 0.8169 -0.0394, 0.0984 0.8169 -0.0394, -0.0984 0.8193 -0.0572, 0.0984 0.8193 -0.0572, -0.0984 0.8262 -0.0738, 0.0984 0.8262 -0.0738, -0.0984 0.8371 -0.0881, 0.0984 0.8371 -0.0881, -0.0984 0.8514 -0.099, 0.0984 0.8514 -0.099, -0.0984 0.868 -0.1059, 0.0984 0.868 -0.1059, -2.7717 -0.252 0.2362, -2.6929 -0.252 0.2362, -2.7717 -0.6693 0.2362, -2.6929 -0.6693 0.2362, -2.7737 -0.6846 0.2362, -2.6976 -0.705 0.2362, -2.7796 -0.6988 0.2362, -2.7114 -0.7382 0.2362, -2.789 -0.711 0.2362, -2.7333 -0.7667 0.2362, -2.8012 -0.7204 0.2362, -2.7618 -0.7886 0.2362, -2.8154 -0.7263 0.2362, -2.795 -0.8024 0.2362, -2.8307 -0.7283 0.2362, -2.8307 -0.8071 0.2362, -2.8425 -0.7283 0.2362, -2.8425 -0.8071 0.2362, -3.0984 -0.6893 2.9578, -2.9016 -0.6893 2.9578, -3.0984 -0.5984 2.2568, -2.9016 -0.5984 2.2568, -3.0031 -0.5031 1.5212, -2.9969 -0.5031 1.5212, -2.981 -0.5984 1.6443, -2.9016 -0.5984 1.6443, -2.9016 -0.7674 2.9477, -3.0984 -0.7674 2.9477, -3.0984 -0.5984 1.6443, -3.019 -0.5984 1.6443, -3.002 -0.5812 1.511, -2.998 -0.5812 1.511, -3.0031 -0.5825 1.5212, -2.9969 -0.5825 1.5212, -2.9989 -0.5798 1.4909, -3.0011 -0.5798 1.4909, -2.9979 -0.5814 1.4709, -3.0019 -0.5811 1.4709, -2.9977 -0.5817 1.4667, -3.0025 -0.5819 1.4667, -2.9952 -0.5855 1.449, -3.0048 -0.5855 1.4489, -2.9915 -0.5912 1.432, -3.0085 -0.5912 1.432, -3.0139 -0.5984 1.4141, -3.0984 -0.5984 1.4141, -3.0984 -0.7815 0.959, -2.9016 -0.7815 0.959, -2.9016 -0.5984 1.4141, -2.9861 -0.5984 1.4141, -2.9016 -0.7084 0.9296, -3.0984 -0.7084 0.9296, -2.9016 -0.5984 1.2031, -3.0984 -0.5984 1.2031, -2.9818 -0.5182 1.4026, -3.0182 -0.5182 1.4026, -3.0011 -0.5011 1.491, -2.9989 -0.5011 1.491, -3.003 -0.503 1.4609, -2.997 -0.503 1.4609, -3.0087 -0.5087 1.4313, -2.9913 -0.5087 1.4313, -3.2283 -0.5984 0.8268, -3.3071 -0.5984 0.8268, -3.2283 -0.6693 0.8268, -3.3071 -0.6693 0.8268, -3.2263 -0.6846 0.8268, -3.3024 -0.705 0.8268, -3.2204 -0.6988 0.8268, -3.2886 -0.7382 0.8268, -3.211 -0.711 0.8268, -3.2667 -0.7667 0.8268, -3.1988 -0.7204 0.8268, -3.2382 -0.7886 0.8268, -3.1846 -0.7263 0.8268, -3.205 -0.8024 0.8268, -3.1693 -0.7283 0.8268, -3.1693 -0.8071 0.8268, -3.0984 -0.7283 0.8268, -3.0984 -0.8071 0.8268, -3.0984 -0.7233 0.8791, -3.0984 -0.8006 0.8941, -2.7717 -0.1929 0.8268, -2.7717 -0.4016 0.8268, -2.6929 -0.1929 0.8268, -2.6929 -0.4016 0.8268, -2.9016 -0.7283 0.8268, -2.9016 -0.8071 0.8268, -2.8307 -0.7283 0.8268, -2.8307 -0.8071 0.8268, -2.8154 -0.7263 0.8268, -2.795 -0.8024 0.8268, -2.8012 -0.7204 0.8268, -2.7618 -0.7886 0.8268, -2.789 -0.711 0.8268, -2.7333 -0.7667 0.8268, -2.7796 -0.6988 0.8268, -2.7114 -0.7382 0.8268, -2.7737 -0.6846 0.8268, -2.6976 -0.705 0.8268, -2.7717 -0.6693 0.8268, -2.6929 -0.6693 0.8268, -2.7717 -0.5984 0.8268, -2.6929 -0.5984 0.8268, -2.6929 -0.1929 0.2953, -2.7717 -0.1929 0.2953, -2.6929 -0.2367 0.2382, -2.6929 -0.2224 0.2441, -2.6929 -0.1949 0.28, -2.6929 -0.2102 0.2535, -2.6929 -0.2008 0.2657, -3.0984 -0.8071 0.1772, -3.0984 -0.8071 0.2362, -3.1004 -0.8071 0.1925, -3.1063 -0.8071 0.2067, -2.9016 -0.8071 0.2362, -2.9016 -0.8071 0.1772, -2.8996 -0.8071 0.1925, -3.1693 -0.8071 0.2362, -3.1575 -0.8071 0.2362, -2.8578 -0.8071 0.2342, -3.1422 -0.8071 0.2342, -3.128 -0.8071 0.2283, -3.1157 -0.8071 0.2189, -2.8937 -0.8071 0.2067, -2.8843 -0.8071 0.2189, -2.872 -0.8071 0.2283, -3.3071 -0.6693 0.2362, -3.3024 -0.705 0.2362, -3.2886 -0.7382 0.2362, -3.2667 -0.7667 0.2362, -3.2382 -0.7886 0.2362, -3.205 -0.8024 0.2362, -3.3071 -0.4016 0.8268, -3.3071 -0.252 0.2362, -3.3071 -0.1929 0.8268, -3.3071 -0.1929 0.2953, -3.3071 -0.1949 0.28, -3.3071 -0.2224 0.2441, -3.3071 -0.2367 0.2382, -3.3071 -0.2102 0.2535, -3.3071 -0.2008 0.2657, -3.2283 -0.1929 0.8268, -3.2283 -0.1929 0.2953, -3.2283 -0.1949 0.28, -3.2283 -0.252 0.2362, -3.2283 -0.2367 0.2382, -3.2283 -0.2224 0.2441, -3.2283 -0.2102 0.2535, -3.2283 -0.6693 0.2362, -3.2283 -0.4016 0.8268, -3.2283 -0.2008 0.2657, -3.1693 -0.7283 0.2362, -3.1846 -0.7263 0.2362, -3.1988 -0.7204 0.2362, -3.211 -0.711 0.2362, -3.2204 -0.6988 0.2362, -3.2263 -0.6846 0.2362, -2.8578 -0.7283 0.2342, -2.872 -0.7283 0.2283, -2.8843 -0.7283 0.2189, -2.9016 -0.7283 0.2362, -3.0984 -0.7283 0.2362, -3.0984 -0.7283 0.1772, -3.1004 -0.7283 0.1925, -2.8937 -0.7283 0.2067, -2.8996 -0.7283 0.1925, -2.9016 -0.7283 0.1772, -3.1575 -0.7283 0.2362, -3.1422 -0.7283 0.2342, -3.1063 -0.7283 0.2067, -3.1157 -0.7283 0.2189, -3.128 -0.7283 0.2283, -2.7717 -0.2008 0.2657, -2.7717 -0.2102 0.2535, -2.7717 -0.1949 0.28, -2.7717 -0.2224 0.2441, -2.7717 -0.2367 0.2382, -2.9016 -0.8006 0.8941, -2.9016 -0.7233 0.8791, -2.8107 -0.5984 2.9578, -2.7326 -0.5984 2.9477, -2.8107 -0.4016 2.9578, -2.7326 -0.4016 2.9477, -2.7767 -0.5984 0.8791, -2.6994 -0.5984 0.8941, -2.7916 -0.5984 0.9296, -2.7185 -0.5984 0.959, -2.9016 -0.5139 1.4141, -2.7185 -0.4016 0.959, -2.9088 -0.5085 1.432, -2.9088 -0.4016 1.432, -2.9016 -0.519 1.6443, -2.9188 -0.4016 1.511, -2.9175 -0.5031 1.5212, -2.9188 -0.502 1.511, -2.9189 -0.4016 1.4709, -2.9186 -0.5021 1.4709, -2.9183 -0.5023 1.4667, -2.9145 -0.5048 1.449, -2.9202 -0.5011 1.4909, -2.9969 -0.4016 1.5212, -2.997 -0.4016 1.4609, -2.9818 -0.4016 1.4026, -2.7916 -0.4016 0.9296, -2.7767 -0.4016 0.8791, -2.6994 -0.4016 0.8941, -2.9016 -0.5031 1.5212, -2.9016 -0.5812 1.511, -2.9016 -0.5023 1.4667, -2.9016 -0.5811 1.4709, -2.9016 -0.5912 1.432, -2.9088 -0.5912 1.432, -2.9151 -0.5849 1.4511, -2.9189 -0.5811 1.4709, -2.9188 -0.5812 1.511, -2.9202 -0.5798 1.491, -2.9969 -0.5984 1.5212, -2.9188 -0.5984 1.511, -2.9189 -0.5984 1.4709, -2.9088 -0.5984 1.432, -2.9977 -0.5984 1.4667, -3.1893 -0.4016 2.9578, -3.2674 -0.4016 2.9477, -3.1893 -0.5984 2.9578, -3.2674 -0.5984 2.9477, -3.2084 -0.5984 0.9296, -3.2815 -0.5984 0.959, -3.2233 -0.5984 0.8791, -3.3006 -0.5984 0.8941, -3.0912 -0.5085 1.432, -3.0912 -0.4016 1.432, -3.0984 -0.5139 1.4141, -3.2815 -0.4016 0.959, -3.0984 -0.519 1.6443, -3.0812 -0.502 1.511, -3.0825 -0.5031 1.5212, -3.0812 -0.4016 1.511, -3.2233 -0.4016 0.8791, -3.3006 -0.4016 0.8941, -3.2084 -0.4016 0.9296, -3.0182 -0.4016 1.4026, -3.003 -0.4016 1.4609, -3.0811 -0.4016 1.4709, -3.0031 -0.4016 1.5212, -3.0855 -0.5048 1.4489, -3.0819 -0.5025 1.4667, -3.0811 -0.5019 1.4709, -3.0798 -0.5011 1.4909, -3.0984 -0.5812 1.511, -3.0984 -0.5031 1.5212, -3.0984 -0.5811 1.4709, -3.0984 -0.5023 1.4667, -3.0984 -0.5912 1.432, -3.0912 -0.5912 1.432, -3.0812 -0.5812 1.511, -3.0798 -0.5798 1.491, -3.0811 -0.5811 1.4709, -3.0849 -0.5849 1.4511, -3.0031 -0.5984 1.5212, -3.0812 -0.5984 1.511, -3.0023 -0.5984 1.4667, -3.0811 -0.5984 1.4709, -3.0912 -0.5984 1.432, -3.0984 -0.7185 0.2362, -2.9016 -0.7185 0.2362, -2.9022 -1.4027 -0.1083, -2.9016 -1.3976 -0.1083, -2.9213 -1.4173 -0.1083, -2.9016 -0.8858 -0.1083, -3.0984 -0.8858 -0.1083, -3.0984 -1.3976 -0.1083, -2.9114 -1.4147 -0.1083, -2.9073 -1.4116 -0.1083, -2.9042 -1.4075 -0.1083, -3.0978 -1.4027 -0.1083, -3.0958 -1.4075 -0.1083, -3.0927 -1.4116 -0.1083, -3.0787 -1.4173 -0.1083, -3.0838 -1.4167 -0.1083, -2.9162 -1.4167 -0.1083, -3.0886 -1.4147 -0.1083, -3.0787 -1.4173 -0.2067, -2.9213 -1.4173 -0.2067, -3.0984 -0.8858 -0.2067, -2.9016 -0.8858 -0.2067, -3.0984 -1.3976 -0.2067, -2.9016 -1.3976 -0.2067, -2.9042 -1.4075 -0.2067, -2.9073 -1.4116 -0.2067, -2.9114 -1.4147 -0.2067, -2.9022 -1.4027 -0.2067, -2.9162 -1.4167 -0.2067, -3.0838 -1.4167 -0.2067, -3.0958 -1.4075 -0.2067, -3.0978 -1.4027 -0.2067, -3.0927 -1.4116 -0.2067, -3.0886 -1.4147 -0.2067, -3.0984 -0.7185 -0.0394, -2.9016 -0.7185 -0.0394, -2.9016 -0.7242 -0.0827, -3.0984 -0.7242 -0.0827, -2.9016 -0.7409 -0.123, -3.0984 -0.7409 -0.123, -2.9016 -0.7675 -0.1577, -3.0984 -0.7675 -0.1577, -2.9016 -0.8022 -0.1843, -3.0984 -0.8022 -0.1843, -2.9016 -0.8425 -0.201, -3.0984 -0.8425 -0.201, -2.9016 -0.8169 0.2362, -3.0984 -0.8169 0.2362, -3.0984 -0.8169 -0.0394, -2.9016 -0.8169 -0.0394, -3.0984 -0.868 -0.1059, -2.9016 -0.868 -0.1059, -3.0984 -0.8514 -0.099, -2.9016 -0.8514 -0.099, -3.0984 -0.8371 -0.0881, -2.9016 -0.8371 -0.0881, -3.0984 -0.8262 -0.0738, -2.9016 -0.8262 -0.0738, -3.0984 -0.8193 -0.0572, -2.9016 -0.8193 -0.0572, -1.7717 -0.252 0.2362, -1.6929 -0.252 0.2362, -1.7717 -0.6693 0.2362, -1.6929 -0.6693 0.2362, -1.7737 -0.6846 0.2362, -1.6976 -0.705 0.2362, -1.7796 -0.6988 0.2362, -1.7114 -0.7382 0.2362, -1.789 -0.711 0.2362, -1.7333 -0.7667 0.2362, -1.8012 -0.7204 0.2362, -1.7618 -0.7886 0.2362, -1.8154 -0.7263 0.2362, -1.795 -0.8024 0.2362, -1.8307 -0.7283 0.2362, -1.8307 -0.8071 0.2362, -1.8425 -0.7283 0.2362, -1.8425 -0.8071 0.2362, -2.0984 -0.6893 2.9578, -1.9016 -0.6893 2.9578, -2.0984 -0.5984 2.2568, -1.9016 -0.5984 2.2568, -2.0031 -0.5031 1.5212, -1.9969 -0.5031 1.5212, -1.981 -0.5984 1.6443, -1.9016 -0.5984 1.6443, -1.9016 -0.7674 2.9477, -2.0984 -0.7674 2.9477, -2.0984 -0.5984 1.6443, -2.019 -0.5984 1.6443, -2.002 -0.5812 1.511, -1.998 -0.5812 1.511, -2.0031 -0.5825 1.5212, -1.9969 -0.5825 1.5212, -1.9989 -0.5798 1.4909, -2.0011 -0.5798 1.4909, -1.9979 -0.5814 1.4709, -2.0019 -0.5811 1.4709, -1.9977 -0.5817 1.4667, -2.0025 -0.5819 1.4667, -1.9952 -0.5855 1.449, -2.0048 -0.5855 1.4489, -1.9915 -0.5912 1.432, -2.0085 -0.5912 1.432, -2.0139 -0.5984 1.4141, -2.0984 -0.5984 1.4141, -2.0984 -0.7815 0.959, -1.9016 -0.7815 0.959, -1.9016 -0.5984 1.4141, -1.9861 -0.5984 1.4141, -1.9016 -0.7084 0.9296, -2.0984 -0.7084 0.9296, -1.9016 -0.5984 1.2031, -2.0984 -0.5984 1.2031, -1.9818 -0.5182 1.4026, -2.0182 -0.5182 1.4026, -2.0011 -0.5011 1.491, -1.9989 -0.5011 1.491, -2.003 -0.503 1.4609, -1.997 -0.503 1.4609, -2.0087 -0.5087 1.4313, -1.9913 -0.5087 1.4313, -2.2283 -0.5984 0.8268, -2.3071 -0.5984 0.8268, -2.2283 -0.6693 0.8268, -2.3071 -0.6693 0.8268, -2.2263 -0.6846 0.8268, -2.3024 -0.705 0.8268, -2.2204 -0.6988 0.8268, -2.2886 -0.7382 0.8268, -2.211 -0.711 0.8268, -2.2667 -0.7667 0.8268, -2.1988 -0.7204 0.8268, -2.2382 -0.7886 0.8268, -2.1846 -0.7263 0.8268, -2.205 -0.8024 0.8268, -2.1693 -0.7283 0.8268, -2.1693 -0.8071 0.8268, -2.0984 -0.7283 0.8268, -2.0984 -0.8071 0.8268, -2.0984 -0.7233 0.8791, -2.0984 -0.8006 0.8941, -1.7717 -0.1929 0.8268, -1.7717 -0.4016 0.8268, -1.6929 -0.1929 0.8268, -1.6929 -0.4016 0.8268, -1.9016 -0.7283 0.8268, -1.9016 -0.8071 0.8268, -1.8307 -0.7283 0.8268, -1.8307 -0.8071 0.8268, -1.8154 -0.7263 0.8268, -1.795 -0.8024 0.8268, -1.8012 -0.7204 0.8268, -1.7618 -0.7886 0.8268, -1.789 -0.711 0.8268, -1.7333 -0.7667 0.8268, -1.7796 -0.6988 0.8268, -1.7114 -0.7382 0.8268, -1.7737 -0.6846 0.8268, -1.6976 -0.705 0.8268, -1.7717 -0.6693 0.8268, -1.6929 -0.6693 0.8268, -1.7717 -0.5984 0.8268, -1.6929 -0.5984 0.8268, -1.6929 -0.1929 0.2953, -1.7717 -0.1929 0.2953, -1.6929 -0.2367 0.2382, -1.6929 -0.2224 0.2441, -1.6929 -0.1949 0.28, -1.6929 -0.2102 0.2535, -1.6929 -0.2008 0.2657, -2.1422 -0.8071 0.2342, -2.1575 -0.8071 0.2362, -2.1693 -0.8071 0.2362, -2.128 -0.8071 0.2283, -2.1157 -0.8071 0.2189, -2.0984 -0.8071 0.2362, -1.9016 -0.8071 0.2362, -1.9016 -0.8071 0.1772, -1.8996 -0.8071 0.1925, -2.1063 -0.8071 0.2067, -2.1004 -0.8071 0.1925, -2.0984 -0.8071 0.1772, -1.8578 -0.8071 0.2342, -1.8937 -0.8071 0.2067, -1.8843 -0.8071 0.2189, -1.872 -0.8071 0.2283, -2.3071 -0.6693 0.2362, -2.3024 -0.705 0.2362, -2.2886 -0.7382 0.2362, -2.2667 -0.7667 0.2362, -2.2382 -0.7886 0.2362, -2.205 -0.8024 0.2362, -2.3071 -0.4016 0.8268, -2.3071 -0.252 0.2362, -2.3071 -0.1929 0.8268, -2.3071 -0.1929 0.2953, -2.3071 -0.1949 0.28, -2.3071 -0.2224 0.2441, -2.3071 -0.2367 0.2382, -2.3071 -0.2102 0.2535, -2.3071 -0.2008 0.2657, -2.2283 -0.1929 0.8268, -2.2283 -0.1929 0.2953, -2.2283 -0.1949 0.28, -2.2283 -0.252 0.2362, -2.2283 -0.2367 0.2382, -2.2283 -0.2224 0.2441, -2.2283 -0.2102 0.2535, -2.2283 -0.6693 0.2362, -2.2283 -0.4016 0.8268, -2.2283 -0.2008 0.2657, -2.1693 -0.7283 0.2362, -2.1846 -0.7263 0.2362, -2.1988 -0.7204 0.2362, -2.211 -0.711 0.2362, -2.2204 -0.6988 0.2362, -2.2263 -0.6846 0.2362, -1.8578 -0.7283 0.2342, -1.872 -0.7283 0.2283, -1.8843 -0.7283 0.2189, -1.9016 -0.7283 0.2362, -2.0984 -0.7283 0.2362, -2.0984 -0.7283 0.1772, -2.1004 -0.7283 0.1925, -1.8937 -0.7283 0.2067, -1.8996 -0.7283 0.1925, -1.9016 -0.7283 0.1772, -2.1575 -0.7283 0.2362, -2.1422 -0.7283 0.2342, -2.1063 -0.7283 0.2067, -2.1157 -0.7283 0.2189, -2.128 -0.7283 0.2283, -1.7717 -0.1949 0.28, -1.7717 -0.2008 0.2657, -1.7717 -0.2102 0.2535, -1.7717 -0.2224 0.2441, -1.7717 -0.2367 0.2382, -1.9016 -0.8006 0.8941, -1.9016 -0.7233 0.8791, -1.8107 -0.5984 2.9578, -1.7326 -0.5984 2.9477, -1.8107 -0.4016 2.9578, -1.7326 -0.4016 2.9477, -1.7767 -0.5984 0.8791, -1.6994 -0.5984 0.8941, -1.7916 -0.5984 0.9296, -1.7185 -0.5984 0.959, -1.9016 -0.5139 1.4141, -1.7185 -0.4016 0.959, -1.9088 -0.5085 1.432, -1.9088 -0.4016 1.432, -1.9016 -0.519 1.6443, -1.9188 -0.4016 1.511, -1.9175 -0.5031 1.5212, -1.9188 -0.502 1.511, -1.9189 -0.4016 1.4709, -1.9186 -0.5021 1.4709, -1.9183 -0.5023 1.4667, -1.9145 -0.5048 1.449, -1.9202 -0.5011 1.4909, -1.9969 -0.4016 1.5212, -1.997 -0.4016 1.4609, -1.9818 -0.4016 1.4026, -1.7916 -0.4016 0.9296, -1.7767 -0.4016 0.8791, -1.6994 -0.4016 0.8941, -1.9016 -0.5031 1.5212, -1.9016 -0.5812 1.511, -1.9016 -0.5023 1.4667, -1.9016 -0.5811 1.4709, -1.9016 -0.5912 1.432, -1.9088 -0.5912 1.432, -1.9151 -0.5849 1.4511, -1.9189 -0.5811 1.4709, -1.9188 -0.5812 1.511, -1.9202 -0.5798 1.491, -1.9969 -0.5984 1.5212, -1.9188 -0.5984 1.511, -1.9189 -0.5984 1.4709, -1.9088 -0.5984 1.432, -1.9977 -0.5984 1.4667, -2.1893 -0.4016 2.9578, -2.2674 -0.4016 2.9477, -2.1893 -0.5984 2.9578, -2.2674 -0.5984 2.9477, -2.2084 -0.5984 0.9296, -2.2815 -0.5984 0.959, -2.2233 -0.5984 0.8791, -2.3006 -0.5984 0.8941, -2.0912 -0.5085 1.432, -2.0912 -0.4016 1.432, -2.0984 -0.5139 1.4141, -2.2815 -0.4016 0.959, -2.0984 -0.519 1.6443, -2.0812 -0.502 1.511, -2.0825 -0.5031 1.5212, -2.0812 -0.4016 1.511, -2.2233 -0.4016 0.8791, -2.3006 -0.4016 0.8941, -2.2084 -0.4016 0.9296, -2.0182 -0.4016 1.4026, -2.003 -0.4016 1.4609, -2.0811 -0.4016 1.4709, -2.0031 -0.4016 1.5212, -2.0855 -0.5048 1.4489, -2.0819 -0.5025 1.4667, -2.0811 -0.5019 1.4709, -2.0798 -0.5011 1.4909, -2.0984 -0.5812 1.511, -2.0984 -0.5031 1.5212, -2.0984 -0.5811 1.4709, -2.0984 -0.5023 1.4667, -2.0984 -0.5912 1.432, -2.0912 -0.5912 1.432, -2.0812 -0.5812 1.511, -2.0798 -0.5798 1.491, -2.0811 -0.5811 1.4709, -2.0849 -0.5849 1.4511, -2.0031 -0.5984 1.5212, -2.0812 -0.5984 1.511, -2.0023 -0.5984 1.4667, -2.0811 -0.5984 1.4709, -2.0912 -0.5984 1.432, -2.0984 -0.7185 0.2362, -1.9016 -0.7185 0.2362, -1.9016 -0.8858 -0.1083, -2.0984 -0.8858 -0.1083, -1.9016 -1.3976 -0.1083, -2.0984 -1.3976 -0.1083, -2.0958 -1.4075 -0.1083, -2.0927 -1.4116 -0.1083, -2.0886 -1.4147 -0.1083, -2.0787 -1.4173 -0.1083, -1.9213 -1.4173 -0.1083, -1.9022 -1.4027 -0.1083, -1.9114 -1.4147 -0.1083, -1.9073 -1.4116 -0.1083, -1.9042 -1.4075 -0.1083, -2.0978 -1.4027 -0.1083, -2.0838 -1.4167 -0.1083, -1.9162 -1.4167 -0.1083, -2.0787 -1.4173 -0.2067, -1.9213 -1.4173 -0.2067, -2.0984 -0.8858 -0.2067, -1.9016 -0.8858 -0.2067, -2.0984 -1.3976 -0.2067, -1.9016 -1.3976 -0.2067, -1.9042 -1.4075 -0.2067, -1.9073 -1.4116 -0.2067, -1.9114 -1.4147 -0.2067, -2.0978 -1.4027 -0.2067, -2.0886 -1.4147 -0.2067, -2.0927 -1.4116 -0.2067, -2.0958 -1.4075 -0.2067, -1.9022 -1.4027 -0.2067, -1.9162 -1.4167 -0.2067, -2.0838 -1.4167 -0.2067, -2.0984 -0.7185 -0.0394, -1.9016 -0.7185 -0.0394, -1.9016 -0.7242 -0.0827, -2.0984 -0.7242 -0.0827, -1.9016 -0.7409 -0.123, -2.0984 -0.7409 -0.123, -1.9016 -0.7675 -0.1577, -2.0984 -0.7675 -0.1577, -1.9016 -0.8022 -0.1843, -2.0984 -0.8022 -0.1843, -1.9016 -0.8425 -0.201, -2.0984 -0.8425 -0.201, -1.9016 -0.8169 0.2362, -2.0984 -0.8169 0.2362, -2.0984 -0.8169 -0.0394, -1.9016 -0.8169 -0.0394, -2.0984 -0.868 -0.1059, -1.9016 -0.868 -0.1059, -2.0984 -0.8514 -0.099, -1.9016 -0.8514 -0.099, -2.0984 -0.8371 -0.0881, -1.9016 -0.8371 -0.0881, -2.0984 -0.8262 -0.0738, -1.9016 -0.8262 -0.0738, -2.0984 -0.8193 -0.0572, -1.9016 -0.8193 -0.0572, -0.7717 -0.252 0.2362, -0.6929 -0.252 0.2362, -0.7717 -0.6693 0.2362, -0.6929 -0.6693 0.2362, -0.7737 -0.6846 0.2362, -0.6976 -0.705 0.2362, -0.7796 -0.6988 0.2362, -0.7114 -0.7382 0.2362, -0.789 -0.711 0.2362, -0.7333 -0.7667 0.2362, -0.8012 -0.7204 0.2362, -0.7618 -0.7886 0.2362, -0.8154 -0.7263 0.2362, -0.795 -0.8024 0.2362, -0.8307 -0.7283 0.2362, -0.8307 -0.8071 0.2362, -0.8425 -0.7283 0.2362, -0.8425 -0.8071 0.2362, -1.0984 -0.6893 2.9578, -0.9016 -0.6893 2.9578, -1.0984 -0.5984 2.2568, -0.9016 -0.5984 2.2568, -1.0031 -0.5031 1.5212, -0.9969 -0.5031 1.5212, -0.981 -0.5984 1.6443, -0.9016 -0.5984 1.6443, -0.9016 -0.7674 2.9477, -1.0984 -0.7674 2.9477, -1.0984 -0.5984 1.6443, -1.019 -0.5984 1.6443, -1.002 -0.5812 1.511, -0.998 -0.5812 1.511, -1.0031 -0.5825 1.5212, -0.9969 -0.5825 1.5212, -0.9989 -0.5798 1.4909, -1.0011 -0.5798 1.4909, -0.9979 -0.5814 1.4709, -1.0019 -0.5811 1.4709, -0.9977 -0.5817 1.4667, -1.0025 -0.5819 1.4667, -0.9952 -0.5855 1.449, -1.0048 -0.5855 1.4489, -0.9915 -0.5912 1.432, -1.0085 -0.5912 1.432, -1.0139 -0.5984 1.4141, -1.0984 -0.5984 1.4141, -1.0984 -0.7815 0.959, -0.9016 -0.7815 0.959, -0.9016 -0.5984 1.4141, -0.9861 -0.5984 1.4141, -0.9016 -0.7084 0.9296, -1.0984 -0.7084 0.9296, -0.9016 -0.5984 1.2031, -1.0984 -0.5984 1.2031, -0.9818 -0.5182 1.4026, -1.0182 -0.5182 1.4026, -1.0011 -0.5011 1.491, -0.9989 -0.5011 1.491, -1.003 -0.503 1.4609, -0.997 -0.503 1.4609, -1.0087 -0.5087 1.4313, -0.9913 -0.5087 1.4313, -1.2283 -0.5984 0.8268, -1.3071 -0.5984 0.8268, -1.2283 -0.6693 0.8268, -1.3071 -0.6693 0.8268, -1.2263 -0.6846 0.8268, -1.3024 -0.705 0.8268, -1.2204 -0.6988 0.8268, -1.2886 -0.7382 0.8268, -1.211 -0.711 0.8268, -1.2667 -0.7667 0.8268, -1.1988 -0.7204 0.8268, -1.2382 -0.7886 0.8268, -1.1846 -0.7263 0.8268, -1.205 -0.8024 0.8268, -1.1693 -0.7283 0.8268, -1.1693 -0.8071 0.8268, -1.0984 -0.7283 0.8268, -1.0984 -0.8071 0.8268, -1.0984 -0.7233 0.8791, -1.0984 -0.8006 0.8941, -0.7717 -0.1929 0.8268, -0.7717 -0.4016 0.8268, -0.6929 -0.1929 0.8268, -0.6929 -0.4016 0.8268, -0.9016 -0.7283 0.8268, -0.9016 -0.8071 0.8268, -0.8307 -0.7283 0.8268, -0.8307 -0.8071 0.8268, -0.8154 -0.7263 0.8268, -0.795 -0.8024 0.8268, -0.8012 -0.7204 0.8268, -0.7618 -0.7886 0.8268, -0.789 -0.711 0.8268, -0.7333 -0.7667 0.8268, -0.7796 -0.6988 0.8268, -0.7114 -0.7382 0.8268, -0.7737 -0.6846 0.8268, -0.6976 -0.705 0.8268, -0.7717 -0.6693 0.8268, -0.6929 -0.6693 0.8268, -0.7717 -0.5984 0.8268, -0.6929 -0.5984 0.8268, -0.6929 -0.1929 0.2953, -0.7717 -0.1929 0.2953, -0.6929 -0.2367 0.2382, -0.6929 -0.2224 0.2441, -0.6929 -0.2102 0.2535, -0.6929 -0.1949 0.28, -0.6929 -0.2008 0.2657, -1.1422 -0.8071 0.2342, -1.1575 -0.8071 0.2362, -1.1693 -0.8071 0.2362, -1.128 -0.8071 0.2283, -1.1157 -0.8071 0.2189, -1.0984 -0.8071 0.2362, -0.8578 -0.8071 0.2342, -0.9016 -0.8071 0.2362, -1.1063 -0.8071 0.2067, -1.1004 -0.8071 0.1925, -1.0984 -0.8071 0.1772, -0.9016 -0.8071 0.1772, -0.8996 -0.8071 0.1925, -0.8937 -0.8071 0.2067, -0.8843 -0.8071 0.2189, -0.872 -0.8071 0.2283, -1.3071 -0.6693 0.2362, -1.3024 -0.705 0.2362, -1.2886 -0.7382 0.2362, -1.2667 -0.7667 0.2362, -1.2382 -0.7886 0.2362, -1.205 -0.8024 0.2362, -1.3071 -0.4016 0.8268, -1.3071 -0.252 0.2362, -1.3071 -0.1929 0.8268, -1.3071 -0.1929 0.2953, -1.3071 -0.2367 0.2382, -1.3071 -0.2008 0.2657, -1.3071 -0.2102 0.2535, -1.3071 -0.2224 0.2441, -1.3071 -0.1949 0.28, -1.2283 -0.1929 0.8268, -1.2283 -0.1929 0.2953, -1.2283 -0.6693 0.2362, -1.2283 -0.252 0.2362, -1.2283 -0.4016 0.8268, -1.2283 -0.2102 0.2535, -1.2283 -0.2224 0.2441, -1.2283 -0.2367 0.2382, -1.2283 -0.2008 0.2657, -1.2283 -0.1949 0.28, -1.1693 -0.7283 0.2362, -1.1846 -0.7263 0.2362, -1.1988 -0.7204 0.2362, -1.211 -0.711 0.2362, -1.2204 -0.6988 0.2362, -1.2263 -0.6846 0.2362, -0.8578 -0.7283 0.2342, -0.872 -0.7283 0.2283, -0.8843 -0.7283 0.2189, -0.9016 -0.7283 0.2362, -1.1575 -0.7283 0.2362, -1.1422 -0.7283 0.2342, -1.0984 -0.7283 0.2362, -0.8937 -0.7283 0.2067, -0.8996 -0.7283 0.1925, -0.9016 -0.7283 0.1772, -1.0984 -0.7283 0.1772, -1.1004 -0.7283 0.1925, -1.1063 -0.7283 0.2067, -1.1157 -0.7283 0.2189, -1.128 -0.7283 0.2283, -0.7717 -0.2224 0.2441, -0.7717 -0.1949 0.28, -0.7717 -0.2102 0.2535, -0.7717 -0.2008 0.2657, -0.7717 -0.2367 0.2382, -0.9016 -0.8006 0.8941, -0.9016 -0.7233 0.8791, -0.8107 -0.5984 2.9578, -0.7326 -0.5984 2.9477, -0.8107 -0.4016 2.9578, -0.7326 -0.4016 2.9477, -0.7767 -0.5984 0.8791, -0.6994 -0.5984 0.8941, -0.7916 -0.5984 0.9296, -0.7185 -0.5984 0.959, -0.9016 -0.5139 1.4141, -0.7185 -0.4016 0.959, -0.9088 -0.5085 1.432, -0.9088 -0.4016 1.432, -0.9016 -0.519 1.6443, -0.9188 -0.4016 1.511, -0.9175 -0.5031 1.5212, -0.9188 -0.502 1.511, -0.9189 -0.4016 1.4709, -0.9186 -0.5021 1.4709, -0.9183 -0.5023 1.4667, -0.9145 -0.5048 1.449, -0.9202 -0.5011 1.4909, -0.9969 -0.4016 1.5212, -0.997 -0.4016 1.4609, -0.9818 -0.4016 1.4026, -0.7916 -0.4016 0.9296, -0.7767 -0.4016 0.8791, -0.6994 -0.4016 0.8941, -0.9016 -0.5031 1.5212, -0.9016 -0.5812 1.511, -0.9016 -0.5023 1.4667, -0.9016 -0.5811 1.4709, -0.9016 -0.5912 1.432, -0.9088 -0.5912 1.432, -0.9151 -0.5849 1.4511, -0.9189 -0.5811 1.4709, -0.9188 -0.5812 1.511, -0.9202 -0.5798 1.491, -0.9969 -0.5984 1.5212, -0.9188 -0.5984 1.511, -0.9189 -0.5984 1.4709, -0.9088 -0.5984 1.432, -0.9977 -0.5984 1.4667, -1.1893 -0.4016 2.9578, -1.2674 -0.4016 2.9477, -1.1893 -0.5984 2.9578, -1.2674 -0.5984 2.9477, -1.2084 -0.5984 0.9296, -1.2815 -0.5984 0.959, -1.2233 -0.5984 0.8791, -1.3006 -0.5984 0.8941, -1.0912 -0.5085 1.432, -1.0912 -0.4016 1.432, -1.0984 -0.5139 1.4141, -1.2815 -0.4016 0.959, -1.0984 -0.519 1.6443, -1.0812 -0.502 1.511, -1.0825 -0.5031 1.5212, -1.0812 -0.4016 1.511, -1.2233 -0.4016 0.8791, -1.3006 -0.4016 0.8941, -1.2084 -0.4016 0.9296, -1.0182 -0.4016 1.4026, -1.003 -0.4016 1.4609, -1.0811 -0.4016 1.4709, -1.0031 -0.4016 1.5212, -1.0855 -0.5048 1.4489, -1.0819 -0.5025 1.4667, -1.0811 -0.5019 1.4709, -1.0798 -0.5011 1.4909, -1.0984 -0.5812 1.511, -1.0984 -0.5031 1.5212, -1.0984 -0.5811 1.4709, -1.0984 -0.5023 1.4667, -1.0984 -0.5912 1.432, -1.0912 -0.5912 1.432, -1.0812 -0.5812 1.511, -1.0798 -0.5798 1.491, -1.0811 -0.5811 1.4709, -1.0849 -0.5849 1.4511, -1.0031 -0.5984 1.5212, -1.0812 -0.5984 1.511, -1.0023 -0.5984 1.4667, -1.0811 -0.5984 1.4709, -1.0912 -0.5984 1.432, -1.0984 -0.7185 0.2362, -0.9016 -0.7185 0.2362, -0.9016 -0.8858 -0.1083, -1.0984 -0.8858 -0.1083, -0.9016 -1.3976 -0.1083, -1.0984 -1.3976 -0.1083, -1.0787 -1.4173 -0.1083, -1.0978 -1.4027 -0.1083, -1.0838 -1.4167 -0.1083, -1.0958 -1.4075 -0.1083, -1.0886 -1.4147 -0.1083, -1.0927 -1.4116 -0.1083, -0.9213 -1.4173 -0.1083, -0.9162 -1.4167 -0.1083, -0.9022 -1.4027 -0.1083, -0.9114 -1.4147 -0.1083, -0.9042 -1.4075 -0.1083, -0.9073 -1.4116 -0.1083, -1.0787 -1.4173 -0.2067, -0.9213 -1.4173 -0.2067, -1.0984 -0.8858 -0.2067, -0.9016 -0.8858 -0.2067, -1.0984 -1.3976 -0.2067, -0.9016 -1.3976 -0.2067, -0.9022 -1.4027 -0.2067, -0.9162 -1.4167 -0.2067, -0.9042 -1.4075 -0.2067, -0.9114 -1.4147 -0.2067, -0.9073 -1.4116 -0.2067, -1.0838 -1.4167 -0.2067, -1.0978 -1.4027 -0.2067, -1.0886 -1.4147 -0.2067, -1.0958 -1.4075 -0.2067, -1.0927 -1.4116 -0.2067, -1.0984 -0.7185 -0.0394, -0.9016 -0.7185 -0.0394, -0.9016 -0.7242 -0.0827, -1.0984 -0.7242 -0.0827, -0.9016 -0.7409 -0.123, -1.0984 -0.7409 -0.123, -0.9016 -0.7675 -0.1577, -1.0984 -0.7675 -0.1577, -0.9016 -0.8022 -0.1843, -1.0984 -0.8022 -0.1843, -0.9016 -0.8425 -0.201, -1.0984 -0.8425 -0.201, -0.9016 -0.8169 0.2362, -1.0984 -0.8169 0.2362, -1.0984 -0.8169 -0.0394, -0.9016 -0.8169 -0.0394, -1.0984 -0.868 -0.1059, -0.9016 -0.868 -0.1059, -1.0984 -0.8514 -0.099, -0.9016 -0.8514 -0.099, -1.0984 -0.8371 -0.0881, -0.9016 -0.8371 -0.0881, -1.0984 -0.8262 -0.0738, -0.9016 -0.8262 -0.0738, -1.0984 -0.8193 -0.0572, -0.9016 -0.8193 -0.0572, 0.2283 -0.252 0.2362, 0.3071 -0.252 0.2362, 0.2283 -0.6693 0.2362, 0.3071 -0.6693 0.2362, 0.2263 -0.6846 0.2362, 0.3024 -0.705 0.2362, 0.2204 -0.6988 0.2362, 0.2886 -0.7382 0.2362, 0.211 -0.711 0.2362, 0.2667 -0.7667 0.2362, 0.1988 -0.7204 0.2362, 0.2382 -0.7886 0.2362, 0.1846 -0.7263 0.2362, 0.205 -0.8024 0.2362, 0.1693 -0.7283 0.2362, 0.1693 -0.8071 0.2362, 0.1575 -0.7283 0.2362, 0.1575 -0.8071 0.2362, -0.0984 -0.6893 2.9578, 0.0984 -0.6893 2.9578, -0.0984 -0.5984 2.2568, 0.0984 -0.5984 2.2568, -0.0031 -0.5031 1.5212, 0.0031 -0.5031 1.5212, 0.019 -0.5984 1.6443, 0.0984 -0.5984 1.6443, 0.0984 -0.7674 2.9477, -0.0984 -0.7674 2.9477, -0.0984 -0.5984 1.6443, -0.019 -0.5984 1.6443, -0.002 -0.5812 1.511, 0.002 -0.5812 1.511, -0.0031 -0.5825 1.5212, 0.0031 -0.5825 1.5212, 0.0011 -0.5798 1.4909, -0.0011 -0.5798 1.4909, 0.0021 -0.5814 1.4709, -0.0019 -0.5811 1.4709, 0.0023 -0.5817 1.4667, -0.0025 -0.5819 1.4667, 0.0048 -0.5855 1.449, -0.0048 -0.5855 1.4489, 0.0085 -0.5912 1.432, -0.0085 -0.5912 1.432, -0.0139 -0.5984 1.4141, -0.0984 -0.5984 1.4141, -0.0984 -0.7815 0.959, 0.0984 -0.7815 0.959, 0.0984 -0.5984 1.4141, 0.0139 -0.5984 1.4141, 0.0984 -0.7084 0.9296, -0.0984 -0.7084 0.9296, 0.0984 -0.5984 1.2031, -0.0984 -0.5984 1.2031, 0.0182 -0.5182 1.4026, -0.0182 -0.5182 1.4026, -0.0011 -0.5011 1.491, 0.0011 -0.5011 1.491, -0.003 -0.503 1.4609, 0.003 -0.503 1.4609, -0.0087 -0.5087 1.4313, 0.0087 -0.5087 1.4313, -0.2283 -0.5984 0.8268, -0.3071 -0.5984 0.8268, -0.2283 -0.6693 0.8268, -0.3071 -0.6693 0.8268, -0.2263 -0.6846 0.8268, -0.3024 -0.705 0.8268, -0.2204 -0.6988 0.8268, -0.2886 -0.7382 0.8268, -0.211 -0.711 0.8268, -0.2667 -0.7667 0.8268, -0.1988 -0.7204 0.8268, -0.2382 -0.7886 0.8268, -0.1846 -0.7263 0.8268, -0.205 -0.8024 0.8268, -0.1693 -0.7283 0.8268, -0.1693 -0.8071 0.8268, -0.0984 -0.7283 0.8268, -0.0984 -0.8071 0.8268, -0.0984 -0.7233 0.8791, -0.0984 -0.8006 0.8941, 0.2283 -0.1929 0.8268, 0.2283 -0.4016 0.8268, 0.3071 -0.1929 0.8268, 0.3071 -0.4016 0.8268, 0.0984 -0.7283 0.8268, 0.0984 -0.8071 0.8268, 0.1693 -0.7283 0.8268, 0.1693 -0.8071 0.8268, 0.1846 -0.7263 0.8268, 0.205 -0.8024 0.8268, 0.1988 -0.7204 0.8268, 0.2382 -0.7886 0.8268, 0.211 -0.711 0.8268, 0.2667 -0.7667 0.8268, 0.2204 -0.6988 0.8268, 0.2886 -0.7382 0.8268, 0.2263 -0.6846 0.8268, 0.3024 -0.705 0.8268, 0.2283 -0.6693 0.8268, 0.3071 -0.6693 0.8268, 0.2283 -0.5984 0.8268, 0.3071 -0.5984 0.8268, 0.3071 -0.1929 0.2953, 0.2283 -0.1929 0.2953, 0.3071 -0.2367 0.2382, 0.3071 -0.2224 0.2441, 0.3071 -0.2102 0.2535, 0.3071 -0.1949 0.28, 0.3071 -0.2008 0.2657, -0.0984 -0.8071 0.1772, -0.0984 -0.8071 0.2362, -0.1004 -0.8071 0.1925, -0.1063 -0.8071 0.2067, 0.0984 -0.8071 0.2362, 0.0984 -0.8071 0.1772, 0.1004 -0.8071 0.1925, -0.1693 -0.8071 0.2362, -0.1575 -0.8071 0.2362, -0.1422 -0.8071 0.2342, -0.128 -0.8071 0.2283, -0.1157 -0.8071 0.2189, 0.128 -0.8071 0.2283, 0.1157 -0.8071 0.2189, 0.1063 -0.8071 0.2067, 0.1422 -0.8071 0.2342, -0.3071 -0.6693 0.2362, -0.3024 -0.705 0.2362, -0.2886 -0.7382 0.2362, -0.2667 -0.7667 0.2362, -0.2382 -0.7886 0.2362, -0.205 -0.8024 0.2362, -0.3071 -0.4016 0.8268, -0.3071 -0.252 0.2362, -0.3071 -0.1929 0.8268, -0.3071 -0.1929 0.2953, -0.3071 -0.2367 0.2382, -0.3071 -0.2008 0.2657, -0.3071 -0.2102 0.2535, -0.3071 -0.2224 0.2441, -0.3071 -0.1949 0.28, -0.2283 -0.1929 0.8268, -0.2283 -0.1929 0.2953, -0.2283 -0.6693 0.2362, -0.2283 -0.252 0.2362, -0.2283 -0.4016 0.8268, -0.2283 -0.2102 0.2535, -0.2283 -0.2224 0.2441, -0.2283 -0.2367 0.2382, -0.2283 -0.2008 0.2657, -0.2283 -0.1949 0.28, -0.1693 -0.7283 0.2362, -0.1846 -0.7263 0.2362, -0.1988 -0.7204 0.2362, -0.211 -0.711 0.2362, -0.2204 -0.6988 0.2362, -0.2263 -0.6846 0.2362, 0.0984 -0.7283 0.1772, 0.0984 -0.7283 0.2362, 0.1004 -0.7283 0.1925, 0.1063 -0.7283 0.2067, -0.0984 -0.7283 0.2362, -0.0984 -0.7283 0.1772, -0.1004 -0.7283 0.1925, 0.1422 -0.7283 0.2342, 0.128 -0.7283 0.2283, 0.1157 -0.7283 0.2189, -0.128 -0.7283 0.2283, -0.1157 -0.7283 0.2189, -0.1063 -0.7283 0.2067, -0.1422 -0.7283 0.2342, -0.1575 -0.7283 0.2362, 0.2283 -0.2224 0.2441, 0.2283 -0.1949 0.28, 0.2283 -0.2102 0.2535, 0.2283 -0.2008 0.2657, 0.2283 -0.2367 0.2382, 0.0984 -0.8006 0.8941, 0.0984 -0.7233 0.8791, 0.1893 -0.5984 2.9578, 0.2674 -0.5984 2.9477, 0.1893 -0.4016 2.9578, 0.2674 -0.4016 2.9477, 0.2233 -0.5984 0.8791, 0.3006 -0.5984 0.8941, 0.2084 -0.5984 0.9296, 0.2815 -0.5984 0.959, 0.0984 -0.5139 1.4141, 0.2815 -0.4016 0.959, 0.0912 -0.5085 1.432, 0.0912 -0.4016 1.432, 0.0984 -0.519 1.6443, 0.0812 -0.4016 1.511, 0.0825 -0.5031 1.5212, 0.0812 -0.502 1.511, 0.0811 -0.4016 1.4709, 0.0814 -0.5021 1.4709, 0.0817 -0.5023 1.4667, 0.0855 -0.5048 1.449, 0.0798 -0.5011 1.4909, 0.0031 -0.4016 1.5212, 0.003 -0.4016 1.4609, 0.0182 -0.4016 1.4026, 0.2084 -0.4016 0.9296, 0.2233 -0.4016 0.8791, 0.3006 -0.4016 0.8941, 0.0984 -0.5031 1.5212, 0.0984 -0.5812 1.511, 0.0984 -0.5023 1.4667, 0.0984 -0.5811 1.4709, 0.0984 -0.5912 1.432, 0.0912 -0.5912 1.432, 0.0849 -0.5849 1.4511, 0.0811 -0.5811 1.4709, 0.0812 -0.5812 1.511, 0.0798 -0.5798 1.491, 0.0031 -0.5984 1.5212, 0.0812 -0.5984 1.511, 0.0811 -0.5984 1.4709, 0.0912 -0.5984 1.432, 0.0023 -0.5984 1.4667, -0.1893 -0.4016 2.9578, -0.2674 -0.4016 2.9477, -0.1893 -0.5984 2.9578, -0.2674 -0.5984 2.9477, -0.2084 -0.5984 0.9296, -0.2815 -0.5984 0.959, -0.2233 -0.5984 0.8791, -0.3006 -0.5984 0.8941, -0.0912 -0.5085 1.432, -0.0912 -0.4016 1.432, -0.0984 -0.5139 1.4141, -0.2815 -0.4016 0.959, -0.0984 -0.519 1.6443, -0.0812 -0.502 1.511, -0.0825 -0.5031 1.5212, -0.0812 -0.4016 1.511, -0.2233 -0.4016 0.8791, -0.3006 -0.4016 0.8941, -0.2084 -0.4016 0.9296, -0.0182 -0.4016 1.4026, -0.003 -0.4016 1.4609, -0.0811 -0.4016 1.4709, -0.0031 -0.4016 1.5212, -0.0855 -0.5048 1.4489, -0.0819 -0.5025 1.4667, -0.0811 -0.5019 1.4709, -0.0798 -0.5011 1.4909, -0.0984 -0.5812 1.511, -0.0984 -0.5031 1.5212, -0.0984 -0.5811 1.4709, -0.0984 -0.5023 1.4667, -0.0984 -0.5912 1.432, -0.0912 -0.5912 1.432, -0.0812 -0.5812 1.511, -0.0798 -0.5798 1.491, -0.0811 -0.5811 1.4709, -0.0849 -0.5849 1.4511, -0.0031 -0.5984 1.5212, -0.0812 -0.5984 1.511, -0.0023 -0.5984 1.4667, -0.0811 -0.5984 1.4709, -0.0912 -0.5984 1.432, -0.0984 -0.7185 0.2362, 0.0984 -0.7185 0.2362, 0.0984 -0.8858 -0.1083, -0.0984 -0.8858 -0.1083, 0.0984 -1.3976 -0.1083, -0.0984 -1.3976 -0.1083, -0.0978 -1.4027 -0.1083, -0.0838 -1.4167 -0.1083, -0.0787 -1.4173 -0.1083, -0.0958 -1.4075 -0.1083, -0.0927 -1.4116 -0.1083, -0.0886 -1.4147 -0.1083, 0.0787 -1.4173 -0.1083, 0.0838 -1.4167 -0.1083, 0.0886 -1.4147 -0.1083, 0.0927 -1.4116 -0.1083, 0.0958 -1.4075 -0.1083, 0.0978 -1.4027 -0.1083, -0.0787 -1.4173 -0.2067, 0.0787 -1.4173 -0.2067, -0.0984 -0.8858 -0.2067, 0.0984 -0.8858 -0.2067, -0.0984 -1.3976 -0.2067, 0.0984 -1.3976 -0.2067, 0.0927 -1.4116 -0.2067, 0.0958 -1.4075 -0.2067, 0.0978 -1.4027 -0.2067, 0.0886 -1.4147 -0.2067, 0.0838 -1.4167 -0.2067, -0.0958 -1.4075 -0.2067, -0.0838 -1.4167 -0.2067, -0.0927 -1.4116 -0.2067, -0.0886 -1.4147 -0.2067, -0.0978 -1.4027 -0.2067, -0.0984 -0.7185 -0.0394, 0.0984 -0.7185 -0.0394, 0.0984 -0.7242 -0.0827, -0.0984 -0.7242 -0.0827, 0.0984 -0.7409 -0.123, -0.0984 -0.7409 -0.123, 0.0984 -0.7675 -0.1577, -0.0984 -0.7675 -0.1577, 0.0984 -0.8022 -0.1843, -0.0984 -0.8022 -0.1843, 0.0984 -0.8425 -0.201, -0.0984 -0.8425 -0.201, 0.0984 -0.8169 0.2362, -0.0984 -0.8169 0.2362, -0.0984 -0.8169 -0.0394, 0.0984 -0.8169 -0.0394, -0.0984 -0.868 -0.1059, 0.0984 -0.868 -0.1059, -0.0984 -0.8514 -0.099, 0.0984 -0.8514 -0.099, -0.0984 -0.8371 -0.0881, 0.0984 -0.8371 -0.0881, -0.0984 -0.8262 -0.0738, 0.0984 -0.8262 -0.0738, -0.0984 -0.8193 -0.0572, 0.0984 -0.8193 -0.0572, 0.0984 -0.8193 -0.0572
            ]
        }
        coordIndex [
            0,1,2,-1,2,1,3,-1,2,3,4,-1,4,3,5,-1,4,5,6,-1,6,5,7,-1,6,7,8,-1,8,7,9,-1,8,9,10,-1,10,9,11,-1,10,11,12,-1,12,11,13,-1,12,13,14,-1,14,13,15,-1,14,15,16,-1,16,15,17,-1,18,19,20,-1,20,19,21,-1,20,21,22,-1,22,21,23,-1,24,25,26,-1,27,28,29,-1,30,31,26,-1,26,31,32,-1,26,32,24,-1,24,32,27,-1,24,27,33,-1,33,27,29,-1,34,35,36,-1,36,35,37,-1,36,37,38,-1,38,37,39,-1,38,39,40,-1,40,39,41,-1,40,41,42,-1,42,41,43,-1,42,43,28,-1,28,43,29,-1,44,45,46,-1,47,48,46,-1,46,48,49,-1,46,49,44,-1,44,49,35,-1,44,35,34,-1,50,51,52,-1,52,51,53,-1,52,53,54,-1,54,53,55,-1,51,50,56,-1,56,50,57,-1,56,57,58,-1,58,57,59,-1,58,59,60,-1,60,59,61,-1,60,61,18,-1,18,61,19,-1,62,63,64,-1,64,63,65,-1,64,65,66,-1,66,65,67,-1,66,67,68,-1,68,67,69,-1,68,69,70,-1,70,69,71,-1,70,71,72,-1,72,71,73,-1,72,73,74,-1,74,73,75,-1,74,75,76,-1,76,75,77,-1,76,77,78,-1,78,77,79,-1,53,48,55,-1,55,48,47,-1,55,47,80,-1,80,47,81,-1,80,81,62,-1,62,81,63,-1,22,26,20,-1,20,26,25,-1,82,83,84,-1,84,83,85,-1,31,30,21,-1,21,30,23,-1,86,87,88,-1,88,87,89,-1,88,89,90,-1,90,89,91,-1,90,91,92,-1,92,91,93,-1,92,93,94,-1,94,93,95,-1,94,95,96,-1,96,95,97,-1,96,97,98,-1,98,97,99,-1,98,99,100,-1,100,99,101,-1,100,101,102,-1,102,101,103,-1,104,85,105,-1,105,85,83,-1,15,89,87,-1,15,87,17,-1,17,87,84,-1,17,84,85,-1,85,104,17,-1,17,104,106,-1,17,106,107,-1,107,108,17,-1,17,108,109,-1,17,109,110,-1,89,15,13,-1,89,13,91,-1,91,13,11,-1,91,11,93,-1,93,11,9,-1,93,9,95,-1,95,9,7,-1,95,7,97,-1,97,7,5,-1,97,5,99,-1,99,5,3,-1,99,3,101,-1,111,112,113,-1,113,112,114,-1,101,3,1,-1,101,112,103,-1,103,112,115,-1,103,115,63,-1,63,115,65,-1,115,116,117,-1,118,65,119,-1,119,65,120,-1,1,121,101,-1,101,121,122,-1,101,122,112,-1,112,122,123,-1,112,123,114,-1,117,124,115,-1,115,124,125,-1,115,125,65,-1,65,125,126,-1,65,126,120,-1,65,118,127,-1,65,127,67,-1,67,127,128,-1,67,128,69,-1,69,128,129,-1,69,129,71,-1,71,129,130,-1,71,130,73,-1,73,130,131,-1,73,131,75,-1,75,131,132,-1,75,132,77,-1,133,134,135,-1,77,132,79,-1,79,132,136,-1,79,136,135,-1,135,136,133,-1,133,136,137,-1,133,137,138,-1,139,140,138,-1,138,140,141,-1,138,141,133,-1,142,143,133,-1,133,143,134,-1,144,76,78,-1,144,78,145,-1,145,78,146,-1,145,146,143,-1,147,148,149,-1,149,148,150,-1,143,142,145,-1,145,142,148,-1,145,148,151,-1,151,148,147,-1,76,144,74,-1,74,144,152,-1,74,152,72,-1,72,152,153,-1,72,153,70,-1,70,153,154,-1,70,154,68,-1,68,154,155,-1,68,155,66,-1,66,155,156,-1,66,156,64,-1,64,156,157,-1,158,159,160,-1,160,159,161,-1,64,157,162,-1,64,159,62,-1,62,159,163,-1,62,163,102,-1,102,163,100,-1,163,164,165,-1,2,100,0,-1,0,100,166,-1,162,167,64,-1,64,167,168,-1,64,168,159,-1,159,168,169,-1,159,169,161,-1,165,170,163,-1,163,170,171,-1,163,171,100,-1,100,171,172,-1,100,172,166,-1,100,2,98,-1,98,2,4,-1,98,4,96,-1,96,4,6,-1,96,6,94,-1,94,6,8,-1,94,8,92,-1,92,8,10,-1,92,10,90,-1,90,10,12,-1,90,12,88,-1,88,12,14,-1,173,105,16,-1,174,175,176,-1,88,14,86,-1,86,14,16,-1,86,16,82,-1,82,16,105,-1,82,105,83,-1,173,16,176,-1,176,16,177,-1,176,177,174,-1,134,143,135,-1,135,143,146,-1,145,136,144,-1,144,136,132,-1,144,132,152,-1,152,132,131,-1,152,131,153,-1,153,131,130,-1,153,130,154,-1,154,130,129,-1,154,129,155,-1,155,129,128,-1,155,128,156,-1,156,128,127,-1,156,127,157,-1,157,127,118,-1,157,118,162,-1,162,118,119,-1,26,22,30,-1,30,22,23,-1,47,46,178,-1,47,178,81,-1,81,178,103,-1,81,103,63,-1,62,102,80,-1,80,102,179,-1,80,179,55,-1,55,179,54,-1,102,103,179,-1,179,103,178,-1,179,178,54,-1,54,178,46,-1,54,46,52,-1,52,46,45,-1,180,181,182,-1,182,181,183,-1,52,45,184,-1,184,45,185,-1,184,185,186,-1,186,185,187,-1,186,187,86,-1,86,187,87,-1,188,189,190,-1,190,189,191,-1,190,191,45,-1,45,191,185,-1,181,180,21,-1,21,180,31,-1,192,31,180,-1,193,194,195,-1,195,194,192,-1,195,192,182,-1,182,192,180,-1,193,195,196,-1,196,195,197,-1,196,197,198,-1,198,197,199,-1,199,197,200,-1,200,197,189,-1,200,189,188,-1,57,50,201,-1,57,201,59,-1,59,201,202,-1,59,202,61,-1,61,202,203,-1,61,203,19,-1,201,50,204,-1,204,50,52,-1,204,52,184,-1,19,203,21,-1,21,203,183,-1,21,183,181,-1,86,82,186,-1,186,82,205,-1,186,205,184,-1,184,205,204,-1,185,191,206,-1,185,206,187,-1,187,206,84,-1,187,84,87,-1,82,84,205,-1,205,84,206,-1,205,206,204,-1,204,206,191,-1,204,191,201,-1,201,191,189,-1,201,189,202,-1,202,189,197,-1,202,197,203,-1,203,197,195,-1,203,195,183,-1,183,195,182,-1,31,192,207,-1,207,192,208,-1,207,208,209,-1,209,208,210,-1,209,210,211,-1,211,210,190,-1,211,190,45,-1,198,199,210,-1,199,200,210,-1,210,200,188,-1,210,188,190,-1,208,194,193,-1,208,193,210,-1,210,193,196,-1,210,196,198,-1,212,211,45,-1,213,207,214,-1,214,207,209,-1,214,209,215,-1,211,212,209,-1,209,212,216,-1,209,216,215,-1,31,207,213,-1,192,194,208,-1,32,217,27,-1,31,213,218,-1,212,219,216,-1,216,219,220,-1,216,220,215,-1,218,213,220,-1,220,213,214,-1,220,214,215,-1,212,45,219,-1,28,27,217,-1,28,217,42,-1,42,217,221,-1,42,221,40,-1,221,44,34,-1,34,36,221,-1,221,36,38,-1,221,38,40,-1,32,31,217,-1,217,31,218,-1,217,218,221,-1,221,218,220,-1,221,220,44,-1,44,220,219,-1,44,219,45,-1,222,223,224,-1,224,223,225,-1,78,79,226,-1,226,79,227,-1,226,227,228,-1,228,227,229,-1,228,229,53,-1,53,229,48,-1,48,229,230,-1,230,229,231,-1,230,231,232,-1,232,231,233,-1,25,224,20,-1,20,224,225,-1,224,25,222,-1,222,25,234,-1,222,234,235,-1,235,234,236,-1,235,236,237,-1,223,222,238,-1,238,222,235,-1,238,235,239,-1,239,235,240,-1,239,240,241,-1,241,240,233,-1,241,233,242,-1,242,233,231,-1,242,231,243,-1,243,231,244,-1,243,244,146,-1,146,244,135,-1,146,78,243,-1,243,78,226,-1,243,226,242,-1,242,226,228,-1,231,229,227,-1,231,227,244,-1,244,227,79,-1,244,79,135,-1,60,18,238,-1,60,238,58,-1,58,238,239,-1,58,239,56,-1,56,239,241,-1,56,241,51,-1,245,232,233,-1,245,233,246,-1,246,233,240,-1,246,240,247,-1,247,240,248,-1,248,240,235,-1,248,235,237,-1,51,241,53,-1,53,241,242,-1,53,242,228,-1,238,18,223,-1,223,18,20,-1,223,20,225,-1,234,25,249,-1,249,25,250,-1,249,250,251,-1,251,250,252,-1,251,252,230,-1,230,252,253,-1,230,253,48,-1,230,232,251,-1,251,232,245,-1,251,245,246,-1,246,247,251,-1,251,247,248,-1,251,248,249,-1,249,248,237,-1,249,237,236,-1,48,253,254,-1,254,253,255,-1,255,253,252,-1,255,252,256,-1,250,257,252,-1,252,257,258,-1,252,258,256,-1,257,250,25,-1,236,234,249,-1,25,24,259,-1,259,24,260,-1,259,260,261,-1,261,260,262,-1,261,262,263,-1,263,262,49,-1,263,49,48,-1,33,260,24,-1,257,25,259,-1,257,259,258,-1,258,259,261,-1,258,261,256,-1,263,254,261,-1,261,254,255,-1,261,255,256,-1,48,254,263,-1,41,39,262,-1,39,37,262,-1,262,37,35,-1,262,35,49,-1,260,33,29,-1,260,29,262,-1,262,29,43,-1,262,43,41,-1,159,264,163,-1,163,264,265,-1,266,267,268,-1,268,267,269,-1,270,269,271,-1,271,269,272,-1,271,272,273,-1,270,274,269,-1,269,274,275,-1,269,275,268,-1,268,275,276,-1,268,276,277,-1,278,279,280,-1,280,279,268,-1,280,268,281,-1,281,268,277,-1,282,283,275,-1,275,283,276,-1,284,285,286,-1,286,285,287,-1,288,287,289,-1,289,287,290,-1,289,290,291,-1,288,292,287,-1,287,292,283,-1,287,283,286,-1,286,283,282,-1,286,282,293,-1,294,295,296,-1,296,295,286,-1,296,286,297,-1,297,286,293,-1,285,284,298,-1,285,298,299,-1,299,298,300,-1,299,300,301,-1,301,300,302,-1,301,302,303,-1,303,302,304,-1,303,304,305,-1,305,304,306,-1,305,306,307,-1,307,306,308,-1,307,308,309,-1,264,309,265,-1,265,309,308,-1,112,310,115,-1,115,310,311,-1,312,311,313,-1,313,311,310,-1,312,313,314,-1,314,313,315,-1,314,315,316,-1,316,315,317,-1,316,317,318,-1,318,317,319,-1,318,319,320,-1,320,319,321,-1,320,321,322,-1,322,321,323,-1,322,323,266,-1,266,323,267,-1,115,311,116,-1,116,311,312,-1,309,264,158,-1,158,264,159,-1,268,287,266,-1,266,287,285,-1,266,285,322,-1,322,285,299,-1,322,299,320,-1,320,299,301,-1,320,301,318,-1,318,301,303,-1,318,303,316,-1,316,303,305,-1,316,305,314,-1,314,305,307,-1,314,307,312,-1,312,307,309,-1,312,309,116,-1,116,309,158,-1,313,310,111,-1,111,310,112,-1,163,265,164,-1,164,265,308,-1,111,164,313,-1,313,164,308,-1,313,308,315,-1,315,308,306,-1,315,306,317,-1,317,306,304,-1,317,304,319,-1,319,304,302,-1,319,302,321,-1,321,302,300,-1,321,300,323,-1,323,300,298,-1,323,298,267,-1,267,298,284,-1,267,284,269,-1,269,284,286,-1,136,145,151,-1,136,151,137,-1,137,151,147,-1,137,147,138,-1,138,147,149,-1,138,149,139,-1,139,149,150,-1,139,150,140,-1,140,150,148,-1,140,148,141,-1,141,148,142,-1,141,142,133,-1,16,17,110,-1,16,110,177,-1,177,110,109,-1,177,109,174,-1,174,109,108,-1,174,108,175,-1,175,108,107,-1,175,107,176,-1,176,107,106,-1,176,106,173,-1,173,106,104,-1,173,104,105,-1,164,111,165,-1,165,111,113,-1,165,113,170,-1,170,113,114,-1,170,114,171,-1,171,114,123,-1,171,123,172,-1,172,123,122,-1,172,122,166,-1,166,122,121,-1,166,121,0,-1,0,121,1,-1,116,158,117,-1,117,158,160,-1,117,160,124,-1,124,160,161,-1,124,161,125,-1,125,161,169,-1,125,169,126,-1,126,169,168,-1,126,168,120,-1,120,168,167,-1,120,167,119,-1,119,167,162,-1,269,286,295,-1,269,295,272,-1,272,295,294,-1,272,294,273,-1,273,294,296,-1,273,296,271,-1,271,296,297,-1,271,297,270,-1,270,297,293,-1,270,293,274,-1,274,293,282,-1,274,282,275,-1,287,268,279,-1,287,279,290,-1,290,279,278,-1,290,278,291,-1,291,278,280,-1,291,280,289,-1,289,280,281,-1,289,281,288,-1,288,281,277,-1,288,277,292,-1,292,277,276,-1,292,276,283,-1,324,325,326,-1,326,325,327,-1,326,327,328,-1,328,327,329,-1,328,329,330,-1,330,329,331,-1,330,331,332,-1,332,331,333,-1,332,333,334,-1,334,333,335,-1,334,335,336,-1,336,335,337,-1,336,337,338,-1,338,337,339,-1,338,339,340,-1,340,339,341,-1,342,343,344,-1,344,343,345,-1,344,345,346,-1,346,345,347,-1,348,349,350,-1,351,352,353,-1,354,355,356,-1,356,355,357,-1,356,357,353,-1,353,357,348,-1,353,348,351,-1,351,348,350,-1,355,354,358,-1,358,354,359,-1,358,359,360,-1,360,359,361,-1,360,361,362,-1,362,361,363,-1,362,363,364,-1,364,363,365,-1,364,365,366,-1,366,365,367,-1,368,369,370,-1,371,372,373,-1,366,367,373,-1,373,367,368,-1,373,368,371,-1,371,368,370,-1,374,375,376,-1,376,375,377,-1,376,377,378,-1,378,377,379,-1,346,347,380,-1,380,347,381,-1,380,381,382,-1,382,381,383,-1,382,383,384,-1,384,383,385,-1,384,385,379,-1,379,385,378,-1,386,387,388,-1,388,387,389,-1,388,389,390,-1,390,389,391,-1,390,391,392,-1,392,391,393,-1,392,393,394,-1,394,393,395,-1,394,395,396,-1,396,395,397,-1,396,397,398,-1,398,397,399,-1,398,399,400,-1,400,399,401,-1,400,401,402,-1,402,401,403,-1,402,403,404,-1,404,403,405,-1,404,405,375,-1,375,405,370,-1,375,370,377,-1,377,370,369,-1,352,351,344,-1,344,351,342,-1,406,407,408,-1,408,407,409,-1,343,350,345,-1,345,350,349,-1,410,411,412,-1,412,411,413,-1,412,413,414,-1,414,413,415,-1,414,415,416,-1,416,415,417,-1,416,417,418,-1,418,417,419,-1,418,419,420,-1,420,419,421,-1,420,421,422,-1,422,421,423,-1,422,423,424,-1,424,423,425,-1,424,425,426,-1,426,425,427,-1,408,428,406,-1,406,428,429,-1,428,408,409,-1,425,327,427,-1,427,327,325,-1,430,428,325,-1,325,428,409,-1,325,409,427,-1,430,431,428,-1,428,431,432,-1,428,432,433,-1,433,432,434,-1,413,339,337,-1,413,337,415,-1,415,337,335,-1,415,335,417,-1,417,335,333,-1,417,333,419,-1,419,333,331,-1,419,331,421,-1,421,331,329,-1,421,329,423,-1,423,329,327,-1,423,327,425,-1,435,436,437,-1,437,436,438,-1,401,439,440,-1,401,436,403,-1,403,436,441,-1,403,441,411,-1,411,441,413,-1,441,442,443,-1,339,413,341,-1,341,413,444,-1,440,445,401,-1,401,445,446,-1,401,446,436,-1,436,446,447,-1,436,447,438,-1,443,448,441,-1,441,448,449,-1,441,449,413,-1,413,449,450,-1,413,450,444,-1,389,451,452,-1,389,452,391,-1,391,452,453,-1,391,453,393,-1,393,453,454,-1,393,454,395,-1,395,454,455,-1,395,455,397,-1,397,455,456,-1,397,456,399,-1,399,456,439,-1,399,439,401,-1,457,458,387,-1,387,458,451,-1,387,451,389,-1,457,459,458,-1,458,459,460,-1,458,460,461,-1,462,463,464,-1,461,460,464,-1,464,460,465,-1,464,465,462,-1,466,467,459,-1,459,467,460,-1,388,468,386,-1,386,468,469,-1,386,469,470,-1,470,469,467,-1,470,467,466,-1,471,469,472,-1,472,469,473,-1,471,474,469,-1,469,474,475,-1,469,475,467,-1,400,476,398,-1,398,476,477,-1,398,477,396,-1,396,477,478,-1,396,478,394,-1,394,478,479,-1,394,479,392,-1,392,479,480,-1,392,480,390,-1,390,480,481,-1,390,481,388,-1,388,481,468,-1,482,483,484,-1,484,483,485,-1,412,338,340,-1,412,483,410,-1,410,483,486,-1,410,486,402,-1,402,486,400,-1,486,487,488,-1,476,400,489,-1,489,400,490,-1,340,491,412,-1,412,491,492,-1,412,492,483,-1,483,492,493,-1,483,493,485,-1,488,494,486,-1,486,494,495,-1,486,495,400,-1,400,495,496,-1,400,496,490,-1,424,326,422,-1,422,326,328,-1,422,328,420,-1,420,328,330,-1,420,330,418,-1,418,330,332,-1,418,332,416,-1,416,332,334,-1,416,334,414,-1,414,334,336,-1,414,336,412,-1,412,336,338,-1,326,424,426,-1,326,426,324,-1,324,426,407,-1,324,407,406,-1,497,498,499,-1,499,498,500,-1,406,429,324,-1,324,429,498,-1,324,498,501,-1,501,498,497,-1,466,459,470,-1,470,459,457,-1,489,440,476,-1,476,440,439,-1,476,439,477,-1,477,439,456,-1,477,456,478,-1,478,456,455,-1,478,455,479,-1,479,455,454,-1,479,454,480,-1,480,454,453,-1,480,453,481,-1,481,453,452,-1,481,452,468,-1,468,452,451,-1,468,451,469,-1,469,451,458,-1,342,351,343,-1,343,351,350,-1,403,411,502,-1,403,502,405,-1,405,502,371,-1,405,371,370,-1,375,374,404,-1,404,374,503,-1,404,503,402,-1,402,503,410,-1,376,372,374,-1,374,372,371,-1,374,371,503,-1,503,371,502,-1,503,502,410,-1,410,502,411,-1,504,505,506,-1,506,505,507,-1,426,427,508,-1,508,427,509,-1,508,509,510,-1,510,509,511,-1,510,511,376,-1,376,511,372,-1,372,511,512,-1,512,511,513,-1,512,513,514,-1,514,513,515,-1,349,505,345,-1,345,505,504,-1,505,349,507,-1,507,349,516,-1,507,516,517,-1,517,516,518,-1,517,518,519,-1,520,521,522,-1,520,522,515,-1,515,522,523,-1,515,523,514,-1,517,519,520,-1,520,519,524,-1,520,524,521,-1,381,347,525,-1,381,525,383,-1,383,525,526,-1,383,526,385,-1,385,526,527,-1,385,527,378,-1,378,527,376,-1,376,527,528,-1,376,528,510,-1,525,347,506,-1,506,347,345,-1,506,345,504,-1,510,528,508,-1,508,528,529,-1,508,529,426,-1,426,529,407,-1,427,409,530,-1,427,530,509,-1,509,530,513,-1,509,513,511,-1,506,507,525,-1,525,507,517,-1,525,517,526,-1,526,517,520,-1,526,520,527,-1,527,520,515,-1,527,515,528,-1,528,515,513,-1,528,513,529,-1,529,513,530,-1,529,530,407,-1,407,530,409,-1,516,349,531,-1,531,349,532,-1,531,532,533,-1,533,532,534,-1,533,534,512,-1,512,534,535,-1,512,535,372,-1,519,518,531,-1,519,531,524,-1,524,531,533,-1,524,533,521,-1,533,512,514,-1,514,523,533,-1,533,523,522,-1,533,522,521,-1,372,535,536,-1,536,535,537,-1,537,535,534,-1,537,534,538,-1,532,539,534,-1,534,539,540,-1,534,540,538,-1,539,532,349,-1,531,518,516,-1,357,541,348,-1,542,539,349,-1,539,542,540,-1,540,542,543,-1,540,543,538,-1,544,536,543,-1,543,536,537,-1,543,537,538,-1,544,372,536,-1,360,362,545,-1,362,364,545,-1,545,364,366,-1,545,366,373,-1,541,357,355,-1,541,355,545,-1,545,355,358,-1,545,358,360,-1,349,348,542,-1,542,348,541,-1,542,541,543,-1,543,541,545,-1,543,545,544,-1,544,545,373,-1,544,373,372,-1,546,547,548,-1,548,547,549,-1,377,369,550,-1,550,369,551,-1,550,551,552,-1,552,551,553,-1,552,553,386,-1,386,553,387,-1,554,555,556,-1,556,555,557,-1,556,557,369,-1,369,557,551,-1,548,549,344,-1,344,549,352,-1,558,352,549,-1,559,560,561,-1,561,560,558,-1,561,558,547,-1,547,558,549,-1,470,457,562,-1,562,457,563,-1,562,563,564,-1,564,563,557,-1,564,557,565,-1,565,557,555,-1,565,555,566,-1,566,555,567,-1,566,567,568,-1,568,567,561,-1,568,561,546,-1,546,561,547,-1,564,550,562,-1,562,550,552,-1,562,552,470,-1,470,552,386,-1,457,387,553,-1,457,553,563,-1,563,553,551,-1,563,551,557,-1,384,379,565,-1,384,565,382,-1,382,565,566,-1,382,566,380,-1,380,566,568,-1,380,568,346,-1,554,569,555,-1,555,569,570,-1,555,570,567,-1,567,570,571,-1,567,571,561,-1,561,571,572,-1,561,572,559,-1,565,379,564,-1,564,379,377,-1,564,377,550,-1,346,568,344,-1,344,568,546,-1,344,546,548,-1,352,558,573,-1,573,558,574,-1,573,574,575,-1,575,574,576,-1,575,576,577,-1,577,576,556,-1,577,556,369,-1,571,570,576,-1,574,560,559,-1,574,559,576,-1,576,559,572,-1,576,572,571,-1,570,569,576,-1,576,569,554,-1,576,554,556,-1,578,577,369,-1,579,573,580,-1,580,573,575,-1,580,575,581,-1,577,578,575,-1,575,578,582,-1,575,582,581,-1,352,573,579,-1,574,558,560,-1,353,352,583,-1,583,352,584,-1,583,584,585,-1,585,584,586,-1,585,586,368,-1,368,586,587,-1,368,587,369,-1,353,583,356,-1,584,352,579,-1,578,587,582,-1,582,587,586,-1,582,586,581,-1,584,579,586,-1,586,579,580,-1,586,580,581,-1,587,578,369,-1,354,356,583,-1,354,583,359,-1,359,583,585,-1,359,585,361,-1,585,368,367,-1,367,365,585,-1,585,365,363,-1,585,363,361,-1,588,486,589,-1,589,486,483,-1,590,591,592,-1,592,591,593,-1,594,593,595,-1,595,593,596,-1,595,596,597,-1,594,598,593,-1,593,598,599,-1,593,599,592,-1,592,599,600,-1,592,600,601,-1,602,603,604,-1,604,603,592,-1,604,592,605,-1,605,592,601,-1,606,607,599,-1,599,607,600,-1,608,609,610,-1,610,609,611,-1,612,611,613,-1,613,611,614,-1,613,614,615,-1,612,616,611,-1,611,616,607,-1,611,607,610,-1,610,607,606,-1,610,606,617,-1,618,619,620,-1,620,619,610,-1,620,610,621,-1,621,610,617,-1,622,623,624,-1,622,624,625,-1,625,624,626,-1,625,626,627,-1,627,626,628,-1,627,628,629,-1,629,628,630,-1,629,630,631,-1,631,630,632,-1,631,632,633,-1,633,632,609,-1,633,609,608,-1,622,588,623,-1,623,588,589,-1,634,441,635,-1,635,441,436,-1,635,636,634,-1,634,636,637,-1,591,590,638,-1,638,590,639,-1,638,639,640,-1,640,639,641,-1,640,641,642,-1,642,641,643,-1,642,643,644,-1,644,643,645,-1,644,645,646,-1,646,645,647,-1,646,647,636,-1,636,647,637,-1,636,635,435,-1,435,635,436,-1,486,588,487,-1,487,588,622,-1,435,487,636,-1,636,487,622,-1,636,622,646,-1,646,622,625,-1,646,625,644,-1,644,625,627,-1,644,627,642,-1,642,627,629,-1,642,629,640,-1,640,629,631,-1,640,631,638,-1,638,631,633,-1,638,633,591,-1,591,633,608,-1,591,608,593,-1,593,608,610,-1,441,634,442,-1,442,634,637,-1,623,589,482,-1,482,589,483,-1,592,611,590,-1,590,611,609,-1,590,609,639,-1,639,609,632,-1,639,632,641,-1,641,632,630,-1,641,630,643,-1,643,630,628,-1,643,628,645,-1,645,628,626,-1,645,626,647,-1,647,626,624,-1,647,624,637,-1,637,624,623,-1,637,623,442,-1,442,623,482,-1,460,467,475,-1,460,475,465,-1,465,475,474,-1,465,474,462,-1,462,474,471,-1,462,471,463,-1,463,471,472,-1,463,472,464,-1,464,472,473,-1,464,473,461,-1,461,473,469,-1,461,469,458,-1,429,428,433,-1,429,433,498,-1,498,433,434,-1,498,434,500,-1,500,434,432,-1,500,432,499,-1,499,432,431,-1,499,431,497,-1,497,431,430,-1,497,430,501,-1,501,430,325,-1,501,325,324,-1,340,341,491,-1,491,341,444,-1,491,444,492,-1,492,444,450,-1,492,450,493,-1,493,450,449,-1,493,449,485,-1,485,449,448,-1,485,448,484,-1,484,448,443,-1,484,443,482,-1,482,443,442,-1,440,489,445,-1,445,489,490,-1,445,490,446,-1,446,490,496,-1,446,496,447,-1,447,496,495,-1,447,495,438,-1,438,495,494,-1,438,494,437,-1,437,494,488,-1,437,488,435,-1,435,488,487,-1,600,607,616,-1,600,616,601,-1,601,616,612,-1,601,612,605,-1,605,612,613,-1,605,613,604,-1,604,613,615,-1,604,615,602,-1,602,615,614,-1,602,614,603,-1,603,614,611,-1,603,611,592,-1,606,599,598,-1,606,598,617,-1,617,598,594,-1,617,594,621,-1,621,594,595,-1,621,595,620,-1,620,595,597,-1,620,597,618,-1,618,597,596,-1,618,596,619,-1,619,596,593,-1,619,593,610,-1,648,649,650,-1,650,649,651,-1,650,651,652,-1,652,651,653,-1,652,653,654,-1,654,653,655,-1,654,655,656,-1,656,655,657,-1,656,657,658,-1,658,657,659,-1,658,659,660,-1,660,659,661,-1,660,661,662,-1,662,661,663,-1,662,663,664,-1,664,663,665,-1,666,667,668,-1,668,667,669,-1,668,669,670,-1,670,669,671,-1,672,673,674,-1,675,676,677,-1,678,679,674,-1,674,679,680,-1,674,680,672,-1,672,680,675,-1,672,675,681,-1,681,675,677,-1,682,683,684,-1,684,683,685,-1,684,685,686,-1,686,685,687,-1,686,687,688,-1,688,687,689,-1,688,689,690,-1,690,689,691,-1,690,691,676,-1,676,691,677,-1,692,693,694,-1,695,696,694,-1,694,696,697,-1,694,697,692,-1,692,697,683,-1,692,683,682,-1,698,699,700,-1,700,699,701,-1,700,701,702,-1,702,701,703,-1,699,698,704,-1,704,698,705,-1,704,705,706,-1,706,705,707,-1,706,707,708,-1,708,707,709,-1,708,709,666,-1,666,709,667,-1,710,711,712,-1,712,711,713,-1,712,713,714,-1,714,713,715,-1,714,715,716,-1,716,715,717,-1,716,717,718,-1,718,717,719,-1,718,719,720,-1,720,719,721,-1,720,721,722,-1,722,721,723,-1,722,723,724,-1,724,723,725,-1,724,725,726,-1,726,725,727,-1,701,696,703,-1,703,696,695,-1,703,695,728,-1,728,695,729,-1,728,729,710,-1,710,729,711,-1,670,674,668,-1,668,674,673,-1,730,731,732,-1,732,731,733,-1,679,678,669,-1,669,678,671,-1,734,735,736,-1,736,735,737,-1,736,737,738,-1,738,737,739,-1,738,739,740,-1,740,739,741,-1,740,741,742,-1,742,741,743,-1,742,743,744,-1,744,743,745,-1,744,745,746,-1,746,745,747,-1,746,747,748,-1,748,747,749,-1,748,749,750,-1,750,749,751,-1,752,733,753,-1,753,733,731,-1,732,665,735,-1,735,665,663,-1,735,663,737,-1,732,733,665,-1,665,733,752,-1,665,752,754,-1,755,756,757,-1,754,752,757,-1,757,752,758,-1,757,758,755,-1,737,663,661,-1,737,661,739,-1,739,661,659,-1,739,659,741,-1,741,659,657,-1,741,657,743,-1,743,657,655,-1,743,655,745,-1,745,655,653,-1,745,653,747,-1,747,653,651,-1,747,651,749,-1,759,760,761,-1,749,651,649,-1,759,761,762,-1,749,761,751,-1,751,761,763,-1,751,763,711,-1,711,763,713,-1,763,764,765,-1,649,766,749,-1,749,766,767,-1,749,767,761,-1,761,767,768,-1,761,768,762,-1,769,713,770,-1,770,713,771,-1,765,772,763,-1,763,772,773,-1,763,773,713,-1,713,773,774,-1,713,774,771,-1,713,769,775,-1,713,775,715,-1,715,775,776,-1,715,776,717,-1,717,776,777,-1,717,777,719,-1,719,777,778,-1,719,778,721,-1,721,778,779,-1,721,779,723,-1,723,779,780,-1,723,780,725,-1,781,782,783,-1,725,780,727,-1,727,780,784,-1,785,781,784,-1,784,781,783,-1,784,783,727,-1,785,786,781,-1,781,786,787,-1,781,787,788,-1,788,787,789,-1,790,791,781,-1,781,791,782,-1,792,724,726,-1,792,726,793,-1,793,726,794,-1,793,794,791,-1,795,796,797,-1,797,796,798,-1,791,790,793,-1,793,790,796,-1,793,796,799,-1,799,796,795,-1,724,792,722,-1,722,792,800,-1,722,800,720,-1,720,800,801,-1,720,801,718,-1,718,801,802,-1,718,802,716,-1,716,802,803,-1,716,803,714,-1,714,803,804,-1,714,804,712,-1,712,804,805,-1,806,807,808,-1,808,807,809,-1,810,811,812,-1,712,805,813,-1,712,807,710,-1,710,807,810,-1,710,810,750,-1,750,810,748,-1,650,748,648,-1,648,748,814,-1,813,815,712,-1,712,815,816,-1,712,816,807,-1,807,816,817,-1,807,817,809,-1,812,818,810,-1,810,818,819,-1,810,819,748,-1,748,819,820,-1,748,820,814,-1,748,650,746,-1,746,650,652,-1,746,652,744,-1,744,652,654,-1,744,654,742,-1,742,654,656,-1,742,656,740,-1,740,656,658,-1,740,658,738,-1,738,658,660,-1,738,660,736,-1,736,660,662,-1,736,662,734,-1,734,662,664,-1,734,664,730,-1,730,664,753,-1,730,753,731,-1,821,822,823,-1,664,824,753,-1,753,824,821,-1,753,821,825,-1,825,821,823,-1,782,791,783,-1,783,791,794,-1,793,784,792,-1,792,784,780,-1,792,780,800,-1,800,780,779,-1,800,779,801,-1,801,779,778,-1,801,778,802,-1,802,778,777,-1,802,777,803,-1,803,777,776,-1,803,776,804,-1,804,776,775,-1,804,775,805,-1,805,775,769,-1,805,769,813,-1,813,769,770,-1,674,670,678,-1,678,670,671,-1,695,694,826,-1,695,826,729,-1,729,826,751,-1,729,751,711,-1,710,750,728,-1,728,750,827,-1,728,827,703,-1,703,827,702,-1,750,751,827,-1,827,751,826,-1,827,826,702,-1,702,826,694,-1,702,694,700,-1,700,694,693,-1,828,829,830,-1,830,829,831,-1,700,693,832,-1,832,693,833,-1,832,833,834,-1,834,833,835,-1,834,835,734,-1,734,835,735,-1,836,837,838,-1,838,837,839,-1,838,839,693,-1,693,839,833,-1,829,828,669,-1,669,828,679,-1,840,679,828,-1,841,842,843,-1,843,842,840,-1,843,840,830,-1,830,840,828,-1,841,843,844,-1,844,843,845,-1,844,845,846,-1,846,845,847,-1,847,845,848,-1,848,845,837,-1,848,837,836,-1,705,698,849,-1,705,849,707,-1,707,849,850,-1,707,850,709,-1,709,850,851,-1,709,851,667,-1,849,698,852,-1,852,698,700,-1,852,700,832,-1,667,851,669,-1,669,851,831,-1,669,831,829,-1,734,730,834,-1,834,730,853,-1,834,853,832,-1,832,853,852,-1,833,839,854,-1,833,854,835,-1,835,854,732,-1,835,732,735,-1,730,732,853,-1,853,732,854,-1,853,854,852,-1,852,854,839,-1,852,839,849,-1,849,839,837,-1,849,837,850,-1,850,837,845,-1,850,845,851,-1,851,845,843,-1,851,843,831,-1,831,843,830,-1,679,840,855,-1,855,840,856,-1,855,856,857,-1,857,856,858,-1,857,858,859,-1,859,858,838,-1,859,838,693,-1,846,847,858,-1,847,848,858,-1,858,848,836,-1,858,836,838,-1,856,842,841,-1,856,841,858,-1,858,841,844,-1,858,844,846,-1,860,859,693,-1,861,855,862,-1,862,855,857,-1,862,857,863,-1,859,860,857,-1,857,860,864,-1,857,864,863,-1,679,855,861,-1,840,842,856,-1,680,865,675,-1,679,861,866,-1,860,867,864,-1,864,867,868,-1,864,868,863,-1,866,861,868,-1,868,861,862,-1,868,862,863,-1,860,693,867,-1,676,675,865,-1,676,865,690,-1,690,865,869,-1,690,869,688,-1,869,692,682,-1,682,684,869,-1,869,684,686,-1,869,686,688,-1,680,679,865,-1,865,679,866,-1,865,866,869,-1,869,866,868,-1,869,868,692,-1,692,868,867,-1,692,867,693,-1,870,871,872,-1,872,871,873,-1,726,727,874,-1,874,727,875,-1,874,875,876,-1,876,875,877,-1,876,877,701,-1,701,877,696,-1,696,877,878,-1,878,877,879,-1,878,879,880,-1,880,879,881,-1,673,872,668,-1,668,872,873,-1,872,673,870,-1,870,673,882,-1,870,882,883,-1,883,882,884,-1,883,884,885,-1,871,870,886,-1,886,870,883,-1,886,883,887,-1,887,883,888,-1,887,888,889,-1,889,888,881,-1,889,881,890,-1,890,881,879,-1,890,879,891,-1,891,879,892,-1,891,892,794,-1,794,892,783,-1,794,726,891,-1,891,726,874,-1,891,874,890,-1,890,874,876,-1,879,877,875,-1,879,875,892,-1,892,875,727,-1,892,727,783,-1,708,666,886,-1,708,886,706,-1,706,886,887,-1,706,887,704,-1,704,887,889,-1,704,889,699,-1,893,880,881,-1,893,881,894,-1,894,881,888,-1,894,888,895,-1,895,888,896,-1,896,888,883,-1,896,883,885,-1,699,889,701,-1,701,889,890,-1,701,890,876,-1,886,666,871,-1,871,666,668,-1,871,668,873,-1,882,673,897,-1,897,673,898,-1,897,898,899,-1,899,898,900,-1,899,900,878,-1,878,900,901,-1,878,901,696,-1,878,880,899,-1,899,880,893,-1,899,893,894,-1,894,895,899,-1,899,895,896,-1,899,896,897,-1,897,896,885,-1,897,885,884,-1,696,901,902,-1,902,901,903,-1,903,901,900,-1,903,900,904,-1,898,905,900,-1,900,905,906,-1,900,906,904,-1,905,898,673,-1,884,882,897,-1,673,672,907,-1,907,672,908,-1,907,908,909,-1,909,908,910,-1,909,910,911,-1,911,910,697,-1,911,697,696,-1,681,908,672,-1,905,673,907,-1,905,907,906,-1,906,907,909,-1,906,909,904,-1,911,902,909,-1,909,902,903,-1,909,903,904,-1,696,902,911,-1,689,687,910,-1,687,685,910,-1,910,685,683,-1,910,683,697,-1,908,681,677,-1,908,677,910,-1,910,677,691,-1,910,691,689,-1,807,912,810,-1,810,912,913,-1,914,915,916,-1,916,915,917,-1,918,919,920,-1,917,921,922,-1,922,921,918,-1,922,918,923,-1,923,918,920,-1,917,922,916,-1,916,922,924,-1,916,924,925,-1,926,927,928,-1,928,927,916,-1,928,916,929,-1,929,916,925,-1,930,931,922,-1,922,931,924,-1,932,933,930,-1,934,935,933,-1,933,935,936,-1,937,938,939,-1,940,941,942,-1,930,933,931,-1,931,933,936,-1,931,936,943,-1,932,930,939,-1,939,930,944,-1,939,944,937,-1,940,942,936,-1,936,942,945,-1,936,945,943,-1,935,934,946,-1,935,946,947,-1,947,946,948,-1,947,948,949,-1,949,948,950,-1,949,950,951,-1,951,950,952,-1,951,952,953,-1,953,952,954,-1,953,954,955,-1,955,954,956,-1,955,956,957,-1,912,957,913,-1,913,957,956,-1,761,958,763,-1,763,958,959,-1,960,959,961,-1,961,959,958,-1,960,961,962,-1,962,961,963,-1,962,963,964,-1,964,963,965,-1,964,965,966,-1,966,965,967,-1,966,967,968,-1,968,967,969,-1,968,969,970,-1,970,969,971,-1,970,971,914,-1,914,971,915,-1,763,959,764,-1,764,959,960,-1,957,912,806,-1,806,912,807,-1,916,936,914,-1,914,936,935,-1,914,935,970,-1,970,935,947,-1,970,947,968,-1,968,947,949,-1,968,949,966,-1,966,949,951,-1,966,951,964,-1,964,951,953,-1,964,953,962,-1,962,953,955,-1,962,955,960,-1,960,955,957,-1,960,957,764,-1,764,957,806,-1,961,958,760,-1,760,958,761,-1,810,913,811,-1,811,913,956,-1,760,811,961,-1,961,811,956,-1,961,956,963,-1,963,956,954,-1,963,954,965,-1,965,954,952,-1,965,952,967,-1,967,952,950,-1,967,950,969,-1,969,950,948,-1,969,948,971,-1,971,948,946,-1,971,946,915,-1,915,946,934,-1,915,934,917,-1,917,934,933,-1,784,793,799,-1,784,799,785,-1,785,799,795,-1,785,795,786,-1,786,795,797,-1,786,797,787,-1,787,797,798,-1,787,798,789,-1,789,798,796,-1,789,796,788,-1,788,796,790,-1,788,790,781,-1,664,665,754,-1,664,754,824,-1,824,754,757,-1,824,757,821,-1,821,757,756,-1,821,756,822,-1,822,756,755,-1,822,755,823,-1,823,755,758,-1,823,758,825,-1,825,758,752,-1,825,752,753,-1,811,760,812,-1,812,760,759,-1,812,759,818,-1,818,759,762,-1,818,762,819,-1,819,762,768,-1,819,768,820,-1,820,768,767,-1,820,767,814,-1,814,767,766,-1,814,766,648,-1,648,766,649,-1,764,806,765,-1,765,806,808,-1,765,808,772,-1,772,808,809,-1,772,809,773,-1,773,809,817,-1,773,817,774,-1,774,817,816,-1,774,816,771,-1,771,816,815,-1,771,815,770,-1,770,815,813,-1,917,933,932,-1,917,932,921,-1,921,932,939,-1,921,939,918,-1,918,939,938,-1,918,938,919,-1,919,938,937,-1,919,937,920,-1,920,937,944,-1,920,944,923,-1,923,944,930,-1,923,930,922,-1,936,916,927,-1,936,927,940,-1,940,927,926,-1,940,926,941,-1,941,926,928,-1,941,928,942,-1,942,928,929,-1,942,929,945,-1,945,929,925,-1,945,925,943,-1,943,925,924,-1,943,924,931,-1,972,973,974,-1,974,973,975,-1,974,975,976,-1,976,975,977,-1,976,977,978,-1,978,977,979,-1,978,979,980,-1,980,979,981,-1,980,981,982,-1,982,981,983,-1,982,983,984,-1,984,983,985,-1,984,985,986,-1,986,985,987,-1,986,987,988,-1,988,987,989,-1,990,991,992,-1,992,991,993,-1,992,993,994,-1,994,993,995,-1,996,997,998,-1,999,1000,1001,-1,1002,1003,998,-1,998,1003,1004,-1,998,1004,996,-1,996,1004,999,-1,996,999,1005,-1,1005,999,1001,-1,1006,1007,1008,-1,1008,1007,1009,-1,1008,1009,1010,-1,1010,1009,1011,-1,1010,1011,1012,-1,1012,1011,1013,-1,1012,1013,1014,-1,1014,1013,1015,-1,1014,1015,1000,-1,1000,1015,1001,-1,1016,1017,1018,-1,1019,1020,1018,-1,1018,1020,1021,-1,1018,1021,1016,-1,1016,1021,1007,-1,1016,1007,1006,-1,1022,1023,1024,-1,1024,1023,1025,-1,1024,1025,1026,-1,1026,1025,1027,-1,1023,1022,1028,-1,1028,1022,1029,-1,1028,1029,1030,-1,1030,1029,1031,-1,1030,1031,1032,-1,1032,1031,1033,-1,1032,1033,990,-1,990,1033,991,-1,1034,1035,1036,-1,1036,1035,1037,-1,1036,1037,1038,-1,1038,1037,1039,-1,1038,1039,1040,-1,1040,1039,1041,-1,1040,1041,1042,-1,1042,1041,1043,-1,1042,1043,1044,-1,1044,1043,1045,-1,1044,1045,1046,-1,1046,1045,1047,-1,1046,1047,1048,-1,1048,1047,1049,-1,1048,1049,1050,-1,1050,1049,1051,-1,1025,1020,1027,-1,1027,1020,1019,-1,1027,1019,1052,-1,1052,1019,1053,-1,1052,1053,1034,-1,1034,1053,1035,-1,994,998,992,-1,992,998,997,-1,1054,1055,1056,-1,1056,1055,1057,-1,1003,1002,993,-1,993,1002,995,-1,1058,1059,1060,-1,1060,1059,1061,-1,1060,1061,1062,-1,1062,1061,1063,-1,1062,1063,1064,-1,1064,1063,1065,-1,1064,1065,1066,-1,1066,1065,1067,-1,1066,1067,1068,-1,1068,1067,1069,-1,1068,1069,1070,-1,1070,1069,1071,-1,1070,1071,1072,-1,1072,1071,1073,-1,1072,1073,1074,-1,1074,1073,1075,-1,1076,1057,1077,-1,1077,1057,1055,-1,1056,989,1059,-1,1059,989,987,-1,1059,987,1061,-1,1056,1057,989,-1,989,1057,1076,-1,989,1076,1078,-1,1079,1080,1081,-1,1078,1076,1081,-1,1081,1076,1082,-1,1081,1082,1079,-1,1061,987,985,-1,1061,985,1063,-1,1063,985,983,-1,1063,983,1065,-1,1065,983,981,-1,1065,981,1067,-1,1067,981,979,-1,1067,979,1069,-1,1069,979,977,-1,1069,977,1071,-1,1071,977,975,-1,1071,975,1073,-1,1083,1084,1085,-1,1073,975,973,-1,1086,1087,1088,-1,1083,1085,1089,-1,1073,1085,1075,-1,1075,1085,1086,-1,1075,1086,1035,-1,1035,1086,1037,-1,973,1090,1073,-1,1073,1090,1091,-1,1073,1091,1085,-1,1085,1091,1092,-1,1085,1092,1089,-1,1093,1037,1094,-1,1094,1037,1095,-1,1088,1096,1086,-1,1086,1096,1097,-1,1086,1097,1037,-1,1037,1097,1098,-1,1037,1098,1095,-1,1037,1093,1099,-1,1037,1099,1039,-1,1039,1099,1100,-1,1039,1100,1041,-1,1041,1100,1101,-1,1041,1101,1043,-1,1043,1101,1102,-1,1043,1102,1045,-1,1045,1102,1103,-1,1045,1103,1047,-1,1047,1103,1104,-1,1047,1104,1049,-1,1105,1106,1107,-1,1049,1104,1051,-1,1051,1104,1108,-1,1051,1108,1107,-1,1109,1110,1111,-1,1111,1110,1105,-1,1111,1105,1112,-1,1107,1108,1105,-1,1105,1108,1113,-1,1105,1113,1112,-1,1114,1115,1105,-1,1105,1115,1106,-1,1116,1048,1050,-1,1116,1050,1117,-1,1117,1050,1118,-1,1117,1118,1115,-1,1119,1120,1121,-1,1121,1120,1122,-1,1115,1114,1117,-1,1117,1114,1120,-1,1117,1120,1123,-1,1123,1120,1119,-1,1048,1116,1046,-1,1046,1116,1124,-1,1046,1124,1044,-1,1044,1124,1125,-1,1044,1125,1042,-1,1042,1125,1126,-1,1042,1126,1040,-1,1040,1126,1127,-1,1040,1127,1038,-1,1038,1127,1128,-1,1038,1128,1036,-1,1036,1128,1129,-1,1130,1131,1132,-1,1036,1129,1133,-1,1134,1135,1136,-1,1130,1132,1137,-1,1036,1132,1034,-1,1034,1132,1134,-1,1034,1134,1074,-1,1074,1134,1072,-1,1133,1138,1036,-1,1036,1138,1139,-1,1036,1139,1132,-1,1132,1139,1140,-1,1132,1140,1137,-1,974,1072,972,-1,972,1072,1141,-1,1136,1142,1134,-1,1134,1142,1143,-1,1134,1143,1072,-1,1072,1143,1144,-1,1072,1144,1141,-1,1072,974,1070,-1,1070,974,976,-1,1070,976,1068,-1,1068,976,978,-1,1068,978,1066,-1,1066,978,980,-1,1066,980,1064,-1,1064,980,982,-1,1064,982,1062,-1,1062,982,984,-1,1062,984,1060,-1,1060,984,986,-1,1145,1077,988,-1,1060,986,1058,-1,1058,986,988,-1,1058,988,1054,-1,1054,988,1077,-1,1054,1077,1055,-1,988,1146,1147,-1,1147,1148,988,-1,988,1148,1149,-1,988,1149,1145,-1,1106,1115,1107,-1,1107,1115,1118,-1,1117,1108,1116,-1,1116,1108,1104,-1,1116,1104,1124,-1,1124,1104,1103,-1,1124,1103,1125,-1,1125,1103,1102,-1,1125,1102,1126,-1,1126,1102,1101,-1,1126,1101,1127,-1,1127,1101,1100,-1,1127,1100,1128,-1,1128,1100,1099,-1,1128,1099,1129,-1,1129,1099,1093,-1,1129,1093,1133,-1,1133,1093,1094,-1,998,994,1002,-1,1002,994,995,-1,1019,1018,1150,-1,1019,1150,1053,-1,1053,1150,1075,-1,1053,1075,1035,-1,1034,1074,1052,-1,1052,1074,1151,-1,1052,1151,1027,-1,1027,1151,1026,-1,1074,1075,1151,-1,1151,1075,1150,-1,1151,1150,1026,-1,1026,1150,1018,-1,1026,1018,1024,-1,1024,1018,1017,-1,1152,1153,1154,-1,1154,1153,1155,-1,1024,1017,1156,-1,1156,1017,1157,-1,1156,1157,1158,-1,1158,1157,1159,-1,1158,1159,1058,-1,1058,1159,1059,-1,1160,1161,1162,-1,1162,1161,1163,-1,1162,1163,1017,-1,1017,1163,1157,-1,1153,1152,993,-1,993,1152,1003,-1,1164,1003,1152,-1,1165,1166,1167,-1,1167,1166,1164,-1,1167,1164,1154,-1,1154,1164,1152,-1,1165,1167,1168,-1,1168,1167,1169,-1,1168,1169,1170,-1,1170,1169,1171,-1,1171,1169,1172,-1,1172,1169,1161,-1,1172,1161,1160,-1,1029,1022,1173,-1,1029,1173,1031,-1,1031,1173,1174,-1,1031,1174,1033,-1,1033,1174,1175,-1,1033,1175,991,-1,1173,1022,1176,-1,1176,1022,1024,-1,1176,1024,1156,-1,991,1175,993,-1,993,1175,1155,-1,993,1155,1153,-1,1058,1054,1158,-1,1158,1054,1177,-1,1158,1177,1156,-1,1156,1177,1176,-1,1157,1163,1178,-1,1157,1178,1159,-1,1159,1178,1056,-1,1159,1056,1059,-1,1054,1056,1177,-1,1177,1056,1178,-1,1177,1178,1176,-1,1176,1178,1163,-1,1176,1163,1173,-1,1173,1163,1161,-1,1173,1161,1174,-1,1174,1161,1169,-1,1174,1169,1175,-1,1175,1169,1167,-1,1175,1167,1155,-1,1155,1167,1154,-1,1003,1164,1179,-1,1179,1164,1180,-1,1179,1180,1181,-1,1181,1180,1182,-1,1181,1182,1183,-1,1183,1182,1162,-1,1183,1162,1017,-1,1170,1171,1182,-1,1171,1172,1182,-1,1182,1172,1160,-1,1182,1160,1162,-1,1180,1166,1165,-1,1180,1165,1182,-1,1182,1165,1168,-1,1182,1168,1170,-1,1184,1183,1017,-1,1185,1179,1186,-1,1186,1179,1181,-1,1186,1181,1187,-1,1183,1184,1181,-1,1181,1184,1188,-1,1181,1188,1187,-1,1003,1179,1185,-1,1164,1166,1180,-1,1004,1189,999,-1,1003,1185,1190,-1,1184,1191,1188,-1,1188,1191,1192,-1,1188,1192,1187,-1,1190,1185,1192,-1,1192,1185,1186,-1,1192,1186,1187,-1,1184,1017,1191,-1,1000,999,1189,-1,1000,1189,1014,-1,1014,1189,1193,-1,1014,1193,1012,-1,1193,1016,1006,-1,1006,1008,1193,-1,1193,1008,1010,-1,1193,1010,1012,-1,1004,1003,1189,-1,1189,1003,1190,-1,1189,1190,1193,-1,1193,1190,1192,-1,1193,1192,1016,-1,1016,1192,1191,-1,1016,1191,1017,-1,1194,1195,1196,-1,1196,1195,1197,-1,1050,1051,1198,-1,1198,1051,1199,-1,1198,1199,1200,-1,1200,1199,1201,-1,1200,1201,1025,-1,1025,1201,1020,-1,1020,1201,1202,-1,1202,1201,1203,-1,1202,1203,1204,-1,1204,1203,1205,-1,997,1196,992,-1,992,1196,1197,-1,1196,997,1194,-1,1194,997,1206,-1,1194,1206,1207,-1,1207,1206,1208,-1,1207,1208,1209,-1,1195,1194,1210,-1,1210,1194,1207,-1,1210,1207,1211,-1,1211,1207,1212,-1,1211,1212,1213,-1,1213,1212,1205,-1,1213,1205,1214,-1,1214,1205,1203,-1,1214,1203,1215,-1,1215,1203,1216,-1,1215,1216,1118,-1,1118,1216,1107,-1,1118,1050,1215,-1,1215,1050,1198,-1,1215,1198,1214,-1,1214,1198,1200,-1,1203,1201,1199,-1,1203,1199,1216,-1,1216,1199,1051,-1,1216,1051,1107,-1,1032,990,1210,-1,1032,1210,1030,-1,1030,1210,1211,-1,1030,1211,1028,-1,1028,1211,1213,-1,1028,1213,1023,-1,1217,1204,1205,-1,1217,1205,1218,-1,1218,1205,1212,-1,1218,1212,1219,-1,1219,1212,1220,-1,1220,1212,1207,-1,1220,1207,1209,-1,1023,1213,1025,-1,1025,1213,1214,-1,1025,1214,1200,-1,1210,990,1195,-1,1195,990,992,-1,1195,992,1197,-1,1206,997,1221,-1,1221,997,1222,-1,1221,1222,1223,-1,1223,1222,1224,-1,1223,1224,1202,-1,1202,1224,1225,-1,1202,1225,1020,-1,1202,1204,1223,-1,1223,1204,1217,-1,1223,1217,1218,-1,1218,1219,1223,-1,1223,1219,1220,-1,1223,1220,1221,-1,1221,1220,1209,-1,1221,1209,1208,-1,1020,1225,1226,-1,1226,1225,1227,-1,1227,1225,1224,-1,1227,1224,1228,-1,1222,1229,1224,-1,1224,1229,1230,-1,1224,1230,1228,-1,1229,1222,997,-1,1208,1206,1221,-1,997,996,1231,-1,1231,996,1232,-1,1231,1232,1233,-1,1233,1232,1234,-1,1233,1234,1235,-1,1235,1234,1021,-1,1235,1021,1020,-1,1005,1232,996,-1,1229,997,1231,-1,1229,1231,1230,-1,1230,1231,1233,-1,1230,1233,1228,-1,1235,1226,1233,-1,1233,1226,1227,-1,1233,1227,1228,-1,1020,1226,1235,-1,1013,1011,1234,-1,1011,1009,1234,-1,1234,1009,1007,-1,1234,1007,1021,-1,1232,1005,1001,-1,1232,1001,1234,-1,1234,1001,1015,-1,1234,1015,1013,-1,1132,1236,1134,-1,1134,1236,1237,-1,1238,1239,1240,-1,1240,1239,1241,-1,1242,1243,1244,-1,1241,1245,1240,-1,1240,1245,1246,-1,1240,1246,1247,-1,1248,1249,1250,-1,1241,1251,1245,-1,1245,1251,1242,-1,1245,1242,1252,-1,1252,1242,1244,-1,1247,1246,1250,-1,1250,1246,1253,-1,1250,1253,1248,-1,1254,1255,1245,-1,1245,1255,1246,-1,1256,1257,1258,-1,1258,1257,1259,-1,1260,1261,1262,-1,1259,1255,1258,-1,1258,1255,1254,-1,1258,1254,1263,-1,1264,1265,1266,-1,1259,1267,1255,-1,1255,1267,1260,-1,1255,1260,1268,-1,1268,1260,1262,-1,1263,1254,1266,-1,1266,1254,1269,-1,1266,1269,1264,-1,1257,1256,1270,-1,1257,1270,1271,-1,1271,1270,1272,-1,1271,1272,1273,-1,1273,1272,1274,-1,1273,1274,1275,-1,1275,1274,1276,-1,1275,1276,1277,-1,1277,1276,1278,-1,1277,1278,1279,-1,1279,1278,1280,-1,1279,1280,1281,-1,1236,1281,1237,-1,1237,1281,1280,-1,1085,1282,1086,-1,1086,1282,1283,-1,1284,1283,1285,-1,1285,1283,1282,-1,1284,1285,1286,-1,1286,1285,1287,-1,1286,1287,1288,-1,1288,1287,1289,-1,1288,1289,1290,-1,1290,1289,1291,-1,1290,1291,1292,-1,1292,1291,1293,-1,1292,1293,1294,-1,1294,1293,1295,-1,1294,1295,1238,-1,1238,1295,1239,-1,1086,1283,1087,-1,1087,1283,1284,-1,1281,1236,1131,-1,1131,1236,1132,-1,1240,1259,1238,-1,1238,1259,1257,-1,1238,1257,1294,-1,1294,1257,1271,-1,1294,1271,1292,-1,1292,1271,1273,-1,1292,1273,1290,-1,1290,1273,1275,-1,1290,1275,1288,-1,1288,1275,1277,-1,1288,1277,1286,-1,1286,1277,1279,-1,1286,1279,1284,-1,1284,1279,1281,-1,1284,1281,1087,-1,1087,1281,1131,-1,1285,1282,1084,-1,1084,1282,1085,-1,1134,1237,1135,-1,1135,1237,1280,-1,1084,1135,1285,-1,1285,1135,1280,-1,1285,1280,1287,-1,1287,1280,1278,-1,1287,1278,1289,-1,1289,1278,1276,-1,1289,1276,1291,-1,1291,1276,1274,-1,1291,1274,1293,-1,1293,1274,1272,-1,1293,1272,1295,-1,1295,1272,1270,-1,1295,1270,1239,-1,1239,1270,1256,-1,1239,1256,1241,-1,1241,1256,1258,-1,1108,1117,1123,-1,1108,1123,1113,-1,1113,1123,1119,-1,1113,1119,1112,-1,1112,1119,1121,-1,1112,1121,1111,-1,1111,1121,1122,-1,1111,1122,1109,-1,1109,1122,1120,-1,1109,1120,1110,-1,1110,1120,1114,-1,1110,1114,1105,-1,988,989,1078,-1,988,1078,1146,-1,1146,1078,1081,-1,1146,1081,1147,-1,1147,1081,1080,-1,1147,1080,1148,-1,1148,1080,1079,-1,1148,1079,1149,-1,1149,1079,1082,-1,1149,1082,1145,-1,1145,1082,1076,-1,1145,1076,1077,-1,1135,1084,1136,-1,1136,1084,1083,-1,1136,1083,1142,-1,1142,1083,1089,-1,1142,1089,1143,-1,1143,1089,1092,-1,1143,1092,1144,-1,1144,1092,1091,-1,1144,1091,1141,-1,1141,1091,1090,-1,1141,1090,972,-1,972,1090,973,-1,1087,1131,1088,-1,1088,1131,1130,-1,1088,1130,1096,-1,1096,1130,1137,-1,1096,1137,1097,-1,1097,1137,1140,-1,1097,1140,1098,-1,1098,1140,1139,-1,1098,1139,1095,-1,1095,1139,1138,-1,1095,1138,1094,-1,1094,1138,1133,-1,1241,1258,1263,-1,1241,1263,1251,-1,1251,1263,1266,-1,1251,1266,1242,-1,1242,1266,1265,-1,1242,1265,1243,-1,1243,1265,1264,-1,1243,1264,1244,-1,1244,1264,1269,-1,1244,1269,1252,-1,1252,1269,1254,-1,1252,1254,1245,-1,1259,1240,1247,-1,1259,1247,1267,-1,1267,1247,1250,-1,1267,1250,1260,-1,1260,1250,1249,-1,1260,1249,1261,-1,1261,1249,1248,-1,1261,1248,1262,-1,1262,1248,1253,-1,1262,1253,1268,-1,1268,1253,1246,-1,1268,1246,1255,-1,1296,1297,1298,-1,1298,1297,1299,-1,1298,1299,1300,-1,1300,1299,1301,-1,1300,1301,1302,-1,1302,1301,1303,-1,1302,1303,1304,-1,1304,1303,1305,-1,1304,1305,1306,-1,1306,1305,1307,-1,1306,1307,1308,-1,1308,1307,1309,-1,1308,1309,1310,-1,1310,1309,1311,-1,1310,1311,1312,-1,1312,1311,1313,-1,1314,1315,1316,-1,1316,1315,1317,-1,1316,1317,1318,-1,1318,1317,1319,-1,1320,1321,1322,-1,1323,1324,1325,-1,1326,1327,1322,-1,1322,1327,1328,-1,1322,1328,1320,-1,1320,1328,1323,-1,1320,1323,1329,-1,1329,1323,1325,-1,1330,1331,1332,-1,1332,1331,1333,-1,1332,1333,1334,-1,1334,1333,1335,-1,1334,1335,1336,-1,1336,1335,1337,-1,1336,1337,1338,-1,1338,1337,1339,-1,1338,1339,1324,-1,1324,1339,1325,-1,1340,1341,1342,-1,1343,1344,1342,-1,1342,1344,1345,-1,1342,1345,1340,-1,1340,1345,1331,-1,1340,1331,1330,-1,1346,1347,1348,-1,1348,1347,1349,-1,1348,1349,1350,-1,1350,1349,1351,-1,1347,1346,1352,-1,1352,1346,1353,-1,1352,1353,1354,-1,1354,1353,1355,-1,1354,1355,1356,-1,1356,1355,1357,-1,1356,1357,1314,-1,1314,1357,1315,-1,1358,1359,1360,-1,1360,1359,1361,-1,1360,1361,1362,-1,1362,1361,1363,-1,1362,1363,1364,-1,1364,1363,1365,-1,1364,1365,1366,-1,1366,1365,1367,-1,1366,1367,1368,-1,1368,1367,1369,-1,1368,1369,1370,-1,1370,1369,1371,-1,1370,1371,1372,-1,1372,1371,1373,-1,1372,1373,1374,-1,1374,1373,1375,-1,1349,1344,1351,-1,1351,1344,1343,-1,1351,1343,1376,-1,1376,1343,1377,-1,1376,1377,1358,-1,1358,1377,1359,-1,1318,1322,1316,-1,1316,1322,1321,-1,1378,1379,1380,-1,1380,1379,1381,-1,1327,1326,1317,-1,1317,1326,1319,-1,1382,1383,1384,-1,1384,1383,1385,-1,1384,1385,1386,-1,1386,1385,1387,-1,1386,1387,1388,-1,1388,1387,1389,-1,1388,1389,1390,-1,1390,1389,1391,-1,1390,1391,1392,-1,1392,1391,1393,-1,1392,1393,1394,-1,1394,1393,1395,-1,1394,1395,1396,-1,1396,1395,1397,-1,1396,1397,1398,-1,1398,1397,1399,-1,1400,1381,1401,-1,1401,1381,1379,-1,1311,1385,1383,-1,1311,1383,1313,-1,1313,1383,1380,-1,1313,1380,1381,-1,1381,1400,1313,-1,1313,1400,1402,-1,1313,1402,1403,-1,1403,1404,1313,-1,1313,1404,1405,-1,1313,1405,1406,-1,1385,1311,1309,-1,1385,1309,1387,-1,1387,1309,1307,-1,1387,1307,1389,-1,1389,1307,1305,-1,1389,1305,1391,-1,1391,1305,1303,-1,1391,1303,1393,-1,1393,1303,1301,-1,1393,1301,1395,-1,1395,1301,1299,-1,1395,1299,1397,-1,1407,1397,1297,-1,1297,1397,1299,-1,1408,1409,1410,-1,1411,1361,1412,-1,1412,1361,1413,-1,1407,1408,1397,-1,1397,1408,1410,-1,1397,1410,1399,-1,1399,1410,1414,-1,1399,1414,1359,-1,1359,1414,1361,-1,1409,1415,1410,-1,1410,1415,1416,-1,1410,1416,1417,-1,1414,1418,1419,-1,1419,1420,1414,-1,1414,1420,1421,-1,1414,1421,1361,-1,1361,1421,1422,-1,1361,1422,1413,-1,1361,1411,1423,-1,1361,1423,1363,-1,1363,1423,1424,-1,1363,1424,1365,-1,1365,1424,1425,-1,1365,1425,1367,-1,1367,1425,1426,-1,1367,1426,1369,-1,1369,1426,1427,-1,1369,1427,1371,-1,1371,1427,1428,-1,1371,1428,1373,-1,1429,1430,1431,-1,1373,1428,1375,-1,1375,1428,1432,-1,1375,1432,1431,-1,1431,1432,1429,-1,1429,1432,1433,-1,1429,1433,1434,-1,1435,1436,1434,-1,1434,1436,1437,-1,1434,1437,1429,-1,1438,1439,1429,-1,1429,1439,1430,-1,1440,1372,1374,-1,1440,1374,1441,-1,1441,1374,1442,-1,1441,1442,1439,-1,1443,1444,1445,-1,1445,1444,1446,-1,1439,1438,1441,-1,1441,1438,1444,-1,1441,1444,1447,-1,1447,1444,1443,-1,1372,1440,1370,-1,1370,1440,1448,-1,1370,1448,1368,-1,1368,1448,1449,-1,1368,1449,1366,-1,1366,1449,1450,-1,1366,1450,1364,-1,1364,1450,1451,-1,1364,1451,1362,-1,1362,1451,1452,-1,1362,1452,1360,-1,1360,1452,1453,-1,1454,1360,1455,-1,1455,1360,1453,-1,1456,1457,1458,-1,1298,1396,1296,-1,1296,1396,1459,-1,1454,1456,1360,-1,1360,1456,1458,-1,1360,1458,1358,-1,1358,1458,1460,-1,1358,1460,1398,-1,1398,1460,1396,-1,1457,1461,1458,-1,1458,1461,1462,-1,1458,1462,1463,-1,1460,1464,1465,-1,1465,1466,1460,-1,1460,1466,1467,-1,1460,1467,1396,-1,1396,1467,1468,-1,1396,1468,1459,-1,1396,1298,1394,-1,1394,1298,1300,-1,1394,1300,1392,-1,1392,1300,1302,-1,1392,1302,1390,-1,1390,1302,1304,-1,1390,1304,1388,-1,1388,1304,1306,-1,1388,1306,1386,-1,1386,1306,1308,-1,1386,1308,1384,-1,1384,1308,1310,-1,1469,1401,1312,-1,1470,1471,1472,-1,1384,1310,1382,-1,1382,1310,1312,-1,1382,1312,1378,-1,1378,1312,1401,-1,1378,1401,1379,-1,1469,1312,1472,-1,1472,1312,1473,-1,1472,1473,1470,-1,1430,1439,1431,-1,1431,1439,1442,-1,1441,1432,1440,-1,1440,1432,1428,-1,1440,1428,1448,-1,1448,1428,1427,-1,1448,1427,1449,-1,1449,1427,1426,-1,1449,1426,1450,-1,1450,1426,1425,-1,1450,1425,1451,-1,1451,1425,1424,-1,1451,1424,1452,-1,1452,1424,1423,-1,1452,1423,1453,-1,1453,1423,1411,-1,1453,1411,1455,-1,1455,1411,1412,-1,1322,1318,1326,-1,1326,1318,1319,-1,1343,1342,1474,-1,1343,1474,1377,-1,1377,1474,1399,-1,1377,1399,1359,-1,1358,1398,1376,-1,1376,1398,1475,-1,1376,1475,1351,-1,1351,1475,1350,-1,1398,1399,1475,-1,1475,1399,1474,-1,1475,1474,1350,-1,1350,1474,1342,-1,1350,1342,1348,-1,1348,1342,1341,-1,1476,1477,1478,-1,1478,1477,1479,-1,1348,1341,1480,-1,1480,1341,1481,-1,1480,1481,1482,-1,1482,1481,1483,-1,1482,1483,1382,-1,1382,1483,1383,-1,1484,1485,1486,-1,1486,1485,1487,-1,1486,1487,1341,-1,1341,1487,1481,-1,1477,1476,1317,-1,1317,1476,1327,-1,1488,1327,1476,-1,1489,1490,1491,-1,1491,1490,1488,-1,1491,1488,1478,-1,1478,1488,1476,-1,1489,1491,1492,-1,1492,1491,1493,-1,1492,1493,1494,-1,1494,1493,1495,-1,1495,1493,1496,-1,1496,1493,1485,-1,1496,1485,1484,-1,1353,1346,1497,-1,1353,1497,1355,-1,1355,1497,1498,-1,1355,1498,1357,-1,1357,1498,1499,-1,1357,1499,1315,-1,1497,1346,1500,-1,1500,1346,1348,-1,1500,1348,1480,-1,1315,1499,1317,-1,1317,1499,1479,-1,1317,1479,1477,-1,1382,1378,1482,-1,1482,1378,1501,-1,1482,1501,1480,-1,1480,1501,1500,-1,1481,1487,1502,-1,1481,1502,1483,-1,1483,1502,1380,-1,1483,1380,1383,-1,1378,1380,1501,-1,1501,1380,1502,-1,1501,1502,1500,-1,1500,1502,1487,-1,1500,1487,1497,-1,1497,1487,1485,-1,1497,1485,1498,-1,1498,1485,1493,-1,1498,1493,1499,-1,1499,1493,1491,-1,1499,1491,1479,-1,1479,1491,1478,-1,1327,1488,1503,-1,1503,1488,1504,-1,1503,1504,1505,-1,1505,1504,1506,-1,1505,1506,1507,-1,1507,1506,1486,-1,1507,1486,1341,-1,1494,1495,1506,-1,1495,1496,1506,-1,1506,1496,1484,-1,1506,1484,1486,-1,1504,1490,1489,-1,1504,1489,1506,-1,1506,1489,1492,-1,1506,1492,1494,-1,1508,1507,1341,-1,1509,1503,1510,-1,1510,1503,1505,-1,1510,1505,1511,-1,1507,1508,1505,-1,1505,1508,1512,-1,1505,1512,1511,-1,1327,1503,1509,-1,1488,1490,1504,-1,1328,1513,1323,-1,1327,1509,1514,-1,1508,1515,1512,-1,1512,1515,1516,-1,1512,1516,1511,-1,1514,1509,1516,-1,1516,1509,1510,-1,1516,1510,1511,-1,1508,1341,1515,-1,1324,1323,1513,-1,1324,1513,1338,-1,1338,1513,1517,-1,1338,1517,1336,-1,1517,1340,1330,-1,1330,1332,1517,-1,1517,1332,1334,-1,1517,1334,1336,-1,1328,1327,1513,-1,1513,1327,1514,-1,1513,1514,1517,-1,1517,1514,1516,-1,1517,1516,1340,-1,1340,1516,1515,-1,1340,1515,1341,-1,1518,1519,1520,-1,1520,1519,1521,-1,1374,1375,1522,-1,1522,1375,1523,-1,1522,1523,1524,-1,1524,1523,1525,-1,1524,1525,1349,-1,1349,1525,1344,-1,1344,1525,1526,-1,1526,1525,1527,-1,1526,1527,1528,-1,1528,1527,1529,-1,1321,1520,1316,-1,1316,1520,1521,-1,1520,1321,1518,-1,1518,1321,1530,-1,1518,1530,1531,-1,1531,1530,1532,-1,1531,1532,1533,-1,1519,1518,1534,-1,1534,1518,1531,-1,1534,1531,1535,-1,1535,1531,1536,-1,1535,1536,1537,-1,1537,1536,1529,-1,1537,1529,1538,-1,1538,1529,1527,-1,1538,1527,1539,-1,1539,1527,1540,-1,1539,1540,1442,-1,1442,1540,1431,-1,1442,1374,1539,-1,1539,1374,1522,-1,1539,1522,1538,-1,1538,1522,1524,-1,1527,1525,1523,-1,1527,1523,1540,-1,1540,1523,1375,-1,1540,1375,1431,-1,1356,1314,1534,-1,1356,1534,1354,-1,1354,1534,1535,-1,1354,1535,1352,-1,1352,1535,1537,-1,1352,1537,1347,-1,1541,1528,1529,-1,1541,1529,1542,-1,1542,1529,1536,-1,1542,1536,1543,-1,1543,1536,1544,-1,1544,1536,1531,-1,1544,1531,1533,-1,1347,1537,1349,-1,1349,1537,1538,-1,1349,1538,1524,-1,1534,1314,1519,-1,1519,1314,1316,-1,1519,1316,1521,-1,1530,1321,1545,-1,1545,1321,1546,-1,1545,1546,1547,-1,1547,1546,1548,-1,1547,1548,1526,-1,1526,1548,1549,-1,1526,1549,1344,-1,1526,1528,1547,-1,1547,1528,1541,-1,1547,1541,1542,-1,1542,1543,1547,-1,1547,1543,1544,-1,1547,1544,1545,-1,1545,1544,1533,-1,1545,1533,1532,-1,1344,1549,1550,-1,1550,1549,1551,-1,1551,1549,1548,-1,1551,1548,1552,-1,1546,1553,1548,-1,1548,1553,1554,-1,1548,1554,1552,-1,1553,1546,1321,-1,1532,1530,1545,-1,1321,1320,1555,-1,1555,1320,1556,-1,1555,1556,1557,-1,1557,1556,1558,-1,1557,1558,1559,-1,1559,1558,1345,-1,1559,1345,1344,-1,1329,1556,1320,-1,1553,1321,1555,-1,1553,1555,1554,-1,1554,1555,1557,-1,1554,1557,1552,-1,1559,1550,1557,-1,1557,1550,1551,-1,1557,1551,1552,-1,1344,1550,1559,-1,1337,1335,1558,-1,1335,1333,1558,-1,1558,1333,1331,-1,1558,1331,1345,-1,1556,1329,1325,-1,1556,1325,1558,-1,1558,1325,1339,-1,1558,1339,1337,-1,1458,1560,1460,-1,1460,1560,1561,-1,1562,1563,1564,-1,1564,1563,1565,-1,1564,1565,1566,-1,1566,1565,1567,-1,1566,1567,1568,-1,1568,1567,1569,-1,1568,1569,1570,-1,1570,1569,1571,-1,1566,1572,1564,-1,1564,1572,1573,-1,1564,1573,1574,-1,1574,1573,1575,-1,1574,1575,1576,-1,1576,1575,1577,-1,1578,1579,1566,-1,1566,1579,1572,-1,1580,1581,1582,-1,1582,1581,1583,-1,1582,1583,1579,-1,1579,1583,1584,-1,1579,1584,1585,-1,1585,1584,1586,-1,1585,1586,1587,-1,1587,1586,1588,-1,1579,1578,1582,-1,1582,1578,1589,-1,1582,1589,1590,-1,1590,1589,1591,-1,1590,1591,1592,-1,1592,1591,1593,-1,1581,1580,1594,-1,1581,1594,1595,-1,1595,1594,1596,-1,1595,1596,1597,-1,1597,1596,1598,-1,1597,1598,1599,-1,1599,1598,1600,-1,1599,1600,1601,-1,1601,1600,1602,-1,1601,1602,1603,-1,1603,1602,1604,-1,1603,1604,1605,-1,1560,1605,1561,-1,1561,1605,1604,-1,1410,1606,1414,-1,1414,1606,1607,-1,1608,1607,1609,-1,1609,1607,1606,-1,1608,1609,1610,-1,1610,1609,1611,-1,1610,1611,1612,-1,1612,1611,1613,-1,1612,1613,1614,-1,1614,1613,1615,-1,1614,1615,1616,-1,1616,1615,1617,-1,1616,1617,1618,-1,1618,1617,1619,-1,1618,1619,1562,-1,1562,1619,1563,-1,1414,1607,1418,-1,1418,1607,1608,-1,1605,1560,1463,-1,1463,1560,1458,-1,1564,1583,1562,-1,1562,1583,1581,-1,1562,1581,1618,-1,1618,1581,1595,-1,1618,1595,1616,-1,1616,1595,1597,-1,1616,1597,1614,-1,1614,1597,1599,-1,1614,1599,1612,-1,1612,1599,1601,-1,1612,1601,1610,-1,1610,1601,1603,-1,1610,1603,1608,-1,1608,1603,1605,-1,1608,1605,1418,-1,1418,1605,1463,-1,1609,1606,1417,-1,1417,1606,1410,-1,1460,1561,1464,-1,1464,1561,1604,-1,1417,1464,1609,-1,1609,1464,1604,-1,1609,1604,1611,-1,1611,1604,1602,-1,1611,1602,1613,-1,1613,1602,1600,-1,1613,1600,1615,-1,1615,1600,1598,-1,1615,1598,1617,-1,1617,1598,1596,-1,1617,1596,1619,-1,1619,1596,1594,-1,1619,1594,1563,-1,1563,1594,1580,-1,1563,1580,1565,-1,1565,1580,1582,-1,1432,1441,1447,-1,1432,1447,1433,-1,1433,1447,1443,-1,1433,1443,1434,-1,1434,1443,1445,-1,1434,1445,1435,-1,1435,1445,1446,-1,1435,1446,1436,-1,1436,1446,1444,-1,1436,1444,1437,-1,1437,1444,1438,-1,1437,1438,1429,-1,1312,1313,1406,-1,1312,1406,1473,-1,1473,1406,1405,-1,1473,1405,1470,-1,1470,1405,1404,-1,1470,1404,1471,-1,1471,1404,1403,-1,1471,1403,1472,-1,1472,1403,1402,-1,1472,1402,1469,-1,1469,1402,1400,-1,1469,1400,1401,-1,1464,1417,1465,-1,1465,1417,1416,-1,1465,1416,1466,-1,1466,1416,1415,-1,1466,1415,1467,-1,1467,1415,1409,-1,1467,1409,1468,-1,1468,1409,1408,-1,1468,1408,1459,-1,1459,1408,1407,-1,1459,1407,1296,-1,1296,1407,1297,-1,1418,1463,1419,-1,1419,1463,1462,-1,1419,1462,1420,-1,1420,1462,1461,-1,1420,1461,1421,-1,1421,1461,1457,-1,1421,1457,1422,-1,1422,1457,1456,-1,1422,1456,1413,-1,1413,1456,1454,-1,1413,1454,1412,-1,1412,1454,1455,-1,1565,1582,1590,-1,1565,1590,1567,-1,1567,1590,1592,-1,1567,1592,1569,-1,1569,1592,1593,-1,1569,1593,1571,-1,1571,1593,1591,-1,1571,1591,1570,-1,1570,1591,1589,-1,1570,1589,1568,-1,1568,1589,1578,-1,1568,1578,1566,-1,1583,1564,1574,-1,1583,1574,1584,-1,1584,1574,1576,-1,1584,1576,1586,-1,1586,1576,1577,-1,1586,1577,1588,-1,1588,1577,1575,-1,1588,1575,1587,-1,1587,1575,1573,-1,1587,1573,1585,-1,1585,1573,1572,-1,1585,1572,1579,-1,1620,1621,1622,-1,1622,1621,1623,-1,1622,1623,1624,-1,1624,1623,1625,-1,1624,1625,1626,-1,1626,1625,1627,-1,1626,1627,1628,-1,1628,1627,1629,-1,1628,1629,1630,-1,1630,1629,1631,-1,1630,1631,1632,-1,1632,1631,1633,-1,1632,1633,1634,-1,1634,1633,1635,-1,1634,1635,1636,-1,1636,1635,1637,-1,1638,1639,1640,-1,1640,1639,1641,-1,1640,1641,1642,-1,1642,1641,1643,-1,1644,1645,1646,-1,1647,1648,1649,-1,1650,1651,1646,-1,1646,1651,1652,-1,1646,1652,1644,-1,1644,1652,1647,-1,1644,1647,1653,-1,1653,1647,1649,-1,1654,1655,1656,-1,1656,1655,1657,-1,1656,1657,1658,-1,1658,1657,1659,-1,1658,1659,1660,-1,1660,1659,1661,-1,1660,1661,1662,-1,1662,1661,1663,-1,1662,1663,1648,-1,1648,1663,1649,-1,1664,1665,1666,-1,1667,1668,1666,-1,1666,1668,1669,-1,1666,1669,1664,-1,1664,1669,1655,-1,1664,1655,1654,-1,1670,1671,1672,-1,1672,1671,1673,-1,1672,1673,1674,-1,1674,1673,1675,-1,1671,1670,1676,-1,1676,1670,1677,-1,1676,1677,1678,-1,1678,1677,1679,-1,1678,1679,1680,-1,1680,1679,1681,-1,1680,1681,1638,-1,1638,1681,1639,-1,1682,1683,1684,-1,1684,1683,1685,-1,1684,1685,1686,-1,1686,1685,1687,-1,1686,1687,1688,-1,1688,1687,1689,-1,1688,1689,1690,-1,1690,1689,1691,-1,1690,1691,1692,-1,1692,1691,1693,-1,1692,1693,1694,-1,1694,1693,1695,-1,1694,1695,1696,-1,1696,1695,1697,-1,1696,1697,1698,-1,1698,1697,1699,-1,1673,1668,1675,-1,1675,1668,1667,-1,1675,1667,1700,-1,1700,1667,1701,-1,1700,1701,1682,-1,1682,1701,1683,-1,1642,1646,1640,-1,1640,1646,1645,-1,1702,1703,1704,-1,1704,1703,1705,-1,1651,1650,1641,-1,1641,1650,1643,-1,1706,1707,1708,-1,1708,1707,1709,-1,1708,1709,1710,-1,1710,1709,1711,-1,1710,1711,1712,-1,1712,1711,1713,-1,1712,1713,1714,-1,1714,1713,1715,-1,1714,1715,1716,-1,1716,1715,1717,-1,1716,1717,1718,-1,1718,1717,1719,-1,1718,1719,1720,-1,1720,1719,1721,-1,1720,1721,1722,-1,1722,1721,1723,-1,1724,1705,1725,-1,1725,1705,1703,-1,1635,1709,1707,-1,1635,1707,1637,-1,1637,1707,1704,-1,1637,1704,1705,-1,1705,1724,1637,-1,1637,1724,1726,-1,1637,1726,1727,-1,1727,1728,1637,-1,1637,1728,1729,-1,1637,1729,1730,-1,1709,1635,1633,-1,1709,1633,1711,-1,1711,1633,1631,-1,1711,1631,1713,-1,1713,1631,1629,-1,1713,1629,1715,-1,1715,1629,1627,-1,1715,1627,1717,-1,1717,1627,1625,-1,1717,1625,1719,-1,1719,1625,1623,-1,1719,1623,1721,-1,1731,1721,1621,-1,1621,1721,1623,-1,1732,1733,1734,-1,1735,1685,1736,-1,1736,1685,1737,-1,1731,1732,1721,-1,1721,1732,1734,-1,1721,1734,1723,-1,1723,1734,1738,-1,1723,1738,1683,-1,1683,1738,1685,-1,1733,1739,1734,-1,1734,1739,1740,-1,1734,1740,1741,-1,1738,1742,1743,-1,1743,1744,1738,-1,1738,1744,1745,-1,1738,1745,1685,-1,1685,1745,1746,-1,1685,1746,1737,-1,1685,1735,1747,-1,1685,1747,1687,-1,1687,1747,1748,-1,1687,1748,1689,-1,1689,1748,1749,-1,1689,1749,1691,-1,1691,1749,1750,-1,1691,1750,1693,-1,1693,1750,1751,-1,1693,1751,1695,-1,1695,1751,1752,-1,1695,1752,1697,-1,1753,1754,1755,-1,1697,1752,1699,-1,1699,1752,1756,-1,1699,1756,1755,-1,1755,1756,1753,-1,1753,1756,1757,-1,1753,1757,1758,-1,1759,1760,1758,-1,1758,1760,1761,-1,1758,1761,1753,-1,1762,1763,1753,-1,1753,1763,1754,-1,1764,1696,1698,-1,1764,1698,1765,-1,1765,1698,1766,-1,1765,1766,1763,-1,1767,1768,1769,-1,1769,1768,1770,-1,1763,1762,1765,-1,1765,1762,1768,-1,1765,1768,1771,-1,1771,1768,1767,-1,1696,1764,1694,-1,1694,1764,1772,-1,1694,1772,1692,-1,1692,1772,1773,-1,1692,1773,1690,-1,1690,1773,1774,-1,1690,1774,1688,-1,1688,1774,1775,-1,1688,1775,1686,-1,1686,1775,1776,-1,1686,1776,1684,-1,1684,1776,1777,-1,1778,1684,1779,-1,1779,1684,1777,-1,1780,1781,1782,-1,1622,1720,1620,-1,1620,1720,1783,-1,1778,1780,1684,-1,1684,1780,1782,-1,1684,1782,1682,-1,1682,1782,1784,-1,1682,1784,1722,-1,1722,1784,1720,-1,1781,1785,1782,-1,1782,1785,1786,-1,1782,1786,1787,-1,1784,1788,1789,-1,1789,1790,1784,-1,1784,1790,1791,-1,1784,1791,1720,-1,1720,1791,1792,-1,1720,1792,1783,-1,1720,1622,1718,-1,1718,1622,1624,-1,1718,1624,1716,-1,1716,1624,1626,-1,1716,1626,1714,-1,1714,1626,1628,-1,1714,1628,1712,-1,1712,1628,1630,-1,1712,1630,1710,-1,1710,1630,1632,-1,1710,1632,1708,-1,1708,1632,1634,-1,1793,1725,1636,-1,1794,1795,1796,-1,1708,1634,1706,-1,1706,1634,1636,-1,1706,1636,1702,-1,1702,1636,1725,-1,1702,1725,1703,-1,1793,1636,1796,-1,1796,1636,1797,-1,1796,1797,1794,-1,1754,1763,1755,-1,1755,1763,1766,-1,1765,1756,1764,-1,1764,1756,1752,-1,1764,1752,1772,-1,1772,1752,1751,-1,1772,1751,1773,-1,1773,1751,1750,-1,1773,1750,1774,-1,1774,1750,1749,-1,1774,1749,1775,-1,1775,1749,1748,-1,1775,1748,1776,-1,1776,1748,1747,-1,1776,1747,1777,-1,1777,1747,1735,-1,1777,1735,1779,-1,1779,1735,1736,-1,1646,1642,1650,-1,1650,1642,1643,-1,1667,1666,1798,-1,1667,1798,1701,-1,1701,1798,1723,-1,1701,1723,1683,-1,1682,1722,1700,-1,1700,1722,1799,-1,1700,1799,1675,-1,1675,1799,1674,-1,1722,1723,1799,-1,1799,1723,1798,-1,1799,1798,1674,-1,1674,1798,1666,-1,1674,1666,1672,-1,1672,1666,1665,-1,1800,1801,1802,-1,1802,1801,1803,-1,1672,1665,1804,-1,1804,1665,1805,-1,1804,1805,1806,-1,1806,1805,1807,-1,1806,1807,1706,-1,1706,1807,1707,-1,1808,1809,1810,-1,1810,1809,1811,-1,1810,1811,1665,-1,1665,1811,1805,-1,1801,1800,1641,-1,1641,1800,1651,-1,1812,1651,1800,-1,1813,1814,1815,-1,1815,1814,1812,-1,1815,1812,1802,-1,1802,1812,1800,-1,1813,1815,1816,-1,1816,1815,1817,-1,1816,1817,1818,-1,1818,1817,1819,-1,1819,1817,1820,-1,1820,1817,1809,-1,1820,1809,1808,-1,1677,1670,1821,-1,1677,1821,1679,-1,1679,1821,1822,-1,1679,1822,1681,-1,1681,1822,1823,-1,1681,1823,1639,-1,1821,1670,1824,-1,1824,1670,1672,-1,1824,1672,1804,-1,1639,1823,1641,-1,1641,1823,1803,-1,1641,1803,1801,-1,1706,1702,1806,-1,1806,1702,1825,-1,1806,1825,1804,-1,1804,1825,1824,-1,1805,1811,1826,-1,1805,1826,1807,-1,1807,1826,1704,-1,1807,1704,1707,-1,1702,1704,1825,-1,1825,1704,1826,-1,1825,1826,1824,-1,1824,1826,1811,-1,1824,1811,1821,-1,1821,1811,1809,-1,1821,1809,1822,-1,1822,1809,1817,-1,1822,1817,1823,-1,1823,1817,1815,-1,1823,1815,1803,-1,1803,1815,1802,-1,1651,1812,1827,-1,1827,1812,1828,-1,1827,1828,1829,-1,1829,1828,1830,-1,1829,1830,1831,-1,1831,1830,1810,-1,1831,1810,1665,-1,1818,1819,1830,-1,1819,1820,1830,-1,1830,1820,1808,-1,1830,1808,1810,-1,1828,1814,1813,-1,1828,1813,1830,-1,1830,1813,1816,-1,1830,1816,1818,-1,1832,1831,1665,-1,1833,1827,1834,-1,1834,1827,1829,-1,1834,1829,1835,-1,1831,1832,1829,-1,1829,1832,1836,-1,1829,1836,1835,-1,1651,1827,1833,-1,1812,1814,1828,-1,1652,1837,1647,-1,1651,1833,1838,-1,1832,1839,1836,-1,1836,1839,1840,-1,1836,1840,1835,-1,1838,1833,1840,-1,1840,1833,1834,-1,1840,1834,1835,-1,1832,1665,1839,-1,1648,1647,1837,-1,1648,1837,1662,-1,1662,1837,1841,-1,1662,1841,1660,-1,1841,1664,1654,-1,1654,1656,1841,-1,1841,1656,1658,-1,1841,1658,1660,-1,1652,1651,1837,-1,1837,1651,1838,-1,1837,1838,1841,-1,1841,1838,1840,-1,1841,1840,1664,-1,1664,1840,1839,-1,1664,1839,1665,-1,1842,1843,1844,-1,1844,1843,1845,-1,1698,1699,1846,-1,1846,1699,1847,-1,1846,1847,1848,-1,1848,1847,1849,-1,1848,1849,1673,-1,1673,1849,1668,-1,1668,1849,1850,-1,1850,1849,1851,-1,1850,1851,1852,-1,1852,1851,1853,-1,1645,1844,1640,-1,1640,1844,1845,-1,1844,1645,1842,-1,1842,1645,1854,-1,1842,1854,1855,-1,1855,1854,1856,-1,1855,1856,1857,-1,1843,1842,1858,-1,1858,1842,1855,-1,1858,1855,1859,-1,1859,1855,1860,-1,1859,1860,1861,-1,1861,1860,1853,-1,1861,1853,1862,-1,1862,1853,1851,-1,1862,1851,1863,-1,1863,1851,1864,-1,1863,1864,1766,-1,1766,1864,1755,-1,1766,1698,1863,-1,1863,1698,1846,-1,1863,1846,1862,-1,1862,1846,1848,-1,1851,1849,1847,-1,1851,1847,1864,-1,1864,1847,1699,-1,1864,1699,1755,-1,1680,1638,1858,-1,1680,1858,1678,-1,1678,1858,1859,-1,1678,1859,1676,-1,1676,1859,1861,-1,1676,1861,1671,-1,1865,1852,1853,-1,1865,1853,1866,-1,1866,1853,1860,-1,1866,1860,1867,-1,1867,1860,1868,-1,1868,1860,1855,-1,1868,1855,1857,-1,1671,1861,1673,-1,1673,1861,1862,-1,1673,1862,1848,-1,1858,1638,1843,-1,1843,1638,1640,-1,1843,1640,1845,-1,1854,1645,1869,-1,1869,1645,1870,-1,1869,1870,1871,-1,1871,1870,1872,-1,1871,1872,1850,-1,1850,1872,1873,-1,1850,1873,1668,-1,1850,1852,1871,-1,1871,1852,1865,-1,1871,1865,1866,-1,1866,1867,1871,-1,1871,1867,1868,-1,1871,1868,1869,-1,1869,1868,1857,-1,1869,1857,1856,-1,1668,1873,1874,-1,1874,1873,1875,-1,1875,1873,1872,-1,1875,1872,1876,-1,1870,1877,1872,-1,1872,1877,1878,-1,1872,1878,1876,-1,1877,1870,1645,-1,1856,1854,1869,-1,1645,1644,1879,-1,1879,1644,1880,-1,1879,1880,1881,-1,1881,1880,1882,-1,1881,1882,1883,-1,1883,1882,1669,-1,1883,1669,1668,-1,1653,1880,1644,-1,1877,1645,1879,-1,1877,1879,1878,-1,1878,1879,1881,-1,1878,1881,1876,-1,1883,1874,1881,-1,1881,1874,1875,-1,1881,1875,1876,-1,1668,1874,1883,-1,1661,1659,1882,-1,1659,1657,1882,-1,1882,1657,1655,-1,1882,1655,1669,-1,1880,1653,1649,-1,1880,1649,1882,-1,1882,1649,1663,-1,1882,1663,1661,-1,1782,1884,1784,-1,1784,1884,1885,-1,1886,1887,1888,-1,1888,1887,1889,-1,1888,1889,1890,-1,1891,1889,1892,-1,1892,1889,1893,-1,1891,1894,1889,-1,1889,1894,1895,-1,1889,1895,1890,-1,1896,1897,1898,-1,1898,1897,1899,-1,1890,1900,1888,-1,1888,1900,1897,-1,1888,1897,1901,-1,1901,1897,1896,-1,1902,1903,1890,-1,1890,1903,1900,-1,1904,1905,1906,-1,1906,1905,1907,-1,1906,1908,1909,-1,1909,1910,1906,-1,1906,1910,1911,-1,1906,1911,1912,-1,1913,1914,1907,-1,1907,1914,1903,-1,1907,1903,1906,-1,1906,1903,1902,-1,1906,1902,1908,-1,1913,1915,1914,-1,1914,1915,1916,-1,1914,1916,1917,-1,1905,1904,1918,-1,1905,1918,1919,-1,1919,1918,1920,-1,1919,1920,1921,-1,1921,1920,1922,-1,1921,1922,1923,-1,1923,1922,1924,-1,1923,1924,1925,-1,1925,1924,1926,-1,1925,1926,1927,-1,1927,1926,1928,-1,1927,1928,1929,-1,1884,1929,1885,-1,1885,1929,1928,-1,1734,1930,1738,-1,1738,1930,1931,-1,1932,1931,1933,-1,1933,1931,1930,-1,1932,1933,1934,-1,1934,1933,1935,-1,1934,1935,1936,-1,1936,1935,1937,-1,1936,1937,1938,-1,1938,1937,1939,-1,1938,1939,1940,-1,1940,1939,1941,-1,1940,1941,1942,-1,1942,1941,1943,-1,1942,1943,1886,-1,1886,1943,1887,-1,1738,1931,1742,-1,1742,1931,1932,-1,1929,1884,1787,-1,1787,1884,1782,-1,1888,1907,1886,-1,1886,1907,1905,-1,1886,1905,1942,-1,1942,1905,1919,-1,1942,1919,1940,-1,1940,1919,1921,-1,1940,1921,1938,-1,1938,1921,1923,-1,1938,1923,1936,-1,1936,1923,1925,-1,1936,1925,1934,-1,1934,1925,1927,-1,1934,1927,1932,-1,1932,1927,1929,-1,1932,1929,1742,-1,1742,1929,1787,-1,1933,1930,1741,-1,1741,1930,1734,-1,1784,1885,1788,-1,1788,1885,1928,-1,1741,1788,1933,-1,1933,1788,1928,-1,1933,1928,1935,-1,1935,1928,1926,-1,1935,1926,1937,-1,1937,1926,1924,-1,1937,1924,1939,-1,1939,1924,1922,-1,1939,1922,1941,-1,1941,1922,1920,-1,1941,1920,1943,-1,1943,1920,1918,-1,1943,1918,1887,-1,1887,1918,1904,-1,1887,1904,1889,-1,1889,1904,1906,-1,1756,1765,1771,-1,1756,1771,1757,-1,1757,1771,1767,-1,1757,1767,1758,-1,1758,1767,1769,-1,1758,1769,1759,-1,1759,1769,1770,-1,1759,1770,1760,-1,1760,1770,1768,-1,1760,1768,1761,-1,1761,1768,1762,-1,1761,1762,1753,-1,1636,1637,1730,-1,1636,1730,1797,-1,1797,1730,1729,-1,1797,1729,1794,-1,1794,1729,1728,-1,1794,1728,1795,-1,1795,1728,1727,-1,1795,1727,1796,-1,1796,1727,1726,-1,1796,1726,1793,-1,1793,1726,1724,-1,1793,1724,1725,-1,1788,1741,1789,-1,1789,1741,1740,-1,1789,1740,1790,-1,1790,1740,1739,-1,1790,1739,1791,-1,1791,1739,1733,-1,1791,1733,1792,-1,1792,1733,1732,-1,1792,1732,1783,-1,1783,1732,1731,-1,1783,1731,1620,-1,1620,1731,1621,-1,1742,1787,1743,-1,1743,1787,1786,-1,1743,1786,1744,-1,1744,1786,1785,-1,1744,1785,1745,-1,1745,1785,1781,-1,1745,1781,1746,-1,1746,1781,1780,-1,1746,1780,1737,-1,1737,1780,1778,-1,1737,1778,1736,-1,1736,1778,1779,-1,1889,1906,1912,-1,1889,1912,1893,-1,1893,1912,1911,-1,1893,1911,1892,-1,1892,1911,1910,-1,1892,1910,1891,-1,1891,1910,1909,-1,1891,1909,1894,-1,1894,1909,1908,-1,1894,1908,1895,-1,1895,1908,1902,-1,1895,1902,1890,-1,1907,1888,1901,-1,1907,1901,1913,-1,1913,1901,1896,-1,1913,1896,1915,-1,1915,1896,1898,-1,1915,1898,1916,-1,1916,1898,1899,-1,1916,1899,1917,-1,1917,1899,1897,-1,1917,1897,1914,-1,1914,1897,1900,-1,1914,1900,1903,-1,1944,1945,1946,-1,1946,1945,1947,-1,1946,1947,1948,-1,1948,1947,1949,-1,1948,1949,1950,-1,1950,1949,1951,-1,1950,1951,1952,-1,1952,1951,1953,-1,1952,1953,1954,-1,1954,1953,1955,-1,1954,1955,1956,-1,1956,1955,1957,-1,1956,1957,1958,-1,1958,1957,1959,-1,1958,1959,1960,-1,1960,1959,1961,-1,1962,1963,1964,-1,1964,1963,1965,-1,1964,1965,1966,-1,1966,1965,1967,-1,1968,1969,1970,-1,1971,1972,1973,-1,1974,1975,1976,-1,1976,1975,1977,-1,1976,1977,1973,-1,1973,1977,1968,-1,1973,1968,1971,-1,1971,1968,1970,-1,1975,1974,1978,-1,1978,1974,1979,-1,1978,1979,1980,-1,1980,1979,1981,-1,1980,1981,1982,-1,1982,1981,1983,-1,1982,1983,1984,-1,1984,1983,1985,-1,1984,1985,1986,-1,1986,1985,1987,-1,1988,1989,1990,-1,1991,1992,1993,-1,1986,1987,1993,-1,1993,1987,1988,-1,1993,1988,1991,-1,1991,1988,1990,-1,1994,1995,1996,-1,1996,1995,1997,-1,1996,1997,1998,-1,1998,1997,1999,-1,1966,1967,2000,-1,2000,1967,2001,-1,2000,2001,2002,-1,2002,2001,2003,-1,2002,2003,2004,-1,2004,2003,2005,-1,2004,2005,1999,-1,1999,2005,1998,-1,2006,2007,2008,-1,2008,2007,2009,-1,2008,2009,2010,-1,2010,2009,2011,-1,2010,2011,2012,-1,2012,2011,2013,-1,2012,2013,2014,-1,2014,2013,2015,-1,2014,2015,2016,-1,2016,2015,2017,-1,2016,2017,2018,-1,2018,2017,2019,-1,2018,2019,2020,-1,2020,2019,2021,-1,2020,2021,2022,-1,2022,2021,2023,-1,2022,2023,2024,-1,2024,2023,2025,-1,2024,2025,1995,-1,1995,2025,1990,-1,1995,1990,1997,-1,1997,1990,1989,-1,1972,1971,1964,-1,1964,1971,1962,-1,2026,2027,2028,-1,2028,2027,2029,-1,1963,1970,1965,-1,1965,1970,1969,-1,2030,2031,2032,-1,2032,2031,2033,-1,2032,2033,2034,-1,2034,2033,2035,-1,2034,2035,2036,-1,2036,2035,2037,-1,2036,2037,2038,-1,2038,2037,2039,-1,2038,2039,2040,-1,2040,2039,2041,-1,2040,2041,2042,-1,2042,2041,2043,-1,2042,2043,2044,-1,2044,2043,2045,-1,2044,2045,2046,-1,2046,2045,2047,-1,2028,2048,2026,-1,2026,2048,2049,-1,2045,1947,2047,-1,2047,1947,1945,-1,2047,1945,2029,-1,2029,1945,2048,-1,2029,2048,2028,-1,1945,2050,2048,-1,2048,2050,2051,-1,2048,2051,2052,-1,2052,2051,2053,-1,2052,2053,2054,-1,2033,1959,1957,-1,2033,1957,2035,-1,2035,1957,1955,-1,2035,1955,2037,-1,2037,1955,1953,-1,2037,1953,2039,-1,2039,1953,1951,-1,2039,1951,2041,-1,2041,1951,1949,-1,2041,1949,2043,-1,2043,1949,1947,-1,2043,1947,2045,-1,2055,2056,2057,-1,2057,2056,2058,-1,2059,2060,2061,-1,2021,2062,2063,-1,2021,2056,2023,-1,2023,2056,2059,-1,2023,2059,2031,-1,2031,2059,2033,-1,1959,2033,1961,-1,1961,2033,2064,-1,2063,2065,2021,-1,2021,2065,2066,-1,2021,2066,2056,-1,2056,2066,2067,-1,2056,2067,2058,-1,2061,2068,2059,-1,2059,2068,2069,-1,2059,2069,2033,-1,2033,2069,2070,-1,2033,2070,2064,-1,2009,2071,2072,-1,2009,2072,2011,-1,2011,2072,2073,-1,2011,2073,2013,-1,2013,2073,2074,-1,2013,2074,2015,-1,2015,2074,2075,-1,2015,2075,2017,-1,2017,2075,2076,-1,2017,2076,2019,-1,2019,2076,2062,-1,2019,2062,2021,-1,2077,2078,2007,-1,2007,2078,2071,-1,2007,2071,2009,-1,2077,2079,2078,-1,2078,2079,2080,-1,2078,2080,2081,-1,2082,2083,2084,-1,2084,2083,2078,-1,2084,2078,2085,-1,2085,2078,2081,-1,2086,2087,2079,-1,2079,2087,2080,-1,2088,2087,2089,-1,2090,2091,2092,-1,2008,2093,2006,-1,2006,2093,2089,-1,2006,2089,2094,-1,2094,2089,2087,-1,2094,2087,2086,-1,2090,2092,2089,-1,2089,2092,2095,-1,2089,2095,2088,-1,2020,2096,2018,-1,2018,2096,2097,-1,2018,2097,2016,-1,2016,2097,2098,-1,2016,2098,2014,-1,2014,2098,2099,-1,2014,2099,2012,-1,2012,2099,2100,-1,2012,2100,2010,-1,2010,2100,2101,-1,2010,2101,2008,-1,2008,2101,2093,-1,2102,2032,1960,-1,1960,2032,1958,-1,2103,2104,2105,-1,2106,2107,2108,-1,2102,2103,2032,-1,2032,2103,2105,-1,2032,2105,2030,-1,2030,2105,2106,-1,2030,2106,2022,-1,2022,2106,2020,-1,2104,2109,2105,-1,2105,2109,2110,-1,2105,2110,2111,-1,2096,2020,2112,-1,2112,2020,2113,-1,2108,2114,2106,-1,2106,2114,2115,-1,2106,2115,2020,-1,2020,2115,2116,-1,2020,2116,2113,-1,2044,1946,2042,-1,2042,1946,1948,-1,2042,1948,2040,-1,2040,1948,1950,-1,2040,1950,2038,-1,2038,1950,1952,-1,2038,1952,2036,-1,2036,1952,1954,-1,2036,1954,2034,-1,2034,1954,1956,-1,2034,1956,2032,-1,2032,1956,1958,-1,1946,2044,2046,-1,1946,2046,1944,-1,2046,2027,1944,-1,1944,2027,2026,-1,1944,2026,2049,-1,2117,2118,2119,-1,2119,2118,2120,-1,2119,2120,2049,-1,2049,2120,2121,-1,2049,2121,1944,-1,2086,2079,2094,-1,2094,2079,2077,-1,2112,2063,2096,-1,2096,2063,2062,-1,2096,2062,2097,-1,2097,2062,2076,-1,2097,2076,2098,-1,2098,2076,2075,-1,2098,2075,2099,-1,2099,2075,2074,-1,2099,2074,2100,-1,2100,2074,2073,-1,2100,2073,2101,-1,2101,2073,2072,-1,2101,2072,2093,-1,2093,2072,2071,-1,2093,2071,2089,-1,2089,2071,2078,-1,1962,1971,1963,-1,1963,1971,1970,-1,2023,2031,2122,-1,2023,2122,2025,-1,2025,2122,1991,-1,2025,1991,1990,-1,1995,1994,2024,-1,2024,1994,2123,-1,2024,2123,2022,-1,2022,2123,2030,-1,1996,1992,1994,-1,1994,1992,1991,-1,1994,1991,2123,-1,2123,1991,2122,-1,2123,2122,2030,-1,2030,2122,2031,-1,2124,2125,2126,-1,2126,2125,2127,-1,2046,2047,2128,-1,2128,2047,2129,-1,2128,2129,2130,-1,2130,2129,2131,-1,2130,2131,1996,-1,1996,2131,1992,-1,1992,2131,2132,-1,2132,2131,2133,-1,2132,2133,2134,-1,2134,2133,2135,-1,1969,2125,1965,-1,1965,2125,2124,-1,2125,1969,2127,-1,2127,1969,2136,-1,2127,2136,2137,-1,2137,2136,2138,-1,2137,2138,2139,-1,2140,2141,2142,-1,2140,2142,2135,-1,2135,2142,2143,-1,2135,2143,2134,-1,2137,2139,2140,-1,2140,2139,2144,-1,2140,2144,2141,-1,2001,1967,2145,-1,2001,2145,2003,-1,2003,2145,2146,-1,2003,2146,2005,-1,2005,2146,2147,-1,2005,2147,1998,-1,1998,2147,1996,-1,1996,2147,2148,-1,1996,2148,2130,-1,2145,1967,2126,-1,2126,1967,1965,-1,2126,1965,2124,-1,2130,2148,2128,-1,2128,2148,2149,-1,2128,2149,2046,-1,2046,2149,2027,-1,2047,2029,2150,-1,2047,2150,2129,-1,2129,2150,2133,-1,2129,2133,2131,-1,2126,2127,2145,-1,2145,2127,2137,-1,2145,2137,2146,-1,2146,2137,2140,-1,2146,2140,2147,-1,2147,2140,2135,-1,2147,2135,2148,-1,2148,2135,2133,-1,2148,2133,2149,-1,2149,2133,2150,-1,2149,2150,2027,-1,2027,2150,2029,-1,2136,1969,2151,-1,2151,1969,2152,-1,2151,2152,2153,-1,2153,2152,2154,-1,2153,2154,2132,-1,2132,2154,2155,-1,2132,2155,1992,-1,2139,2138,2151,-1,2139,2151,2144,-1,2144,2151,2153,-1,2144,2153,2141,-1,2153,2132,2134,-1,2134,2143,2153,-1,2153,2143,2142,-1,2153,2142,2141,-1,1992,2155,2156,-1,2156,2155,2157,-1,2157,2155,2154,-1,2157,2154,2158,-1,2152,2159,2154,-1,2154,2159,2160,-1,2154,2160,2158,-1,2159,2152,1969,-1,2151,2138,2136,-1,1977,2161,1968,-1,2162,2159,1969,-1,2159,2162,2160,-1,2160,2162,2163,-1,2160,2163,2158,-1,2164,2156,2163,-1,2163,2156,2157,-1,2163,2157,2158,-1,2164,1992,2156,-1,1980,1982,2165,-1,1982,1984,2165,-1,2165,1984,1986,-1,2165,1986,1993,-1,2161,1977,1975,-1,2161,1975,2165,-1,2165,1975,1978,-1,2165,1978,1980,-1,1969,1968,2162,-1,2162,1968,2161,-1,2162,2161,2163,-1,2163,2161,2165,-1,2163,2165,2164,-1,2164,2165,1993,-1,2164,1993,1992,-1,2166,2167,2168,-1,2168,2167,2169,-1,1997,1989,2170,-1,2170,1989,2171,-1,2170,2171,2172,-1,2172,2171,2173,-1,2172,2173,2006,-1,2006,2173,2007,-1,2174,2175,2176,-1,2176,2175,2177,-1,2176,2177,1989,-1,1989,2177,2171,-1,2168,2169,1964,-1,1964,2169,1972,-1,2178,1972,2169,-1,2179,2180,2181,-1,2181,2180,2178,-1,2181,2178,2167,-1,2167,2178,2169,-1,2094,2077,2182,-1,2182,2077,2183,-1,2182,2183,2184,-1,2184,2183,2177,-1,2184,2177,2185,-1,2185,2177,2175,-1,2185,2175,2186,-1,2186,2175,2187,-1,2186,2187,2188,-1,2188,2187,2181,-1,2188,2181,2166,-1,2166,2181,2167,-1,2184,2170,2182,-1,2182,2170,2172,-1,2182,2172,2094,-1,2094,2172,2006,-1,2077,2007,2173,-1,2077,2173,2183,-1,2183,2173,2171,-1,2183,2171,2177,-1,2004,1999,2185,-1,2004,2185,2002,-1,2002,2185,2186,-1,2002,2186,2000,-1,2000,2186,2188,-1,2000,2188,1966,-1,2174,2189,2175,-1,2175,2189,2190,-1,2175,2190,2187,-1,2187,2190,2191,-1,2187,2191,2181,-1,2181,2191,2192,-1,2181,2192,2179,-1,2185,1999,2184,-1,2184,1999,1997,-1,2184,1997,2170,-1,1966,2188,1964,-1,1964,2188,2166,-1,1964,2166,2168,-1,1972,2178,2193,-1,2193,2178,2194,-1,2193,2194,2195,-1,2195,2194,2196,-1,2195,2196,2197,-1,2197,2196,2176,-1,2197,2176,1989,-1,2191,2190,2196,-1,2194,2180,2179,-1,2194,2179,2196,-1,2196,2179,2192,-1,2196,2192,2191,-1,2190,2189,2196,-1,2196,2189,2174,-1,2196,2174,2176,-1,2198,2197,1989,-1,2199,2193,2200,-1,2200,2193,2195,-1,2200,2195,2201,-1,2197,2198,2195,-1,2195,2198,2202,-1,2195,2202,2201,-1,1972,2193,2199,-1,2194,2178,2180,-1,1973,1972,2203,-1,2203,1972,2204,-1,2203,2204,2205,-1,2205,2204,2206,-1,2205,2206,1988,-1,1988,2206,2207,-1,1988,2207,1989,-1,1973,2203,1976,-1,2204,1972,2199,-1,2198,2207,2202,-1,2202,2207,2206,-1,2202,2206,2201,-1,2204,2199,2206,-1,2206,2199,2200,-1,2206,2200,2201,-1,2207,2198,1989,-1,1974,1976,2203,-1,1974,2203,1979,-1,1979,2203,2205,-1,1979,2205,1981,-1,2205,1988,1987,-1,1987,1985,2205,-1,2205,1985,1983,-1,2205,1983,1981,-1,2208,2106,2209,-1,2209,2106,2105,-1,2210,2211,2212,-1,2213,2214,2211,-1,2211,2214,2215,-1,2216,2217,2218,-1,2219,2220,2221,-1,2212,2211,2222,-1,2222,2211,2215,-1,2222,2215,2223,-1,2210,2212,2218,-1,2218,2212,2224,-1,2218,2224,2216,-1,2219,2221,2215,-1,2215,2221,2225,-1,2215,2225,2223,-1,2226,2227,2222,-1,2222,2227,2212,-1,2228,2229,2230,-1,2230,2229,2231,-1,2232,2233,2234,-1,2231,2235,2227,-1,2227,2235,2232,-1,2227,2232,2236,-1,2236,2232,2234,-1,2231,2227,2230,-1,2230,2227,2226,-1,2230,2226,2237,-1,2238,2239,2240,-1,2240,2239,2230,-1,2240,2230,2241,-1,2241,2230,2237,-1,2242,2243,2244,-1,2242,2244,2245,-1,2245,2244,2246,-1,2245,2246,2247,-1,2247,2246,2248,-1,2247,2248,2249,-1,2249,2248,2250,-1,2249,2250,2251,-1,2251,2250,2252,-1,2251,2252,2253,-1,2253,2252,2229,-1,2253,2229,2228,-1,2242,2208,2243,-1,2243,2208,2209,-1,2254,2059,2255,-1,2255,2059,2056,-1,2255,2256,2254,-1,2254,2256,2257,-1,2214,2213,2258,-1,2258,2213,2259,-1,2258,2259,2260,-1,2260,2259,2261,-1,2260,2261,2262,-1,2262,2261,2263,-1,2262,2263,2264,-1,2264,2263,2265,-1,2264,2265,2266,-1,2266,2265,2267,-1,2266,2267,2256,-1,2256,2267,2257,-1,2256,2255,2055,-1,2055,2255,2056,-1,2106,2208,2107,-1,2107,2208,2242,-1,2055,2107,2256,-1,2256,2107,2242,-1,2256,2242,2266,-1,2266,2242,2245,-1,2266,2245,2264,-1,2264,2245,2247,-1,2264,2247,2262,-1,2262,2247,2249,-1,2262,2249,2260,-1,2260,2249,2251,-1,2260,2251,2258,-1,2258,2251,2253,-1,2258,2253,2214,-1,2214,2253,2228,-1,2214,2228,2215,-1,2215,2228,2230,-1,2059,2254,2060,-1,2060,2254,2257,-1,2243,2209,2111,-1,2111,2209,2105,-1,2211,2231,2213,-1,2213,2231,2229,-1,2213,2229,2259,-1,2259,2229,2252,-1,2259,2252,2261,-1,2261,2252,2250,-1,2261,2250,2263,-1,2263,2250,2248,-1,2263,2248,2265,-1,2265,2248,2246,-1,2265,2246,2267,-1,2267,2246,2244,-1,2267,2244,2257,-1,2257,2244,2243,-1,2257,2243,2060,-1,2060,2243,2111,-1,2080,2087,2088,-1,2080,2088,2081,-1,2081,2088,2095,-1,2081,2095,2085,-1,2085,2095,2092,-1,2085,2092,2084,-1,2084,2092,2091,-1,2084,2091,2082,-1,2082,2091,2090,-1,2082,2090,2083,-1,2083,2090,2089,-1,2083,2089,2078,-1,2049,2048,2052,-1,2049,2052,2119,-1,2119,2052,2054,-1,2119,2054,2117,-1,2117,2054,2053,-1,2117,2053,2118,-1,2118,2053,2051,-1,2118,2051,2120,-1,2120,2051,2050,-1,2120,2050,2121,-1,2121,2050,1945,-1,2121,1945,1944,-1,1960,1961,2102,-1,2102,1961,2064,-1,2102,2064,2103,-1,2103,2064,2070,-1,2103,2070,2104,-1,2104,2070,2069,-1,2104,2069,2109,-1,2109,2069,2068,-1,2109,2068,2110,-1,2110,2068,2061,-1,2110,2061,2111,-1,2111,2061,2060,-1,2063,2112,2065,-1,2065,2112,2113,-1,2065,2113,2066,-1,2066,2113,2116,-1,2066,2116,2067,-1,2067,2116,2115,-1,2067,2115,2058,-1,2058,2115,2114,-1,2058,2114,2057,-1,2057,2114,2108,-1,2057,2108,2055,-1,2055,2108,2107,-1,2212,2227,2236,-1,2212,2236,2224,-1,2224,2236,2234,-1,2224,2234,2216,-1,2216,2234,2233,-1,2216,2233,2217,-1,2217,2233,2232,-1,2217,2232,2218,-1,2218,2232,2235,-1,2218,2235,2210,-1,2210,2235,2231,-1,2210,2231,2211,-1,2226,2222,2223,-1,2226,2223,2237,-1,2237,2223,2225,-1,2237,2225,2241,-1,2241,2225,2221,-1,2241,2221,2240,-1,2240,2221,2220,-1,2240,2220,2238,-1,2238,2220,2219,-1,2238,2219,2239,-1,2239,2219,2215,-1,2239,2215,2230,-1,2268,2269,2270,-1,2270,2269,2271,-1,2270,2271,2272,-1,2272,2271,2273,-1,2272,2273,2274,-1,2274,2273,2275,-1,2274,2275,2276,-1,2276,2275,2277,-1,2276,2277,2278,-1,2278,2277,2279,-1,2278,2279,2280,-1,2280,2279,2281,-1,2280,2281,2282,-1,2282,2281,2283,-1,2282,2283,2284,-1,2284,2283,2285,-1,2286,2287,2288,-1,2288,2287,2289,-1,2288,2289,2290,-1,2290,2289,2291,-1,2292,2293,2294,-1,2295,2296,2297,-1,2298,2299,2300,-1,2300,2299,2301,-1,2300,2301,2297,-1,2297,2301,2292,-1,2297,2292,2295,-1,2295,2292,2294,-1,2299,2298,2302,-1,2302,2298,2303,-1,2302,2303,2304,-1,2304,2303,2305,-1,2304,2305,2306,-1,2306,2305,2307,-1,2306,2307,2308,-1,2308,2307,2309,-1,2308,2309,2310,-1,2310,2309,2311,-1,2312,2313,2314,-1,2315,2316,2317,-1,2310,2311,2317,-1,2317,2311,2312,-1,2317,2312,2315,-1,2315,2312,2314,-1,2318,2319,2320,-1,2320,2319,2321,-1,2320,2321,2322,-1,2322,2321,2323,-1,2290,2291,2324,-1,2324,2291,2325,-1,2324,2325,2326,-1,2326,2325,2327,-1,2326,2327,2328,-1,2328,2327,2329,-1,2328,2329,2323,-1,2323,2329,2322,-1,2330,2331,2332,-1,2332,2331,2333,-1,2332,2333,2334,-1,2334,2333,2335,-1,2334,2335,2336,-1,2336,2335,2337,-1,2336,2337,2338,-1,2338,2337,2339,-1,2338,2339,2340,-1,2340,2339,2341,-1,2340,2341,2342,-1,2342,2341,2343,-1,2342,2343,2344,-1,2344,2343,2345,-1,2344,2345,2346,-1,2346,2345,2347,-1,2346,2347,2348,-1,2348,2347,2349,-1,2348,2349,2319,-1,2319,2349,2314,-1,2319,2314,2321,-1,2321,2314,2313,-1,2296,2295,2288,-1,2288,2295,2286,-1,2350,2351,2352,-1,2352,2351,2353,-1,2287,2294,2289,-1,2289,2294,2293,-1,2354,2355,2356,-1,2356,2355,2357,-1,2356,2357,2358,-1,2358,2357,2359,-1,2358,2359,2360,-1,2360,2359,2361,-1,2360,2361,2362,-1,2362,2361,2363,-1,2362,2363,2364,-1,2364,2363,2365,-1,2364,2365,2366,-1,2366,2365,2367,-1,2366,2367,2368,-1,2368,2367,2369,-1,2368,2369,2370,-1,2370,2369,2371,-1,2352,2372,2350,-1,2350,2372,2373,-1,2369,2271,2371,-1,2371,2271,2269,-1,2371,2269,2353,-1,2353,2269,2372,-1,2353,2372,2352,-1,2269,2374,2372,-1,2372,2374,2375,-1,2372,2375,2376,-1,2376,2375,2377,-1,2376,2377,2378,-1,2357,2283,2281,-1,2357,2281,2359,-1,2359,2281,2279,-1,2359,2279,2361,-1,2361,2279,2277,-1,2361,2277,2363,-1,2363,2277,2275,-1,2363,2275,2365,-1,2365,2275,2273,-1,2365,2273,2367,-1,2367,2273,2271,-1,2367,2271,2369,-1,2379,2345,2380,-1,2380,2345,2381,-1,2382,2383,2384,-1,2385,2386,2387,-1,2379,2382,2345,-1,2345,2382,2384,-1,2345,2384,2347,-1,2347,2384,2385,-1,2347,2385,2355,-1,2355,2385,2357,-1,2383,2388,2384,-1,2384,2388,2389,-1,2384,2389,2390,-1,2283,2357,2285,-1,2285,2357,2391,-1,2387,2392,2385,-1,2385,2392,2393,-1,2385,2393,2357,-1,2357,2393,2394,-1,2357,2394,2391,-1,2333,2395,2396,-1,2333,2396,2335,-1,2335,2396,2397,-1,2335,2397,2337,-1,2337,2397,2398,-1,2337,2398,2339,-1,2339,2398,2399,-1,2339,2399,2341,-1,2341,2399,2400,-1,2341,2400,2343,-1,2343,2400,2381,-1,2343,2381,2345,-1,2401,2402,2331,-1,2331,2402,2395,-1,2331,2395,2333,-1,2401,2403,2402,-1,2402,2403,2404,-1,2402,2404,2405,-1,2406,2407,2408,-1,2408,2407,2402,-1,2408,2402,2409,-1,2409,2402,2405,-1,2410,2411,2403,-1,2403,2411,2404,-1,2412,2411,2413,-1,2414,2415,2416,-1,2332,2417,2330,-1,2330,2417,2413,-1,2330,2413,2418,-1,2418,2413,2411,-1,2418,2411,2410,-1,2414,2416,2413,-1,2413,2416,2419,-1,2413,2419,2412,-1,2344,2420,2342,-1,2342,2420,2421,-1,2342,2421,2340,-1,2340,2421,2422,-1,2340,2422,2338,-1,2338,2422,2423,-1,2338,2423,2336,-1,2336,2423,2424,-1,2336,2424,2334,-1,2334,2424,2425,-1,2334,2425,2332,-1,2332,2425,2417,-1,2426,2356,2284,-1,2284,2356,2282,-1,2427,2428,2429,-1,2430,2431,2432,-1,2426,2427,2356,-1,2356,2427,2429,-1,2356,2429,2354,-1,2354,2429,2430,-1,2354,2430,2346,-1,2346,2430,2344,-1,2428,2433,2429,-1,2429,2433,2434,-1,2429,2434,2435,-1,2420,2344,2436,-1,2436,2344,2437,-1,2432,2438,2430,-1,2430,2438,2439,-1,2430,2439,2344,-1,2344,2439,2440,-1,2344,2440,2437,-1,2368,2270,2366,-1,2366,2270,2272,-1,2366,2272,2364,-1,2364,2272,2274,-1,2364,2274,2362,-1,2362,2274,2276,-1,2362,2276,2360,-1,2360,2276,2278,-1,2360,2278,2358,-1,2358,2278,2280,-1,2358,2280,2356,-1,2356,2280,2282,-1,2270,2368,2370,-1,2270,2370,2268,-1,2268,2370,2351,-1,2268,2351,2350,-1,2350,2373,2268,-1,2268,2373,2441,-1,2268,2441,2442,-1,2442,2443,2268,-1,2268,2443,2444,-1,2268,2444,2445,-1,2410,2403,2418,-1,2418,2403,2401,-1,2436,2380,2420,-1,2420,2380,2381,-1,2420,2381,2421,-1,2421,2381,2400,-1,2421,2400,2422,-1,2422,2400,2399,-1,2422,2399,2423,-1,2423,2399,2398,-1,2423,2398,2424,-1,2424,2398,2397,-1,2424,2397,2425,-1,2425,2397,2396,-1,2425,2396,2417,-1,2417,2396,2395,-1,2417,2395,2413,-1,2413,2395,2402,-1,2286,2295,2287,-1,2287,2295,2294,-1,2347,2355,2446,-1,2347,2446,2349,-1,2349,2446,2315,-1,2349,2315,2314,-1,2319,2318,2348,-1,2348,2318,2447,-1,2348,2447,2346,-1,2346,2447,2354,-1,2320,2316,2318,-1,2318,2316,2315,-1,2318,2315,2447,-1,2447,2315,2446,-1,2447,2446,2354,-1,2354,2446,2355,-1,2448,2449,2450,-1,2450,2449,2451,-1,2370,2371,2452,-1,2452,2371,2453,-1,2452,2453,2454,-1,2454,2453,2455,-1,2454,2455,2320,-1,2320,2455,2316,-1,2316,2455,2456,-1,2456,2455,2457,-1,2456,2457,2458,-1,2458,2457,2459,-1,2293,2449,2289,-1,2289,2449,2448,-1,2449,2293,2451,-1,2451,2293,2460,-1,2451,2460,2461,-1,2461,2460,2462,-1,2461,2462,2463,-1,2464,2465,2466,-1,2464,2466,2459,-1,2459,2466,2467,-1,2459,2467,2458,-1,2461,2463,2464,-1,2464,2463,2468,-1,2464,2468,2465,-1,2325,2291,2469,-1,2325,2469,2327,-1,2327,2469,2470,-1,2327,2470,2329,-1,2329,2470,2471,-1,2329,2471,2322,-1,2322,2471,2320,-1,2320,2471,2472,-1,2320,2472,2454,-1,2469,2291,2450,-1,2450,2291,2289,-1,2450,2289,2448,-1,2454,2472,2452,-1,2452,2472,2473,-1,2452,2473,2370,-1,2370,2473,2351,-1,2371,2353,2474,-1,2371,2474,2453,-1,2453,2474,2457,-1,2453,2457,2455,-1,2450,2451,2469,-1,2469,2451,2461,-1,2469,2461,2470,-1,2470,2461,2464,-1,2470,2464,2471,-1,2471,2464,2459,-1,2471,2459,2472,-1,2472,2459,2457,-1,2472,2457,2473,-1,2473,2457,2474,-1,2473,2474,2351,-1,2351,2474,2353,-1,2460,2293,2475,-1,2475,2293,2476,-1,2475,2476,2477,-1,2477,2476,2478,-1,2477,2478,2456,-1,2456,2478,2479,-1,2456,2479,2316,-1,2463,2462,2475,-1,2463,2475,2468,-1,2468,2475,2477,-1,2468,2477,2465,-1,2477,2456,2458,-1,2458,2467,2477,-1,2477,2467,2466,-1,2477,2466,2465,-1,2316,2479,2480,-1,2480,2479,2481,-1,2481,2479,2478,-1,2481,2478,2482,-1,2476,2483,2478,-1,2478,2483,2484,-1,2478,2484,2482,-1,2483,2476,2293,-1,2475,2462,2460,-1,2301,2485,2292,-1,2486,2483,2293,-1,2483,2486,2484,-1,2484,2486,2487,-1,2484,2487,2482,-1,2488,2480,2487,-1,2487,2480,2481,-1,2487,2481,2482,-1,2488,2316,2480,-1,2304,2306,2489,-1,2306,2308,2489,-1,2489,2308,2310,-1,2489,2310,2317,-1,2485,2301,2299,-1,2485,2299,2489,-1,2489,2299,2302,-1,2489,2302,2304,-1,2293,2292,2486,-1,2486,2292,2485,-1,2486,2485,2487,-1,2487,2485,2489,-1,2487,2489,2488,-1,2488,2489,2317,-1,2488,2317,2316,-1,2490,2491,2492,-1,2492,2491,2493,-1,2321,2313,2494,-1,2494,2313,2495,-1,2494,2495,2496,-1,2496,2495,2497,-1,2496,2497,2330,-1,2330,2497,2331,-1,2498,2499,2500,-1,2500,2499,2501,-1,2500,2501,2313,-1,2313,2501,2495,-1,2492,2493,2288,-1,2288,2493,2296,-1,2502,2296,2493,-1,2503,2504,2505,-1,2505,2504,2502,-1,2505,2502,2491,-1,2491,2502,2493,-1,2418,2401,2506,-1,2506,2401,2507,-1,2506,2507,2508,-1,2508,2507,2501,-1,2508,2501,2509,-1,2509,2501,2499,-1,2509,2499,2510,-1,2510,2499,2511,-1,2510,2511,2512,-1,2512,2511,2505,-1,2512,2505,2490,-1,2490,2505,2491,-1,2508,2494,2506,-1,2506,2494,2496,-1,2506,2496,2418,-1,2418,2496,2330,-1,2401,2331,2497,-1,2401,2497,2507,-1,2507,2497,2495,-1,2507,2495,2501,-1,2328,2323,2509,-1,2328,2509,2326,-1,2326,2509,2510,-1,2326,2510,2324,-1,2324,2510,2512,-1,2324,2512,2290,-1,2498,2513,2499,-1,2499,2513,2514,-1,2499,2514,2511,-1,2511,2514,2515,-1,2511,2515,2505,-1,2505,2515,2516,-1,2505,2516,2503,-1,2509,2323,2508,-1,2508,2323,2321,-1,2508,2321,2494,-1,2290,2512,2288,-1,2288,2512,2490,-1,2288,2490,2492,-1,2296,2502,2517,-1,2517,2502,2518,-1,2517,2518,2519,-1,2519,2518,2520,-1,2519,2520,2521,-1,2521,2520,2500,-1,2521,2500,2313,-1,2515,2514,2520,-1,2518,2504,2503,-1,2518,2503,2520,-1,2520,2503,2516,-1,2520,2516,2515,-1,2514,2513,2520,-1,2520,2513,2498,-1,2520,2498,2500,-1,2522,2521,2313,-1,2523,2517,2524,-1,2524,2517,2519,-1,2524,2519,2525,-1,2521,2522,2519,-1,2519,2522,2526,-1,2519,2526,2525,-1,2296,2517,2523,-1,2518,2502,2504,-1,2297,2296,2527,-1,2527,2296,2528,-1,2527,2528,2529,-1,2529,2528,2530,-1,2529,2530,2312,-1,2312,2530,2531,-1,2312,2531,2313,-1,2297,2527,2300,-1,2528,2296,2523,-1,2522,2531,2526,-1,2526,2531,2530,-1,2526,2530,2525,-1,2528,2523,2530,-1,2530,2523,2524,-1,2530,2524,2525,-1,2531,2522,2313,-1,2298,2300,2527,-1,2298,2527,2303,-1,2303,2527,2529,-1,2303,2529,2305,-1,2529,2312,2311,-1,2311,2309,2529,-1,2529,2309,2307,-1,2529,2307,2305,-1,2532,2430,2533,-1,2533,2430,2429,-1,2534,2535,2536,-1,2536,2535,2537,-1,2538,2539,2540,-1,2537,2541,2536,-1,2536,2541,2542,-1,2536,2542,2543,-1,2544,2545,2546,-1,2537,2547,2541,-1,2541,2547,2538,-1,2541,2538,2548,-1,2548,2538,2540,-1,2543,2542,2546,-1,2546,2542,2549,-1,2546,2549,2544,-1,2550,2551,2541,-1,2541,2551,2542,-1,2552,2553,2554,-1,2554,2553,2555,-1,2556,2557,2558,-1,2555,2551,2554,-1,2554,2551,2550,-1,2554,2550,2559,-1,2560,2561,2562,-1,2555,2563,2551,-1,2551,2563,2556,-1,2551,2556,2564,-1,2564,2556,2558,-1,2559,2550,2562,-1,2562,2550,2565,-1,2562,2565,2560,-1,2566,2567,2568,-1,2566,2568,2569,-1,2569,2568,2570,-1,2569,2570,2571,-1,2571,2570,2572,-1,2571,2572,2573,-1,2573,2572,2574,-1,2573,2574,2575,-1,2575,2574,2576,-1,2575,2576,2577,-1,2577,2576,2553,-1,2577,2553,2552,-1,2566,2532,2567,-1,2567,2532,2533,-1,2578,2385,2579,-1,2579,2385,2384,-1,2579,2580,2578,-1,2578,2580,2581,-1,2535,2534,2582,-1,2582,2534,2583,-1,2582,2583,2584,-1,2584,2583,2585,-1,2584,2585,2586,-1,2586,2585,2587,-1,2586,2587,2588,-1,2588,2587,2589,-1,2588,2589,2590,-1,2590,2589,2591,-1,2590,2591,2580,-1,2580,2591,2581,-1,2580,2579,2390,-1,2390,2579,2384,-1,2430,2532,2431,-1,2431,2532,2566,-1,2390,2431,2580,-1,2580,2431,2566,-1,2580,2566,2590,-1,2590,2566,2569,-1,2590,2569,2588,-1,2588,2569,2571,-1,2588,2571,2586,-1,2586,2571,2573,-1,2586,2573,2584,-1,2584,2573,2575,-1,2584,2575,2582,-1,2582,2575,2577,-1,2582,2577,2535,-1,2535,2577,2552,-1,2535,2552,2537,-1,2537,2552,2554,-1,2385,2578,2386,-1,2386,2578,2581,-1,2567,2533,2435,-1,2435,2533,2429,-1,2536,2555,2534,-1,2534,2555,2553,-1,2534,2553,2583,-1,2583,2553,2576,-1,2583,2576,2585,-1,2585,2576,2574,-1,2585,2574,2587,-1,2587,2574,2572,-1,2587,2572,2589,-1,2589,2572,2570,-1,2589,2570,2591,-1,2591,2570,2568,-1,2591,2568,2581,-1,2581,2568,2567,-1,2581,2567,2386,-1,2386,2567,2435,-1,2404,2411,2412,-1,2404,2412,2405,-1,2405,2412,2419,-1,2405,2419,2409,-1,2409,2419,2416,-1,2409,2416,2408,-1,2408,2416,2415,-1,2408,2415,2406,-1,2406,2415,2414,-1,2406,2414,2407,-1,2407,2414,2413,-1,2407,2413,2402,-1,2373,2372,2376,-1,2373,2376,2441,-1,2441,2376,2378,-1,2441,2378,2442,-1,2442,2378,2377,-1,2442,2377,2443,-1,2443,2377,2375,-1,2443,2375,2444,-1,2444,2375,2374,-1,2444,2374,2445,-1,2445,2374,2269,-1,2445,2269,2268,-1,2284,2285,2426,-1,2426,2285,2391,-1,2426,2391,2427,-1,2427,2391,2394,-1,2427,2394,2428,-1,2428,2394,2393,-1,2428,2393,2433,-1,2433,2393,2392,-1,2433,2392,2434,-1,2434,2392,2387,-1,2434,2387,2435,-1,2435,2387,2386,-1,2380,2436,2379,-1,2379,2436,2437,-1,2379,2437,2382,-1,2382,2437,2440,-1,2382,2440,2383,-1,2383,2440,2439,-1,2383,2439,2388,-1,2388,2439,2438,-1,2388,2438,2389,-1,2389,2438,2432,-1,2389,2432,2390,-1,2390,2432,2431,-1,2542,2551,2564,-1,2542,2564,2549,-1,2549,2564,2558,-1,2549,2558,2544,-1,2544,2558,2557,-1,2544,2557,2545,-1,2545,2557,2556,-1,2545,2556,2546,-1,2546,2556,2563,-1,2546,2563,2543,-1,2543,2563,2555,-1,2543,2555,2536,-1,2550,2541,2548,-1,2550,2548,2565,-1,2565,2548,2540,-1,2565,2540,2560,-1,2560,2540,2539,-1,2560,2539,2561,-1,2561,2539,2538,-1,2561,2538,2562,-1,2562,2538,2547,-1,2562,2547,2559,-1,2559,2547,2537,-1,2559,2537,2554,-1,2592,2593,2594,-1,2594,2593,2595,-1,2594,2595,2596,-1,2596,2595,2597,-1,2596,2597,2598,-1,2598,2597,2599,-1,2598,2599,2600,-1,2600,2599,2601,-1,2600,2601,2602,-1,2602,2601,2603,-1,2602,2603,2604,-1,2604,2603,2605,-1,2604,2605,2606,-1,2606,2605,2607,-1,2606,2607,2608,-1,2608,2607,2609,-1,2610,2611,2612,-1,2612,2611,2613,-1,2612,2613,2614,-1,2614,2613,2615,-1,2616,2617,2618,-1,2619,2620,2621,-1,2622,2623,2624,-1,2624,2623,2625,-1,2624,2625,2621,-1,2621,2625,2616,-1,2621,2616,2619,-1,2619,2616,2618,-1,2623,2622,2626,-1,2626,2622,2627,-1,2626,2627,2628,-1,2628,2627,2629,-1,2628,2629,2630,-1,2630,2629,2631,-1,2630,2631,2632,-1,2632,2631,2633,-1,2632,2633,2634,-1,2634,2633,2635,-1,2636,2637,2638,-1,2639,2640,2641,-1,2634,2635,2641,-1,2641,2635,2636,-1,2641,2636,2639,-1,2639,2636,2638,-1,2642,2643,2644,-1,2644,2643,2645,-1,2644,2645,2646,-1,2646,2645,2647,-1,2614,2615,2648,-1,2648,2615,2649,-1,2648,2649,2650,-1,2650,2649,2651,-1,2650,2651,2652,-1,2652,2651,2653,-1,2652,2653,2647,-1,2647,2653,2646,-1,2654,2655,2656,-1,2656,2655,2657,-1,2656,2657,2658,-1,2658,2657,2659,-1,2658,2659,2660,-1,2660,2659,2661,-1,2660,2661,2662,-1,2662,2661,2663,-1,2662,2663,2664,-1,2664,2663,2665,-1,2664,2665,2666,-1,2666,2665,2667,-1,2666,2667,2668,-1,2668,2667,2669,-1,2668,2669,2670,-1,2670,2669,2671,-1,2670,2671,2672,-1,2672,2671,2673,-1,2672,2673,2643,-1,2643,2673,2638,-1,2643,2638,2645,-1,2645,2638,2637,-1,2620,2619,2612,-1,2612,2619,2610,-1,2674,2675,2676,-1,2676,2675,2677,-1,2611,2618,2613,-1,2613,2618,2617,-1,2678,2679,2680,-1,2680,2679,2681,-1,2680,2681,2682,-1,2682,2681,2683,-1,2682,2683,2684,-1,2684,2683,2685,-1,2684,2685,2686,-1,2686,2685,2687,-1,2686,2687,2688,-1,2688,2687,2689,-1,2688,2689,2690,-1,2690,2689,2691,-1,2690,2691,2692,-1,2692,2691,2693,-1,2692,2693,2694,-1,2694,2693,2695,-1,2676,2696,2674,-1,2674,2696,2697,-1,2696,2676,2677,-1,2693,2595,2695,-1,2695,2595,2593,-1,2698,2696,2593,-1,2593,2696,2677,-1,2593,2677,2695,-1,2698,2699,2696,-1,2696,2699,2700,-1,2696,2700,2701,-1,2701,2700,2702,-1,2681,2607,2605,-1,2681,2605,2683,-1,2683,2605,2603,-1,2683,2603,2685,-1,2685,2603,2601,-1,2685,2601,2687,-1,2687,2601,2599,-1,2687,2599,2689,-1,2689,2599,2597,-1,2689,2597,2691,-1,2691,2597,2595,-1,2691,2595,2693,-1,2703,2669,2704,-1,2704,2669,2705,-1,2706,2707,2708,-1,2607,2681,2609,-1,2609,2681,2709,-1,2703,2706,2669,-1,2669,2706,2708,-1,2669,2708,2671,-1,2671,2708,2710,-1,2671,2710,2679,-1,2679,2710,2681,-1,2707,2711,2708,-1,2708,2711,2712,-1,2708,2712,2713,-1,2710,2714,2715,-1,2715,2716,2710,-1,2710,2716,2717,-1,2710,2717,2681,-1,2681,2717,2718,-1,2681,2718,2709,-1,2657,2719,2720,-1,2657,2720,2659,-1,2659,2720,2721,-1,2659,2721,2661,-1,2661,2721,2722,-1,2661,2722,2663,-1,2663,2722,2723,-1,2663,2723,2665,-1,2665,2723,2724,-1,2665,2724,2667,-1,2667,2724,2705,-1,2667,2705,2669,-1,2725,2726,2655,-1,2655,2726,2719,-1,2655,2719,2657,-1,2725,2727,2726,-1,2726,2727,2728,-1,2726,2728,2729,-1,2730,2731,2732,-1,2729,2728,2732,-1,2732,2728,2733,-1,2732,2733,2730,-1,2734,2735,2727,-1,2727,2735,2728,-1,2656,2736,2654,-1,2654,2736,2737,-1,2654,2737,2738,-1,2738,2737,2735,-1,2738,2735,2734,-1,2739,2737,2740,-1,2740,2737,2741,-1,2739,2742,2737,-1,2737,2742,2743,-1,2737,2743,2735,-1,2668,2744,2666,-1,2666,2744,2745,-1,2666,2745,2664,-1,2664,2745,2746,-1,2664,2746,2662,-1,2662,2746,2747,-1,2662,2747,2660,-1,2660,2747,2748,-1,2660,2748,2658,-1,2658,2748,2749,-1,2658,2749,2656,-1,2656,2749,2736,-1,2750,2680,2608,-1,2608,2680,2606,-1,2751,2752,2753,-1,2744,2668,2754,-1,2754,2668,2755,-1,2750,2751,2680,-1,2680,2751,2753,-1,2680,2753,2678,-1,2678,2753,2756,-1,2678,2756,2670,-1,2670,2756,2668,-1,2752,2757,2753,-1,2753,2757,2758,-1,2753,2758,2759,-1,2756,2760,2761,-1,2761,2762,2756,-1,2756,2762,2763,-1,2756,2763,2668,-1,2668,2763,2764,-1,2668,2764,2755,-1,2692,2594,2690,-1,2690,2594,2596,-1,2690,2596,2688,-1,2688,2596,2598,-1,2688,2598,2686,-1,2686,2598,2600,-1,2686,2600,2684,-1,2684,2600,2602,-1,2684,2602,2682,-1,2682,2602,2604,-1,2682,2604,2680,-1,2680,2604,2606,-1,2594,2692,2694,-1,2594,2694,2592,-1,2592,2694,2675,-1,2592,2675,2674,-1,2765,2766,2767,-1,2767,2766,2768,-1,2674,2697,2592,-1,2592,2697,2766,-1,2592,2766,2769,-1,2769,2766,2765,-1,2734,2727,2738,-1,2738,2727,2725,-1,2754,2704,2744,-1,2744,2704,2705,-1,2744,2705,2745,-1,2745,2705,2724,-1,2745,2724,2746,-1,2746,2724,2723,-1,2746,2723,2747,-1,2747,2723,2722,-1,2747,2722,2748,-1,2748,2722,2721,-1,2748,2721,2749,-1,2749,2721,2720,-1,2749,2720,2736,-1,2736,2720,2719,-1,2736,2719,2737,-1,2737,2719,2726,-1,2610,2619,2611,-1,2611,2619,2618,-1,2671,2679,2770,-1,2671,2770,2673,-1,2673,2770,2639,-1,2673,2639,2638,-1,2643,2642,2672,-1,2672,2642,2771,-1,2672,2771,2670,-1,2670,2771,2678,-1,2644,2640,2642,-1,2642,2640,2639,-1,2642,2639,2771,-1,2771,2639,2770,-1,2771,2770,2678,-1,2678,2770,2679,-1,2772,2773,2774,-1,2774,2773,2775,-1,2694,2695,2776,-1,2776,2695,2777,-1,2776,2777,2778,-1,2778,2777,2779,-1,2778,2779,2644,-1,2644,2779,2640,-1,2640,2779,2780,-1,2780,2779,2781,-1,2780,2781,2782,-1,2782,2781,2783,-1,2617,2773,2613,-1,2613,2773,2772,-1,2773,2617,2775,-1,2775,2617,2784,-1,2775,2784,2785,-1,2785,2784,2786,-1,2785,2786,2787,-1,2788,2789,2790,-1,2788,2790,2783,-1,2783,2790,2791,-1,2783,2791,2782,-1,2785,2787,2788,-1,2788,2787,2792,-1,2788,2792,2789,-1,2649,2615,2793,-1,2649,2793,2651,-1,2651,2793,2794,-1,2651,2794,2653,-1,2653,2794,2795,-1,2653,2795,2646,-1,2646,2795,2644,-1,2644,2795,2796,-1,2644,2796,2778,-1,2793,2615,2774,-1,2774,2615,2613,-1,2774,2613,2772,-1,2778,2796,2776,-1,2776,2796,2797,-1,2776,2797,2694,-1,2694,2797,2675,-1,2695,2677,2798,-1,2695,2798,2777,-1,2777,2798,2781,-1,2777,2781,2779,-1,2774,2775,2793,-1,2793,2775,2785,-1,2793,2785,2794,-1,2794,2785,2788,-1,2794,2788,2795,-1,2795,2788,2783,-1,2795,2783,2796,-1,2796,2783,2781,-1,2796,2781,2797,-1,2797,2781,2798,-1,2797,2798,2675,-1,2675,2798,2677,-1,2784,2617,2799,-1,2799,2617,2800,-1,2799,2800,2801,-1,2801,2800,2802,-1,2801,2802,2780,-1,2780,2802,2803,-1,2780,2803,2640,-1,2787,2786,2799,-1,2787,2799,2792,-1,2792,2799,2801,-1,2792,2801,2789,-1,2801,2780,2782,-1,2782,2791,2801,-1,2801,2791,2790,-1,2801,2790,2789,-1,2640,2803,2804,-1,2804,2803,2805,-1,2805,2803,2802,-1,2805,2802,2806,-1,2800,2807,2802,-1,2802,2807,2808,-1,2802,2808,2806,-1,2807,2800,2617,-1,2799,2786,2784,-1,2625,2809,2616,-1,2810,2807,2617,-1,2807,2810,2808,-1,2808,2810,2811,-1,2808,2811,2806,-1,2812,2804,2811,-1,2811,2804,2805,-1,2811,2805,2806,-1,2812,2640,2804,-1,2628,2630,2813,-1,2630,2632,2813,-1,2813,2632,2634,-1,2813,2634,2641,-1,2809,2625,2623,-1,2809,2623,2813,-1,2813,2623,2626,-1,2813,2626,2628,-1,2617,2616,2810,-1,2810,2616,2809,-1,2810,2809,2811,-1,2811,2809,2813,-1,2811,2813,2812,-1,2812,2813,2641,-1,2812,2641,2640,-1,2814,2815,2816,-1,2816,2815,2817,-1,2645,2637,2818,-1,2818,2637,2819,-1,2818,2819,2820,-1,2820,2819,2821,-1,2820,2821,2654,-1,2654,2821,2655,-1,2822,2823,2824,-1,2824,2823,2825,-1,2824,2825,2637,-1,2637,2825,2819,-1,2816,2817,2612,-1,2612,2817,2620,-1,2826,2620,2817,-1,2827,2828,2829,-1,2829,2828,2826,-1,2829,2826,2815,-1,2815,2826,2817,-1,2738,2725,2830,-1,2830,2725,2831,-1,2830,2831,2832,-1,2832,2831,2825,-1,2832,2825,2833,-1,2833,2825,2823,-1,2833,2823,2834,-1,2834,2823,2835,-1,2834,2835,2836,-1,2836,2835,2829,-1,2836,2829,2814,-1,2814,2829,2815,-1,2832,2818,2830,-1,2830,2818,2820,-1,2830,2820,2738,-1,2738,2820,2654,-1,2725,2655,2821,-1,2725,2821,2831,-1,2831,2821,2819,-1,2831,2819,2825,-1,2652,2647,2833,-1,2652,2833,2650,-1,2650,2833,2834,-1,2650,2834,2648,-1,2648,2834,2836,-1,2648,2836,2614,-1,2822,2837,2823,-1,2823,2837,2838,-1,2823,2838,2835,-1,2835,2838,2839,-1,2835,2839,2829,-1,2829,2839,2840,-1,2829,2840,2827,-1,2833,2647,2832,-1,2832,2647,2645,-1,2832,2645,2818,-1,2614,2836,2612,-1,2612,2836,2814,-1,2612,2814,2816,-1,2620,2826,2841,-1,2841,2826,2842,-1,2841,2842,2843,-1,2843,2842,2844,-1,2843,2844,2845,-1,2845,2844,2824,-1,2845,2824,2637,-1,2839,2838,2844,-1,2842,2828,2827,-1,2842,2827,2844,-1,2844,2827,2840,-1,2844,2840,2839,-1,2838,2837,2844,-1,2844,2837,2822,-1,2844,2822,2824,-1,2846,2845,2637,-1,2847,2841,2848,-1,2848,2841,2843,-1,2848,2843,2849,-1,2845,2846,2843,-1,2843,2846,2850,-1,2843,2850,2849,-1,2620,2841,2847,-1,2842,2826,2828,-1,2621,2620,2851,-1,2851,2620,2852,-1,2851,2852,2853,-1,2853,2852,2854,-1,2853,2854,2636,-1,2636,2854,2855,-1,2636,2855,2637,-1,2621,2851,2624,-1,2852,2620,2847,-1,2846,2855,2850,-1,2850,2855,2854,-1,2850,2854,2849,-1,2852,2847,2854,-1,2854,2847,2848,-1,2854,2848,2849,-1,2855,2846,2637,-1,2622,2624,2851,-1,2622,2851,2627,-1,2627,2851,2853,-1,2627,2853,2629,-1,2853,2636,2635,-1,2635,2633,2853,-1,2853,2633,2631,-1,2853,2631,2629,-1,2856,2756,2857,-1,2857,2756,2753,-1,2858,2859,2860,-1,2860,2859,2861,-1,2860,2861,2862,-1,2862,2861,2863,-1,2862,2863,2864,-1,2864,2863,2865,-1,2864,2865,2866,-1,2866,2865,2867,-1,2862,2868,2860,-1,2860,2868,2869,-1,2860,2869,2870,-1,2870,2869,2871,-1,2870,2871,2872,-1,2872,2871,2873,-1,2874,2875,2862,-1,2862,2875,2868,-1,2876,2877,2878,-1,2878,2877,2879,-1,2878,2879,2875,-1,2875,2879,2880,-1,2875,2880,2881,-1,2881,2880,2882,-1,2881,2882,2883,-1,2883,2882,2884,-1,2875,2874,2878,-1,2878,2874,2885,-1,2878,2885,2886,-1,2886,2885,2887,-1,2886,2887,2888,-1,2888,2887,2889,-1,2890,2891,2892,-1,2890,2892,2893,-1,2893,2892,2894,-1,2893,2894,2895,-1,2895,2894,2896,-1,2895,2896,2897,-1,2897,2896,2898,-1,2897,2898,2899,-1,2899,2898,2900,-1,2899,2900,2901,-1,2901,2900,2877,-1,2901,2877,2876,-1,2890,2856,2891,-1,2891,2856,2857,-1,2902,2710,2903,-1,2903,2710,2708,-1,2903,2904,2902,-1,2902,2904,2905,-1,2859,2858,2906,-1,2906,2858,2907,-1,2906,2907,2908,-1,2908,2907,2909,-1,2908,2909,2910,-1,2910,2909,2911,-1,2910,2911,2912,-1,2912,2911,2913,-1,2912,2913,2914,-1,2914,2913,2915,-1,2914,2915,2904,-1,2904,2915,2905,-1,2904,2903,2713,-1,2713,2903,2708,-1,2756,2856,2760,-1,2760,2856,2890,-1,2713,2760,2904,-1,2904,2760,2890,-1,2904,2890,2914,-1,2914,2890,2893,-1,2914,2893,2912,-1,2912,2893,2895,-1,2912,2895,2910,-1,2910,2895,2897,-1,2910,2897,2908,-1,2908,2897,2899,-1,2908,2899,2906,-1,2906,2899,2901,-1,2906,2901,2859,-1,2859,2901,2876,-1,2859,2876,2861,-1,2861,2876,2878,-1,2710,2902,2714,-1,2714,2902,2905,-1,2891,2857,2759,-1,2759,2857,2753,-1,2860,2879,2858,-1,2858,2879,2877,-1,2858,2877,2907,-1,2907,2877,2900,-1,2907,2900,2909,-1,2909,2900,2898,-1,2909,2898,2911,-1,2911,2898,2896,-1,2911,2896,2913,-1,2913,2896,2894,-1,2913,2894,2915,-1,2915,2894,2892,-1,2915,2892,2905,-1,2905,2892,2891,-1,2905,2891,2714,-1,2714,2891,2759,-1,2728,2735,2743,-1,2728,2743,2733,-1,2733,2743,2742,-1,2733,2742,2730,-1,2730,2742,2739,-1,2730,2739,2731,-1,2731,2739,2740,-1,2731,2740,2732,-1,2732,2740,2741,-1,2732,2741,2729,-1,2729,2741,2737,-1,2729,2737,2726,-1,2697,2696,2701,-1,2697,2701,2766,-1,2766,2701,2702,-1,2766,2702,2768,-1,2768,2702,2700,-1,2768,2700,2767,-1,2767,2700,2699,-1,2767,2699,2765,-1,2765,2699,2698,-1,2765,2698,2769,-1,2769,2698,2593,-1,2769,2593,2592,-1,2608,2609,2750,-1,2750,2609,2709,-1,2750,2709,2751,-1,2751,2709,2718,-1,2751,2718,2752,-1,2752,2718,2717,-1,2752,2717,2757,-1,2757,2717,2716,-1,2757,2716,2758,-1,2758,2716,2715,-1,2758,2715,2759,-1,2759,2715,2714,-1,2704,2754,2703,-1,2703,2754,2755,-1,2703,2755,2706,-1,2706,2755,2764,-1,2706,2764,2707,-1,2707,2764,2763,-1,2707,2763,2711,-1,2711,2763,2762,-1,2711,2762,2712,-1,2712,2762,2761,-1,2712,2761,2713,-1,2713,2761,2760,-1,2868,2875,2881,-1,2868,2881,2869,-1,2869,2881,2883,-1,2869,2883,2871,-1,2871,2883,2884,-1,2871,2884,2873,-1,2873,2884,2882,-1,2873,2882,2872,-1,2872,2882,2880,-1,2872,2880,2870,-1,2870,2880,2879,-1,2870,2879,2860,-1,2874,2862,2864,-1,2874,2864,2885,-1,2885,2864,2866,-1,2885,2866,2887,-1,2887,2866,2867,-1,2887,2867,2889,-1,2889,2867,2865,-1,2889,2865,2888,-1,2888,2865,2863,-1,2888,2863,2886,-1,2886,2863,2861,-1,2886,2861,2878,-1,2916,2917,2918,-1,2918,2917,2919,-1,2918,2919,2920,-1,2920,2919,2921,-1,2920,2921,2922,-1,2922,2921,2923,-1,2922,2923,2924,-1,2924,2923,2925,-1,2924,2925,2926,-1,2926,2925,2927,-1,2926,2927,2928,-1,2928,2927,2929,-1,2928,2929,2930,-1,2930,2929,2931,-1,2930,2931,2932,-1,2932,2931,2933,-1,2934,2935,2936,-1,2936,2935,2937,-1,2936,2937,2938,-1,2938,2937,2939,-1,2940,2941,2942,-1,2943,2944,2945,-1,2946,2947,2948,-1,2948,2947,2949,-1,2948,2949,2945,-1,2945,2949,2940,-1,2945,2940,2943,-1,2943,2940,2942,-1,2947,2946,2950,-1,2950,2946,2951,-1,2950,2951,2952,-1,2952,2951,2953,-1,2952,2953,2954,-1,2954,2953,2955,-1,2954,2955,2956,-1,2956,2955,2957,-1,2956,2957,2958,-1,2958,2957,2959,-1,2960,2961,2962,-1,2963,2964,2965,-1,2958,2959,2965,-1,2965,2959,2960,-1,2965,2960,2963,-1,2963,2960,2962,-1,2966,2967,2968,-1,2968,2967,2969,-1,2968,2969,2970,-1,2970,2969,2971,-1,2938,2939,2972,-1,2972,2939,2973,-1,2972,2973,2974,-1,2974,2973,2975,-1,2974,2975,2976,-1,2976,2975,2977,-1,2976,2977,2971,-1,2971,2977,2970,-1,2978,2979,2980,-1,2980,2979,2981,-1,2980,2981,2982,-1,2982,2981,2983,-1,2982,2983,2984,-1,2984,2983,2985,-1,2984,2985,2986,-1,2986,2985,2987,-1,2986,2987,2988,-1,2988,2987,2989,-1,2988,2989,2990,-1,2990,2989,2991,-1,2990,2991,2992,-1,2992,2991,2993,-1,2992,2993,2994,-1,2994,2993,2995,-1,2994,2995,2996,-1,2996,2995,2997,-1,2996,2997,2967,-1,2967,2997,2962,-1,2967,2962,2969,-1,2969,2962,2961,-1,2944,2943,2936,-1,2936,2943,2934,-1,2998,2999,3000,-1,3000,2999,3001,-1,2935,2942,2937,-1,2937,2942,2941,-1,3002,3003,3004,-1,3004,3003,3005,-1,3004,3005,3006,-1,3006,3005,3007,-1,3006,3007,3008,-1,3008,3007,3009,-1,3008,3009,3010,-1,3010,3009,3011,-1,3010,3011,3012,-1,3012,3011,3013,-1,3012,3013,3014,-1,3014,3013,3015,-1,3014,3015,3016,-1,3016,3015,3017,-1,3016,3017,3018,-1,3018,3017,3019,-1,3000,3020,2998,-1,2998,3020,3021,-1,3020,3000,3001,-1,3017,2919,3019,-1,3019,2919,2917,-1,3022,3020,2917,-1,2917,3020,3001,-1,2917,3001,3019,-1,3022,3023,3020,-1,3020,3023,3024,-1,3020,3024,3025,-1,3025,3024,3026,-1,3005,2931,2929,-1,3005,2929,3007,-1,3007,2929,2927,-1,3007,2927,3009,-1,3009,2927,2925,-1,3009,2925,3011,-1,3011,2925,2923,-1,3011,2923,3013,-1,3013,2923,2921,-1,3013,2921,3015,-1,3015,2921,2919,-1,3015,2919,3017,-1,3027,3028,3029,-1,3029,3028,3030,-1,2993,3028,2995,-1,2995,3028,3031,-1,2995,3031,3003,-1,3003,3031,3005,-1,3031,3032,3033,-1,2993,3034,3035,-1,3035,3036,2993,-1,2993,3036,3037,-1,2993,3037,3028,-1,3028,3037,3038,-1,3028,3038,3030,-1,3039,3005,3040,-1,3040,3005,3031,-1,3040,3031,3041,-1,3041,3031,3033,-1,3039,3042,3005,-1,3005,3042,2933,-1,3005,2933,2931,-1,2981,3043,3044,-1,2981,3044,2983,-1,2983,3044,3045,-1,2983,3045,2985,-1,2985,3045,3046,-1,2985,3046,2987,-1,2987,3046,3047,-1,2987,3047,2989,-1,2989,3047,3048,-1,2989,3048,2991,-1,2991,3048,3034,-1,2991,3034,2993,-1,3049,3050,2979,-1,2979,3050,3043,-1,2979,3043,2981,-1,3049,3051,3050,-1,3050,3051,3052,-1,3050,3052,3053,-1,3054,3055,3056,-1,3053,3052,3056,-1,3056,3052,3057,-1,3056,3057,3054,-1,3058,3059,3051,-1,3051,3059,3052,-1,2980,3060,2978,-1,2978,3060,3061,-1,2978,3061,3062,-1,3062,3061,3059,-1,3062,3059,3058,-1,3063,3061,3064,-1,3064,3061,3065,-1,3063,3066,3061,-1,3061,3066,3067,-1,3061,3067,3059,-1,2992,3068,2990,-1,2990,3068,3069,-1,2990,3069,2988,-1,2988,3069,3070,-1,2988,3070,2986,-1,2986,3070,3071,-1,2986,3071,2984,-1,2984,3071,3072,-1,2984,3072,2982,-1,2982,3072,3073,-1,2982,3073,2980,-1,2980,3073,3060,-1,3074,3075,3076,-1,3076,3075,3077,-1,3004,3075,3002,-1,3002,3075,3078,-1,3002,3078,2994,-1,2994,3078,2992,-1,3078,3079,3080,-1,3004,2930,2932,-1,2932,3081,3004,-1,3004,3081,3082,-1,3004,3082,3075,-1,3075,3082,3083,-1,3075,3083,3077,-1,3084,2992,3085,-1,3085,2992,3078,-1,3085,3078,3086,-1,3086,3078,3080,-1,3084,3087,2992,-1,2992,3087,3088,-1,2992,3088,3068,-1,3016,2918,3014,-1,3014,2918,2920,-1,3014,2920,3012,-1,3012,2920,2922,-1,3012,2922,3010,-1,3010,2922,2924,-1,3010,2924,3008,-1,3008,2924,2926,-1,3008,2926,3006,-1,3006,2926,2928,-1,3006,2928,3004,-1,3004,2928,2930,-1,2918,3016,3018,-1,2918,3018,2916,-1,2916,3018,2999,-1,2916,2999,2998,-1,3089,3090,3091,-1,3091,3090,3092,-1,2998,3021,2916,-1,2916,3021,3090,-1,2916,3090,3093,-1,3093,3090,3089,-1,3058,3051,3062,-1,3062,3051,3049,-1,3088,3035,3068,-1,3068,3035,3034,-1,3068,3034,3069,-1,3069,3034,3048,-1,3069,3048,3070,-1,3070,3048,3047,-1,3070,3047,3071,-1,3071,3047,3046,-1,3071,3046,3072,-1,3072,3046,3045,-1,3072,3045,3073,-1,3073,3045,3044,-1,3073,3044,3060,-1,3060,3044,3043,-1,3060,3043,3061,-1,3061,3043,3050,-1,2934,2943,2935,-1,2935,2943,2942,-1,2995,3003,3094,-1,2995,3094,2997,-1,2997,3094,2963,-1,2997,2963,2962,-1,2967,2966,2996,-1,2996,2966,3095,-1,2996,3095,2994,-1,2994,3095,3002,-1,2968,2964,2966,-1,2966,2964,2963,-1,2966,2963,3095,-1,3095,2963,3094,-1,3095,3094,3002,-1,3002,3094,3003,-1,3096,3097,3098,-1,3098,3097,3099,-1,3018,3019,3100,-1,3100,3019,3101,-1,3100,3101,3102,-1,3102,3101,3103,-1,3102,3103,2968,-1,2968,3103,2964,-1,2964,3103,3104,-1,3104,3103,3105,-1,3104,3105,3106,-1,3106,3105,3107,-1,2941,3097,2937,-1,2937,3097,3096,-1,3097,2941,3099,-1,3099,2941,3108,-1,3099,3108,3109,-1,3109,3108,3110,-1,3109,3110,3111,-1,3112,3113,3114,-1,3112,3114,3107,-1,3107,3114,3115,-1,3107,3115,3106,-1,3109,3111,3112,-1,3112,3111,3116,-1,3112,3116,3113,-1,2973,2939,3117,-1,2973,3117,2975,-1,2975,3117,3118,-1,2975,3118,2977,-1,2977,3118,3119,-1,2977,3119,2970,-1,2970,3119,2968,-1,2968,3119,3120,-1,2968,3120,3102,-1,3117,2939,3098,-1,3098,2939,2937,-1,3098,2937,3096,-1,3102,3120,3100,-1,3100,3120,3121,-1,3100,3121,3018,-1,3018,3121,2999,-1,3019,3001,3122,-1,3019,3122,3101,-1,3101,3122,3105,-1,3101,3105,3103,-1,3098,3099,3117,-1,3117,3099,3109,-1,3117,3109,3118,-1,3118,3109,3112,-1,3118,3112,3119,-1,3119,3112,3107,-1,3119,3107,3120,-1,3120,3107,3105,-1,3120,3105,3121,-1,3121,3105,3122,-1,3121,3122,2999,-1,2999,3122,3001,-1,3108,2941,3123,-1,3123,2941,3124,-1,3123,3124,3125,-1,3125,3124,3126,-1,3125,3126,3104,-1,3104,3126,3127,-1,3104,3127,2964,-1,3111,3110,3123,-1,3111,3123,3116,-1,3116,3123,3125,-1,3116,3125,3113,-1,3125,3104,3106,-1,3106,3115,3125,-1,3125,3115,3114,-1,3125,3114,3113,-1,2964,3127,3128,-1,3128,3127,3129,-1,3129,3127,3126,-1,3129,3126,3130,-1,3124,3131,3126,-1,3126,3131,3132,-1,3126,3132,3130,-1,3131,3124,2941,-1,3123,3110,3108,-1,2949,3133,2940,-1,3134,3131,2941,-1,3131,3134,3132,-1,3132,3134,3135,-1,3132,3135,3130,-1,3136,3128,3135,-1,3135,3128,3129,-1,3135,3129,3130,-1,3136,2964,3128,-1,2952,2954,3137,-1,2954,2956,3137,-1,3137,2956,2958,-1,3137,2958,2965,-1,3133,2949,2947,-1,3133,2947,3137,-1,3137,2947,2950,-1,3137,2950,2952,-1,2941,2940,3134,-1,3134,2940,3133,-1,3134,3133,3135,-1,3135,3133,3137,-1,3135,3137,3136,-1,3136,3137,2965,-1,3136,2965,2964,-1,3138,3139,3140,-1,3140,3139,3141,-1,2969,2961,3142,-1,3142,2961,3143,-1,3142,3143,3144,-1,3144,3143,3145,-1,3144,3145,2978,-1,2978,3145,2979,-1,3146,3147,3148,-1,3148,3147,3149,-1,3148,3149,2961,-1,2961,3149,3143,-1,3140,3141,2936,-1,2936,3141,2944,-1,3150,2944,3141,-1,3151,3152,3153,-1,3153,3152,3150,-1,3153,3150,3139,-1,3139,3150,3141,-1,3062,3049,3154,-1,3154,3049,3155,-1,3154,3155,3156,-1,3156,3155,3149,-1,3156,3149,3157,-1,3157,3149,3147,-1,3157,3147,3158,-1,3158,3147,3159,-1,3158,3159,3160,-1,3160,3159,3153,-1,3160,3153,3138,-1,3138,3153,3139,-1,3156,3142,3154,-1,3154,3142,3144,-1,3154,3144,3062,-1,3062,3144,2978,-1,3049,2979,3145,-1,3049,3145,3155,-1,3155,3145,3143,-1,3155,3143,3149,-1,2976,2971,3157,-1,2976,3157,2974,-1,2974,3157,3158,-1,2974,3158,2972,-1,2972,3158,3160,-1,2972,3160,2938,-1,3146,3161,3147,-1,3147,3161,3162,-1,3147,3162,3159,-1,3159,3162,3163,-1,3159,3163,3153,-1,3153,3163,3164,-1,3153,3164,3151,-1,3157,2971,3156,-1,3156,2971,2969,-1,3156,2969,3142,-1,2938,3160,2936,-1,2936,3160,3138,-1,2936,3138,3140,-1,2944,3150,3165,-1,3165,3150,3166,-1,3165,3166,3167,-1,3167,3166,3168,-1,3167,3168,3169,-1,3169,3168,3148,-1,3169,3148,2961,-1,3163,3162,3168,-1,3166,3152,3151,-1,3166,3151,3168,-1,3168,3151,3164,-1,3168,3164,3163,-1,3162,3161,3168,-1,3168,3161,3146,-1,3168,3146,3148,-1,3170,3169,2961,-1,3171,3165,3172,-1,3172,3165,3167,-1,3172,3167,3173,-1,3169,3170,3167,-1,3167,3170,3174,-1,3167,3174,3173,-1,2944,3165,3171,-1,3166,3150,3152,-1,2945,2944,3175,-1,3175,2944,3176,-1,3175,3176,3177,-1,3177,3176,3178,-1,3177,3178,2960,-1,2960,3178,3179,-1,2960,3179,2961,-1,2945,3175,2948,-1,3176,2944,3171,-1,3170,3179,3174,-1,3174,3179,3178,-1,3174,3178,3173,-1,3176,3171,3178,-1,3178,3171,3172,-1,3178,3172,3173,-1,3179,3170,2961,-1,2946,2948,3175,-1,2946,3175,2951,-1,2951,3175,3177,-1,2951,3177,2953,-1,3177,2960,2959,-1,2959,2957,3177,-1,3177,2957,2955,-1,3177,2955,2953,-1,3180,3078,3181,-1,3181,3078,3075,-1,3182,3183,3184,-1,3184,3183,3185,-1,3186,3187,3185,-1,3185,3187,3188,-1,3185,3188,3184,-1,3186,3189,3187,-1,3187,3189,3190,-1,3187,3190,3191,-1,3188,3192,3184,-1,3184,3192,3193,-1,3184,3193,3194,-1,3194,3195,3184,-1,3184,3195,3196,-1,3184,3196,3197,-1,3198,3199,3188,-1,3188,3199,3192,-1,3200,3201,3202,-1,3202,3201,3203,-1,3202,3203,3199,-1,3204,3203,3205,-1,3205,3203,3206,-1,3204,3207,3203,-1,3203,3207,3208,-1,3203,3208,3199,-1,3209,3210,3211,-1,3211,3210,3212,-1,3199,3198,3202,-1,3202,3198,3210,-1,3202,3210,3213,-1,3213,3210,3209,-1,3214,3215,3216,-1,3214,3216,3217,-1,3217,3216,3218,-1,3217,3218,3219,-1,3219,3218,3220,-1,3219,3220,3221,-1,3221,3220,3222,-1,3221,3222,3223,-1,3223,3222,3224,-1,3223,3224,3225,-1,3225,3224,3201,-1,3225,3201,3200,-1,3214,3180,3215,-1,3215,3180,3181,-1,3226,3031,3227,-1,3227,3031,3028,-1,3227,3228,3226,-1,3226,3228,3229,-1,3183,3182,3230,-1,3230,3182,3231,-1,3230,3231,3232,-1,3232,3231,3233,-1,3232,3233,3234,-1,3234,3233,3235,-1,3234,3235,3236,-1,3236,3235,3237,-1,3236,3237,3238,-1,3238,3237,3239,-1,3238,3239,3228,-1,3228,3239,3229,-1,3228,3227,3027,-1,3027,3227,3028,-1,3078,3180,3079,-1,3079,3180,3214,-1,3027,3079,3228,-1,3228,3079,3214,-1,3228,3214,3238,-1,3238,3214,3217,-1,3238,3217,3236,-1,3236,3217,3219,-1,3236,3219,3234,-1,3234,3219,3221,-1,3234,3221,3232,-1,3232,3221,3223,-1,3232,3223,3230,-1,3230,3223,3225,-1,3230,3225,3183,-1,3183,3225,3200,-1,3183,3200,3185,-1,3185,3200,3202,-1,3031,3226,3032,-1,3032,3226,3229,-1,3215,3181,3074,-1,3074,3181,3075,-1,3184,3203,3182,-1,3182,3203,3201,-1,3182,3201,3231,-1,3231,3201,3224,-1,3231,3224,3233,-1,3233,3224,3222,-1,3233,3222,3235,-1,3235,3222,3220,-1,3235,3220,3237,-1,3237,3220,3218,-1,3237,3218,3239,-1,3239,3218,3216,-1,3239,3216,3229,-1,3229,3216,3215,-1,3229,3215,3032,-1,3032,3215,3074,-1,3052,3059,3067,-1,3052,3067,3057,-1,3057,3067,3066,-1,3057,3066,3054,-1,3054,3066,3063,-1,3054,3063,3055,-1,3055,3063,3064,-1,3055,3064,3056,-1,3056,3064,3065,-1,3056,3065,3053,-1,3053,3065,3061,-1,3053,3061,3050,-1,3021,3020,3025,-1,3021,3025,3090,-1,3090,3025,3026,-1,3090,3026,3092,-1,3092,3026,3024,-1,3092,3024,3091,-1,3091,3024,3023,-1,3091,3023,3089,-1,3089,3023,3022,-1,3089,3022,3093,-1,3093,3022,2917,-1,3093,2917,2916,-1,2932,2933,3081,-1,3081,2933,3042,-1,3081,3042,3082,-1,3082,3042,3039,-1,3082,3039,3083,-1,3083,3039,3040,-1,3083,3040,3077,-1,3077,3040,3041,-1,3077,3041,3076,-1,3076,3041,3033,-1,3076,3033,3074,-1,3074,3033,3032,-1,3035,3088,3036,-1,3036,3088,3087,-1,3036,3087,3037,-1,3037,3087,3084,-1,3037,3084,3038,-1,3038,3084,3085,-1,3038,3085,3030,-1,3030,3085,3086,-1,3030,3086,3029,-1,3029,3086,3080,-1,3029,3080,3027,-1,3027,3080,3079,-1,3192,3199,3208,-1,3192,3208,3193,-1,3193,3208,3207,-1,3193,3207,3194,-1,3194,3207,3204,-1,3194,3204,3195,-1,3195,3204,3205,-1,3195,3205,3196,-1,3196,3205,3206,-1,3196,3206,3197,-1,3197,3206,3203,-1,3197,3203,3184,-1,3198,3188,3187,-1,3198,3187,3210,-1,3210,3187,3191,-1,3210,3191,3212,-1,3212,3191,3190,-1,3212,3190,3211,-1,3211,3190,3189,-1,3211,3189,3209,-1,3209,3189,3186,-1,3209,3186,3213,-1,3213,3186,3185,-1,3213,3185,3202,-1,
        ]
    }
}
Shape{
    appearance Appearance {
        material  Material 	{
            diffuseColor 0.2235294117647059 0.2235294117647059 0.2235294117647059
            specularColor 0.11372549019607843 0.11372549019607843 0.11372549019607843
            ambientIntensity 0.2
            transparency 0
            shininess 0.5
        }
    }
    geometry IndexedFaceSet {
        ccw TRUE
        solid FALSE
        coord DEF co Coordinate {
            point [
                4.5984 0.0124 0.5305, 4.5984 0.0124 0.502, 4.5984 0.0818 0.502, 4.5984 0.0124 0.6448, 4.5984 0.0124 0.6237, 4.5984 0.0818 0.6237, 4.5984 -0.8071 0.1969, 4.5984 -0.674 0.1969, 4.5984 -0.674 0.502, 4.5984 0.1606 0.7092, 4.5984 0.1606 0.6861, 4.5984 0.18 0.6861, 4.5984 0.1642 0.5307, 4.5984 0.1627 0.5305, 4.5984 0.18 0.5305, 4.5984 0.1494 0.5307, 4.5984 0.1471 0.5315, 4.5984 0.1471 0.5305, 4.5984 0.2508 0.5636, 4.5984 0.2508 0.5393, 4.5984 0.2643 0.5393, 4.5984 -0.0502 0.6614, 4.5984 -0.0363 0.6497, 4.5984 0.0124 0.7181, 4.5984 -0.1073 0.7181, 4.5984 -0.0955 0.7102, 4.5984 -0.0786 0.6907, 4.5984 -0.0678 0.6697, 4.5984 -0.0654 0.6689, 4.5984 -0.144 0.7346, 4.5984 -0.1183 0.7255, 4.5984 0.0124 3.3465, 4.5984 -0.2142 0.7246, 4.5984 -0.1906 0.7337, 4.5984 -0.674 3.3465, 4.5984 -0.1652 0.7368, 4.5984 -0.2246 0.7181, 4.5984 -0.674 0.7181, 4.5984 -0.2266 0.7168, 4.5984 -0.674 0.6448, 4.5984 -0.3367 0.6448, 4.5984 -0.3323 0.6548, 4.5984 -0.3199 0.6707, 4.5984 -0.2812 0.6928, 4.5984 -0.261 0.6953, 4.5984 -0.2387 0.7065, 4.5984 -0.2551 0.695, 4.5984 -0.2492 0.6943, 4.5984 -0.3165 0.674, 4.5984 -0.3002 0.6854, 4.5984 -0.3065 0.5429, 4.5984 -0.3225 0.5565, 4.5984 -0.674 0.5305, 4.5984 -0.288 0.5338, 4.5984 -0.3341 0.5731, 4.5984 -0.3415 0.5921, 4.5984 -0.674 0.6237, 4.5984 -0.344 0.6123, 4.5984 -0.3438 0.6171, 4.5984 -0.3427 0.6237, 4.5984 -0.3404 0.6364, 4.5984 -0.2815 0.5319, 4.5984 -0.2808 0.5305, 4.5984 -0.2765 0.5212, 4.5984 -0.269 0.5117, 4.5984 -0.259 0.5041, 4.5984 -0.2209 0.4984, 4.5984 -0.2328 0.497, 4.5984 0.0124 0.1969, 4.5984 -0.2351 0.4971, 4.5984 -0.2472 0.4991, 4.5984 -0.254 0.502, 4.5984 -0.1907 0.5192, 4.5984 -0.1848 0.5305, 4.5984 -0.1847 0.5307, 4.5984 -0.1992 0.5097, 4.5984 -0.2095 0.5027, 4.5984 -0.2115 0.502, 4.5984 -0.0195 0.6195, 4.5984 -0.0171 0.6026, 4.5984 -0.1944 0.5826, 4.5984 -0.1257 0.6185, 4.5984 -0.2031 0.5906, 4.5984 -0.2139 0.5965, 4.5984 -0.1225 0.5585, 4.5984 -0.1194 0.5607, 4.5984 -0.1098 0.5913, 4.5984 -0.0493 0.6079, 4.5984 -0.052 0.6176, 4.5984 -0.0555 0.6237, 4.5984 -0.3105 0.6237, 4.5984 -0.1159 0.5621, 4.5984 -0.1119 0.5626, 4.5984 -0.1114 0.5626, 4.5984 -0.3074 0.5929, 4.5984 -0.3008 0.5819, 4.5984 -0.275 0.5776, 4.5984 -0.2915 0.5726, 4.5984 -0.281 0.5662, 4.5984 -0.0258 0.5682, 4.5984 -0.0361 0.5539, 4.5984 -0.0499 0.5422, 4.5984 -0.0656 0.5345, 4.5984 -0.2559 0.5944, 4.5984 -0.2665 0.5872, 4.5984 -0.3117 0.6133, 4.5984 -0.3111 0.6055, 4.5984 -0.0194 0.5844, 4.5984 -0.1098 0.5622, 4.5984 -0.1088 0.5621, 4.5984 -0.0857 0.5621, 4.5984 -0.1278 0.5467, 4.5984 -0.1276 0.5488, 4.5984 -0.1816 0.5534, 4.5984 -0.1266 0.5527, 4.5984 -0.1246 0.5562, 4.5984 -0.0594 0.5748, 4.5984 -0.0538 0.5826, 4.5984 -0.0502 0.5917, 4.5984 -0.0489 0.6021, 4.5984 -0.1192 0.5327, 4.5984 -0.1225 0.535, 4.5984 -0.1237 0.5362, 4.5984 -0.1259 0.5394, 4.5984 -0.1273 0.5429, 4.5984 -0.1818 0.5434, 4.5984 -0.1816 0.5483, 4.5984 -0.2446 0.5986, 4.5984 -0.2328 0.6, 4.5984 -0.2263 0.5996, 4.5984 -0.0827 0.5309, 4.5984 -0.1129 0.5309, 4.5984 -0.1158 0.5313, 4.5984 -0.0759 0.5641, 4.5984 -0.067 0.5684, 4.5984 -0.306 0.6367, 4.5984 -0.3103 0.6252, 4.5984 -0.0929 0.642, 4.5984 -0.0888 0.642, 4.5984 -0.057 0.6263, 4.5984 -0.0619 0.6316, 4.5984 -0.0698 0.6372, 4.5984 -0.0787 0.6407, 4.5984 -0.1042 0.6731, 4.5984 -0.1158 0.6869, 4.5984 -0.2333 0.6569, 4.5984 -0.1167 0.6877, 4.5984 -0.1311 0.6977, 4.5984 -0.2254 0.6732, 4.5984 -0.3005 0.6448, 4.5984 -0.2375 0.6592, 4.5984 -0.0935 0.6448, 4.5984 -0.0962 0.6567, 4.5984 -0.2491 0.6632, 4.5984 -0.2605 0.6646, 4.5984 -0.2654 0.6643, 4.5984 -0.2139 0.6869, 4.5984 -0.1472 0.7039, 4.5984 -0.2003 0.6968, 4.5984 -0.1647 0.7061, 4.5984 -0.1836 0.7036, 4.5984 -0.2781 0.6615, 4.5984 -0.2895 0.6555, 4.5984 -0.2991 0.6469, 4.5984 -0.0328 0.6448, 4.5984 -0.0258 0.6351, 4.5984 -0.0212 0.6237, 4.5984 0.2803 0.5393, 4.5984 0.2803 0.5311, 4.5984 0.2871 0.5305, 4.5984 0.2643 0.5305, 4.5984 0.2871 0.6237, 4.5984 0.2786 0.6032, 4.5984 0.2786 0.5949, 4.5984 0.2766 0.5718, 4.5984 0.2766 0.5636, 4.5984 0.2643 0.5636, 4.5984 0.2643 0.5949, 4.5984 0.2643 0.5718, 4.5984 0.2508 0.5949, 4.5984 0.2508 0.5718, 4.5984 0.2643 0.5311, 4.5984 0.2415 0.5311, 4.5984 0.2366 0.5305, 4.5984 0.2415 0.6032, 4.5984 0.0931 0.5558, 4.5984 0.0944 0.5702, 4.5984 0.0912 0.5532, 4.5984 0.09 0.55, 4.5984 0.1429 0.5422, 4.5984 0.1307 0.5642, 4.5984 0.1429 0.5329, 4.5984 0.1307 0.5311, 4.5984 0.1172 0.5339, 4.5984 0.114 0.5317, 4.5984 0.1216 0.5311, 4.5984 0.1106 0.5305, 4.5984 0.0861 0.5305, 4.5984 0.0909 0.5377, 4.5984 0.0898 0.5408, 4.5984 0.0861 0.502, 4.5984 0.1004 0.5305, 4.5984 0.1002 0.5305, 4.5984 0.0968 0.5318, 4.5984 0.1036 0.5828, 4.5984 0.0861 0.6237, 4.5984 0.0968 0.5803, 4.5984 0.0944 0.579, 4.5984 0.0959 0.5581, 4.5984 0.0998 0.5601, 4.5984 0.1001 0.5739, 4.5984 0.1064 0.5617, 4.5984 0.1143 0.5761, 4.5984 0.1112 0.5764, 4.5984 0.1058 0.5758, 4.5984 0.0937 0.5339, 4.5984 0.0927 0.535, 4.5984 0.1216 0.5391, 4.5984 0.1214 0.5391, 4.5984 0.12 0.5369, 4.5984 0.1464 0.5401, 4.5984 0.1471 0.5398, 4.5984 0.1471 0.5589, 4.5984 0.1433 0.5719, 4.5984 0.1444 0.5748, 4.5984 0.1268 0.578, 4.5984 0.1121 0.5838, 4.5984 0.1176 0.5832, 4.5984 0.1214 0.5821, 4.5984 0.0893 0.5449, 4.5984 0.0894 0.5462, 4.5984 0.13 0.5709, 4.5984 0.1434 0.5652, 4.5984 0.1216 0.5638, 4.5984 0.1213 0.5678, 4.5984 0.1204 0.571, 4.5984 0.1193 0.5729, 4.5984 0.1286 0.5751, 4.5984 0.143 0.5687, 4.5984 0.147 0.559, 4.5984 0.1455 0.5605, 4.5984 0.1443 0.5624, 4.5984 0.118 0.5743, 4.5984 0.1164 0.5754, 4.5984 0.1509 0.5305, 4.5984 0.1471 0.502, 4.5984 0.1569 0.5299, 4.5984 0.18 0.502, 4.5984 0.1752 0.5815, 4.5984 0.1752 0.5727, 4.5984 0.1772 0.5415, 4.5984 0.1761 0.5386, 4.5984 0.1744 0.5362, 4.5984 0.1461 0.5773, 4.5984 0.1471 0.5782, 4.5984 0.1471 0.6237, 4.5984 0.1487 0.5797, 4.5984 0.1514 0.5813, 4.5984 0.1564 0.583, 4.5984 0.163 0.5838, 4.5984 0.18 0.6237, 4.5984 0.168 0.5834, 4.5984 0.1746 0.5536, 4.5984 0.1763 0.5511, 4.5984 0.1773 0.5485, 4.5984 0.1777 0.5451, 4.5984 0.1719 0.534, 4.5984 0.1691 0.5324, 4.5984 0.1621 0.5764, 4.5984 0.1594 0.5762, 4.5984 0.1523 0.5695, 4.5984 0.157 0.5756, 4.5984 0.155 0.5745, 4.5984 0.1523 0.5683, 4.5984 0.1527 0.5669, 4.5984 0.1534 0.5657, 4.5984 0.1542 0.5647, 4.5984 0.1574 0.5627, 4.5984 0.168 0.5757, 4.5984 0.163 0.5603, 4.5984 0.1731 0.5739, 4.5984 0.1665 0.5589, 4.5984 0.1725 0.5555, 4.5984 0.1536 0.5733, 4.5984 0.1529 0.5722, 4.5984 0.1524 0.5709, 4.5984 0.1521 0.5379, 4.5984 0.1566 0.5537, 4.5984 0.1513 0.5562, 4.5984 0.1578 0.5373, 4.5984 0.1582 0.5373, 4.5984 0.1626 0.5512, 4.5984 0.1628 0.5378, 4.5984 0.1684 0.5442, 4.5984 0.1683 0.5453, 4.5984 0.1651 0.5386, 4.5984 0.1659 0.5391, 4.5984 0.167 0.5401, 4.5984 0.1678 0.5412, 4.5984 0.1682 0.5425, 4.5984 0.1679 0.5468, 4.5984 0.1672 0.548, 4.5984 0.1661 0.5491, 4.5984 0.3135 0.6651, 4.5984 0.2871 0.6651, 4.5984 0.3209 0.6454, 4.5984 0.2871 0.6448, 4.5984 0.3311 0.6454, 4.5984 1.0039 0.6448, 4.5984 1.0039 0.7181, 4.5984 0.3037 0.7175, 4.5984 0.2871 0.7181, 4.5984 0.2835 0.6651, 4.5984 0.2766 0.6454, 4.5984 0.2643 0.6448, 4.5984 0.2663 0.6454, 4.5984 0.2643 0.7181, 4.5984 0.2871 0.7, 4.5984 0.2937 0.7175, 4.5984 0.2366 0.6448, 4.5984 0.2356 0.6469, 4.5984 0.2234 0.6454, 4.5984 0.2242 0.7175, 4.5984 0.2366 0.7181, 4.5984 0.1968 0.7181, 4.5984 0.1968 0.6448, 4.5984 0.2036 0.6454, 4.5984 0.2036 0.7175, 4.5984 0.2544 0.705, 4.5984 0.2588 0.6986, 4.5984 0.2602 0.6689, 4.5984 0.2565 0.6615, 4.5984 0.2514 0.7079, 4.5984 0.2514 0.6555, 4.5984 0.2438 0.6501, 4.5984 0.2366 0.6473, 4.5984 0.2357 0.7162, 4.5984 0.2366 0.7158, 4.5984 0.2443 0.7129, 4.5984 0.2613 0.6915, 4.5984 0.2623 0.6824, 4.5984 0.262 0.6773, 4.5984 0.18 0.7181, 4.5984 0.1884 0.7175, 4.5984 0.18 0.7175, 4.5984 0.1606 0.6536, 4.5984 0.18 0.6536, 4.5984 0.1606 0.6779, 4.5984 0.18 0.6779, 4.5984 0.1863 0.6779, 4.5984 0.19 0.6536, 4.5984 0.1863 0.6861, 4.5984 0.1884 0.7092, 4.5984 0.18 0.7092, 4.5984 0.1513 0.6454, 4.5984 0.1471 0.6448, 4.5984 0.18 0.6448, 4.5984 0.19 0.6454, 4.5984 0.18 0.6454, 4.5984 0.1513 0.7175, 4.5984 0.1471 0.7181, 4.5984 -1.0039 0.502, 4.5984 -1.0039 0.0, 4.5984 -0.8071 0.0, 4.5984 0.8071 0.0, 4.5984 1.0039 0.0, 4.5984 0.8071 0.1969, 4.5984 1.0039 0.502, 4.5984 0.2871 0.1969, 4.5984 0.1272 0.7181, 4.5984 0.1297 0.7179, 4.5984 0.1368 0.7158, 4.5984 0.1368 0.706, 4.5984 0.1368 0.6573, 4.5984 0.1368 0.6484, 4.5984 0.1297 0.6457, 4.5984 0.1222 0.6448, 4.5984 0.1212 0.6526, 4.5984 0.1295 0.6541, 4.5984 0.0926 0.68, 4.5984 0.0926 0.6806, 4.5984 0.0993 0.7012, 4.5984 0.0959 0.6961, 4.5984 0.0936 0.6897, 4.5984 0.1283 0.7093, 4.5984 0.1198 0.7103, 4.5984 0.1167 0.7102, 4.5984 0.1104 0.7089, 4.5984 0.0938 0.6711, 4.5984 0.096 0.6653, 4.5984 0.0997 0.6601, 4.5984 0.1063 0.6551, 4.5984 0.1115 0.6532, 4.5984 0.1182 0.6525, 4.5984 0.1357 0.7066, 4.5984 0.1048 0.7062, 4.5984 0.1002 0.7023, 4.5984 0.1015 0.6584, 4.5984 0.1143 0.7181, 4.5984 0.1198 0.7187, 4.5984 0.0861 3.3465, 4.5984 0.1471 3.3465, 4.5984 0.1204 0.7187, 4.5984 0.0861 0.7181, 4.5984 0.1101 0.7176, 4.5984 0.1024 0.7149, 4.5984 0.0883 0.7016, 4.5984 0.0933 0.7081, 4.5984 0.0954 0.7101, 4.5984 0.0818 0.7181, 4.5984 0.0848 0.6937, 4.5984 0.0861 0.6967, 4.5984 0.0861 0.6637, 4.5984 0.0841 0.6693, 4.5984 0.0818 0.6448, 4.5984 0.0829 0.6801, 4.5984 0.083 0.6844, 4.5984 0.0976 0.6495, 4.5984 0.0921 0.654, 4.5984 0.0861 0.6448, 4.5984 0.091 0.6553, 4.5984 0.0868 0.6616, 4.5984 0.1169 0.6442, 4.5984 0.1244 0.5803, 4.5984 0.1121 0.6445, 4.5984 0.1104 0.6448, 4.5984 0.1043 0.6462, 4.5984 0.1103 0.5304, 4.5984 0.1056 0.5299, 4.5984 0.2224 0.5826, 4.5984 0.2318 0.5826, 4.5984 0.2366 0.6237, 4.5984 0.2643 0.6032, 4.5984 0.2643 0.6237, 4.5984 0.2112 0.5305, 4.5984 0.2059 0.5439, 4.5984 0.207 0.5397, 4.5984 0.2073 0.5397, 4.5984 0.1968 0.6237, 4.5984 0.1968 0.57, 4.5984 0.2084 0.5438, 4.5984 0.2077 0.5414, 4.5984 0.1968 0.5458, 4.5984 0.1824 0.5826, 4.5984 0.1925 0.5826, 4.5984 0.2023 0.5305, 4.5984 0.2026 0.5312, 4.5984 0.1968 0.5186, 4.5984 0.1968 0.5186, 4.5984 0.1968 0.5305, 4.5984 0.1986 0.5219, 4.5984 0.1842 0.5156, 4.5984 0.1842 0.5076, 4.5984 0.1861 0.515, 4.5984 0.1893 0.5146, 4.5984 0.1915 0.5148, 4.5984 0.1968 0.5085, 4.5984 0.1937 0.5073, 4.5984 0.1968 0.502, 4.5984 0.19 0.5069, 4.5984 0.1881 0.5069, 4.5984 0.1935 0.5156, 4.5984 0.1951 0.5167, 4.5984 0.2084 0.5233, 4.5984 0.2043 0.5154, 4.5984 0.2366 0.502, 4.5984 0.201 0.5114, 4.5984 0.2004 0.5108, 4.5984 0.1973 0.5086, 4.5984 -1.0039 0.5305, 4.5984 -1.0039 0.6237, 4.5984 -1.0039 0.6448, 4.5984 -1.0039 0.7181, 4.5984 -1.0039 3.3465, 4.5984 0.0512 0.7175, 4.5984 0.0512 0.6536, 4.5984 0.0799 0.6536, 4.5984 0.0799 0.6454, 4.5984 0.0419 0.6454, 4.5984 0.0419 0.7175, 4.5984 0.079 0.5949, 4.5984 0.0818 0.5305, 4.5984 0.0807 0.5393, 4.5984 0.0807 0.5311, 4.5984 0.0419 0.5311, 4.5984 0.0512 0.5636, 4.5984 0.0512 0.5393, 4.5984 0.077 0.5636, 4.5984 0.077 0.5718, 4.5984 0.0512 0.5718, 4.5984 0.0512 0.5949, 4.5984 0.0419 0.6032, 4.5984 0.079 0.6032, 4.5984 0.0818 3.3465, 4.5984 0.2643 0.502, 4.5984 0.2871 0.502, 4.5984 0.18 3.3465, 4.5984 0.1968 3.3465, 4.5984 0.2366 3.3465, 4.5984 0.2643 3.3465, 4.5984 0.2871 3.3465, 4.5984 1.0039 3.3465, 4.5984 0.2939 0.5311, 4.5984 0.2939 0.6032, 4.5984 0.4214 0.5311, 4.5984 0.4111 0.5311, 4.5984 0.3137 0.5311, 4.5984 1.0039 0.5305, 4.5984 1.0039 0.6237, 4.5984 0.3939 0.6032, 4.5984 0.4037 0.5508, 4.5984 0.3737 0.5508, 4.5984 0.3668 0.5311, 4.5984 0.3565 0.5311, 4.5984 0.3258 0.5326, 4.5984 0.384 0.6032, 4.5984 0.3468 0.5472, 4.5984 0.3417 0.5412, 4.5984 0.3341 0.5358, 4.5984 0.3417 0.5936, 4.5984 0.3446 0.5907, 4.5984 0.349 0.5842, 4.5984 0.3515 0.5772, 4.5984 0.3144 0.6032, 4.5984 0.3259 0.6018, 4.5984 0.3345 0.5986, 4.5984 0.3525 0.5681, 4.5984 0.3523 0.5629, 4.5984 0.3504 0.5546, 4.5984 0.2643 0.1969, 4.5984 0.2366 0.1969, 4.5984 0.1968 0.1969, 4.5984 0.18 0.1969, 4.5984 0.1471 0.1969, 4.5984 0.0861 0.1969, 4.5984 0.0818 0.1969, -4.5984 0.8071 0.1969, -4.3071 0.8071 0.1969, -4.3071 0.1929 0.1969, -3.6929 0.8071 0.1969, -3.3071 0.8071 0.1969, -3.6929 0.1929 0.1969, -3.3071 0.1929 0.1969, -2.3071 -0.1929 0.1969, -2.3071 -0.8071 0.1969, -2.6929 -0.8071 0.1969, -2.6929 0.8071 0.1969, -2.3071 0.8071 0.1969, -2.6929 0.1929 0.1969, -2.3071 0.1929 0.1969, -4.5984 -0.8071 0.1969, -4.3071 -0.1929 0.1969, -4.3071 -0.8071 0.1969, -1.6929 0.8071 0.1969, -1.3071 0.8071 0.1969, -1.6929 0.1929 0.1969, -1.3071 0.1929 0.1969, -3.3071 -0.1929 0.1969, -2.6929 -0.1929 0.1969, -1.3071 -0.8071 0.1969, -1.6929 -0.8071 0.1969, -1.3071 -0.1929 0.1969, -1.6929 -0.1929 0.1969, -3.3071 -0.8071 0.1969, -3.6929 -0.8071 0.1969, -3.6929 -0.1929 0.1969, -0.6929 0.8071 0.1969, -0.3071 0.8071 0.1969, -0.6929 0.1929 0.1969, -0.3071 0.1929 0.1969, -0.3071 -0.8071 0.1969, -0.6929 -0.8071 0.1969, -0.3071 -0.1929 0.1969, -0.6929 -0.1929 0.1969, 0.3071 0.8071 0.1969, 0.6929 0.8071 0.1969, 0.3071 0.1929 0.1969, 0.6929 0.1929 0.1969, 0.6929 -0.8071 0.1969, 0.3071 -0.8071 0.1969, 0.6929 -0.1929 0.1969, 0.3071 -0.1929 0.1969, 1.3071 0.8071 0.1969, 1.6929 0.8071 0.1969, 1.3071 0.1929 0.1969, 1.6929 0.1929 0.1969, 1.6929 -0.8071 0.1969, 1.3071 -0.8071 0.1969, 1.6929 -0.1929 0.1969, 1.3071 -0.1929 0.1969, 2.3071 0.8071 0.1969, 2.6929 0.8071 0.1969, 2.3071 0.1929 0.1969, 2.6929 0.1929 0.1969, 2.6929 -0.8071 0.1969, 2.3071 -0.8071 0.1969, 2.6929 -0.1929 0.1969, 2.3071 -0.1929 0.1969, 3.3071 0.8071 0.1969, 3.6929 0.8071 0.1969, 3.3071 0.1929 0.1969, 3.6929 0.1929 0.1969, 3.6929 -0.8071 0.1969, 3.3071 -0.8071 0.1969, 3.6929 -0.1929 0.1969, 3.3071 -0.1929 0.1969, 4.3071 0.8071 0.1969, 4.3071 0.1929 0.1969, 4.3071 -0.1929 0.1969, 4.3071 -0.8071 0.1969, 4.5984 -0.8996 3.3465, 3.5 -0.8996 3.3465, 4.2953 0.7953 3.3465, 3.7047 0.7953 3.3465, 3.5 1.0039 3.3465, 3.7047 0.2047 3.3465, 3.5 0.0 3.3465, 4.2953 0.2047 3.3465, 4.5984 0.0 3.3465, 3.2953 0.7953 3.3465, 2.7047 0.7953 3.3465, 2.5 1.0039 3.3465, 2.7047 0.2047 3.3465, 2.5 0.0 3.3465, 3.2953 0.2047 3.3465, 2.2953 0.7953 3.3465, 1.7047 0.7953 3.3465, 1.5 1.0039 3.3465, 1.7047 0.2047 3.3465, 1.5 0.0 3.3465, 2.2953 0.2047 3.3465, 1.2953 0.7953 3.3465, 0.7047 0.7953 3.3465, 0.5 1.0039 3.3465, 0.7047 0.2047 3.3465, 0.5 0.0 3.3465, 1.2953 0.2047 3.3465, 0.2953 0.7953 3.3465, -0.2953 0.7953 3.3465, -0.5 1.0039 3.3465, -0.2953 0.2047 3.3465, -0.5 0.0 3.3465, 0.2953 0.2047 3.3465, -0.7047 0.7953 3.3465, -1.2953 0.7953 3.3465, -1.5 1.0039 3.3465, -1.2953 0.2047 3.3465, -1.5 0.0 3.3465, -0.7047 0.2047 3.3465, -1.7047 0.7953 3.3465, -2.2953 0.7953 3.3465, -2.5 1.0039 3.3465, -2.2953 0.2047 3.3465, -2.5 0.0 3.3465, -1.7047 0.2047 3.3465, -2.7047 0.7953 3.3465, -3.2953 0.7953 3.3465, -3.5 1.0039 3.3465, -3.2953 0.2047 3.3465, -3.5 0.0 3.3465, -2.7047 0.2047 3.3465, -3.7047 0.7953 3.3465, -4.2953 0.7953 3.3465, -4.4469 1.0039 3.3465, -4.2953 0.2047 3.3465, -4.4469 0.0 3.3465, -3.7047 0.2047 3.3465, 4.2953 -0.2047 3.3465, 3.7047 -0.2047 3.3465, 3.7047 -0.7953 3.3465, 4.2953 -0.7953 3.3465, 3.2953 -0.2047 3.3465, 2.7047 -0.2047 3.3465, 2.7047 -0.7953 3.3465, 2.5 -0.8996 3.3465, 3.2953 -0.7953 3.3465, 2.2953 -0.2047 3.3465, 1.7047 -0.2047 3.3465, 1.7047 -0.7953 3.3465, 1.5 -0.8996 3.3465, 2.2953 -0.7953 3.3465, 1.2953 -0.2047 3.3465, 0.7047 -0.2047 3.3465, 0.7047 -0.7953 3.3465, 0.5 -0.8996 3.3465, 1.2953 -0.7953 3.3465, 0.2953 -0.2047 3.3465, -0.2953 -0.2047 3.3465, -0.2953 -0.7953 3.3465, -0.5 -0.8996 3.3465, 0.2953 -0.7953 3.3465, -0.7047 -0.2047 3.3465, -1.2953 -0.2047 3.3465, -1.2953 -0.7953 3.3465, -1.5 -0.8996 3.3465, -0.7047 -0.7953 3.3465, -1.7047 -0.2047 3.3465, -2.2953 -0.2047 3.3465, -2.2953 -0.7953 3.3465, -2.5 -0.8996 3.3465, -1.7047 -0.7953 3.3465, -2.7047 -0.2047 3.3465, -3.2953 -0.2047 3.3465, -3.2953 -0.7953 3.3465, -3.5 -0.8996 3.3465, -2.7047 -0.7953 3.3465, -3.7047 -0.2047 3.3465, -4.2953 -0.2047 3.3465, -4.2953 -0.7953 3.3465, -4.4469 -0.8996 3.3465, -3.7047 -0.7953 3.3465, -4.5984 1.0039 3.3465, -4.5984 0.0 3.3465, -4.5984 -0.8996 3.3465, 3.5 -1.0039 3.3465, 2.5 -1.0039 3.3465, 1.5 -1.0039 3.3465, 0.5 -1.0039 3.3465, -0.5 -1.0039 3.3465, -1.5 -1.0039 3.3465, -2.5 -1.0039 3.3465, -3.5 -1.0039 3.3465, -4.4469 -1.0039 3.3465, -4.5984 -1.0039 3.3465, -4.5984 0.8071 0.0, -4.5984 1.0039 0.0, -4.5984 -0.8071 0.0, -4.5984 -1.0039 0.0, 2.3071 0.8071 1.7717, 1.6929 0.8071 1.7717, 3.6929 0.8071 1.7717, 4.3071 0.8071 1.7717, 0.3071 0.8071 1.7717, -0.3071 0.8071 1.7717, 2.6929 0.8071 1.7717, 3.3071 0.8071 1.7717, 0.6929 0.8071 1.7717, 1.3071 0.8071 1.7717, -1.6929 0.8071 1.7717, -2.3071 0.8071 1.7717, -1.3071 0.8071 1.7717, -0.6929 0.8071 1.7717, -3.6929 0.8071 1.7717, -4.3071 0.8071 1.7717, -3.3071 0.8071 1.7717, -2.6929 0.8071 1.7717, -2.3071 -0.8071 1.7717, -1.6929 -0.8071 1.7717, -3.6929 -0.8071 1.7717, -4.3071 -0.8071 1.7717, -3.3071 -0.8071 1.7717, -2.6929 -0.8071 1.7717, -0.3071 -0.8071 1.7717, 0.3071 -0.8071 1.7717, -0.6929 -0.8071 1.7717, -1.3071 -0.8071 1.7717, 1.6929 -0.8071 1.7717, 2.3071 -0.8071 1.7717, 1.3071 -0.8071 1.7717, 0.6929 -0.8071 1.7717, 3.6929 -0.8071 1.7717, 4.3071 -0.8071 1.7717, 3.3071 -0.8071 1.7717, 2.6929 -0.8071 1.7717, -3.8425 0.3425 1.7717, -3.8425 0.3425 3.2087, -3.8425 0.6575 1.7717, -3.8425 0.6575 3.2087, -4.1575 0.3425 1.7717, -4.1575 0.3425 3.2087, -4.1575 0.6575 1.7717, -4.1575 0.6575 3.2087, -4.3071 0.1929 1.7717, -3.6929 0.1929 1.7717, -3.8425 -0.6575 3.2087, -3.8425 -0.3425 3.2087, -3.8425 -0.6575 1.7717, -3.8425 -0.3425 1.7717, -4.1575 -0.6575 3.2087, -4.1575 -0.6575 1.7717, -4.1575 -0.3425 3.2087, -4.1575 -0.3425 1.7717, -4.3071 -0.1929 1.7717, -3.6929 -0.1929 1.7717, -2.8425 -0.6575 3.2087, -2.8425 -0.3425 3.2087, -2.8425 -0.6575 1.7717, -2.8425 -0.3425 1.7717, -3.1575 -0.6575 3.2087, -3.1575 -0.6575 1.7717, -3.1575 -0.3425 3.2087, -3.1575 -0.3425 1.7717, -3.3071 -0.1929 1.7717, -2.6929 -0.1929 1.7717, -1.8425 -0.6575 3.2087, -1.8425 -0.3425 3.2087, -1.8425 -0.6575 1.7717, -1.8425 -0.3425 1.7717, -2.1575 -0.6575 3.2087, -2.1575 -0.6575 1.7717, -2.1575 -0.3425 3.2087, -2.1575 -0.3425 1.7717, -2.3071 -0.1929 1.7717, -1.6929 -0.1929 1.7717, -0.8425 -0.6575 3.2087, -0.8425 -0.3425 3.2087, -0.8425 -0.6575 1.7717, -0.8425 -0.3425 1.7717, -1.1575 -0.6575 3.2087, -1.1575 -0.6575 1.7717, -1.1575 -0.3425 3.2087, -1.1575 -0.3425 1.7717, -1.3071 -0.1929 1.7717, -0.6929 -0.1929 1.7717, 0.1575 -0.6575 3.2087, 0.1575 -0.3425 3.2087, 0.1575 -0.6575 1.7717, 0.1575 -0.3425 1.7717, -0.1575 -0.6575 3.2087, -0.1575 -0.6575 1.7717, -0.1575 -0.3425 3.2087, -0.1575 -0.3425 1.7717, -0.3071 -0.1929 1.7717, 0.3071 -0.1929 1.7717, 1.1575 -0.6575 3.2087, 1.1575 -0.3425 3.2087, 1.1575 -0.6575 1.7717, 1.1575 -0.3425 1.7717, 0.8425 -0.6575 3.2087, 0.8425 -0.6575 1.7717, 0.8425 -0.3425 3.2087, 0.8425 -0.3425 1.7717, 0.6929 -0.1929 1.7717, 1.3071 -0.1929 1.7717, 2.1575 -0.6575 3.2087, 2.1575 -0.3425 3.2087, 2.1575 -0.6575 1.7717, 2.1575 -0.3425 1.7717, 1.8425 -0.6575 3.2087, 1.8425 -0.6575 1.7717, 1.8425 -0.3425 3.2087, 1.8425 -0.3425 1.7717, 1.6929 -0.1929 1.7717, 2.3071 -0.1929 1.7717, 3.1575 -0.6575 3.2087, 3.1575 -0.3425 3.2087, 3.1575 -0.6575 1.7717, 3.1575 -0.3425 1.7717, 2.8425 -0.6575 3.2087, 2.8425 -0.6575 1.7717, 2.8425 -0.3425 3.2087, 2.8425 -0.3425 1.7717, 2.6929 -0.1929 1.7717, 3.3071 -0.1929 1.7717, 4.1575 -0.6575 3.2087, 4.1575 -0.3425 3.2087, 4.1575 -0.6575 1.7717, 4.1575 -0.3425 1.7717, 3.8425 -0.6575 3.2087, 3.8425 -0.6575 1.7717, 3.8425 -0.3425 3.2087, 3.8425 -0.3425 1.7717, 3.6929 -0.1929 1.7717, 4.3071 -0.1929 1.7717, 4.1575 0.3425 1.7717, 4.1575 0.3425 3.2087, 4.1575 0.6575 1.7717, 4.1575 0.6575 3.2087, 3.8425 0.3425 1.7717, 3.8425 0.3425 3.2087, 3.8425 0.6575 1.7717, 3.8425 0.6575 3.2087, 3.1575 0.3425 1.7717, 3.1575 0.3425 3.2087, 3.1575 0.6575 1.7717, 3.1575 0.6575 3.2087, 2.8425 0.3425 1.7717, 2.8425 0.3425 3.2087, 2.8425 0.6575 1.7717, 2.8425 0.6575 3.2087, 2.1575 0.3425 1.7717, 2.1575 0.3425 3.2087, 2.1575 0.6575 1.7717, 2.1575 0.6575 3.2087, 1.8425 0.3425 1.7717, 1.8425 0.3425 3.2087, 1.8425 0.6575 1.7717, 1.8425 0.6575 3.2087, 1.1575 0.3425 1.7717, 1.1575 0.3425 3.2087, 1.1575 0.6575 1.7717, 1.1575 0.6575 3.2087, 0.8425 0.3425 1.7717, 0.8425 0.3425 3.2087, 0.8425 0.6575 1.7717, 0.8425 0.6575 3.2087, 0.1575 0.3425 1.7717, 0.1575 0.3425 3.2087, 0.1575 0.6575 1.7717, 0.1575 0.6575 3.2087, -0.1575 0.3425 1.7717, -0.1575 0.3425 3.2087, -0.1575 0.6575 1.7717, -0.1575 0.6575 3.2087, -0.8425 0.3425 1.7717, -0.8425 0.3425 3.2087, -0.8425 0.6575 1.7717, -0.8425 0.6575 3.2087, -1.1575 0.3425 1.7717, -1.1575 0.3425 3.2087, -1.1575 0.6575 1.7717, -1.1575 0.6575 3.2087, -1.8425 0.3425 1.7717, -1.8425 0.3425 3.2087, -1.8425 0.6575 1.7717, -1.8425 0.6575 3.2087, -2.1575 0.3425 1.7717, -2.1575 0.3425 3.2087, -2.1575 0.6575 1.7717, -2.1575 0.6575 3.2087, -2.8425 0.3425 1.7717, -2.8425 0.3425 3.2087, -2.8425 0.6575 1.7717, -2.8425 0.6575 3.2087, -3.1575 0.3425 1.7717, -3.1575 0.3425 3.2087, -3.1575 0.6575 1.7717, -3.1575 0.6575 3.2087, -3.3071 0.1929 1.7717, -2.6929 0.1929 1.7717, -2.3071 0.1929 1.7717, -1.6929 0.1929 1.7717, -1.3071 0.1929 1.7717, -0.6929 0.1929 1.7717, -0.3071 0.1929 1.7717, 0.3071 0.1929 1.7717, 0.6929 0.1929 1.7717, 1.3071 0.1929 1.7717, 1.6929 0.1929 1.7717, 2.3071 0.1929 1.7717, 2.6929 0.1929 1.7717, 3.3071 0.1929 1.7717, 3.6929 0.1929 1.7717, 4.3071 0.1929 1.7717, 4.3071 0.1929 1.7717
            ]
        }
        coordIndex [
            0,1,2,-1,3,4,5,-1,6,7,8,-1,9,10,11,-1,12,13,14,-1,15,16,17,-1,18,19,20,-1,21,22,23,-1,23,22,3,-1,24,25,23,-1,23,25,26,-1,26,27,23,-1,23,27,28,-1,23,28,21,-1,29,30,31,-1,32,33,34,-1,34,33,31,-1,31,33,35,-1,31,35,29,-1,32,34,36,-1,36,34,37,-1,36,37,38,-1,39,40,37,-1,37,40,41,-1,37,41,42,-1,37,43,38,-1,38,43,44,-1,38,44,45,-1,45,44,46,-1,45,46,47,-1,42,48,37,-1,37,48,49,-1,37,49,43,-1,50,51,52,-1,50,52,53,-1,51,54,52,-1,52,54,55,-1,52,55,56,-1,56,55,57,-1,57,58,56,-1,56,58,59,-1,56,59,39,-1,39,59,60,-1,39,60,40,-1,61,53,62,-1,62,53,52,-1,62,52,63,-1,63,52,8,-1,63,8,64,-1,64,8,65,-1,66,67,68,-1,68,67,69,-1,68,69,7,-1,7,69,70,-1,7,70,8,-1,8,70,71,-1,8,71,65,-1,72,1,73,-1,73,1,0,-1,73,0,74,-1,72,75,1,-1,1,75,76,-1,1,76,77,-1,78,79,4,-1,80,81,82,-1,82,81,83,-1,84,85,86,-1,87,88,81,-1,81,88,89,-1,81,89,90,-1,85,91,86,-1,86,91,92,-1,86,92,93,-1,94,95,96,-1,96,95,97,-1,96,97,98,-1,99,100,0,-1,0,100,101,-1,0,101,102,-1,103,90,104,-1,104,90,105,-1,104,105,96,-1,96,105,106,-1,96,106,94,-1,4,79,0,-1,0,79,107,-1,0,107,99,-1,93,108,86,-1,86,108,109,-1,86,109,110,-1,111,112,113,-1,113,112,114,-1,113,114,86,-1,86,114,115,-1,86,115,84,-1,116,117,86,-1,86,117,118,-1,86,118,81,-1,81,118,119,-1,81,119,87,-1,120,121,74,-1,74,121,122,-1,122,123,74,-1,74,123,124,-1,74,124,125,-1,125,124,111,-1,125,111,126,-1,126,111,113,-1,103,127,90,-1,90,127,128,-1,90,128,81,-1,81,128,129,-1,81,129,83,-1,102,130,0,-1,0,130,131,-1,0,131,74,-1,74,131,132,-1,74,132,120,-1,110,133,86,-1,86,133,134,-1,86,134,116,-1,135,136,137,-1,136,90,137,-1,137,90,89,-1,137,89,138,-1,138,89,139,-1,139,140,138,-1,138,140,141,-1,138,141,142,-1,143,144,145,-1,144,146,145,-1,145,146,147,-1,145,147,148,-1,149,145,150,-1,135,137,149,-1,149,137,151,-1,149,151,145,-1,145,151,152,-1,145,152,143,-1,150,153,149,-1,149,153,154,-1,149,154,155,-1,148,147,156,-1,156,147,157,-1,156,157,158,-1,158,157,159,-1,158,159,160,-1,161,162,155,-1,155,162,163,-1,155,163,149,-1,22,164,3,-1,3,164,165,-1,3,165,4,-1,4,165,166,-1,4,166,78,-1,167,168,169,-1,169,168,170,-1,171,172,173,-1,174,175,167,-1,167,175,20,-1,20,175,176,-1,20,176,18,-1,173,177,178,-1,178,177,179,-1,178,179,180,-1,168,181,170,-1,170,181,182,-1,170,182,183,-1,183,182,184,-1,185,186,187,-1,187,186,188,-1,189,190,191,-1,191,190,192,-1,191,192,16,-1,193,194,195,-1,195,194,196,-1,195,196,192,-1,197,198,199,-1,200,201,197,-1,197,201,202,-1,197,202,203,-1,204,205,206,-1,206,205,207,-1,185,208,186,-1,186,208,209,-1,186,209,210,-1,210,209,211,-1,212,213,211,-1,211,213,214,-1,211,214,210,-1,203,215,197,-1,197,215,216,-1,197,216,198,-1,217,218,195,-1,195,218,219,-1,195,219,193,-1,220,221,222,-1,223,224,225,-1,204,226,205,-1,205,226,227,-1,205,227,228,-1,199,229,197,-1,197,229,230,-1,197,230,205,-1,205,230,188,-1,205,188,207,-1,207,188,186,-1,231,190,232,-1,233,234,211,-1,211,234,235,-1,211,235,236,-1,220,222,189,-1,225,237,223,-1,223,237,231,-1,223,231,238,-1,238,231,232,-1,222,239,189,-1,189,239,240,-1,189,240,190,-1,190,240,241,-1,190,241,232,-1,236,242,211,-1,211,242,243,-1,211,243,212,-1,15,17,244,-1,244,17,245,-1,244,245,246,-1,246,245,13,-1,13,245,247,-1,13,247,14,-1,248,249,14,-1,250,251,14,-1,14,251,252,-1,253,254,255,-1,255,254,256,-1,255,256,257,-1,257,258,255,-1,255,258,259,-1,255,259,260,-1,260,259,261,-1,260,261,248,-1,262,263,249,-1,249,263,264,-1,249,264,14,-1,14,264,265,-1,14,265,250,-1,252,266,14,-1,14,266,267,-1,14,267,12,-1,268,269,270,-1,270,269,271,-1,270,271,272,-1,270,273,268,-1,268,273,274,-1,268,274,275,-1,275,276,268,-1,268,276,277,-1,268,277,278,-1,278,277,279,-1,278,279,280,-1,280,279,281,-1,280,281,249,-1,249,281,282,-1,249,282,262,-1,283,284,272,-1,272,284,285,-1,272,285,270,-1,286,287,221,-1,221,287,288,-1,221,288,222,-1,286,289,287,-1,287,289,290,-1,287,290,291,-1,291,290,292,-1,291,293,294,-1,292,295,291,-1,291,295,296,-1,291,296,297,-1,297,298,291,-1,291,298,299,-1,291,299,293,-1,294,300,291,-1,291,300,301,-1,291,301,302,-1,303,304,305,-1,305,304,306,-1,305,306,307,-1,308,309,310,-1,310,309,311,-1,304,312,306,-1,306,312,313,-1,306,313,314,-1,314,313,315,-1,314,315,316,-1,316,315,317,-1,316,317,311,-1,311,317,318,-1,311,318,310,-1,319,320,321,-1,322,323,324,-1,319,321,325,-1,325,321,326,-1,325,326,324,-1,324,326,327,-1,324,327,322,-1,328,329,316,-1,330,331,314,-1,328,316,332,-1,331,333,314,-1,314,333,334,-1,314,334,319,-1,319,334,335,-1,319,335,320,-1,322,336,323,-1,323,336,337,-1,323,337,316,-1,316,337,338,-1,316,338,332,-1,329,339,316,-1,316,339,340,-1,316,340,314,-1,314,340,341,-1,314,341,330,-1,324,342,343,-1,343,342,344,-1,345,346,347,-1,347,346,348,-1,348,346,349,-1,349,346,350,-1,349,350,351,-1,351,350,352,-1,351,352,11,-1,11,352,353,-1,11,353,9,-1,354,355,356,-1,343,352,324,-1,324,352,350,-1,324,350,325,-1,325,350,357,-1,325,357,356,-1,356,357,358,-1,356,358,354,-1,344,342,359,-1,359,342,360,-1,359,360,354,-1,361,362,363,-1,364,365,366,-1,366,365,367,-1,366,367,368,-1,369,370,360,-1,360,370,371,-1,360,371,372,-1,373,374,355,-1,355,374,375,-1,355,375,376,-1,377,378,379,-1,379,378,373,-1,379,373,380,-1,381,382,373,-1,373,382,383,-1,373,383,380,-1,384,385,373,-1,373,385,386,-1,373,386,387,-1,388,389,390,-1,391,392,379,-1,379,392,393,-1,379,393,377,-1,354,360,355,-1,355,360,372,-1,355,372,373,-1,373,372,394,-1,373,394,384,-1,387,395,373,-1,373,395,396,-1,373,396,381,-1,388,390,379,-1,379,390,397,-1,379,397,391,-1,398,399,400,-1,400,399,401,-1,401,399,402,-1,401,402,369,-1,398,403,404,-1,404,403,405,-1,406,407,403,-1,403,407,408,-1,403,408,405,-1,409,410,403,-1,403,410,411,-1,403,411,406,-1,412,413,414,-1,414,413,415,-1,414,415,409,-1,409,415,416,-1,409,416,410,-1,417,418,419,-1,419,418,420,-1,419,420,421,-1,376,422,255,-1,255,422,205,-1,255,205,253,-1,253,205,228,-1,253,228,224,-1,224,228,423,-1,224,423,225,-1,422,424,205,-1,205,424,425,-1,205,425,419,-1,419,425,426,-1,419,426,417,-1,16,192,17,-1,17,192,196,-1,17,196,245,-1,245,196,427,-1,245,427,200,-1,200,427,428,-1,200,428,201,-1,429,430,431,-1,172,171,432,-1,432,171,433,-1,432,433,184,-1,184,433,431,-1,184,431,183,-1,183,431,430,-1,183,430,434,-1,435,436,437,-1,431,438,429,-1,429,438,439,-1,429,439,440,-1,440,439,435,-1,440,435,441,-1,441,435,437,-1,442,443,14,-1,248,14,260,-1,260,14,443,-1,260,443,438,-1,438,443,444,-1,438,444,439,-1,445,446,442,-1,447,448,449,-1,449,448,450,-1,449,450,445,-1,445,442,449,-1,449,442,14,-1,449,14,451,-1,451,14,247,-1,451,247,452,-1,451,453,449,-1,449,453,454,-1,449,454,455,-1,456,457,458,-1,458,457,459,-1,458,459,247,-1,247,459,460,-1,247,460,452,-1,455,461,449,-1,449,461,462,-1,449,462,447,-1,463,464,465,-1,463,465,434,-1,464,466,465,-1,465,466,467,-1,465,467,458,-1,458,467,468,-1,458,468,456,-1,363,6,361,-1,361,6,8,-1,361,8,469,-1,469,8,52,-1,469,52,470,-1,470,52,56,-1,470,56,471,-1,471,56,39,-1,471,39,472,-1,472,39,37,-1,472,37,473,-1,473,37,34,-1,474,409,23,-1,474,475,409,-1,409,475,476,-1,409,476,414,-1,414,476,477,-1,414,477,478,-1,5,414,3,-1,3,414,478,-1,3,478,23,-1,23,478,479,-1,23,479,474,-1,480,481,5,-1,480,482,481,-1,481,482,483,-1,481,483,484,-1,485,486,487,-1,487,486,482,-1,487,482,488,-1,488,482,480,-1,488,480,489,-1,489,480,490,-1,2,481,0,-1,0,481,484,-1,0,484,4,-1,4,484,491,-1,4,491,5,-1,5,491,492,-1,5,492,480,-1,398,400,403,-1,403,400,493,-1,403,493,409,-1,409,493,31,-1,409,31,23,-1,23,31,30,-1,23,30,24,-1,2,200,481,-1,481,200,197,-1,481,197,5,-1,5,197,205,-1,5,205,414,-1,414,205,419,-1,414,419,412,-1,412,419,421,-1,376,255,355,-1,355,255,260,-1,355,260,356,-1,356,260,438,-1,356,438,325,-1,325,438,431,-1,325,431,319,-1,319,431,433,-1,319,433,314,-1,314,433,171,-1,314,171,306,-1,434,465,183,-1,183,465,494,-1,183,494,170,-1,170,494,495,-1,170,495,169,-1,369,360,401,-1,401,360,342,-1,401,342,496,-1,496,342,324,-1,496,324,497,-1,497,324,323,-1,497,323,498,-1,498,323,316,-1,498,316,499,-1,499,316,311,-1,499,311,500,-1,500,311,309,-1,500,309,501,-1,502,503,171,-1,504,505,169,-1,178,174,173,-1,173,174,167,-1,173,167,171,-1,171,167,169,-1,171,169,502,-1,502,169,506,-1,507,508,509,-1,510,511,505,-1,505,511,512,-1,505,512,169,-1,169,512,513,-1,169,513,506,-1,506,513,514,-1,310,307,308,-1,308,307,306,-1,308,306,508,-1,508,306,171,-1,508,171,509,-1,509,171,515,-1,516,517,513,-1,513,517,518,-1,513,518,514,-1,519,520,515,-1,515,520,521,-1,515,521,522,-1,503,523,171,-1,171,523,524,-1,171,524,515,-1,515,524,525,-1,515,525,519,-1,522,526,515,-1,515,526,527,-1,515,527,513,-1,513,527,528,-1,513,528,516,-1,509,504,507,-1,507,504,169,-1,507,169,367,-1,367,169,495,-1,367,495,368,-1,368,495,494,-1,368,494,529,-1,529,494,465,-1,529,465,530,-1,530,465,458,-1,530,458,531,-1,531,458,247,-1,531,247,532,-1,532,247,245,-1,532,245,533,-1,533,245,200,-1,533,200,534,-1,534,200,2,-1,534,2,535,-1,535,2,1,-1,535,1,68,-1,68,1,77,-1,68,77,66,-1,536,537,538,-1,539,540,541,-1,541,540,542,-1,543,544,545,-1,546,547,548,-1,548,547,549,-1,536,538,550,-1,550,538,551,-1,550,551,552,-1,553,554,555,-1,555,554,556,-1,557,542,558,-1,558,542,548,-1,559,560,561,-1,561,560,562,-1,563,564,557,-1,557,564,565,-1,557,565,542,-1,542,565,551,-1,542,551,541,-1,541,551,538,-1,566,567,568,-1,568,567,569,-1,570,571,572,-1,572,571,573,-1,574,575,576,-1,576,575,577,-1,578,579,580,-1,580,579,581,-1,582,583,584,-1,584,583,585,-1,586,587,588,-1,588,587,589,-1,590,591,592,-1,592,591,593,-1,594,595,596,-1,596,595,597,-1,598,599,600,-1,600,599,601,-1,602,603,604,-1,604,603,605,-1,606,366,607,-1,607,366,6,-1,607,6,608,-1,608,6,609,-1,545,558,543,-1,543,558,548,-1,543,548,562,-1,562,548,549,-1,562,549,561,-1,561,549,555,-1,561,555,573,-1,573,555,556,-1,573,556,572,-1,572,556,568,-1,572,568,581,-1,581,568,569,-1,581,569,580,-1,580,569,576,-1,580,576,589,-1,589,576,577,-1,589,577,588,-1,588,577,584,-1,588,584,597,-1,597,584,585,-1,597,585,596,-1,596,585,592,-1,596,592,605,-1,605,592,593,-1,605,593,604,-1,604,593,600,-1,604,600,608,-1,608,600,601,-1,608,601,607,-1,473,610,611,-1,612,501,613,-1,613,501,614,-1,613,614,615,-1,615,614,616,-1,615,616,617,-1,617,616,618,-1,617,618,612,-1,612,618,501,-1,619,614,620,-1,620,614,621,-1,620,621,622,-1,622,621,623,-1,622,623,624,-1,624,623,616,-1,624,616,619,-1,619,616,614,-1,625,621,626,-1,626,621,627,-1,626,627,628,-1,628,627,629,-1,628,629,630,-1,630,629,623,-1,630,623,625,-1,625,623,621,-1,631,627,632,-1,632,627,633,-1,632,633,634,-1,634,633,635,-1,634,635,636,-1,636,635,629,-1,636,629,631,-1,631,629,627,-1,637,633,638,-1,638,633,639,-1,638,639,640,-1,640,639,641,-1,640,641,642,-1,642,641,635,-1,642,635,637,-1,637,635,633,-1,643,639,644,-1,644,639,645,-1,644,645,646,-1,646,645,647,-1,646,647,648,-1,648,647,641,-1,648,641,643,-1,643,641,639,-1,649,645,650,-1,650,645,651,-1,650,651,652,-1,652,651,653,-1,652,653,654,-1,654,653,647,-1,654,647,649,-1,649,647,645,-1,655,651,656,-1,656,651,657,-1,656,657,658,-1,658,657,659,-1,658,659,660,-1,660,659,653,-1,660,653,655,-1,655,653,651,-1,661,657,662,-1,662,657,663,-1,662,663,664,-1,664,663,665,-1,664,665,666,-1,666,665,659,-1,666,659,661,-1,661,659,657,-1,667,618,668,-1,668,618,616,-1,668,616,669,-1,669,616,611,-1,669,611,670,-1,670,611,610,-1,670,610,667,-1,667,610,618,-1,671,616,672,-1,672,616,623,-1,672,623,673,-1,673,623,674,-1,673,674,675,-1,675,674,611,-1,675,611,671,-1,671,611,616,-1,676,623,677,-1,677,623,629,-1,677,629,678,-1,678,629,679,-1,678,679,680,-1,680,679,674,-1,680,674,676,-1,676,674,623,-1,681,629,682,-1,682,629,635,-1,682,635,683,-1,683,635,684,-1,683,684,685,-1,685,684,679,-1,685,679,681,-1,681,679,629,-1,686,635,687,-1,687,635,641,-1,687,641,688,-1,688,641,689,-1,688,689,690,-1,690,689,684,-1,690,684,686,-1,686,684,635,-1,691,641,692,-1,692,641,647,-1,692,647,693,-1,693,647,694,-1,693,694,695,-1,695,694,689,-1,695,689,691,-1,691,689,641,-1,696,647,697,-1,697,647,653,-1,697,653,698,-1,698,653,699,-1,698,699,700,-1,700,699,694,-1,700,694,696,-1,696,694,647,-1,701,653,702,-1,702,653,659,-1,702,659,703,-1,703,659,704,-1,703,704,705,-1,705,704,699,-1,705,699,701,-1,701,699,653,-1,706,659,707,-1,707,659,665,-1,707,665,708,-1,708,665,709,-1,708,709,710,-1,710,709,704,-1,710,704,706,-1,706,704,659,-1,663,711,665,-1,665,711,712,-1,665,712,709,-1,709,712,713,-1,473,611,714,-1,714,611,674,-1,714,674,715,-1,715,674,679,-1,715,679,716,-1,716,679,684,-1,716,684,717,-1,717,684,689,-1,717,689,718,-1,718,689,694,-1,718,694,719,-1,719,694,699,-1,719,699,720,-1,720,699,704,-1,720,704,721,-1,721,704,709,-1,721,709,722,-1,722,709,713,-1,722,713,723,-1,724,725,364,-1,364,725,365,-1,725,724,536,-1,726,727,550,-1,550,727,723,-1,723,713,550,-1,550,713,712,-1,550,712,536,-1,536,712,711,-1,536,711,725,-1,473,714,362,-1,362,714,715,-1,715,716,362,-1,362,716,717,-1,362,717,727,-1,717,718,727,-1,727,718,719,-1,727,719,720,-1,720,721,727,-1,727,721,722,-1,727,722,723,-1,711,663,725,-1,725,663,657,-1,725,657,651,-1,651,645,725,-1,725,645,639,-1,725,639,365,-1,365,639,633,-1,365,633,627,-1,627,621,365,-1,365,621,614,-1,365,614,501,-1,363,362,726,-1,726,362,727,-1,724,364,606,-1,606,364,366,-1,590,728,729,-1,598,724,599,-1,599,724,606,-1,599,606,730,-1,730,606,731,-1,537,536,724,-1,574,732,733,-1,583,582,724,-1,567,566,724,-1,729,583,590,-1,590,583,724,-1,590,724,591,-1,591,724,598,-1,591,598,734,-1,734,598,735,-1,733,567,574,-1,574,567,724,-1,574,724,575,-1,575,724,582,-1,575,582,736,-1,736,582,737,-1,553,738,739,-1,547,546,724,-1,739,547,553,-1,553,547,724,-1,553,724,554,-1,554,724,566,-1,554,566,740,-1,740,566,741,-1,539,742,743,-1,743,537,539,-1,539,537,724,-1,539,724,540,-1,540,724,546,-1,540,546,744,-1,744,546,745,-1,363,726,552,-1,552,726,550,-1,544,746,747,-1,609,6,363,-1,563,363,564,-1,564,363,552,-1,564,552,748,-1,748,552,749,-1,560,559,363,-1,750,751,563,-1,563,751,545,-1,563,545,363,-1,363,545,544,-1,363,544,560,-1,560,544,747,-1,570,752,753,-1,579,578,363,-1,753,579,570,-1,570,579,363,-1,570,363,571,-1,571,363,559,-1,571,559,754,-1,754,559,755,-1,586,756,757,-1,595,594,363,-1,757,595,586,-1,586,595,363,-1,586,363,587,-1,587,363,578,-1,587,578,758,-1,758,578,759,-1,602,760,761,-1,761,609,602,-1,602,609,363,-1,602,363,603,-1,603,363,594,-1,603,594,762,-1,762,594,763,-1,764,765,766,-1,766,765,767,-1,768,769,764,-1,764,769,765,-1,770,771,768,-1,768,771,769,-1,766,767,770,-1,770,767,771,-1,661,767,666,-1,666,767,765,-1,662,771,661,-1,661,771,767,-1,769,664,765,-1,765,664,666,-1,664,769,662,-1,662,769,771,-1,743,772,537,-1,537,772,538,-1,772,773,538,-1,538,773,541,-1,773,742,541,-1,541,742,539,-1,766,742,764,-1,764,742,773,-1,764,773,768,-1,768,773,772,-1,768,772,770,-1,770,772,743,-1,770,743,766,-1,766,743,742,-1,774,775,776,-1,776,775,777,-1,778,774,779,-1,779,774,776,-1,780,778,781,-1,781,778,779,-1,775,780,777,-1,777,780,781,-1,774,710,775,-1,775,710,706,-1,778,708,774,-1,774,708,710,-1,707,780,706,-1,706,780,775,-1,780,707,778,-1,778,707,708,-1,782,551,783,-1,783,551,565,-1,749,552,782,-1,782,552,551,-1,783,565,748,-1,748,565,564,-1,776,748,779,-1,779,748,749,-1,779,749,781,-1,781,749,782,-1,781,782,777,-1,777,782,783,-1,777,783,776,-1,776,783,748,-1,784,785,786,-1,786,785,787,-1,788,784,789,-1,789,784,786,-1,790,788,791,-1,791,788,789,-1,785,790,787,-1,787,790,791,-1,784,705,785,-1,785,705,701,-1,788,703,784,-1,784,703,705,-1,702,790,701,-1,701,790,785,-1,790,702,788,-1,788,702,703,-1,792,557,793,-1,793,557,558,-1,750,563,792,-1,792,563,557,-1,793,558,751,-1,751,558,545,-1,786,751,789,-1,789,751,750,-1,789,750,791,-1,791,750,792,-1,791,792,787,-1,787,792,793,-1,787,793,786,-1,786,793,751,-1,794,795,796,-1,796,795,797,-1,798,794,799,-1,799,794,796,-1,800,798,801,-1,801,798,799,-1,795,800,797,-1,797,800,801,-1,794,700,795,-1,795,700,696,-1,798,698,794,-1,794,698,700,-1,697,800,696,-1,696,800,795,-1,800,697,798,-1,798,697,698,-1,802,543,803,-1,803,543,562,-1,746,544,802,-1,802,544,543,-1,803,562,747,-1,747,562,560,-1,796,747,799,-1,799,747,746,-1,799,746,801,-1,801,746,802,-1,801,802,797,-1,797,802,803,-1,797,803,796,-1,796,803,747,-1,804,805,806,-1,806,805,807,-1,808,804,809,-1,809,804,806,-1,810,808,811,-1,811,808,809,-1,805,810,807,-1,807,810,811,-1,804,695,805,-1,805,695,691,-1,808,693,804,-1,804,693,695,-1,692,810,691,-1,691,810,805,-1,810,692,808,-1,808,692,693,-1,812,561,813,-1,813,561,573,-1,755,559,812,-1,812,559,561,-1,813,573,754,-1,754,573,571,-1,806,754,809,-1,809,754,755,-1,809,755,811,-1,811,755,812,-1,811,812,807,-1,807,812,813,-1,807,813,806,-1,806,813,754,-1,814,815,816,-1,816,815,817,-1,818,814,819,-1,819,814,816,-1,820,818,821,-1,821,818,819,-1,815,820,817,-1,817,820,821,-1,814,690,815,-1,815,690,686,-1,818,688,814,-1,814,688,690,-1,687,820,686,-1,686,820,815,-1,820,687,818,-1,818,687,688,-1,822,572,823,-1,823,572,581,-1,752,570,822,-1,822,570,572,-1,823,581,753,-1,753,581,579,-1,816,753,819,-1,819,753,752,-1,819,752,821,-1,821,752,822,-1,821,822,817,-1,817,822,823,-1,817,823,816,-1,816,823,753,-1,824,825,826,-1,826,825,827,-1,828,824,829,-1,829,824,826,-1,830,828,831,-1,831,828,829,-1,825,830,827,-1,827,830,831,-1,824,685,825,-1,825,685,681,-1,828,683,824,-1,824,683,685,-1,682,830,681,-1,681,830,825,-1,830,682,828,-1,828,682,683,-1,832,580,833,-1,833,580,589,-1,759,578,832,-1,832,578,580,-1,833,589,758,-1,758,589,587,-1,826,758,829,-1,829,758,759,-1,829,759,831,-1,831,759,832,-1,831,832,827,-1,827,832,833,-1,827,833,826,-1,826,833,758,-1,834,835,836,-1,836,835,837,-1,838,834,839,-1,839,834,836,-1,840,838,841,-1,841,838,839,-1,835,840,837,-1,837,840,841,-1,834,680,835,-1,835,680,676,-1,838,678,834,-1,834,678,680,-1,677,840,676,-1,676,840,835,-1,840,677,838,-1,838,677,678,-1,842,588,843,-1,843,588,597,-1,756,586,842,-1,842,586,588,-1,843,597,757,-1,757,597,595,-1,836,757,839,-1,839,757,756,-1,839,756,841,-1,841,756,842,-1,841,842,837,-1,837,842,843,-1,837,843,836,-1,836,843,757,-1,844,845,846,-1,846,845,847,-1,848,844,849,-1,849,844,846,-1,850,848,851,-1,851,848,849,-1,845,850,847,-1,847,850,851,-1,844,675,845,-1,845,675,671,-1,848,673,844,-1,844,673,675,-1,672,850,671,-1,671,850,845,-1,850,672,848,-1,848,672,673,-1,852,596,853,-1,853,596,605,-1,763,594,852,-1,852,594,596,-1,853,605,762,-1,762,605,603,-1,846,762,849,-1,849,762,763,-1,849,763,851,-1,851,763,852,-1,851,852,847,-1,847,852,853,-1,847,853,846,-1,846,853,762,-1,854,855,856,-1,856,855,857,-1,858,854,859,-1,859,854,856,-1,860,858,861,-1,861,858,859,-1,855,860,857,-1,857,860,861,-1,854,670,855,-1,855,670,667,-1,858,669,854,-1,854,669,670,-1,668,860,667,-1,667,860,855,-1,860,668,858,-1,858,668,669,-1,862,604,863,-1,863,604,608,-1,760,602,862,-1,862,602,604,-1,863,608,761,-1,761,608,609,-1,856,761,859,-1,859,761,760,-1,859,760,861,-1,861,760,862,-1,861,862,857,-1,857,862,863,-1,857,863,856,-1,856,863,761,-1,864,865,866,-1,866,865,867,-1,868,869,864,-1,864,869,865,-1,870,871,868,-1,868,871,869,-1,866,867,870,-1,870,867,871,-1,872,873,874,-1,874,873,875,-1,876,877,872,-1,872,877,873,-1,878,879,876,-1,876,879,877,-1,874,875,878,-1,878,875,879,-1,880,881,882,-1,882,881,883,-1,884,885,880,-1,880,885,881,-1,886,887,884,-1,884,887,885,-1,882,883,886,-1,886,883,887,-1,888,889,890,-1,890,889,891,-1,892,893,888,-1,888,893,889,-1,894,895,892,-1,892,895,893,-1,890,891,894,-1,894,891,895,-1,896,897,898,-1,898,897,899,-1,900,901,896,-1,896,901,897,-1,902,903,900,-1,900,903,901,-1,898,899,902,-1,902,899,903,-1,904,905,906,-1,906,905,907,-1,908,909,904,-1,904,909,905,-1,910,911,908,-1,908,911,909,-1,906,907,910,-1,910,907,911,-1,912,913,914,-1,914,913,915,-1,916,917,912,-1,912,917,913,-1,918,919,916,-1,916,919,917,-1,914,915,918,-1,918,915,919,-1,920,921,922,-1,922,921,923,-1,924,925,920,-1,920,925,921,-1,926,927,924,-1,924,927,925,-1,922,923,926,-1,926,923,927,-1,655,923,660,-1,660,923,921,-1,656,927,655,-1,655,927,923,-1,925,658,921,-1,921,658,660,-1,658,925,656,-1,656,925,927,-1,649,915,654,-1,654,915,913,-1,650,919,649,-1,649,919,915,-1,917,652,913,-1,913,652,654,-1,652,917,650,-1,650,917,919,-1,643,907,648,-1,648,907,905,-1,644,911,643,-1,643,911,907,-1,909,646,905,-1,905,646,648,-1,646,909,644,-1,644,909,911,-1,637,899,642,-1,642,899,897,-1,638,903,637,-1,637,903,899,-1,901,640,897,-1,897,640,642,-1,640,901,638,-1,638,901,903,-1,631,891,636,-1,636,891,889,-1,632,895,631,-1,631,895,891,-1,893,634,889,-1,889,634,636,-1,634,893,632,-1,632,893,895,-1,625,883,630,-1,630,883,881,-1,626,887,625,-1,625,887,883,-1,885,628,881,-1,881,628,630,-1,628,885,626,-1,626,885,887,-1,619,875,624,-1,624,875,873,-1,620,879,619,-1,619,879,875,-1,877,622,873,-1,873,622,624,-1,622,877,620,-1,620,877,879,-1,612,867,617,-1,617,867,865,-1,613,871,612,-1,612,871,867,-1,869,615,865,-1,865,615,617,-1,615,869,613,-1,613,869,871,-1,928,929,542,-1,542,929,548,-1,744,928,540,-1,540,928,542,-1,929,745,548,-1,548,745,546,-1,922,745,920,-1,920,745,929,-1,920,929,924,-1,924,929,928,-1,924,928,926,-1,926,928,744,-1,926,744,922,-1,922,744,745,-1,930,931,549,-1,549,931,555,-1,739,930,547,-1,547,930,549,-1,931,738,555,-1,555,738,553,-1,914,738,912,-1,912,738,931,-1,912,931,916,-1,916,931,930,-1,916,930,918,-1,918,930,739,-1,918,739,914,-1,914,739,738,-1,932,933,556,-1,556,933,568,-1,740,932,554,-1,554,932,556,-1,933,741,568,-1,568,741,566,-1,906,741,904,-1,904,741,933,-1,904,933,908,-1,908,933,932,-1,908,932,910,-1,910,932,740,-1,910,740,906,-1,906,740,741,-1,934,935,569,-1,569,935,576,-1,733,934,567,-1,567,934,569,-1,935,732,576,-1,576,732,574,-1,898,732,896,-1,896,732,935,-1,896,935,900,-1,900,935,934,-1,900,934,902,-1,902,934,733,-1,902,733,898,-1,898,733,732,-1,936,937,577,-1,577,937,584,-1,736,936,575,-1,575,936,577,-1,937,737,584,-1,584,737,582,-1,890,737,888,-1,888,737,937,-1,888,937,892,-1,892,937,936,-1,892,936,894,-1,894,936,736,-1,894,736,890,-1,890,736,737,-1,938,939,585,-1,585,939,592,-1,729,938,583,-1,583,938,585,-1,939,728,592,-1,592,728,590,-1,882,728,880,-1,880,728,939,-1,880,939,884,-1,884,939,938,-1,884,938,886,-1,886,938,729,-1,886,729,882,-1,882,729,728,-1,940,941,593,-1,593,941,600,-1,734,940,591,-1,591,940,593,-1,941,735,600,-1,600,735,598,-1,874,735,872,-1,872,735,941,-1,872,941,876,-1,876,941,940,-1,876,940,878,-1,878,940,734,-1,878,734,874,-1,874,734,735,-1,942,943,601,-1,601,943,607,-1,730,942,599,-1,599,942,601,-1,943,731,607,-1,607,731,606,-1,866,731,864,-1,864,731,943,-1,864,943,868,-1,868,943,942,-1,868,942,870,-1,870,942,730,-1,870,730,866,-1,866,730,731,-1,
        ]
    }
}
Shape{
    appearance Appearance {
        material  Material 	{
            diffuseColor 1.0 1.0 1.0
            specularColor 0.5019607843137255 0.5019607843137255 0.5019607843137255
            ambientIntensity 0.2
            transparency 0
            shininess 0.5
        }
    }
    geometry IndexedFaceSet {
        ccw TRUE
        solid FALSE
        coord DEF co Coordinate {
            point [
                4.5988 0.0799 0.6536, 4.5988 0.0799 0.6454, 4.5984 0.0799 0.6536, 4.5984 0.0799 0.6454, 4.5988 0.0512 0.6536, 4.5984 0.0512 0.6536, 4.5988 0.0512 0.7175, 4.5984 0.0512 0.7175, 4.5988 0.0419 0.7175, 4.5984 0.0419 0.7175, 4.5988 0.0419 0.6454, 4.5984 0.0419 0.6454, 4.5984 0.1368 0.6484, 4.5988 0.1368 0.6484, 4.5988 0.1297 0.6457, 4.5988 0.1169 0.6442, 4.5984 0.1169 0.6442, 4.5984 0.1222 0.6448, 4.5984 0.1297 0.6457, 4.5988 0.1368 0.6573, 4.5984 0.1368 0.6573, 4.5984 0.1295 0.6541, 4.5988 0.1295 0.6541, 4.5984 0.1212 0.6526, 4.5988 0.1212 0.6526, 4.5984 0.1182 0.6525, 4.5988 0.1182 0.6525, 4.5984 0.1115 0.6532, 4.5988 0.1115 0.6532, 4.5984 0.1063 0.6551, 4.5988 0.1063 0.6551, 4.5984 0.1015 0.6584, 4.5988 0.1015 0.6584, 4.5984 0.0997 0.6601, 4.5988 0.0997 0.6601, 4.5984 0.096 0.6653, 4.5988 0.096 0.6653, 4.5984 0.0938 0.6711, 4.5988 0.0938 0.6711, 4.5984 0.0926 0.68, 4.5988 0.0926 0.68, 4.5984 0.0926 0.6806, 4.5988 0.0926 0.6806, 4.5984 0.0936 0.6897, 4.5988 0.0936 0.6897, 4.5984 0.0959 0.6961, 4.5988 0.0959 0.6961, 4.5984 0.0993 0.7012, 4.5988 0.0993 0.7012, 4.5984 0.1002 0.7023, 4.5988 0.1002 0.7023, 4.5984 0.1048 0.7062, 4.5988 0.1048 0.7062, 4.5984 0.1104 0.7089, 4.5988 0.1104 0.7089, 4.5984 0.1167 0.7102, 4.5988 0.1167 0.7102, 4.5984 0.1198 0.7103, 4.5988 0.1198 0.7103, 4.5984 0.1283 0.7093, 4.5988 0.1283 0.7093, 4.5984 0.1357 0.7066, 4.5988 0.1357 0.7066, 4.5984 0.1368 0.706, 4.5988 0.1368 0.706, 4.5988 0.1368 0.7158, 4.5984 0.1368 0.7158, 4.5984 0.1198 0.7187, 4.5988 0.1198 0.7187, 4.5988 0.1204 0.7187, 4.5984 0.1297 0.7179, 4.5988 0.1297 0.7179, 4.5984 0.1272 0.7181, 4.5984 0.1204 0.7187, 4.5988 0.1101 0.7176, 4.5984 0.1143 0.7181, 4.5984 0.1101 0.7176, 4.5984 0.1024 0.7149, 4.5988 0.1024 0.7149, 4.5984 0.0954 0.7101, 4.5988 0.0954 0.7101, 4.5984 0.0933 0.7081, 4.5988 0.0933 0.7081, 4.5984 0.0883 0.7016, 4.5988 0.0883 0.7016, 4.5984 0.0861 0.6967, 4.5988 0.0848 0.6937, 4.5984 0.0848 0.6937, 4.5984 0.083 0.6844, 4.5988 0.083 0.6844, 4.5984 0.0829 0.6801, 4.5988 0.0829 0.6801, 4.5984 0.0841 0.6693, 4.5988 0.0841 0.6693, 4.5984 0.0861 0.6637, 4.5988 0.0868 0.6616, 4.5984 0.0868 0.6616, 4.5984 0.091 0.6553, 4.5988 0.091 0.6553, 4.5984 0.0921 0.654, 4.5988 0.0921 0.654, 4.5988 0.1121 0.6445, 4.5984 0.0976 0.6495, 4.5988 0.0976 0.6495, 4.5984 0.1043 0.6462, 4.5988 0.1043 0.6462, 4.5984 0.1104 0.6448, 4.5984 0.1121 0.6445, 4.5988 0.19 0.6536, 4.5988 0.19 0.6454, 4.5984 0.19 0.6536, 4.5984 0.19 0.6454, 4.5984 0.1606 0.6536, 4.5988 0.1606 0.6536, 4.5984 0.18 0.6536, 4.5988 0.1606 0.6779, 4.5984 0.1606 0.6779, 4.5984 0.1863 0.6779, 4.5988 0.1863 0.6779, 4.5984 0.18 0.6779, 4.5988 0.1863 0.6861, 4.5984 0.1863 0.6861, 4.5984 0.1606 0.6861, 4.5988 0.1606 0.6861, 4.5984 0.18 0.6861, 4.5988 0.1606 0.7092, 4.5984 0.1606 0.7092, 4.5984 0.1884 0.7092, 4.5988 0.1884 0.7092, 4.5984 0.18 0.7092, 4.5988 0.1884 0.7175, 4.5984 0.1884 0.7175, 4.5984 0.1513 0.7175, 4.5988 0.1513 0.7175, 4.5984 0.18 0.7175, 4.5988 0.1513 0.6454, 4.5984 0.1513 0.6454, 4.5984 0.18 0.6454, 4.5988 0.2486 0.6659, 4.5988 0.2448 0.6612, 4.5988 0.2514 0.6555, 4.5988 0.2434 0.6599, 4.5988 0.2438 0.6501, 4.5988 0.2386 0.6568, 4.5988 0.2356 0.6469, 4.5988 0.2325 0.6546, 4.5988 0.2234 0.6454, 4.5988 0.2234 0.6536, 4.5988 0.2036 0.6454, 4.5988 0.2129 0.6536, 4.5988 0.2036 0.7175, 4.5988 0.2129 0.7092, 4.5988 0.2242 0.7175, 4.5988 0.2238 0.7092, 4.5988 0.2357 0.7162, 4.5988 0.2328 0.7083, 4.5988 0.2443 0.7129, 4.5988 0.2391 0.7061, 4.5988 0.2514 0.7079, 4.5988 0.2446 0.7024, 4.5988 0.2544 0.705, 4.5988 0.247 0.6999, 4.5988 0.2588 0.6986, 4.5988 0.2497 0.6958, 4.5988 0.2613 0.6915, 4.5988 0.2517 0.6903, 4.5988 0.2623 0.6824, 4.5988 0.2525 0.6821, 4.5988 0.262 0.6773, 4.5988 0.2523 0.678, 4.5988 0.2602 0.6689, 4.5988 0.251 0.6713, 4.5988 0.2565 0.6615, 4.5984 0.2234 0.6454, 4.5984 0.2036 0.6454, 4.5984 0.2514 0.6555, 4.5984 0.2356 0.6469, 4.5984 0.2366 0.6473, 4.5984 0.2438 0.6501, 4.5984 0.2565 0.6615, 4.5984 0.2602 0.6689, 4.5984 0.262 0.6773, 4.5984 0.2623 0.6824, 4.5984 0.2613 0.6915, 4.5984 0.2588 0.6986, 4.5984 0.2544 0.705, 4.5984 0.2514 0.7079, 4.5984 0.2443 0.7129, 4.5984 0.2366 0.7158, 4.5984 0.2357 0.7162, 4.5984 0.2242 0.7175, 4.5984 0.2036 0.7175, 4.5984 0.2238 0.7092, 4.5984 0.2129 0.7092, 4.5984 0.2129 0.6536, 4.5984 0.2234 0.6536, 4.5984 0.2448 0.6612, 4.5984 0.2434 0.6599, 4.5984 0.2386 0.6568, 4.5984 0.2325 0.6546, 4.5984 0.2525 0.6821, 4.5984 0.2523 0.678, 4.5984 0.251 0.6713, 4.5984 0.2486 0.6659, 4.5984 0.2446 0.7024, 4.5984 0.247 0.6999, 4.5984 0.2497 0.6958, 4.5984 0.2517 0.6903, 4.5984 0.2328 0.7083, 4.5984 0.2391 0.7061, 4.5984 0.2391 0.7061
            ]
        }
        coordIndex [
            0,1,2,-1,2,1,3,-1,4,0,5,-1,5,0,2,-1,6,4,7,-1,7,4,5,-1,8,6,9,-1,9,6,7,-1,10,8,11,-1,11,8,9,-1,1,10,3,-1,3,10,11,-1,6,8,4,-1,4,8,10,-1,4,10,0,-1,0,10,1,-1,12,13,14,-1,15,16,17,-1,15,17,14,-1,14,17,18,-1,14,18,12,-1,19,13,20,-1,20,13,12,-1,19,20,21,-1,19,21,22,-1,22,21,23,-1,22,23,24,-1,24,23,25,-1,24,25,26,-1,26,25,27,-1,26,27,28,-1,28,27,29,-1,28,29,30,-1,30,29,31,-1,30,31,32,-1,32,31,33,-1,32,33,34,-1,34,33,35,-1,34,35,36,-1,36,35,37,-1,36,37,38,-1,38,37,39,-1,38,39,40,-1,40,39,41,-1,40,41,42,-1,42,41,43,-1,42,43,44,-1,44,43,45,-1,44,45,46,-1,46,45,47,-1,46,47,48,-1,48,47,49,-1,48,49,50,-1,50,49,51,-1,50,51,52,-1,52,51,53,-1,52,53,54,-1,54,53,55,-1,54,55,56,-1,56,55,57,-1,56,57,58,-1,58,57,59,-1,58,59,60,-1,60,59,61,-1,60,61,62,-1,62,61,63,-1,62,63,64,-1,65,64,66,-1,66,64,63,-1,67,68,69,-1,65,66,70,-1,65,70,71,-1,71,70,72,-1,71,72,69,-1,69,72,73,-1,69,73,67,-1,74,68,75,-1,75,68,67,-1,75,76,74,-1,74,76,77,-1,74,77,78,-1,78,77,79,-1,78,79,80,-1,80,79,81,-1,80,81,82,-1,82,81,83,-1,82,83,84,-1,84,83,85,-1,84,85,86,-1,85,87,86,-1,86,87,88,-1,86,88,89,-1,89,88,90,-1,89,90,91,-1,91,90,92,-1,91,92,93,-1,93,92,94,-1,93,94,95,-1,94,96,95,-1,95,96,97,-1,95,97,98,-1,98,97,99,-1,98,99,100,-1,16,15,101,-1,100,99,102,-1,100,102,103,-1,103,102,104,-1,103,104,105,-1,105,104,106,-1,105,106,101,-1,101,106,107,-1,101,107,16,-1,62,64,65,-1,36,38,93,-1,44,46,84,-1,93,38,91,-1,84,46,82,-1,62,65,60,-1,60,65,71,-1,60,71,58,-1,58,71,69,-1,58,69,56,-1,56,69,68,-1,56,68,54,-1,54,68,74,-1,54,74,52,-1,13,19,14,-1,14,19,22,-1,14,22,15,-1,74,78,52,-1,52,78,80,-1,52,80,50,-1,50,80,82,-1,50,82,48,-1,48,82,46,-1,93,95,36,-1,36,95,98,-1,36,98,34,-1,34,98,100,-1,34,100,32,-1,32,100,103,-1,32,103,30,-1,30,103,105,-1,30,105,28,-1,28,105,101,-1,28,101,26,-1,26,101,15,-1,26,15,24,-1,24,15,22,-1,38,40,91,-1,91,40,42,-1,91,42,89,-1,89,42,44,-1,89,44,86,-1,86,44,84,-1,108,109,110,-1,110,109,111,-1,112,113,114,-1,114,113,108,-1,114,108,110,-1,115,113,116,-1,116,113,112,-1,117,118,119,-1,119,118,115,-1,119,115,116,-1,120,118,121,-1,121,118,117,-1,122,123,124,-1,124,123,120,-1,124,120,121,-1,125,123,126,-1,126,123,122,-1,127,128,129,-1,129,128,125,-1,129,125,126,-1,130,128,131,-1,131,128,127,-1,132,133,134,-1,134,133,130,-1,134,130,131,-1,135,133,136,-1,136,133,132,-1,111,109,137,-1,137,109,135,-1,137,135,136,-1,135,109,108,-1,108,113,135,-1,135,113,115,-1,135,115,133,-1,128,130,125,-1,125,130,133,-1,125,133,123,-1,123,133,115,-1,123,115,120,-1,120,115,118,-1,138,139,140,-1,140,139,141,-1,140,141,142,-1,142,141,143,-1,142,143,144,-1,144,143,145,-1,144,145,146,-1,146,145,147,-1,146,147,148,-1,148,147,149,-1,148,149,150,-1,150,149,151,-1,150,151,152,-1,152,151,153,-1,152,153,154,-1,154,153,155,-1,154,155,156,-1,156,155,157,-1,156,157,158,-1,158,157,159,-1,158,159,160,-1,160,159,161,-1,160,161,162,-1,162,161,163,-1,162,163,164,-1,164,163,165,-1,164,165,166,-1,166,165,167,-1,166,167,168,-1,168,167,169,-1,168,169,170,-1,170,169,171,-1,170,171,172,-1,172,171,138,-1,172,138,140,-1,146,148,173,-1,173,148,174,-1,175,140,142,-1,146,173,176,-1,146,176,144,-1,144,176,177,-1,144,177,142,-1,142,177,178,-1,142,178,175,-1,140,175,179,-1,140,179,172,-1,172,179,180,-1,172,180,170,-1,170,180,181,-1,170,181,168,-1,168,181,182,-1,168,182,166,-1,166,182,183,-1,166,183,164,-1,164,183,184,-1,164,184,162,-1,162,184,185,-1,162,185,160,-1,160,185,186,-1,160,186,158,-1,158,186,187,-1,188,154,187,-1,187,154,156,-1,187,156,158,-1,188,189,154,-1,154,189,190,-1,154,190,152,-1,150,152,191,-1,191,152,190,-1,148,150,174,-1,174,150,191,-1,153,151,192,-1,192,151,193,-1,151,149,193,-1,193,149,194,-1,149,147,194,-1,194,147,195,-1,139,196,197,-1,139,197,141,-1,141,197,198,-1,141,198,143,-1,143,198,199,-1,143,199,145,-1,145,199,195,-1,145,195,147,-1,167,200,201,-1,167,201,169,-1,169,201,202,-1,169,202,171,-1,171,202,203,-1,171,203,138,-1,138,203,196,-1,138,196,139,-1,159,204,205,-1,159,205,161,-1,161,205,206,-1,161,206,163,-1,163,206,207,-1,163,207,165,-1,165,207,200,-1,165,200,167,-1,153,192,208,-1,153,208,155,-1,155,208,209,-1,155,209,157,-1,157,209,204,-1,157,204,159,-1,
        ]
    }
}
Shape{
    appearance Appearance {
        material  Material 	{
            diffuseColor 0.2235294117647059 0.2235294117647059 0.2235294117647059
            specularColor 0.11372549019607843 0.11372549019607843 0.11372549019607843
            ambientIntensity 0.2
            transparency 0
            shininess 0.5
        }
    }
    geometry IndexedFaceSet {
        ccw TRUE
        solid FALSE
        coord DEF co Coordinate {
            point [
                4.5984 0.2129 0.7092, 4.5984 0.2129 0.6536, 4.5984 0.2238 0.7092, 4.5984 0.2234 0.6536, 4.5984 0.2325 0.6546, 4.5984 0.2386 0.6568, 4.5984 0.2434 0.6599, 4.5984 0.2448 0.6612, 4.5984 0.2486 0.6659, 4.5984 0.251 0.6713, 4.5984 0.2523 0.678, 4.5984 0.2525 0.6821, 4.5984 0.2517 0.6903, 4.5984 0.2497 0.6958, 4.5984 0.247 0.6999, 4.5984 0.2446 0.7024, 4.5984 0.2328 0.7083, 4.5984 0.2391 0.7061, 4.5984 0.2391 0.7061
            ]
        }
        coordIndex [
            0,1,2,-1,2,1,3,-1,2,3,4,-1,4,5,2,-1,2,5,6,-1,2,6,7,-1,7,8,2,-1,2,8,9,-1,2,9,10,-1,10,11,2,-1,2,11,12,-1,2,12,13,-1,13,14,2,-1,2,14,15,-1,2,15,16,-1,16,15,17,-1,
        ]
    }
}
Shape{
    appearance Appearance {
        material  Material 	{
            diffuseColor 1.0 1.0 1.0
            specularColor 0.5019607843137255 0.5019607843137255 0.5019607843137255
            ambientIntensity 0.2
            transparency 0
            shininess 0.5
        }
    }
    geometry IndexedFaceSet {
        ccw TRUE
        solid FALSE
        coord DEF co Coordinate {
            point [
                4.5988 0.2864 0.6733, 4.5988 0.2835 0.6651, 4.5988 0.3106 0.6733, 4.5988 0.3135 0.6651, 4.5988 0.2972 0.7032, 4.5988 0.2937 0.7175, 4.5988 0.2663 0.6454, 4.5988 0.2766 0.6454, 4.5988 0.2978 0.7054, 4.5988 0.2984 0.7083, 4.5988 0.3037 0.7175, 4.5988 0.2986 0.7083, 4.5988 0.2992 0.7052, 4.5988 0.2997 0.7032, 4.5988 0.3311 0.6454, 4.5988 0.3209 0.6454, 4.5984 0.3037 0.7175, 4.5984 0.3311 0.6454, 4.5984 0.2937 0.7175, 4.5984 0.2663 0.6454, 4.5984 0.2871 0.7, 4.5984 0.2766 0.6454, 4.5984 0.2835 0.6651, 4.5984 0.3135 0.6651, 4.5984 0.2871 0.6651, 4.5984 0.3209 0.6454, 4.5984 0.2864 0.6733, 4.5984 0.3106 0.6733, 4.5984 0.2997 0.7032, 4.5984 0.2986 0.7083, 4.5984 0.2992 0.7052, 4.5984 0.2984 0.7083, 4.5984 0.2972 0.7032, 4.5984 0.2978 0.7054, 4.5984 0.2978 0.7054
            ]
        }
        coordIndex [
            0,1,2,-1,2,1,3,-1,4,5,0,-1,0,5,6,-1,0,6,1,-1,1,6,7,-1,4,8,5,-1,5,8,9,-1,5,9,10,-1,10,9,11,-1,10,11,12,-1,12,13,10,-1,10,13,2,-1,10,2,14,-1,14,2,3,-1,14,3,15,-1,10,14,16,-1,16,14,17,-1,5,10,18,-1,18,10,16,-1,19,6,20,-1,20,6,5,-1,20,5,18,-1,7,6,21,-1,21,6,19,-1,1,7,22,-1,22,7,21,-1,23,3,24,-1,24,3,1,-1,24,1,22,-1,15,3,25,-1,25,3,23,-1,14,15,17,-1,17,15,25,-1,0,2,26,-1,26,2,27,-1,2,13,27,-1,27,13,28,-1,11,29,30,-1,11,30,12,-1,12,30,28,-1,12,28,13,-1,11,9,29,-1,29,9,31,-1,4,32,33,-1,4,33,8,-1,8,33,31,-1,8,31,9,-1,4,0,32,-1,32,0,26,-1,
        ]
    }
}
Shape{
    appearance Appearance {
        material  Material 	{
            diffuseColor 0.2235294117647059 0.2235294117647059 0.2235294117647059
            specularColor 0.11372549019607843 0.11372549019607843 0.11372549019607843
            ambientIntensity 0.2
            transparency 0
            shininess 0.5
        }
    }
    geometry IndexedFaceSet {
        ccw TRUE
        solid FALSE
        coord DEF co Coordinate {
            point [
                4.5984 0.2986 0.7083, 4.5984 0.2984 0.7083, 4.5984 0.2992 0.7052, 4.5984 0.2978 0.7054, 4.5984 0.2997 0.7032, 4.5984 0.2972 0.7032, 4.5984 0.3106 0.6733, 4.5984 0.2864 0.6733, 4.5984 0.2864 0.6733
            ]
        }
        coordIndex [
            0,1,2,-1,2,1,3,-1,2,3,4,-1,4,3,5,-1,4,5,6,-1,6,5,7,-1,
        ]
    }
}
Shape{
    appearance Appearance {
        material  Material 	{
            diffuseColor 1.0 1.0 1.0
            specularColor 0.5019607843137255 0.5019607843137255 0.5019607843137255
            ambientIntensity 0.2
            transparency 0
            shininess 0.5
        }
    }
    geometry IndexedFaceSet {
        ccw TRUE
        solid FALSE
        coord DEF co Coordinate {
            point [
                4.5988 0.0807 0.5393, 4.5988 0.0807 0.5311, 4.5984 0.0807 0.5393, 4.5984 0.0807 0.5311, 4.5988 0.0512 0.5393, 4.5984 0.0512 0.5393, 4.5988 0.0512 0.5636, 4.5984 0.0512 0.5636, 4.5988 0.077 0.5636, 4.5984 0.077 0.5636, 4.5988 0.077 0.5718, 4.5984 0.077 0.5718, 4.5988 0.0512 0.5718, 4.5984 0.0512 0.5718, 4.5988 0.0512 0.5949, 4.5984 0.0512 0.5949, 4.5988 0.079 0.5949, 4.5984 0.079 0.5949, 4.5988 0.079 0.6032, 4.5984 0.079 0.6032, 4.5988 0.0419 0.6032, 4.5984 0.0419 0.6032, 4.5988 0.0419 0.5311, 4.5984 0.0419 0.5311, 4.5988 0.1214 0.5391, 4.5988 0.1216 0.5391, 4.5988 0.1211 0.5474, 4.5988 0.0998 0.5601, 4.5988 0.0959 0.5581, 4.5988 0.1009 0.5521, 4.5988 0.1216 0.5514, 4.5988 0.1307 0.5642, 4.5988 0.1216 0.552, 4.5988 0.1216 0.5569, 4.5988 0.1216 0.5311, 4.5988 0.1307 0.5311, 4.5988 0.1197 0.5441, 4.5988 0.1178 0.5415, 4.5988 0.12 0.5369, 4.5988 0.1166 0.5404, 4.5988 0.1172 0.5339, 4.5988 0.1141 0.5387, 4.5988 0.114 0.5317, 4.5988 0.1114 0.5377, 4.5988 0.1103 0.5304, 4.5988 0.108 0.5373, 4.5988 0.1056 0.5299, 4.5988 0.1049 0.5376, 4.5988 0.1002 0.5305, 4.5988 0.1029 0.5384, 4.5988 0.0968 0.5318, 4.5988 0.1011 0.5396, 4.5988 0.0937 0.5339, 4.5988 0.1003 0.5404, 4.5988 0.0998 0.5508, 4.5988 0.0931 0.5558, 4.5988 0.099 0.5491, 4.5988 0.0912 0.5532, 4.5988 0.0986 0.5471, 4.5988 0.1021 0.5531, 4.5988 0.1043 0.5541, 4.5988 0.1064 0.5617, 4.5988 0.1096 0.5553, 4.5988 0.1216 0.5638, 4.5988 0.0944 0.579, 4.5988 0.0944 0.5702, 4.5988 0.0968 0.5803, 4.5988 0.1001 0.5739, 4.5988 0.1036 0.5828, 4.5988 0.1058 0.5758, 4.5988 0.1121 0.5838, 4.5988 0.1112 0.5764, 4.5988 0.1176 0.5832, 4.5988 0.1143 0.5761, 4.5988 0.1214 0.5821, 4.5988 0.1164 0.5754, 4.5988 0.1244 0.5803, 4.5988 0.118 0.5743, 4.5988 0.1268 0.578, 4.5988 0.1193 0.5729, 4.5988 0.1286 0.5751, 4.5988 0.1204 0.571, 4.5988 0.13 0.5709, 4.5988 0.1213 0.5678, 4.5988 0.09 0.55, 4.5988 0.0894 0.5462, 4.5988 0.0985 0.5456, 4.5988 0.0893 0.5449, 4.5988 0.0987 0.5436, 4.5988 0.0898 0.5408, 4.5988 0.0993 0.5419, 4.5988 0.0909 0.5377, 4.5988 0.0927 0.535, 4.5984 0.1121 0.5838, 4.5984 0.1036 0.5828, 4.5984 0.0968 0.5803, 4.5984 0.0944 0.579, 4.5984 0.0944 0.5702, 4.5984 0.1001 0.5739, 4.5984 0.1058 0.5758, 4.5984 0.1112 0.5764, 4.5984 0.1143 0.5761, 4.5984 0.1164 0.5754, 4.5984 0.118 0.5743, 4.5984 0.1193 0.5729, 4.5984 0.1204 0.571, 4.5984 0.1213 0.5678, 4.5984 0.1216 0.5638, 4.5984 0.1064 0.5617, 4.5984 0.0998 0.5601, 4.5984 0.0959 0.5581, 4.5984 0.0931 0.5558, 4.5984 0.0912 0.5532, 4.5984 0.09 0.55, 4.5984 0.0894 0.5462, 4.5984 0.0893 0.5449, 4.5984 0.0898 0.5408, 4.5984 0.0909 0.5377, 4.5984 0.0927 0.535, 4.5984 0.0937 0.5339, 4.5984 0.1056 0.5299, 4.5984 0.1004 0.5305, 4.5984 0.1002 0.5305, 4.5984 0.0968 0.5318, 4.5984 0.1103 0.5304, 4.5984 0.1106 0.5305, 4.5984 0.114 0.5317, 4.5984 0.1172 0.5339, 4.5984 0.12 0.5369, 4.5984 0.1214 0.5391, 4.5984 0.1216 0.5391, 4.5984 0.1216 0.5311, 4.5984 0.1307 0.5311, 4.5984 0.1307 0.5642, 4.5984 0.13 0.5709, 4.5984 0.1286 0.5751, 4.5984 0.1268 0.578, 4.5984 0.1244 0.5803, 4.5984 0.1214 0.5821, 4.5984 0.1176 0.5832, 4.5984 0.1009 0.5521, 4.5984 0.1021 0.5531, 4.5984 0.1043 0.5541, 4.5984 0.1096 0.5553, 4.5984 0.0985 0.5456, 4.5984 0.0986 0.5471, 4.5984 0.099 0.5491, 4.5984 0.0998 0.5508, 4.5984 0.1011 0.5396, 4.5984 0.1003 0.5404, 4.5984 0.0993 0.5419, 4.5984 0.0987 0.5436, 4.5984 0.108 0.5373, 4.5984 0.1049 0.5376, 4.5984 0.1029 0.5384, 4.5984 0.1178 0.5415, 4.5984 0.1166 0.5404, 4.5984 0.1141 0.5387, 4.5984 0.1114 0.5377, 4.5984 0.1216 0.552, 4.5984 0.1216 0.5514, 4.5984 0.1211 0.5474, 4.5984 0.1197 0.5441, 4.5984 0.1216 0.5569, 4.5984 0.1216 0.5569
            ]
        }
        coordIndex [
            0,1,2,-1,2,1,3,-1,4,0,5,-1,5,0,2,-1,6,4,7,-1,7,4,5,-1,8,6,9,-1,9,6,7,-1,10,8,11,-1,11,8,9,-1,12,10,13,-1,13,10,11,-1,14,12,15,-1,15,12,13,-1,16,14,17,-1,17,14,15,-1,18,16,19,-1,19,16,17,-1,20,18,21,-1,21,18,19,-1,22,20,23,-1,23,20,21,-1,1,22,3,-1,3,22,23,-1,16,18,14,-1,14,18,20,-1,14,20,12,-1,1,0,22,-1,22,0,4,-1,22,4,6,-1,8,10,6,-1,6,10,12,-1,6,12,22,-1,22,12,20,-1,24,25,26,-1,27,28,29,-1,30,31,32,-1,32,31,33,-1,34,35,25,-1,25,35,31,-1,25,31,26,-1,26,31,30,-1,26,36,24,-1,24,36,37,-1,24,37,38,-1,38,37,39,-1,38,39,40,-1,40,39,41,-1,40,41,42,-1,42,41,43,-1,42,43,44,-1,44,43,45,-1,44,45,46,-1,46,45,47,-1,46,47,48,-1,48,47,49,-1,48,49,50,-1,50,49,51,-1,50,51,52,-1,52,51,53,-1,29,28,54,-1,54,28,55,-1,54,55,56,-1,56,55,57,-1,56,57,58,-1,29,59,27,-1,27,59,60,-1,27,60,61,-1,61,60,62,-1,61,62,63,-1,64,65,66,-1,66,65,67,-1,66,67,68,-1,68,67,69,-1,68,69,70,-1,70,69,71,-1,70,71,72,-1,72,71,73,-1,72,73,74,-1,74,73,75,-1,74,75,76,-1,76,75,77,-1,76,77,78,-1,78,77,79,-1,78,79,80,-1,80,79,81,-1,80,81,82,-1,82,81,83,-1,82,83,31,-1,31,83,63,-1,31,63,33,-1,33,63,62,-1,57,84,58,-1,58,84,85,-1,58,85,86,-1,86,85,87,-1,86,87,88,-1,88,87,89,-1,88,89,90,-1,90,89,91,-1,90,91,53,-1,53,91,92,-1,53,92,52,-1,70,93,94,-1,70,94,68,-1,68,94,95,-1,68,95,66,-1,66,95,96,-1,66,96,64,-1,65,64,97,-1,97,64,96,-1,65,97,98,-1,65,98,67,-1,67,98,99,-1,67,99,69,-1,69,99,100,-1,69,100,71,-1,71,100,101,-1,71,101,73,-1,73,101,102,-1,73,102,75,-1,75,102,103,-1,75,103,77,-1,77,103,104,-1,77,104,79,-1,79,104,105,-1,79,105,81,-1,81,105,106,-1,81,106,83,-1,83,106,107,-1,83,107,63,-1,61,63,108,-1,108,63,107,-1,61,108,109,-1,61,109,27,-1,27,109,110,-1,27,110,28,-1,28,110,111,-1,28,111,55,-1,55,111,112,-1,55,112,57,-1,57,112,113,-1,57,113,84,-1,84,113,114,-1,84,114,85,-1,85,114,115,-1,85,115,87,-1,87,115,116,-1,87,116,89,-1,89,116,117,-1,89,117,91,-1,91,117,118,-1,91,118,92,-1,92,118,119,-1,92,119,52,-1,120,46,121,-1,121,46,48,-1,121,48,122,-1,122,48,50,-1,122,50,123,-1,123,50,52,-1,123,52,119,-1,46,120,124,-1,46,124,44,-1,44,124,125,-1,44,125,42,-1,125,126,42,-1,42,126,127,-1,42,127,40,-1,40,127,128,-1,40,128,38,-1,38,128,129,-1,38,129,24,-1,25,24,130,-1,130,24,129,-1,34,25,131,-1,131,25,130,-1,35,34,132,-1,132,34,131,-1,31,35,133,-1,133,35,132,-1,31,133,134,-1,31,134,82,-1,82,134,135,-1,82,135,80,-1,80,135,136,-1,80,136,78,-1,78,136,137,-1,78,137,76,-1,76,137,138,-1,76,138,74,-1,74,138,139,-1,74,139,72,-1,72,139,93,-1,72,93,70,-1,29,140,141,-1,29,141,59,-1,59,141,142,-1,59,142,60,-1,60,142,143,-1,60,143,62,-1,86,144,145,-1,86,145,58,-1,58,145,146,-1,58,146,56,-1,56,146,147,-1,56,147,54,-1,54,147,140,-1,54,140,29,-1,51,148,149,-1,51,149,53,-1,53,149,150,-1,53,150,90,-1,90,150,151,-1,90,151,88,-1,88,151,144,-1,88,144,86,-1,45,152,153,-1,45,153,47,-1,47,153,154,-1,47,154,49,-1,49,154,148,-1,49,148,51,-1,37,155,156,-1,37,156,39,-1,39,156,157,-1,39,157,41,-1,41,157,158,-1,41,158,43,-1,43,158,152,-1,43,152,45,-1,32,159,160,-1,32,160,30,-1,30,160,161,-1,30,161,26,-1,26,161,162,-1,26,162,36,-1,36,162,155,-1,36,155,37,-1,32,33,159,-1,159,33,163,-1,33,62,163,-1,163,62,143,-1,
        ]
    }
}
Shape{
    appearance Appearance {
        material  Material 	{
            diffuseColor 0.2235294117647059 0.2235294117647059 0.2235294117647059
            specularColor 0.11372549019607843 0.11372549019607843 0.11372549019607843
            ambientIntensity 0.2
            transparency 0
            shininess 0.5
        }
    }
    geometry IndexedFaceSet {
        ccw TRUE
        solid FALSE
        coord DEF co Coordinate {
            point [
                4.5984 0.1216 0.5569, 4.5984 0.1096 0.5553, 4.5984 0.1216 0.552, 4.5984 0.1043 0.5541, 4.5984 0.1021 0.5531, 4.5984 0.1009 0.5521, 4.5984 0.1216 0.5514, 4.5984 0.1211 0.5474, 4.5984 0.0998 0.5508, 4.5984 0.1197 0.5441, 4.5984 0.1003 0.5404, 4.5984 0.1011 0.5396, 4.5984 0.1166 0.5404, 4.5984 0.0993 0.5419, 4.5984 0.1141 0.5387, 4.5984 0.1114 0.5377, 4.5984 0.108 0.5373, 4.5984 0.099 0.5491, 4.5984 0.0986 0.5471, 4.5984 0.1178 0.5415, 4.5984 0.0985 0.5456, 4.5984 0.0987 0.5436, 4.5984 0.1029 0.5384, 4.5984 0.1049 0.5376, 4.5984 0.1049 0.5376
            ]
        }
        coordIndex [
            0,1,2,-1,2,1,3,-1,3,4,2,-1,2,4,5,-1,2,5,6,-1,6,5,7,-1,7,5,8,-1,7,8,9,-1,10,11,12,-1,10,12,13,-1,14,12,15,-1,15,12,16,-1,8,17,9,-1,9,17,18,-1,9,18,19,-1,19,18,20,-1,19,20,12,-1,12,20,21,-1,12,21,13,-1,11,22,12,-1,12,22,23,-1,12,23,16,-1,
        ]
    }
}
Shape{
    appearance Appearance {
        material  Material 	{
            diffuseColor 1.0 1.0 1.0
            specularColor 0.5019607843137255 0.5019607843137255 0.5019607843137255
            ambientIntensity 0.2
            transparency 0
            shininess 0.5
        }
    }
    geometry IndexedFaceSet {
        ccw TRUE
        solid FALSE
        coord DEF co Coordinate {
            point [
                4.5988 0.1578 0.5373, 4.5984 0.1578 0.5373, 4.5984 0.1521 0.5379, 4.5984 0.1471 0.5398, 4.5988 0.1464 0.5401, 4.5988 0.1521 0.5379, 4.5984 0.1464 0.5401, 4.5984 0.1429 0.5422, 4.5988 0.1429 0.5422, 4.5988 0.1429 0.5329, 4.5984 0.1429 0.5329, 4.5988 0.1494 0.5307, 4.5984 0.1471 0.5315, 4.5984 0.1569 0.5299, 4.5988 0.1569 0.5299, 4.5984 0.1509 0.5305, 4.5984 0.1494 0.5307, 4.5988 0.1642 0.5307, 4.5984 0.1627 0.5305, 4.5984 0.1642 0.5307, 4.5984 0.1691 0.5324, 4.5988 0.1691 0.5324, 4.5984 0.1719 0.534, 4.5988 0.1719 0.534, 4.5984 0.1744 0.5362, 4.5988 0.1744 0.5362, 4.5984 0.1761 0.5386, 4.5988 0.1761 0.5386, 4.5984 0.1772 0.5415, 4.5988 0.1772 0.5415, 4.5984 0.1777 0.5451, 4.5988 0.1777 0.5451, 4.5984 0.1773 0.5485, 4.5988 0.1773 0.5485, 4.5984 0.1763 0.5511, 4.5988 0.1763 0.5511, 4.5984 0.1746 0.5536, 4.5988 0.1746 0.5536, 4.5984 0.1725 0.5555, 4.5988 0.1725 0.5555, 4.5984 0.1665 0.5589, 4.5988 0.1665 0.5589, 4.5984 0.163 0.5603, 4.5988 0.163 0.5603, 4.5984 0.1574 0.5627, 4.5988 0.1574 0.5627, 4.5984 0.1542 0.5647, 4.5988 0.1542 0.5647, 4.5984 0.1534 0.5657, 4.5988 0.1534 0.5657, 4.5984 0.1527 0.5669, 4.5988 0.1527 0.5669, 4.5984 0.1523 0.5683, 4.5988 0.1523 0.5683, 4.5984 0.1523 0.5695, 4.5988 0.1523 0.5695, 4.5984 0.1524 0.5709, 4.5988 0.1524 0.5709, 4.5984 0.1529 0.5722, 4.5988 0.1529 0.5722, 4.5984 0.1536 0.5733, 4.5988 0.1536 0.5733, 4.5984 0.155 0.5745, 4.5988 0.155 0.5745, 4.5984 0.157 0.5756, 4.5988 0.157 0.5756, 4.5984 0.1594 0.5762, 4.5988 0.1594 0.5762, 4.5984 0.1621 0.5764, 4.5988 0.1621 0.5764, 4.5984 0.168 0.5757, 4.5988 0.168 0.5757, 4.5984 0.1731 0.5739, 4.5988 0.1731 0.5739, 4.5984 0.1752 0.5727, 4.5988 0.1752 0.5727, 4.5988 0.1752 0.5815, 4.5984 0.1752 0.5815, 4.5984 0.168 0.5834, 4.5988 0.168 0.5834, 4.5984 0.163 0.5838, 4.5988 0.163 0.5838, 4.5984 0.1564 0.583, 4.5988 0.1564 0.583, 4.5984 0.1514 0.5813, 4.5988 0.1514 0.5813, 4.5984 0.1487 0.5797, 4.5988 0.1487 0.5797, 4.5988 0.1461 0.5773, 4.5984 0.1471 0.5782, 4.5984 0.1461 0.5773, 4.5984 0.1444 0.5748, 4.5988 0.1444 0.5748, 4.5984 0.1433 0.5719, 4.5988 0.1433 0.5719, 4.5984 0.143 0.5687, 4.5988 0.143 0.5687, 4.5984 0.1434 0.5652, 4.5988 0.1434 0.5652, 4.5984 0.1443 0.5624, 4.5988 0.1443 0.5624, 4.5984 0.1455 0.5605, 4.5988 0.1455 0.5605, 4.5984 0.1566 0.5537, 4.5988 0.1566 0.5537, 4.5988 0.1513 0.5562, 4.5984 0.147 0.559, 4.5988 0.147 0.559, 4.5984 0.1471 0.5589, 4.5984 0.1513 0.5562, 4.5984 0.1626 0.5512, 4.5988 0.1626 0.5512, 4.5984 0.1661 0.5491, 4.5988 0.1661 0.5491, 4.5984 0.1672 0.548, 4.5988 0.1672 0.548, 4.5984 0.1679 0.5468, 4.5988 0.1679 0.5468, 4.5984 0.1683 0.5453, 4.5988 0.1683 0.5453, 4.5984 0.1684 0.5442, 4.5988 0.1684 0.5442, 4.5984 0.1682 0.5425, 4.5988 0.1682 0.5425, 4.5984 0.1678 0.5412, 4.5988 0.1678 0.5412, 4.5984 0.167 0.5401, 4.5988 0.167 0.5401, 4.5984 0.1659 0.5391, 4.5988 0.1659 0.5391, 4.5984 0.1651 0.5386, 4.5988 0.1651 0.5386, 4.5984 0.1628 0.5378, 4.5988 0.1628 0.5378, 4.5984 0.1582 0.5373, 4.5988 0.1582 0.5373, 4.5988 0.2224 0.5826, 4.5988 0.2318 0.5826, 4.5984 0.2224 0.5826, 4.5984 0.2318 0.5826, 4.5988 0.2084 0.5438, 4.5984 0.2084 0.5438, 4.5984 0.2077 0.5414, 4.5988 0.2077 0.5414, 4.5984 0.2073 0.5397, 4.5988 0.2073 0.5397, 4.5988 0.207 0.5397, 4.5984 0.207 0.5397, 4.5988 0.2059 0.5439, 4.5984 0.2059 0.5439, 4.5984 0.1925 0.5826, 4.5988 0.1925 0.5826, 4.5984 0.1968 0.57, 4.5988 0.1824 0.5826, 4.5984 0.1824 0.5826, 4.5984 0.2026 0.5312, 4.5988 0.2026 0.5312, 4.5984 0.1968 0.5458, 4.5984 0.1986 0.5219, 4.5988 0.1986 0.5219, 4.5984 0.2023 0.5305, 4.5984 0.1968 0.5186, 4.5988 0.1968 0.5186, 4.5984 0.1968 0.5186, 4.5988 0.1951 0.5167, 4.5984 0.1951 0.5167, 4.5984 0.1935 0.5156, 4.5988 0.1935 0.5156, 4.5984 0.1915 0.5148, 4.5988 0.1915 0.5148, 4.5984 0.1893 0.5146, 4.5988 0.1893 0.5146, 4.5984 0.1861 0.515, 4.5988 0.1861 0.515, 4.5984 0.1842 0.5156, 4.5988 0.1842 0.5156, 4.5988 0.1842 0.5076, 4.5984 0.1842 0.5076, 4.5984 0.1881 0.5069, 4.5988 0.1881 0.5069, 4.5984 0.19 0.5069, 4.5988 0.19 0.5069, 4.5984 0.1937 0.5073, 4.5984 0.1968 0.5085, 4.5988 0.1973 0.5086, 4.5988 0.1937 0.5073, 4.5984 0.1973 0.5086, 4.5984 0.2004 0.5108, 4.5988 0.2004 0.5108, 4.5984 0.201 0.5114, 4.5988 0.201 0.5114, 4.5984 0.2043 0.5154, 4.5988 0.2043 0.5154, 4.5984 0.2084 0.5233, 4.5988 0.2084 0.5233, 4.5984 0.2112 0.5305, 4.5988 0.2803 0.5393, 4.5988 0.2803 0.5311, 4.5984 0.2803 0.5393, 4.5984 0.2803 0.5311, 4.5984 0.2508 0.5393, 4.5988 0.2508 0.5393, 4.5984 0.2643 0.5393, 4.5988 0.2508 0.5636, 4.5984 0.2508 0.5636, 4.5984 0.2766 0.5636, 4.5988 0.2766 0.5636, 4.5984 0.2643 0.5636, 4.5988 0.2766 0.5718, 4.5984 0.2766 0.5718, 4.5984 0.2508 0.5718, 4.5988 0.2508 0.5718, 4.5984 0.2643 0.5718, 4.5988 0.2508 0.5949, 4.5984 0.2508 0.5949, 4.5984 0.2786 0.5949, 4.5988 0.2786 0.5949, 4.5984 0.2643 0.5949, 4.5988 0.2786 0.6032, 4.5984 0.2786 0.6032, 4.5984 0.2415 0.6032, 4.5988 0.2415 0.6032, 4.5984 0.2643 0.6032, 4.5988 0.2415 0.5311, 4.5984 0.2415 0.5311, 4.5984 0.2643 0.5311, 4.5988 0.3388 0.5516, 4.5988 0.3351 0.5468, 4.5988 0.3417 0.5412, 4.5988 0.3337 0.5456, 4.5988 0.3341 0.5358, 4.5988 0.3289 0.5425, 4.5988 0.3258 0.5326, 4.5988 0.3227 0.5403, 4.5988 0.3137 0.5311, 4.5988 0.3136 0.5393, 4.5988 0.2939 0.5311, 4.5988 0.3032 0.5393, 4.5988 0.2939 0.6032, 4.5988 0.3032 0.5949, 4.5988 0.3144 0.6032, 4.5988 0.3141 0.5949, 4.5988 0.3259 0.6018, 4.5988 0.323 0.5939, 4.5988 0.3345 0.5986, 4.5988 0.3293 0.5917, 4.5988 0.3417 0.5936, 4.5988 0.3349 0.5881, 4.5988 0.3446 0.5907, 4.5988 0.3373 0.5856, 4.5988 0.349 0.5842, 4.5988 0.34 0.5815, 4.5988 0.3515 0.5772, 4.5988 0.3419 0.576, 4.5988 0.3525 0.5681, 4.5988 0.3428 0.5678, 4.5988 0.3523 0.5629, 4.5988 0.3426 0.5637, 4.5988 0.3504 0.5546, 4.5988 0.3412 0.557, 4.5988 0.3468 0.5472, 4.5984 0.3137 0.5311, 4.5984 0.2939 0.5311, 4.5984 0.3258 0.5326, 4.5984 0.3341 0.5358, 4.5984 0.3417 0.5412, 4.5984 0.3468 0.5472, 4.5984 0.3504 0.5546, 4.5984 0.3523 0.5629, 4.5984 0.3525 0.5681, 4.5984 0.3515 0.5772, 4.5984 0.349 0.5842, 4.5984 0.3446 0.5907, 4.5984 0.3417 0.5936, 4.5984 0.3345 0.5986, 4.5984 0.3259 0.6018, 4.5984 0.3144 0.6032, 4.5984 0.2939 0.6032, 4.5984 0.3141 0.5949, 4.5984 0.3032 0.5949, 4.5984 0.3032 0.5393, 4.5984 0.3136 0.5393, 4.5984 0.3351 0.5468, 4.5984 0.3337 0.5456, 4.5984 0.3289 0.5425, 4.5984 0.3227 0.5403, 4.5984 0.3428 0.5678, 4.5984 0.3426 0.5637, 4.5984 0.3412 0.557, 4.5984 0.3388 0.5516, 4.5984 0.3349 0.5881, 4.5984 0.3373 0.5856, 4.5984 0.34 0.5815, 4.5984 0.3419 0.576, 4.5984 0.323 0.5939, 4.5984 0.3293 0.5917, 4.5984 0.3293 0.5917
            ]
        }
        coordIndex [
            0,1,2,-1,3,4,2,-1,2,4,5,-1,2,5,0,-1,3,6,4,-1,4,6,7,-1,4,7,8,-1,9,8,10,-1,10,8,7,-1,11,9,12,-1,12,9,10,-1,13,14,15,-1,15,14,11,-1,15,11,16,-1,16,11,12,-1,17,14,18,-1,18,14,13,-1,18,19,17,-1,17,19,20,-1,17,20,21,-1,21,20,22,-1,21,22,23,-1,23,22,24,-1,23,24,25,-1,25,24,26,-1,25,26,27,-1,27,26,28,-1,27,28,29,-1,29,28,30,-1,29,30,31,-1,31,30,32,-1,31,32,33,-1,33,32,34,-1,33,34,35,-1,35,34,36,-1,35,36,37,-1,37,36,38,-1,37,38,39,-1,39,38,40,-1,39,40,41,-1,41,40,42,-1,41,42,43,-1,43,42,44,-1,43,44,45,-1,45,44,46,-1,45,46,47,-1,47,46,48,-1,47,48,49,-1,49,48,50,-1,49,50,51,-1,51,50,52,-1,51,52,53,-1,53,52,54,-1,53,54,55,-1,55,54,56,-1,55,56,57,-1,57,56,58,-1,57,58,59,-1,59,58,60,-1,59,60,61,-1,61,60,62,-1,61,62,63,-1,63,62,64,-1,63,64,65,-1,65,64,66,-1,65,66,67,-1,67,66,68,-1,67,68,69,-1,69,68,70,-1,69,70,71,-1,71,70,72,-1,71,72,73,-1,73,72,74,-1,73,74,75,-1,76,75,77,-1,77,75,74,-1,76,77,78,-1,76,78,79,-1,79,78,80,-1,79,80,81,-1,81,80,82,-1,81,82,83,-1,83,82,84,-1,83,84,85,-1,85,84,86,-1,85,86,87,-1,88,87,89,-1,89,87,86,-1,89,90,88,-1,88,90,91,-1,88,91,92,-1,92,91,93,-1,92,93,94,-1,94,93,95,-1,94,95,96,-1,96,95,97,-1,96,97,98,-1,98,97,99,-1,98,99,100,-1,100,99,101,-1,100,101,102,-1,103,104,105,-1,102,101,106,-1,102,106,107,-1,107,106,108,-1,107,108,105,-1,105,108,109,-1,105,109,103,-1,104,103,110,-1,104,110,111,-1,111,110,112,-1,111,112,113,-1,113,112,114,-1,113,114,115,-1,115,114,116,-1,115,116,117,-1,117,116,118,-1,117,118,119,-1,119,118,120,-1,119,120,121,-1,121,120,122,-1,121,122,123,-1,123,122,124,-1,123,124,125,-1,125,124,126,-1,125,126,127,-1,127,126,128,-1,127,128,129,-1,129,128,130,-1,129,130,131,-1,131,130,132,-1,131,132,133,-1,133,132,134,-1,133,134,135,-1,135,134,1,-1,135,1,0,-1,61,63,85,-1,85,63,83,-1,111,43,104,-1,104,43,45,-1,21,23,127,-1,127,23,25,-1,127,25,125,-1,125,25,27,-1,125,27,123,-1,123,27,29,-1,123,29,121,-1,121,29,31,-1,121,31,119,-1,119,31,33,-1,119,33,117,-1,117,33,35,-1,117,35,115,-1,115,35,37,-1,115,37,113,-1,113,37,39,-1,113,39,111,-1,111,39,41,-1,111,41,43,-1,14,0,11,-1,11,0,5,-1,11,5,9,-1,9,5,4,-1,9,4,8,-1,63,65,83,-1,83,65,67,-1,83,67,81,-1,81,67,69,-1,81,69,79,-1,79,69,71,-1,79,71,76,-1,76,71,73,-1,76,73,75,-1,127,129,21,-1,21,129,131,-1,21,131,17,-1,17,131,133,-1,17,133,14,-1,14,133,135,-1,14,135,0,-1,85,87,61,-1,61,87,88,-1,61,88,59,-1,59,88,92,-1,59,92,57,-1,57,92,94,-1,57,94,55,-1,55,94,96,-1,55,96,53,-1,53,96,98,-1,53,98,51,-1,51,98,100,-1,51,100,49,-1,49,100,102,-1,49,102,47,-1,47,102,107,-1,47,107,45,-1,45,107,105,-1,45,105,104,-1,136,137,138,-1,138,137,139,-1,140,136,141,-1,141,136,138,-1,140,141,142,-1,140,142,143,-1,143,142,144,-1,143,144,145,-1,146,145,147,-1,147,145,144,-1,148,146,149,-1,149,146,147,-1,150,151,152,-1,152,151,148,-1,152,148,149,-1,153,151,154,-1,154,151,150,-1,155,156,157,-1,157,156,153,-1,157,153,154,-1,158,159,160,-1,160,159,156,-1,160,156,155,-1,159,158,161,-1,159,161,162,-1,162,161,163,-1,162,163,164,-1,163,165,164,-1,164,165,166,-1,164,166,167,-1,167,166,168,-1,167,168,169,-1,169,168,170,-1,169,170,171,-1,171,170,172,-1,171,172,173,-1,173,172,174,-1,173,174,175,-1,176,175,177,-1,177,175,174,-1,176,177,178,-1,176,178,179,-1,179,178,180,-1,179,180,181,-1,181,180,182,-1,183,184,182,-1,182,184,185,-1,182,185,181,-1,183,186,184,-1,184,186,187,-1,184,187,188,-1,188,187,189,-1,188,189,190,-1,190,189,191,-1,190,191,192,-1,192,191,193,-1,192,193,194,-1,139,137,195,-1,195,137,194,-1,195,194,193,-1,143,145,194,-1,137,136,194,-1,194,136,140,-1,194,140,143,-1,151,153,148,-1,148,153,156,-1,148,156,146,-1,192,162,190,-1,190,162,164,-1,175,176,173,-1,173,176,179,-1,173,179,171,-1,171,179,181,-1,171,181,169,-1,169,181,185,-1,169,185,167,-1,167,185,184,-1,167,184,164,-1,164,184,188,-1,164,188,190,-1,145,146,194,-1,194,146,156,-1,194,156,192,-1,192,156,159,-1,192,159,162,-1,196,197,198,-1,198,197,199,-1,200,201,202,-1,202,201,196,-1,202,196,198,-1,203,201,204,-1,204,201,200,-1,205,206,207,-1,207,206,203,-1,207,203,204,-1,208,206,209,-1,209,206,205,-1,210,211,212,-1,212,211,208,-1,212,208,209,-1,213,211,214,-1,214,211,210,-1,215,216,217,-1,217,216,213,-1,217,213,214,-1,218,216,219,-1,219,216,215,-1,220,221,222,-1,222,221,218,-1,222,218,219,-1,223,221,224,-1,224,221,220,-1,199,197,225,-1,225,197,223,-1,225,223,224,-1,216,218,213,-1,213,218,221,-1,213,221,211,-1,197,196,223,-1,223,196,201,-1,223,201,203,-1,206,208,203,-1,203,208,211,-1,203,211,223,-1,223,211,221,-1,226,227,228,-1,228,227,229,-1,228,229,230,-1,230,229,231,-1,230,231,232,-1,232,231,233,-1,232,233,234,-1,234,233,235,-1,234,235,236,-1,236,235,237,-1,236,237,238,-1,238,237,239,-1,238,239,240,-1,240,239,241,-1,240,241,242,-1,242,241,243,-1,242,243,244,-1,244,243,245,-1,244,245,246,-1,246,245,247,-1,246,247,248,-1,248,247,249,-1,248,249,250,-1,250,249,251,-1,250,251,252,-1,252,251,253,-1,252,253,254,-1,254,253,255,-1,254,255,256,-1,256,255,257,-1,256,257,258,-1,258,257,259,-1,258,259,260,-1,260,259,226,-1,260,226,228,-1,234,236,261,-1,261,236,262,-1,234,261,263,-1,234,263,232,-1,232,263,264,-1,232,264,230,-1,230,264,265,-1,230,265,228,-1,228,265,266,-1,228,266,260,-1,260,266,267,-1,260,267,258,-1,258,267,268,-1,258,268,256,-1,256,268,269,-1,256,269,254,-1,254,269,270,-1,254,270,252,-1,252,270,271,-1,252,271,250,-1,250,271,272,-1,250,272,248,-1,248,272,273,-1,248,273,246,-1,246,273,274,-1,246,274,244,-1,244,274,275,-1,244,275,242,-1,242,275,276,-1,242,276,240,-1,238,240,277,-1,277,240,276,-1,236,238,262,-1,262,238,277,-1,241,239,278,-1,278,239,279,-1,239,237,279,-1,279,237,280,-1,237,235,280,-1,280,235,281,-1,227,282,283,-1,227,283,229,-1,229,283,284,-1,229,284,231,-1,231,284,285,-1,231,285,233,-1,233,285,281,-1,233,281,235,-1,255,286,287,-1,255,287,257,-1,257,287,288,-1,257,288,259,-1,259,288,289,-1,259,289,226,-1,226,289,282,-1,226,282,227,-1,247,290,291,-1,247,291,249,-1,249,291,292,-1,249,292,251,-1,251,292,293,-1,251,293,253,-1,253,293,286,-1,253,286,255,-1,241,278,294,-1,241,294,243,-1,243,294,295,-1,243,295,245,-1,245,295,290,-1,245,290,247,-1,
        ]
    }
}
Shape{
    appearance Appearance {
        material  Material 	{
            diffuseColor 0.2235294117647059 0.2235294117647059 0.2235294117647059
            specularColor 0.11372549019607843 0.11372549019607843 0.11372549019607843
            ambientIntensity 0.2
            transparency 0
            shininess 0.5
        }
    }
    geometry IndexedFaceSet {
        ccw TRUE
        solid FALSE
        coord DEF co Coordinate {
            point [
                4.5984 0.3032 0.5949, 4.5984 0.3032 0.5393, 4.5984 0.3141 0.5949, 4.5984 0.3136 0.5393, 4.5984 0.3227 0.5403, 4.5984 0.3289 0.5425, 4.5984 0.3337 0.5456, 4.5984 0.3351 0.5468, 4.5984 0.3388 0.5516, 4.5984 0.3412 0.557, 4.5984 0.3426 0.5637, 4.5984 0.3428 0.5678, 4.5984 0.3419 0.576, 4.5984 0.34 0.5815, 4.5984 0.3373 0.5856, 4.5984 0.3349 0.5881, 4.5984 0.323 0.5939, 4.5984 0.3293 0.5917, 4.5984 0.3293 0.5917
            ]
        }
        coordIndex [
            0,1,2,-1,2,1,3,-1,2,3,4,-1,4,5,2,-1,2,5,6,-1,2,6,7,-1,7,8,2,-1,2,8,9,-1,2,9,10,-1,10,11,2,-1,2,11,12,-1,2,12,13,-1,13,14,2,-1,2,14,15,-1,2,15,16,-1,16,15,17,-1,
        ]
    }
}
Shape{
    appearance Appearance {
        material  Material 	{
            diffuseColor 1.0 1.0 1.0
            specularColor 0.5019607843137255 0.5019607843137255 0.5019607843137255
            ambientIntensity 0.2
            transparency 0
            shininess 0.5
        }
    }
    geometry IndexedFaceSet {
        ccw TRUE
        solid FALSE
        coord DEF co Coordinate {
            point [
                4.5988 0.3767 0.559, 4.5988 0.3737 0.5508, 4.5988 0.4009 0.559, 4.5988 0.4037 0.5508, 4.5988 0.3875 0.5889, 4.5988 0.384 0.6032, 4.5988 0.3565 0.5311, 4.5988 0.3668 0.5311, 4.5988 0.3881 0.5911, 4.5988 0.3886 0.594, 4.5988 0.3939 0.6032, 4.5988 0.3889 0.594, 4.5988 0.3894 0.5909, 4.5988 0.39 0.5889, 4.5988 0.4214 0.5311, 4.5988 0.4111 0.5311, 4.5984 0.3939 0.6032, 4.5984 0.4214 0.5311, 4.5984 0.384 0.6032, 4.5984 0.3565 0.5311, 4.5984 0.3668 0.5311, 4.5984 0.3737 0.5508, 4.5984 0.4037 0.5508, 4.5984 0.4111 0.5311, 4.5984 0.3767 0.559, 4.5984 0.4009 0.559, 4.5984 0.39 0.5889, 4.5984 0.3889 0.594, 4.5984 0.3894 0.5909, 4.5984 0.3886 0.594, 4.5984 0.3875 0.5889, 4.5984 0.3881 0.5911, 4.5984 0.3881 0.5911
            ]
        }
        coordIndex [
            0,1,2,-1,2,1,3,-1,4,5,0,-1,0,5,6,-1,0,6,1,-1,1,6,7,-1,4,8,5,-1,5,8,9,-1,5,9,10,-1,10,9,11,-1,10,11,12,-1,12,13,10,-1,10,13,2,-1,10,2,14,-1,14,2,3,-1,14,3,15,-1,10,14,16,-1,16,14,17,-1,5,10,18,-1,18,10,16,-1,6,5,19,-1,19,5,18,-1,7,6,20,-1,20,6,19,-1,1,7,21,-1,21,7,20,-1,3,1,22,-1,22,1,21,-1,15,3,23,-1,23,3,22,-1,14,15,17,-1,17,15,23,-1,0,2,24,-1,24,2,25,-1,2,13,25,-1,25,13,26,-1,11,27,28,-1,11,28,12,-1,12,28,26,-1,12,26,13,-1,11,9,27,-1,27,9,29,-1,4,30,31,-1,4,31,8,-1,8,31,29,-1,8,29,9,-1,4,0,30,-1,30,0,24,-1,
        ]
    }
}
Shape{
    appearance Appearance {
        material  Material 	{
            diffuseColor 0.2235294117647059 0.2235294117647059 0.2235294117647059
            specularColor 0.11372549019607843 0.11372549019607843 0.11372549019607843
            ambientIntensity 0.2
            transparency 0
            shininess 0.5
        }
    }
    geometry IndexedFaceSet {
        ccw TRUE
        solid FALSE
        coord DEF co Coordinate {
            point [
                4.5984 0.3889 0.594, 4.5984 0.3886 0.594, 4.5984 0.3894 0.5909, 4.5984 0.3881 0.5911, 4.5984 0.39 0.5889, 4.5984 0.3875 0.5889, 4.5984 0.4009 0.559, 4.5984 0.3767 0.559, 4.5984 0.3767 0.559
            ]
        }
        coordIndex [
            0,1,2,-1,2,1,3,-1,2,3,4,-1,4,3,5,-1,4,5,6,-1,6,5,7,-1,
        ]
    }
}
Shape{
    appearance Appearance {
        material  Material 	{
            diffuseColor 1.0 1.0 1.0
            specularColor 0.5019607843137255 0.5019607843137255 0.5019607843137255
            ambientIntensity 0.2
            transparency 0
            shininess 0.5
        }
    }
    geometry IndexedFaceSet {
        ccw TRUE
        solid FALSE
        coord DEF co Coordinate {
            point [
                4.5988 -0.2765 0.5212, 4.5988 -0.269 0.5117, 4.5988 -0.281 0.5662, 4.5988 -0.2895 0.6555, 4.5988 -0.2781 0.6615, 4.5988 -0.2812 0.6928, 4.5988 -0.1907 0.5192, 4.5988 -0.1847 0.5307, 4.5988 -0.1818 0.5434, 4.5988 -0.2492 0.6943, 4.5988 -0.2333 0.6569, 4.5988 -0.2254 0.6732, 4.5988 -0.261 0.6953, 4.5988 -0.1098 0.5913, 4.5988 -0.1257 0.6185, 4.5988 -0.1816 0.5534, 4.5988 -0.1944 0.5826, 4.5988 -0.1816 0.5483, 4.5988 -0.2095 0.5027, 4.5988 -0.1992 0.5097, 4.5988 -0.2532 0.5463, 4.5988 -0.2523 0.5415, 4.5988 -0.2503 0.5372, 4.5988 -0.0929 0.642, 4.5988 -0.0888 0.642, 4.5988 -0.0678 0.6697, 4.5988 -0.0787 0.6407, 4.5988 -0.0654 0.6689, 4.5988 -0.0698 0.6372, 4.5988 -0.0502 0.6614, 4.5988 -0.0363 0.6497, 4.5988 -0.2387 0.7065, 4.5988 -0.2139 0.6869, 4.5988 -0.2266 0.7168, 4.5988 -0.2003 0.6968, 4.5988 -0.2142 0.7246, 4.5988 -0.2915 0.5726, 4.5988 -0.288 0.5338, 4.5988 -0.2815 0.5319, 4.5988 -0.2654 0.6643, 4.5988 -0.2605 0.6646, 4.5988 -0.2551 0.695, 4.5988 -0.2491 0.6632, 4.5988 -0.2375 0.6592, 4.5988 -0.2171 0.5362, 4.5988 -0.2198 0.533, 4.5988 -0.2237 0.5302, 4.5988 -0.2209 0.4984, 4.5988 -0.2282 0.5284, 4.5988 -0.2328 0.497, 4.5988 -0.2333 0.5278, 4.5988 -0.2351 0.4971, 4.5988 -0.2342 0.5278, 4.5988 -0.2472 0.4991, 4.5988 -0.2388 0.5286, 4.5988 -0.259 0.5041, 4.5988 -0.2434 0.5305, 4.5988 -0.2473 0.5335, 4.5988 -0.2146 0.5549, 4.5988 -0.2135 0.5502, 4.5988 -0.2135 0.5455, 4.5988 -0.2147 0.5406, 4.5988 -0.3002 0.6854, 4.5988 -0.3165 0.674, 4.5988 -0.2991 0.6469, 4.5988 -0.3199 0.6707, 4.5988 -0.306 0.6367, 4.5988 -0.3323 0.6548, 4.5988 -0.3103 0.6252, 4.5988 -0.253 0.5513, 4.5988 -0.2515 0.5561, 4.5988 -0.275 0.5776, 4.5988 -0.2488 0.5603, 4.5988 -0.2665 0.5872, 4.5988 -0.2468 0.5625, 4.5988 -0.2559 0.5944, 4.5988 -0.2428 0.5653, 4.5988 -0.2446 0.5986, 4.5988 -0.2383 0.5671, 4.5988 -0.2328 0.6, 4.5988 -0.2333 0.5677, 4.5988 -0.2263 0.5996, 4.5988 -0.229 0.5673, 4.5988 -0.2139 0.5965, 4.5988 -0.2243 0.5656, 4.5988 -0.2031 0.5906, 4.5988 -0.2202 0.5628, 4.5988 -0.2169 0.5591, 4.5988 -0.0619 0.6316, 4.5988 -0.057 0.6263, 4.5988 -0.0258 0.6351, 4.5988 -0.052 0.6176, 4.5988 -0.0195 0.6195, 4.5988 -0.0493 0.6079, 4.5988 -0.0171 0.6026, 4.5988 -0.0489 0.6021, 4.5988 -0.0194 0.5844, 4.5988 -0.0502 0.5917, 4.5988 -0.0258 0.5682, 4.5988 -0.0538 0.5826, 4.5988 -0.0361 0.5539, 4.5988 -0.0594 0.5748, 4.5988 -0.0499 0.5422, 4.5988 -0.067 0.5684, 4.5988 -0.0656 0.5345, 4.5988 -0.0759 0.5641, 4.5988 -0.0827 0.5309, 4.5988 -0.0857 0.5621, 4.5988 -0.1129 0.5309, 4.5988 -0.1088 0.5621, 4.5988 -0.1158 0.5313, 4.5988 -0.0955 0.7102, 4.5988 -0.1158 0.6869, 4.5988 -0.0786 0.6907, 4.5988 -0.1042 0.6731, 4.5988 -0.0962 0.6567, 4.5988 -0.1114 0.5626, 4.5988 -0.1237 0.5362, 4.5988 -0.1225 0.535, 4.5988 -0.1906 0.7337, 4.5988 -0.1836 0.7036, 4.5988 -0.1652 0.7368, 4.5988 -0.1647 0.7061, 4.5988 -0.144 0.7346, 4.5988 -0.1472 0.7039, 4.5988 -0.1183 0.7255, 4.5988 -0.1311 0.6977, 4.5988 -0.1167 0.6877, 4.5988 -0.1098 0.5622, 4.5988 -0.1192 0.5327, 4.5988 -0.3404 0.6364, 4.5988 -0.3438 0.6171, 4.5988 -0.3117 0.6133, 4.5988 -0.344 0.6123, 4.5988 -0.3111 0.6055, 4.5988 -0.3415 0.5921, 4.5988 -0.3074 0.5929, 4.5988 -0.3341 0.5731, 4.5988 -0.3008 0.5819, 4.5988 -0.3225 0.5565, 4.5988 -0.3065 0.5429, 4.5988 -0.1278 0.5467, 4.5988 -0.1273 0.5429, 4.5988 -0.1259 0.5394, 4.5988 -0.1159 0.5621, 4.5988 -0.1194 0.5607, 4.5988 -0.1276 0.5488, 4.5988 -0.1225 0.5585, 4.5988 -0.1246 0.5562, 4.5988 -0.1266 0.5527, 4.5988 -0.1119 0.5626, 4.5984 -0.0171 0.6026, 4.5984 -0.0195 0.6195, 4.5984 -0.0328 0.6448, 4.5984 -0.0212 0.6237, 4.5984 -0.0258 0.6351, 4.5984 -0.0363 0.6497, 4.5984 -0.0502 0.6614, 4.5984 -0.0654 0.6689, 4.5984 -0.0678 0.6697, 4.5984 -0.0786 0.6907, 4.5984 -0.0955 0.7102, 4.5984 -0.1073 0.7181, 4.5984 -0.1183 0.7255, 4.5984 -0.144 0.7346, 4.5984 -0.1652 0.7368, 4.5984 -0.2266 0.7168, 4.5984 -0.2246 0.7181, 4.5984 -0.2142 0.7246, 4.5984 -0.1906 0.7337, 4.5984 -0.2387 0.7065, 4.5984 -0.2492 0.6943, 4.5984 -0.2551 0.695, 4.5984 -0.261 0.6953, 4.5984 -0.2812 0.6928, 4.5984 -0.3002 0.6854, 4.5984 -0.3165 0.674, 4.5984 -0.3199 0.6707, 4.5984 -0.344 0.6123, 4.5984 -0.3323 0.6548, 4.5984 -0.3367 0.6448, 4.5984 -0.3404 0.6364, 4.5984 -0.3427 0.6237, 4.5984 -0.3438 0.6171, 4.5984 -0.3415 0.5921, 4.5984 -0.3341 0.5731, 4.5984 -0.3225 0.5565, 4.5984 -0.3065 0.5429, 4.5984 -0.288 0.5338, 4.5984 -0.2815 0.5319, 4.5984 -0.2808 0.5305, 4.5984 -0.2765 0.5212, 4.5984 -0.269 0.5117, 4.5984 -0.259 0.5041, 4.5984 -0.254 0.502, 4.5984 -0.2472 0.4991, 4.5984 -0.2351 0.4971, 4.5984 -0.2328 0.497, 4.5984 -0.2209 0.4984, 4.5984 -0.2115 0.502, 4.5984 -0.2095 0.5027, 4.5984 -0.1992 0.5097, 4.5984 -0.1907 0.5192, 4.5984 -0.1848 0.5305, 4.5984 -0.1847 0.5307, 4.5984 -0.1818 0.5434, 4.5984 -0.1816 0.5483, 4.5984 -0.1816 0.5534, 4.5984 -0.1098 0.5913, 4.5984 -0.1257 0.6185, 4.5984 -0.1944 0.5826, 4.5984 -0.2031 0.5906, 4.5984 -0.2139 0.5965, 4.5984 -0.2263 0.5996, 4.5984 -0.2328 0.6, 4.5984 -0.2446 0.5986, 4.5984 -0.2559 0.5944, 4.5984 -0.2665 0.5872, 4.5984 -0.275 0.5776, 4.5984 -0.281 0.5662, 4.5984 -0.2915 0.5726, 4.5984 -0.3008 0.5819, 4.5984 -0.3074 0.5929, 4.5984 -0.3111 0.6055, 4.5984 -0.3117 0.6133, 4.5984 -0.3105 0.6237, 4.5984 -0.3103 0.6252, 4.5984 -0.306 0.6367, 4.5984 -0.3005 0.6448, 4.5984 -0.2991 0.6469, 4.5984 -0.2895 0.6555, 4.5984 -0.2781 0.6615, 4.5984 -0.2654 0.6643, 4.5984 -0.2605 0.6646, 4.5984 -0.2491 0.6632, 4.5984 -0.2375 0.6592, 4.5984 -0.2333 0.6569, 4.5984 -0.2254 0.6732, 4.5984 -0.2139 0.6869, 4.5984 -0.2003 0.6968, 4.5984 -0.1836 0.7036, 4.5984 -0.1647 0.7061, 4.5984 -0.0929 0.642, 4.5984 -0.0935 0.6448, 4.5984 -0.0962 0.6567, 4.5984 -0.1042 0.6731, 4.5984 -0.1158 0.6869, 4.5984 -0.1167 0.6877, 4.5984 -0.1311 0.6977, 4.5984 -0.1472 0.7039, 4.5984 -0.0888 0.642, 4.5984 -0.0787 0.6407, 4.5984 -0.0698 0.6372, 4.5984 -0.0619 0.6316, 4.5984 -0.057 0.6263, 4.5984 -0.0555 0.6237, 4.5984 -0.052 0.6176, 4.5984 -0.0493 0.6079, 4.5984 -0.0489 0.6021, 4.5984 -0.0502 0.5917, 4.5984 -0.0538 0.5826, 4.5984 -0.0594 0.5748, 4.5984 -0.067 0.5684, 4.5984 -0.0759 0.5641, 4.5984 -0.0857 0.5621, 4.5984 -0.1088 0.5621, 4.5984 -0.1098 0.5622, 4.5984 -0.1114 0.5626, 4.5984 -0.1119 0.5626, 4.5984 -0.1159 0.5621, 4.5984 -0.1194 0.5607, 4.5984 -0.1225 0.5585, 4.5984 -0.1246 0.5562, 4.5984 -0.1266 0.5527, 4.5984 -0.1276 0.5488, 4.5984 -0.1278 0.5467, 4.5984 -0.1273 0.5429, 4.5984 -0.1259 0.5394, 4.5984 -0.1237 0.5362, 4.5984 -0.1225 0.535, 4.5984 -0.1192 0.5327, 4.5984 -0.1158 0.5313, 4.5984 -0.1129 0.5309, 4.5984 -0.0827 0.5309, 4.5984 -0.0656 0.5345, 4.5984 -0.0499 0.5422, 4.5984 -0.0361 0.5539, 4.5984 -0.0258 0.5682, 4.5984 -0.0194 0.5844, 4.5984 -0.2333 0.5677, 4.5984 -0.229 0.5673, 4.5984 -0.2243 0.5656, 4.5984 -0.2202 0.5628, 4.5984 -0.2169 0.5591, 4.5984 -0.2146 0.5549, 4.5984 -0.2135 0.5502, 4.5984 -0.2135 0.5455, 4.5984 -0.2147 0.5406, 4.5984 -0.2171 0.5362, 4.5984 -0.2198 0.533, 4.5984 -0.2237 0.5302, 4.5984 -0.2282 0.5284, 4.5984 -0.2333 0.5278, 4.5984 -0.2342 0.5278, 4.5984 -0.2388 0.5286, 4.5984 -0.2434 0.5305, 4.5984 -0.2473 0.5335, 4.5984 -0.2503 0.5372, 4.5984 -0.2523 0.5415, 4.5984 -0.2532 0.5463, 4.5984 -0.253 0.5513, 4.5984 -0.2515 0.5561, 4.5984 -0.2488 0.5603, 4.5984 -0.2468 0.5625, 4.5984 -0.2428 0.5653, 4.5984 -0.2383 0.5671, 4.5984 -0.2383 0.5671
            ]
        }
        coordIndex [
            0,1,2,-1,3,4,5,-1,6,7,8,-1,9,10,11,-1,5,4,12,-1,13,14,15,-1,15,14,16,-1,15,16,17,-1,17,16,18,-1,17,18,8,-1,8,18,19,-1,8,19,6,-1,20,2,21,-1,21,2,1,-1,21,1,22,-1,23,24,25,-1,25,24,26,-1,25,26,27,-1,27,26,28,-1,27,28,29,-1,29,28,30,-1,9,11,31,-1,31,11,32,-1,31,32,33,-1,33,32,34,-1,33,34,35,-1,36,37,2,-1,2,37,38,-1,2,38,0,-1,4,39,12,-1,12,39,40,-1,12,40,41,-1,41,40,42,-1,41,42,9,-1,9,42,43,-1,9,43,10,-1,44,45,18,-1,18,45,46,-1,18,46,47,-1,47,46,48,-1,47,48,49,-1,49,48,50,-1,49,50,51,-1,51,50,52,-1,51,52,53,-1,53,52,54,-1,53,54,55,-1,55,54,56,-1,55,56,1,-1,1,56,57,-1,1,57,22,-1,58,59,16,-1,16,59,60,-1,16,60,18,-1,18,60,61,-1,18,61,44,-1,5,62,3,-1,3,62,63,-1,3,63,64,-1,64,63,65,-1,64,65,66,-1,66,65,67,-1,66,67,68,-1,20,69,2,-1,2,69,70,-1,2,70,71,-1,71,70,72,-1,71,72,73,-1,73,72,74,-1,73,74,75,-1,75,74,76,-1,75,76,77,-1,77,76,78,-1,77,78,79,-1,79,78,80,-1,79,80,81,-1,81,80,82,-1,81,82,83,-1,83,82,84,-1,83,84,85,-1,85,84,86,-1,85,86,16,-1,16,86,87,-1,16,87,58,-1,28,88,30,-1,30,88,89,-1,30,89,90,-1,90,89,91,-1,90,91,92,-1,92,91,93,-1,92,93,94,-1,94,93,95,-1,94,95,96,-1,96,95,97,-1,96,97,98,-1,98,97,99,-1,98,99,100,-1,100,99,101,-1,100,101,102,-1,102,101,103,-1,102,103,104,-1,104,103,105,-1,104,105,106,-1,106,105,107,-1,106,107,108,-1,108,107,109,-1,108,109,110,-1,111,112,113,-1,113,112,114,-1,113,114,25,-1,25,114,115,-1,25,115,23,-1,116,117,118,-1,35,34,119,-1,119,34,120,-1,119,120,121,-1,121,120,122,-1,121,122,123,-1,123,122,124,-1,123,124,125,-1,125,124,126,-1,125,126,111,-1,111,126,127,-1,111,127,112,-1,109,128,110,-1,110,128,116,-1,110,116,129,-1,129,116,118,-1,67,130,68,-1,68,130,131,-1,68,131,132,-1,132,131,133,-1,132,133,134,-1,134,133,135,-1,134,135,136,-1,136,135,137,-1,136,137,138,-1,138,137,139,-1,138,139,36,-1,36,139,140,-1,36,140,37,-1,141,142,116,-1,116,142,143,-1,116,143,117,-1,144,145,146,-1,145,147,146,-1,146,147,148,-1,146,148,149,-1,141,116,146,-1,146,116,150,-1,146,150,144,-1,94,151,152,-1,153,30,90,-1,94,152,92,-1,92,152,154,-1,92,154,90,-1,90,154,155,-1,90,155,153,-1,153,156,30,-1,30,156,157,-1,30,157,29,-1,29,157,158,-1,29,158,27,-1,27,158,159,-1,27,159,25,-1,25,159,160,-1,25,160,113,-1,113,160,161,-1,113,161,111,-1,125,111,162,-1,162,111,161,-1,162,163,125,-1,125,163,164,-1,125,164,123,-1,123,164,165,-1,123,165,121,-1,166,33,167,-1,167,33,35,-1,167,35,168,-1,168,35,119,-1,168,119,169,-1,169,119,121,-1,169,121,165,-1,33,166,170,-1,33,170,31,-1,31,170,171,-1,31,171,9,-1,9,171,172,-1,9,172,41,-1,41,172,173,-1,41,173,12,-1,12,173,174,-1,12,174,5,-1,5,174,175,-1,5,175,62,-1,62,175,176,-1,62,176,63,-1,63,176,177,-1,63,177,65,-1,178,133,131,-1,65,177,179,-1,65,179,67,-1,67,179,180,-1,67,180,130,-1,180,181,130,-1,130,181,182,-1,130,182,131,-1,131,182,183,-1,131,183,178,-1,133,178,184,-1,133,184,135,-1,135,184,185,-1,135,185,137,-1,137,185,186,-1,137,186,139,-1,139,186,187,-1,139,187,140,-1,140,187,188,-1,140,188,37,-1,37,188,189,-1,37,189,38,-1,38,189,190,-1,38,190,0,-1,190,191,0,-1,0,191,192,-1,0,192,1,-1,1,192,193,-1,1,193,55,-1,55,193,194,-1,55,194,53,-1,194,195,53,-1,53,195,196,-1,53,196,51,-1,51,196,197,-1,51,197,49,-1,49,197,198,-1,49,198,47,-1,47,198,199,-1,47,199,18,-1,199,200,18,-1,18,200,201,-1,18,201,19,-1,19,201,202,-1,19,202,6,-1,6,202,203,-1,6,203,7,-1,203,204,7,-1,7,204,205,-1,7,205,8,-1,8,205,206,-1,8,206,17,-1,15,17,207,-1,207,17,206,-1,13,15,208,-1,208,15,207,-1,14,13,209,-1,209,13,208,-1,16,14,210,-1,210,14,209,-1,16,210,211,-1,16,211,85,-1,85,211,212,-1,85,212,83,-1,83,212,213,-1,83,213,81,-1,81,213,214,-1,81,214,79,-1,79,214,215,-1,79,215,77,-1,77,215,216,-1,77,216,75,-1,75,216,217,-1,75,217,73,-1,73,217,218,-1,73,218,71,-1,71,218,219,-1,71,219,2,-1,2,219,220,-1,2,220,36,-1,36,220,221,-1,36,221,138,-1,138,221,222,-1,138,222,136,-1,136,222,223,-1,136,223,134,-1,134,223,224,-1,134,224,132,-1,68,132,225,-1,225,132,224,-1,225,226,68,-1,68,226,227,-1,68,227,66,-1,66,227,228,-1,66,228,64,-1,228,229,64,-1,64,229,230,-1,64,230,3,-1,3,230,231,-1,3,231,4,-1,4,231,232,-1,4,232,39,-1,39,232,233,-1,39,233,40,-1,40,233,234,-1,40,234,42,-1,42,234,235,-1,42,235,43,-1,43,235,236,-1,43,236,10,-1,10,236,237,-1,10,237,11,-1,11,237,238,-1,11,238,32,-1,32,238,239,-1,32,239,34,-1,34,239,240,-1,34,240,120,-1,120,240,241,-1,120,241,122,-1,242,23,243,-1,243,23,115,-1,243,115,244,-1,244,115,114,-1,244,114,245,-1,245,114,112,-1,245,112,246,-1,246,112,127,-1,246,127,247,-1,247,127,126,-1,247,126,248,-1,248,126,124,-1,248,124,249,-1,249,124,122,-1,249,122,241,-1,24,23,250,-1,250,23,242,-1,24,250,251,-1,24,251,26,-1,26,251,252,-1,26,252,28,-1,28,252,253,-1,28,253,88,-1,88,253,254,-1,88,254,89,-1,89,254,255,-1,89,255,91,-1,255,256,91,-1,91,256,257,-1,91,257,93,-1,93,257,258,-1,93,258,95,-1,95,258,259,-1,95,259,97,-1,97,259,260,-1,97,260,99,-1,99,260,261,-1,99,261,101,-1,101,261,262,-1,101,262,103,-1,103,262,263,-1,103,263,105,-1,105,263,264,-1,105,264,107,-1,109,107,265,-1,265,107,264,-1,109,265,266,-1,109,266,128,-1,128,266,267,-1,128,267,116,-1,116,267,268,-1,116,268,150,-1,150,268,269,-1,150,269,144,-1,144,269,270,-1,144,270,145,-1,145,270,271,-1,145,271,147,-1,147,271,272,-1,147,272,148,-1,148,272,273,-1,148,273,149,-1,149,273,274,-1,149,274,146,-1,146,274,275,-1,146,275,141,-1,141,275,276,-1,141,276,142,-1,142,276,277,-1,142,277,143,-1,143,277,278,-1,143,278,117,-1,117,278,279,-1,117,279,118,-1,118,279,280,-1,118,280,129,-1,129,280,281,-1,129,281,110,-1,110,281,282,-1,110,282,108,-1,106,108,283,-1,283,108,282,-1,106,283,284,-1,106,284,104,-1,104,284,285,-1,104,285,102,-1,102,285,286,-1,102,286,100,-1,100,286,287,-1,100,287,98,-1,98,287,288,-1,98,288,96,-1,96,288,151,-1,96,151,94,-1,80,289,290,-1,80,290,82,-1,82,290,291,-1,82,291,84,-1,84,291,292,-1,84,292,86,-1,86,292,293,-1,86,293,87,-1,87,293,294,-1,87,294,58,-1,58,294,295,-1,58,295,59,-1,59,295,296,-1,59,296,60,-1,60,296,297,-1,60,297,61,-1,61,297,298,-1,61,298,44,-1,44,298,299,-1,44,299,45,-1,45,299,300,-1,45,300,46,-1,46,300,301,-1,46,301,48,-1,48,301,302,-1,48,302,50,-1,50,302,303,-1,50,303,52,-1,52,303,304,-1,52,304,54,-1,54,304,305,-1,54,305,56,-1,56,305,306,-1,56,306,57,-1,57,306,307,-1,57,307,22,-1,22,307,308,-1,22,308,21,-1,21,308,309,-1,21,309,20,-1,20,309,310,-1,20,310,69,-1,69,310,311,-1,69,311,70,-1,70,311,312,-1,70,312,72,-1,72,312,313,-1,72,313,74,-1,74,313,314,-1,74,314,76,-1,76,314,315,-1,76,315,78,-1,78,315,289,-1,78,289,80,-1,
        ]
    }
}
Shape{
    appearance Appearance {
        material  Material 	{
            diffuseColor 0.2235294117647059 0.2235294117647059 0.2235294117647059
            specularColor 0.11372549019607843 0.11372549019607843 0.11372549019607843
            ambientIntensity 0.2
            transparency 0
            shininess 0.5
        }
    }
    geometry IndexedFaceSet {
        ccw TRUE
        solid FALSE
        coord DEF co Coordinate {
            point [
                4.5984 -0.2342 0.5278, 4.5984 -0.2468 0.5625, 4.5984 -0.2488 0.5603, 4.5984 -0.2282 0.5284, 4.5984 -0.2237 0.5302, 4.5984 -0.229 0.5673, 4.5984 -0.2333 0.5677, 4.5984 -0.2383 0.5671, 4.5984 -0.2428 0.5653, 4.5984 -0.2523 0.5415, 4.5984 -0.2503 0.5372, 4.5984 -0.2473 0.5335, 4.5984 -0.2333 0.5278, 4.5984 -0.2515 0.5561, 4.5984 -0.253 0.5513, 4.5984 -0.2532 0.5463, 4.5984 -0.2434 0.5305, 4.5984 -0.2388 0.5286, 4.5984 -0.2198 0.533, 4.5984 -0.2171 0.5362, 4.5984 -0.2147 0.5406, 4.5984 -0.2135 0.5455, 4.5984 -0.2135 0.5502, 4.5984 -0.2146 0.5549, 4.5984 -0.2169 0.5591, 4.5984 -0.2202 0.5628, 4.5984 -0.2243 0.5656, 4.5984 -0.2243 0.5656
            ]
        }
        coordIndex [
            0,1,2,-1,3,4,5,-1,6,7,0,-1,0,7,8,-1,0,8,1,-1,9,10,2,-1,2,10,11,-1,6,0,5,-1,5,0,12,-1,5,12,3,-1,13,14,2,-1,2,14,15,-1,2,15,9,-1,11,16,2,-1,2,16,17,-1,2,17,0,-1,4,18,5,-1,5,18,19,-1,5,19,20,-1,20,21,5,-1,5,21,22,-1,5,22,23,-1,23,24,5,-1,5,24,25,-1,5,25,26,-1,
        ]
    }
}
Shape{
    appearance Appearance {
        material  Material 	{
            diffuseColor 0.9686274509803922 0.8784313725490196 0.6
            specularColor 0.6784313725490196 0.615686274509804 0.4196078431372549
            ambientIntensity 0.2
            transparency 0
            shininess 0.5
        }
    }
    geometry IndexedFaceSet {
        ccw TRUE
        solid FALSE
        coord DEF co Coordinate {
            point [
                1.2283 -0.252 0.2362, 1.3071 -0.252 0.2362, 1.2283 -0.6693 0.2362, 1.3071 -0.6693 0.2362, 1.2263 -0.6846 0.2362, 1.3024 -0.705 0.2362, 1.2204 -0.6988 0.2362, 1.2886 -0.7382 0.2362, 1.211 -0.711 0.2362, 1.2667 -0.7667 0.2362, 1.1988 -0.7204 0.2362, 1.2382 -0.7886 0.2362, 1.1846 -0.7263 0.2362, 1.205 -0.8024 0.2362, 1.1693 -0.7283 0.2362, 1.1693 -0.8071 0.2362, 1.1575 -0.7283 0.2362, 1.1575 -0.8071 0.2362, 0.9016 -0.6893 2.9578, 1.0984 -0.6893 2.9578, 0.9016 -0.5984 2.2568, 1.0984 -0.5984 2.2568, 0.9969 -0.5031 1.5212, 1.0031 -0.5031 1.5212, 1.019 -0.5984 1.6443, 1.0984 -0.5984 1.6443, 1.0984 -0.7674 2.9477, 0.9016 -0.7674 2.9477, 0.9016 -0.5984 1.6443, 0.981 -0.5984 1.6443, 0.998 -0.5812 1.511, 1.002 -0.5812 1.511, 0.9969 -0.5825 1.5212, 1.0031 -0.5825 1.5212, 1.0011 -0.5798 1.4909, 0.9989 -0.5798 1.4909, 1.0021 -0.5814 1.4709, 0.9981 -0.5811 1.4709, 1.0023 -0.5817 1.4667, 0.9975 -0.5819 1.4667, 1.0048 -0.5855 1.449, 0.9952 -0.5855 1.4489, 1.0085 -0.5912 1.432, 0.9915 -0.5912 1.432, 0.9861 -0.5984 1.4141, 0.9016 -0.5984 1.4141, 0.9016 -0.7815 0.959, 1.0984 -0.7815 0.959, 1.0984 -0.5984 1.4141, 1.0139 -0.5984 1.4141, 1.0984 -0.7084 0.9296, 0.9016 -0.7084 0.9296, 1.0984 -0.5984 1.2031, 0.9016 -0.5984 1.2031, 1.0182 -0.5182 1.4026, 0.9818 -0.5182 1.4026, 0.9989 -0.5011 1.491, 1.0011 -0.5011 1.491, 0.997 -0.503 1.4609, 1.003 -0.503 1.4609, 0.9913 -0.5087 1.4313, 1.0087 -0.5087 1.4313, 0.7717 -0.5984 0.8268, 0.6929 -0.5984 0.8268, 0.7717 -0.6693 0.8268, 0.6929 -0.6693 0.8268, 0.7737 -0.6846 0.8268, 0.6976 -0.705 0.8268, 0.7796 -0.6988 0.8268, 0.7114 -0.7382 0.8268, 0.789 -0.711 0.8268, 0.7333 -0.7667 0.8268, 0.8012 -0.7204 0.8268, 0.7618 -0.7886 0.8268, 0.8154 -0.7263 0.8268, 0.795 -0.8024 0.8268, 0.8307 -0.7283 0.8268, 0.8307 -0.8071 0.8268, 0.9016 -0.7283 0.8268, 0.9016 -0.8071 0.8268, 0.9016 -0.7233 0.8791, 0.9016 -0.8006 0.8941, 1.2283 -0.1929 0.8268, 1.2283 -0.4016 0.8268, 1.3071 -0.1929 0.8268, 1.3071 -0.4016 0.8268, 1.0984 -0.7283 0.8268, 1.0984 -0.8071 0.8268, 1.1693 -0.7283 0.8268, 1.1693 -0.8071 0.8268, 1.1846 -0.7263 0.8268, 1.205 -0.8024 0.8268, 1.1988 -0.7204 0.8268, 1.2382 -0.7886 0.8268, 1.211 -0.711 0.8268, 1.2667 -0.7667 0.8268, 1.2204 -0.6988 0.8268, 1.2886 -0.7382 0.8268, 1.2263 -0.6846 0.8268, 1.3024 -0.705 0.8268, 1.2283 -0.6693 0.8268, 1.3071 -0.6693 0.8268, 1.2283 -0.5984 0.8268, 1.3071 -0.5984 0.8268, 1.3071 -0.1929 0.2953, 1.2283 -0.1929 0.2953, 1.3071 -0.2367 0.2382, 1.3071 -0.2224 0.2441, 1.3071 -0.1949 0.28, 1.3071 -0.2102 0.2535, 1.3071 -0.2008 0.2657, 0.8578 -0.8071 0.2342, 0.8425 -0.8071 0.2362, 0.8307 -0.8071 0.2362, 0.872 -0.8071 0.2283, 0.8843 -0.8071 0.2189, 0.9016 -0.8071 0.2362, 1.1422 -0.8071 0.2342, 1.0984 -0.8071 0.2362, 0.8937 -0.8071 0.2067, 0.8996 -0.8071 0.1925, 0.9016 -0.8071 0.1772, 1.0984 -0.8071 0.1772, 1.1004 -0.8071 0.1925, 1.1063 -0.8071 0.2067, 1.1157 -0.8071 0.2189, 1.128 -0.8071 0.2283, 0.6929 -0.6693 0.2362, 0.6976 -0.705 0.2362, 0.7114 -0.7382 0.2362, 0.7333 -0.7667 0.2362, 0.7618 -0.7886 0.2362, 0.795 -0.8024 0.2362, 0.6929 -0.4016 0.8268, 0.6929 -0.252 0.2362, 0.6929 -0.1929 0.8268, 0.6929 -0.1929 0.2953, 0.6929 -0.1949 0.28, 0.6929 -0.2224 0.2441, 0.6929 -0.2367 0.2382, 0.6929 -0.2102 0.2535, 0.6929 -0.2008 0.2657, 0.7717 -0.1929 0.8268, 0.7717 -0.1929 0.2953, 0.7717 -0.1949 0.28, 0.7717 -0.252 0.2362, 0.7717 -0.2367 0.2382, 0.7717 -0.2224 0.2441, 0.7717 -0.2102 0.2535, 0.7717 -0.6693 0.2362, 0.7717 -0.4016 0.8268, 0.7717 -0.2008 0.2657, 0.8307 -0.7283 0.2362, 0.8154 -0.7263 0.2362, 0.8012 -0.7204 0.2362, 0.789 -0.711 0.2362, 0.7796 -0.6988 0.2362, 0.7737 -0.6846 0.2362, 1.1422 -0.7283 0.2342, 1.128 -0.7283 0.2283, 1.1157 -0.7283 0.2189, 1.0984 -0.7283 0.2362, 0.8425 -0.7283 0.2362, 0.8578 -0.7283 0.2342, 0.9016 -0.7283 0.2362, 1.1063 -0.7283 0.2067, 1.1004 -0.7283 0.1925, 1.0984 -0.7283 0.1772, 0.9016 -0.7283 0.1772, 0.8996 -0.7283 0.1925, 0.8937 -0.7283 0.2067, 0.8843 -0.7283 0.2189, 0.872 -0.7283 0.2283, 1.2283 -0.1949 0.28, 1.2283 -0.2008 0.2657, 1.2283 -0.2102 0.2535, 1.2283 -0.2224 0.2441, 1.2283 -0.2367 0.2382, 1.0984 -0.8006 0.8941, 1.0984 -0.7233 0.8791, 1.1893 -0.5984 2.9578, 1.2674 -0.5984 2.9477, 1.1893 -0.4016 2.9578, 1.2674 -0.4016 2.9477, 1.2233 -0.5984 0.8791, 1.3006 -0.5984 0.8941, 1.2084 -0.5984 0.9296, 1.2815 -0.5984 0.959, 1.0984 -0.5139 1.4141, 1.2815 -0.4016 0.959, 1.0912 -0.5085 1.432, 1.0912 -0.4016 1.432, 1.0984 -0.519 1.6443, 1.0812 -0.4016 1.511, 1.0825 -0.5031 1.5212, 1.0812 -0.502 1.511, 1.0811 -0.4016 1.4709, 1.0814 -0.5021 1.4709, 1.0817 -0.5023 1.4667, 1.0855 -0.5048 1.449, 1.0798 -0.5011 1.4909, 1.0031 -0.4016 1.5212, 1.003 -0.4016 1.4609, 1.0182 -0.4016 1.4026, 1.2084 -0.4016 0.9296, 1.2233 -0.4016 0.8791, 1.3006 -0.4016 0.8941, 1.0984 -0.5031 1.5212, 1.0984 -0.5812 1.511, 1.0984 -0.5023 1.4667, 1.0984 -0.5811 1.4709, 1.0984 -0.5912 1.432, 1.0912 -0.5912 1.432, 1.0849 -0.5849 1.4511, 1.0811 -0.5811 1.4709, 1.0812 -0.5812 1.511, 1.0798 -0.5798 1.491, 1.0031 -0.5984 1.5212, 1.0812 -0.5984 1.511, 1.0811 -0.5984 1.4709, 1.0912 -0.5984 1.432, 1.0023 -0.5984 1.4667, 0.8107 -0.4016 2.9578, 0.7326 -0.4016 2.9477, 0.8107 -0.5984 2.9578, 0.7326 -0.5984 2.9477, 0.7916 -0.5984 0.9296, 0.7185 -0.5984 0.959, 0.7767 -0.5984 0.8791, 0.6994 -0.5984 0.8941, 0.9088 -0.5085 1.432, 0.9088 -0.4016 1.432, 0.9016 -0.5139 1.4141, 0.7185 -0.4016 0.959, 0.9016 -0.519 1.6443, 0.9188 -0.502 1.511, 0.9175 -0.5031 1.5212, 0.9188 -0.4016 1.511, 0.7767 -0.4016 0.8791, 0.6994 -0.4016 0.8941, 0.7916 -0.4016 0.9296, 0.9818 -0.4016 1.4026, 0.997 -0.4016 1.4609, 0.9189 -0.4016 1.4709, 0.9969 -0.4016 1.5212, 0.9145 -0.5048 1.4489, 0.9181 -0.5025 1.4667, 0.9189 -0.5019 1.4709, 0.9202 -0.5011 1.4909, 0.9016 -0.5812 1.511, 0.9016 -0.5031 1.5212, 0.9016 -0.5811 1.4709, 0.9016 -0.5023 1.4667, 0.9016 -0.5912 1.432, 0.9088 -0.5912 1.432, 0.9188 -0.5812 1.511, 0.9202 -0.5798 1.491, 0.9189 -0.5811 1.4709, 0.9151 -0.5849 1.4511, 0.9969 -0.5984 1.5212, 0.9188 -0.5984 1.511, 0.9977 -0.5984 1.4667, 0.9189 -0.5984 1.4709, 0.9088 -0.5984 1.432, 0.9016 -0.7185 0.2362, 1.0984 -0.7185 0.2362, 1.0984 -0.8858 -0.1083, 0.9016 -0.8858 -0.1083, 1.0984 -1.3976 -0.1083, 0.9016 -1.3976 -0.1083, 0.9213 -1.4173 -0.1083, 0.9022 -1.4027 -0.1083, 0.9162 -1.4167 -0.1083, 0.9042 -1.4075 -0.1083, 0.9114 -1.4147 -0.1083, 0.9073 -1.4116 -0.1083, 1.0787 -1.4173 -0.1083, 1.0838 -1.4167 -0.1083, 1.0978 -1.4027 -0.1083, 1.0886 -1.4147 -0.1083, 1.0958 -1.4075 -0.1083, 1.0927 -1.4116 -0.1083, 0.9213 -1.4173 -0.2067, 1.0787 -1.4173 -0.2067, 0.9016 -0.8858 -0.2067, 1.0984 -0.8858 -0.2067, 0.9016 -1.3976 -0.2067, 1.0984 -1.3976 -0.2067, 1.0978 -1.4027 -0.2067, 1.0838 -1.4167 -0.2067, 1.0958 -1.4075 -0.2067, 1.0886 -1.4147 -0.2067, 1.0927 -1.4116 -0.2067, 0.9162 -1.4167 -0.2067, 0.9022 -1.4027 -0.2067, 0.9114 -1.4147 -0.2067, 0.9042 -1.4075 -0.2067, 0.9073 -1.4116 -0.2067, 0.9016 -0.7185 -0.0394, 1.0984 -0.7185 -0.0394, 1.0984 -0.7242 -0.0827, 0.9016 -0.7242 -0.0827, 1.0984 -0.7409 -0.123, 0.9016 -0.7409 -0.123, 1.0984 -0.7675 -0.1577, 0.9016 -0.7675 -0.1577, 1.0984 -0.8022 -0.1843, 0.9016 -0.8022 -0.1843, 1.0984 -0.8425 -0.201, 0.9016 -0.8425 -0.201, 1.0984 -0.8169 0.2362, 0.9016 -0.8169 0.2362, 0.9016 -0.8169 -0.0394, 1.0984 -0.8169 -0.0394, 0.9016 -0.868 -0.1059, 1.0984 -0.868 -0.1059, 0.9016 -0.8514 -0.099, 1.0984 -0.8514 -0.099, 0.9016 -0.8371 -0.0881, 1.0984 -0.8371 -0.0881, 0.9016 -0.8262 -0.0738, 1.0984 -0.8262 -0.0738, 0.9016 -0.8193 -0.0572, 1.0984 -0.8193 -0.0572, 2.2283 -0.252 0.2362, 2.3071 -0.252 0.2362, 2.2283 -0.6693 0.2362, 2.3071 -0.6693 0.2362, 2.2263 -0.6846 0.2362, 2.3024 -0.705 0.2362, 2.2204 -0.6988 0.2362, 2.2886 -0.7382 0.2362, 2.211 -0.711 0.2362, 2.2667 -0.7667 0.2362, 2.1988 -0.7204 0.2362, 2.2382 -0.7886 0.2362, 2.1846 -0.7263 0.2362, 2.205 -0.8024 0.2362, 2.1693 -0.7283 0.2362, 2.1693 -0.8071 0.2362, 2.1575 -0.7283 0.2362, 2.1575 -0.8071 0.2362, 1.9016 -0.6893 2.9578, 2.0984 -0.6893 2.9578, 1.9016 -0.5984 2.2568, 2.0984 -0.5984 2.2568, 1.9969 -0.5031 1.5212, 2.0031 -0.5031 1.5212, 2.019 -0.5984 1.6443, 2.0984 -0.5984 1.6443, 2.0984 -0.7674 2.9477, 1.9016 -0.7674 2.9477, 1.9016 -0.5984 1.6443, 1.981 -0.5984 1.6443, 1.998 -0.5812 1.511, 2.002 -0.5812 1.511, 1.9969 -0.5825 1.5212, 2.0031 -0.5825 1.5212, 2.0011 -0.5798 1.4909, 1.9989 -0.5798 1.4909, 2.0021 -0.5814 1.4709, 1.9981 -0.5811 1.4709, 2.0023 -0.5817 1.4667, 1.9975 -0.5819 1.4667, 2.0048 -0.5855 1.449, 1.9952 -0.5855 1.4489, 2.0085 -0.5912 1.432, 1.9915 -0.5912 1.432, 1.9861 -0.5984 1.4141, 1.9016 -0.5984 1.4141, 1.9016 -0.7815 0.959, 2.0984 -0.7815 0.959, 2.0984 -0.5984 1.4141, 2.0139 -0.5984 1.4141, 2.0984 -0.7084 0.9296, 1.9016 -0.7084 0.9296, 2.0984 -0.5984 1.2031, 1.9016 -0.5984 1.2031, 2.0182 -0.5182 1.4026, 1.9818 -0.5182 1.4026, 1.9989 -0.5011 1.491, 2.0011 -0.5011 1.491, 1.997 -0.503 1.4609, 2.003 -0.503 1.4609, 1.9913 -0.5087 1.4313, 2.0087 -0.5087 1.4313, 1.7717 -0.5984 0.8268, 1.6929 -0.5984 0.8268, 1.7717 -0.6693 0.8268, 1.6929 -0.6693 0.8268, 1.7737 -0.6846 0.8268, 1.6976 -0.705 0.8268, 1.7796 -0.6988 0.8268, 1.7114 -0.7382 0.8268, 1.789 -0.711 0.8268, 1.7333 -0.7667 0.8268, 1.8012 -0.7204 0.8268, 1.7618 -0.7886 0.8268, 1.8154 -0.7263 0.8268, 1.795 -0.8024 0.8268, 1.8307 -0.7283 0.8268, 1.8307 -0.8071 0.8268, 1.9016 -0.7283 0.8268, 1.9016 -0.8071 0.8268, 1.9016 -0.7233 0.8791, 1.9016 -0.8006 0.8941, 2.2283 -0.1929 0.8268, 2.2283 -0.4016 0.8268, 2.3071 -0.1929 0.8268, 2.3071 -0.4016 0.8268, 2.0984 -0.7283 0.8268, 2.0984 -0.8071 0.8268, 2.1693 -0.7283 0.8268, 2.1693 -0.8071 0.8268, 2.1846 -0.7263 0.8268, 2.205 -0.8024 0.8268, 2.1988 -0.7204 0.8268, 2.2382 -0.7886 0.8268, 2.211 -0.711 0.8268, 2.2667 -0.7667 0.8268, 2.2204 -0.6988 0.8268, 2.2886 -0.7382 0.8268, 2.2263 -0.6846 0.8268, 2.3024 -0.705 0.8268, 2.2283 -0.6693 0.8268, 2.3071 -0.6693 0.8268, 2.2283 -0.5984 0.8268, 2.3071 -0.5984 0.8268, 2.3071 -0.1929 0.2953, 2.2283 -0.1929 0.2953, 2.3071 -0.2367 0.2382, 2.3071 -0.2224 0.2441, 2.3071 -0.2102 0.2535, 2.3071 -0.1949 0.28, 2.3071 -0.2008 0.2657, 1.8578 -0.8071 0.2342, 1.8425 -0.8071 0.2362, 1.8307 -0.8071 0.2362, 1.872 -0.8071 0.2283, 1.8843 -0.8071 0.2189, 1.9016 -0.8071 0.2362, 2.0984 -0.8071 0.2362, 2.0984 -0.8071 0.1772, 2.1004 -0.8071 0.1925, 1.8937 -0.8071 0.2067, 1.8996 -0.8071 0.1925, 1.9016 -0.8071 0.1772, 2.1422 -0.8071 0.2342, 2.1063 -0.8071 0.2067, 2.1157 -0.8071 0.2189, 2.128 -0.8071 0.2283, 1.6929 -0.6693 0.2362, 1.6976 -0.705 0.2362, 1.7114 -0.7382 0.2362, 1.7333 -0.7667 0.2362, 1.7618 -0.7886 0.2362, 1.795 -0.8024 0.2362, 1.6929 -0.4016 0.8268, 1.6929 -0.252 0.2362, 1.6929 -0.1929 0.8268, 1.6929 -0.1929 0.2953, 1.6929 -0.2367 0.2382, 1.6929 -0.2008 0.2657, 1.6929 -0.2102 0.2535, 1.6929 -0.2224 0.2441, 1.6929 -0.1949 0.28, 1.7717 -0.1929 0.8268, 1.7717 -0.1929 0.2953, 1.7717 -0.6693 0.2362, 1.7717 -0.252 0.2362, 1.7717 -0.4016 0.8268, 1.7717 -0.2102 0.2535, 1.7717 -0.2224 0.2441, 1.7717 -0.2367 0.2382, 1.7717 -0.2008 0.2657, 1.7717 -0.1949 0.28, 1.8307 -0.7283 0.2362, 1.8154 -0.7263 0.2362, 1.8012 -0.7204 0.2362, 1.789 -0.711 0.2362, 1.7796 -0.6988 0.2362, 1.7737 -0.6846 0.2362, 2.1422 -0.7283 0.2342, 2.128 -0.7283 0.2283, 2.1157 -0.7283 0.2189, 2.0984 -0.7283 0.2362, 1.9016 -0.7283 0.2362, 1.9016 -0.7283 0.1772, 1.8996 -0.7283 0.1925, 2.1063 -0.7283 0.2067, 2.1004 -0.7283 0.1925, 2.0984 -0.7283 0.1772, 1.8425 -0.7283 0.2362, 1.8578 -0.7283 0.2342, 1.8937 -0.7283 0.2067, 1.8843 -0.7283 0.2189, 1.872 -0.7283 0.2283, 2.2283 -0.2224 0.2441, 2.2283 -0.1949 0.28, 2.2283 -0.2102 0.2535, 2.2283 -0.2008 0.2657, 2.2283 -0.2367 0.2382, 2.0984 -0.8006 0.8941, 2.0984 -0.7233 0.8791, 2.1893 -0.5984 2.9578, 2.2674 -0.5984 2.9477, 2.1893 -0.4016 2.9578, 2.2674 -0.4016 2.9477, 2.2233 -0.5984 0.8791, 2.3006 -0.5984 0.8941, 2.2084 -0.5984 0.9296, 2.2815 -0.5984 0.959, 2.0984 -0.5139 1.4141, 2.2815 -0.4016 0.959, 2.0912 -0.5085 1.432, 2.0912 -0.4016 1.432, 2.0984 -0.519 1.6443, 2.0812 -0.4016 1.511, 2.0825 -0.5031 1.5212, 2.0812 -0.502 1.511, 2.0811 -0.4016 1.4709, 2.0814 -0.5021 1.4709, 2.0817 -0.5023 1.4667, 2.0855 -0.5048 1.449, 2.0798 -0.5011 1.4909, 2.0031 -0.4016 1.5212, 2.003 -0.4016 1.4609, 2.0182 -0.4016 1.4026, 2.2084 -0.4016 0.9296, 2.2233 -0.4016 0.8791, 2.3006 -0.4016 0.8941, 2.0984 -0.5031 1.5212, 2.0984 -0.5812 1.511, 2.0984 -0.5023 1.4667, 2.0984 -0.5811 1.4709, 2.0984 -0.5912 1.432, 2.0912 -0.5912 1.432, 2.0849 -0.5849 1.4511, 2.0811 -0.5811 1.4709, 2.0812 -0.5812 1.511, 2.0798 -0.5798 1.491, 2.0031 -0.5984 1.5212, 2.0812 -0.5984 1.511, 2.0811 -0.5984 1.4709, 2.0912 -0.5984 1.432, 2.0023 -0.5984 1.4667, 1.8107 -0.4016 2.9578, 1.7326 -0.4016 2.9477, 1.8107 -0.5984 2.9578, 1.7326 -0.5984 2.9477, 1.7916 -0.5984 0.9296, 1.7185 -0.5984 0.959, 1.7767 -0.5984 0.8791, 1.6994 -0.5984 0.8941, 1.9088 -0.5085 1.432, 1.9088 -0.4016 1.432, 1.9016 -0.5139 1.4141, 1.7185 -0.4016 0.959, 1.9016 -0.519 1.6443, 1.9188 -0.502 1.511, 1.9175 -0.5031 1.5212, 1.9188 -0.4016 1.511, 1.7767 -0.4016 0.8791, 1.6994 -0.4016 0.8941, 1.7916 -0.4016 0.9296, 1.9818 -0.4016 1.4026, 1.997 -0.4016 1.4609, 1.9189 -0.4016 1.4709, 1.9969 -0.4016 1.5212, 1.9145 -0.5048 1.4489, 1.9181 -0.5025 1.4667, 1.9189 -0.5019 1.4709, 1.9202 -0.5011 1.4909, 1.9016 -0.5812 1.511, 1.9016 -0.5031 1.5212, 1.9016 -0.5811 1.4709, 1.9016 -0.5023 1.4667, 1.9016 -0.5912 1.432, 1.9088 -0.5912 1.432, 1.9188 -0.5812 1.511, 1.9202 -0.5798 1.491, 1.9189 -0.5811 1.4709, 1.9151 -0.5849 1.4511, 1.9969 -0.5984 1.5212, 1.9188 -0.5984 1.511, 1.9977 -0.5984 1.4667, 1.9189 -0.5984 1.4709, 1.9088 -0.5984 1.432, 1.9016 -0.7185 0.2362, 2.0984 -0.7185 0.2362, 2.0984 -0.8858 -0.1083, 1.9016 -0.8858 -0.1083, 2.0984 -1.3976 -0.1083, 1.9016 -1.3976 -0.1083, 1.9042 -1.4075 -0.1083, 1.9073 -1.4116 -0.1083, 1.9114 -1.4147 -0.1083, 1.9213 -1.4173 -0.1083, 2.0787 -1.4173 -0.1083, 2.0978 -1.4027 -0.1083, 2.0886 -1.4147 -0.1083, 2.0927 -1.4116 -0.1083, 2.0958 -1.4075 -0.1083, 1.9022 -1.4027 -0.1083, 1.9162 -1.4167 -0.1083, 2.0838 -1.4167 -0.1083, 1.9213 -1.4173 -0.2067, 2.0787 -1.4173 -0.2067, 1.9016 -0.8858 -0.2067, 2.0984 -0.8858 -0.2067, 1.9016 -1.3976 -0.2067, 2.0984 -1.3976 -0.2067, 2.0958 -1.4075 -0.2067, 2.0927 -1.4116 -0.2067, 2.0886 -1.4147 -0.2067, 1.9022 -1.4027 -0.2067, 1.9114 -1.4147 -0.2067, 1.9073 -1.4116 -0.2067, 1.9042 -1.4075 -0.2067, 2.0978 -1.4027 -0.2067, 2.0838 -1.4167 -0.2067, 1.9162 -1.4167 -0.2067, 1.9016 -0.7185 -0.0394, 2.0984 -0.7185 -0.0394, 2.0984 -0.7242 -0.0827, 1.9016 -0.7242 -0.0827, 2.0984 -0.7409 -0.123, 1.9016 -0.7409 -0.123, 2.0984 -0.7675 -0.1577, 1.9016 -0.7675 -0.1577, 2.0984 -0.8022 -0.1843, 1.9016 -0.8022 -0.1843, 2.0984 -0.8425 -0.201, 1.9016 -0.8425 -0.201, 2.0984 -0.8169 0.2362, 1.9016 -0.8169 0.2362, 1.9016 -0.8169 -0.0394, 2.0984 -0.8169 -0.0394, 1.9016 -0.868 -0.1059, 2.0984 -0.868 -0.1059, 1.9016 -0.8514 -0.099, 2.0984 -0.8514 -0.099, 1.9016 -0.8371 -0.0881, 2.0984 -0.8371 -0.0881, 1.9016 -0.8262 -0.0738, 2.0984 -0.8262 -0.0738, 1.9016 -0.8193 -0.0572, 2.0984 -0.8193 -0.0572, 3.2283 -0.252 0.2362, 3.3071 -0.252 0.2362, 3.2283 -0.6693 0.2362, 3.3071 -0.6693 0.2362, 3.2263 -0.6846 0.2362, 3.3024 -0.705 0.2362, 3.2204 -0.6988 0.2362, 3.2886 -0.7382 0.2362, 3.211 -0.711 0.2362, 3.2667 -0.7667 0.2362, 3.1988 -0.7204 0.2362, 3.2382 -0.7886 0.2362, 3.1846 -0.7263 0.2362, 3.205 -0.8024 0.2362, 3.1693 -0.7283 0.2362, 3.1693 -0.8071 0.2362, 3.1575 -0.7283 0.2362, 3.1575 -0.8071 0.2362, 2.9016 -0.6893 2.9578, 3.0984 -0.6893 2.9578, 2.9016 -0.5984 2.2568, 3.0984 -0.5984 2.2568, 2.9969 -0.5031 1.5212, 3.0031 -0.5031 1.5212, 3.019 -0.5984 1.6443, 3.0984 -0.5984 1.6443, 3.0984 -0.7674 2.9477, 2.9016 -0.7674 2.9477, 2.9016 -0.5984 1.6443, 2.981 -0.5984 1.6443, 2.998 -0.5812 1.511, 3.002 -0.5812 1.511, 2.9969 -0.5825 1.5212, 3.0031 -0.5825 1.5212, 3.0011 -0.5798 1.4909, 2.9989 -0.5798 1.4909, 3.0021 -0.5814 1.4709, 2.9981 -0.5811 1.4709, 3.0023 -0.5817 1.4667, 2.9975 -0.5819 1.4667, 3.0048 -0.5855 1.449, 2.9952 -0.5855 1.4489, 3.0085 -0.5912 1.432, 2.9915 -0.5912 1.432, 2.9861 -0.5984 1.4141, 2.9016 -0.5984 1.4141, 2.9016 -0.7815 0.959, 3.0984 -0.7815 0.959, 3.0984 -0.5984 1.4141, 3.0139 -0.5984 1.4141, 3.0984 -0.7084 0.9296, 2.9016 -0.7084 0.9296, 3.0984 -0.5984 1.2031, 2.9016 -0.5984 1.2031, 3.0182 -0.5182 1.4026, 2.9818 -0.5182 1.4026, 2.9989 -0.5011 1.491, 3.0011 -0.5011 1.491, 2.997 -0.503 1.4609, 3.003 -0.503 1.4609, 2.9913 -0.5087 1.4313, 3.0087 -0.5087 1.4313, 2.7717 -0.5984 0.8268, 2.6929 -0.5984 0.8268, 2.7717 -0.6693 0.8268, 2.6929 -0.6693 0.8268, 2.7737 -0.6846 0.8268, 2.6976 -0.705 0.8268, 2.7796 -0.6988 0.8268, 2.7114 -0.7382 0.8268, 2.789 -0.711 0.8268, 2.7333 -0.7667 0.8268, 2.8012 -0.7204 0.8268, 2.7618 -0.7886 0.8268, 2.8154 -0.7263 0.8268, 2.795 -0.8024 0.8268, 2.8307 -0.7283 0.8268, 2.8307 -0.8071 0.8268, 2.9016 -0.7283 0.8268, 2.9016 -0.8071 0.8268, 2.9016 -0.7233 0.8791, 2.9016 -0.8006 0.8941, 3.2283 -0.1929 0.8268, 3.2283 -0.4016 0.8268, 3.3071 -0.1929 0.8268, 3.3071 -0.4016 0.8268, 3.0984 -0.7283 0.8268, 3.0984 -0.8071 0.8268, 3.1693 -0.7283 0.8268, 3.1693 -0.8071 0.8268, 3.1846 -0.7263 0.8268, 3.205 -0.8024 0.8268, 3.1988 -0.7204 0.8268, 3.2382 -0.7886 0.8268, 3.211 -0.711 0.8268, 3.2667 -0.7667 0.8268, 3.2204 -0.6988 0.8268, 3.2886 -0.7382 0.8268, 3.2263 -0.6846 0.8268, 3.3024 -0.705 0.8268, 3.2283 -0.6693 0.8268, 3.3071 -0.6693 0.8268, 3.2283 -0.5984 0.8268, 3.3071 -0.5984 0.8268, 3.3071 -0.1929 0.2953, 3.2283 -0.1929 0.2953, 3.3071 -0.2367 0.2382, 3.3071 -0.2224 0.2441, 3.3071 -0.2102 0.2535, 3.3071 -0.1949 0.28, 3.3071 -0.2008 0.2657, 2.8578 -0.8071 0.2342, 2.8425 -0.8071 0.2362, 2.8307 -0.8071 0.2362, 2.872 -0.8071 0.2283, 2.8843 -0.8071 0.2189, 2.9016 -0.8071 0.2362, 3.0984 -0.8071 0.2362, 3.0984 -0.8071 0.1772, 3.1004 -0.8071 0.1925, 2.8937 -0.8071 0.2067, 2.8996 -0.8071 0.1925, 2.9016 -0.8071 0.1772, 3.1422 -0.8071 0.2342, 3.1063 -0.8071 0.2067, 3.1157 -0.8071 0.2189, 3.128 -0.8071 0.2283, 2.6929 -0.6693 0.2362, 2.6976 -0.705 0.2362, 2.7114 -0.7382 0.2362, 2.7333 -0.7667 0.2362, 2.7618 -0.7886 0.2362, 2.795 -0.8024 0.2362, 2.6929 -0.4016 0.8268, 2.6929 -0.252 0.2362, 2.6929 -0.1929 0.8268, 2.6929 -0.1929 0.2953, 2.6929 -0.2367 0.2382, 2.6929 -0.2008 0.2657, 2.6929 -0.2102 0.2535, 2.6929 -0.2224 0.2441, 2.6929 -0.1949 0.28, 2.7717 -0.1929 0.8268, 2.7717 -0.1929 0.2953, 2.7717 -0.6693 0.2362, 2.7717 -0.252 0.2362, 2.7717 -0.4016 0.8268, 2.7717 -0.2102 0.2535, 2.7717 -0.2224 0.2441, 2.7717 -0.2367 0.2382, 2.7717 -0.2008 0.2657, 2.7717 -0.1949 0.28, 2.8307 -0.7283 0.2362, 2.8154 -0.7263 0.2362, 2.8012 -0.7204 0.2362, 2.789 -0.711 0.2362, 2.7796 -0.6988 0.2362, 2.7737 -0.6846 0.2362, 3.0984 -0.7283 0.1772, 3.0984 -0.7283 0.2362, 3.1004 -0.7283 0.1925, 3.1063 -0.7283 0.2067, 2.9016 -0.7283 0.2362, 2.9016 -0.7283 0.1772, 2.8996 -0.7283 0.1925, 2.8425 -0.7283 0.2362, 2.8578 -0.7283 0.2342, 3.1422 -0.7283 0.2342, 3.128 -0.7283 0.2283, 3.1157 -0.7283 0.2189, 2.8937 -0.7283 0.2067, 2.8843 -0.7283 0.2189, 2.872 -0.7283 0.2283, 3.2283 -0.2224 0.2441, 3.2283 -0.1949 0.28, 3.2283 -0.2102 0.2535, 3.2283 -0.2008 0.2657, 3.2283 -0.2367 0.2382, 3.0984 -0.8006 0.8941, 3.0984 -0.7233 0.8791, 3.1893 -0.5984 2.9578, 3.2674 -0.5984 2.9477, 3.1893 -0.4016 2.9578, 3.2674 -0.4016 2.9477, 3.2233 -0.5984 0.8791, 3.3006 -0.5984 0.8941, 3.2084 -0.5984 0.9296, 3.2815 -0.5984 0.959, 3.0984 -0.5139 1.4141, 3.2815 -0.4016 0.959, 3.0912 -0.5085 1.432, 3.0912 -0.4016 1.432, 3.0984 -0.519 1.6443, 3.0812 -0.4016 1.511, 3.0825 -0.5031 1.5212, 3.0812 -0.502 1.511, 3.0811 -0.4016 1.4709, 3.0814 -0.5021 1.4709, 3.0817 -0.5023 1.4667, 3.0855 -0.5048 1.449, 3.0798 -0.5011 1.4909, 3.0031 -0.4016 1.5212, 3.003 -0.4016 1.4609, 3.0182 -0.4016 1.4026, 3.2084 -0.4016 0.9296, 3.2233 -0.4016 0.8791, 3.3006 -0.4016 0.8941, 3.0984 -0.5031 1.5212, 3.0984 -0.5812 1.511, 3.0984 -0.5023 1.4667, 3.0984 -0.5811 1.4709, 3.0984 -0.5912 1.432, 3.0912 -0.5912 1.432, 3.0849 -0.5849 1.4511, 3.0811 -0.5811 1.4709, 3.0812 -0.5812 1.511, 3.0798 -0.5798 1.491, 3.0031 -0.5984 1.5212, 3.0812 -0.5984 1.511, 3.0811 -0.5984 1.4709, 3.0912 -0.5984 1.432, 3.0023 -0.5984 1.4667, 2.8107 -0.4016 2.9578, 2.7326 -0.4016 2.9477, 2.8107 -0.5984 2.9578, 2.7326 -0.5984 2.9477, 2.7916 -0.5984 0.9296, 2.7185 -0.5984 0.959, 2.7767 -0.5984 0.8791, 2.6994 -0.5984 0.8941, 2.9088 -0.5085 1.432, 2.9088 -0.4016 1.432, 2.9016 -0.5139 1.4141, 2.7185 -0.4016 0.959, 2.9016 -0.519 1.6443, 2.9188 -0.502 1.511, 2.9175 -0.5031 1.5212, 2.9188 -0.4016 1.511, 2.7767 -0.4016 0.8791, 2.6994 -0.4016 0.8941, 2.7916 -0.4016 0.9296, 2.9818 -0.4016 1.4026, 2.997 -0.4016 1.4609, 2.9189 -0.4016 1.4709, 2.9969 -0.4016 1.5212, 2.9145 -0.5048 1.4489, 2.9181 -0.5025 1.4667, 2.9189 -0.5019 1.4709, 2.9202 -0.5011 1.4909, 2.9016 -0.5812 1.511, 2.9016 -0.5031 1.5212, 2.9016 -0.5811 1.4709, 2.9016 -0.5023 1.4667, 2.9016 -0.5912 1.432, 2.9088 -0.5912 1.432, 2.9188 -0.5812 1.511, 2.9202 -0.5798 1.491, 2.9189 -0.5811 1.4709, 2.9151 -0.5849 1.4511, 2.9969 -0.5984 1.5212, 2.9188 -0.5984 1.511, 2.9977 -0.5984 1.4667, 2.9189 -0.5984 1.4709, 2.9088 -0.5984 1.432, 2.9016 -0.7185 0.2362, 3.0984 -0.7185 0.2362, 3.0984 -0.8858 -0.1083, 2.9016 -0.8858 -0.1083, 3.0984 -1.3976 -0.1083, 2.9016 -1.3976 -0.1083, 2.9042 -1.4075 -0.1083, 2.9073 -1.4116 -0.1083, 2.9114 -1.4147 -0.1083, 2.9022 -1.4027 -0.1083, 2.9213 -1.4173 -0.1083, 2.9162 -1.4167 -0.1083, 3.0787 -1.4173 -0.1083, 3.0838 -1.4167 -0.1083, 3.0958 -1.4075 -0.1083, 3.0978 -1.4027 -0.1083, 3.0927 -1.4116 -0.1083, 3.0886 -1.4147 -0.1083, 2.9213 -1.4173 -0.2067, 3.0787 -1.4173 -0.2067, 2.9022 -1.4027 -0.2067, 2.9016 -1.3976 -0.2067, 2.9016 -0.8858 -0.2067, 3.0984 -0.8858 -0.2067, 3.0984 -1.3976 -0.2067, 2.9114 -1.4147 -0.2067, 2.9073 -1.4116 -0.2067, 2.9042 -1.4075 -0.2067, 3.0978 -1.4027 -0.2067, 3.0958 -1.4075 -0.2067, 3.0927 -1.4116 -0.2067, 3.0838 -1.4167 -0.2067, 2.9162 -1.4167 -0.2067, 3.0886 -1.4147 -0.2067, 2.9016 -0.7185 -0.0394, 3.0984 -0.7185 -0.0394, 3.0984 -0.7242 -0.0827, 2.9016 -0.7242 -0.0827, 3.0984 -0.7409 -0.123, 2.9016 -0.7409 -0.123, 3.0984 -0.7675 -0.1577, 2.9016 -0.7675 -0.1577, 3.0984 -0.8022 -0.1843, 2.9016 -0.8022 -0.1843, 3.0984 -0.8425 -0.201, 2.9016 -0.8425 -0.201, 3.0984 -0.8169 0.2362, 2.9016 -0.8169 0.2362, 2.9016 -0.8169 -0.0394, 3.0984 -0.8169 -0.0394, 2.9016 -0.868 -0.1059, 3.0984 -0.868 -0.1059, 2.9016 -0.8514 -0.099, 3.0984 -0.8514 -0.099, 2.9016 -0.8371 -0.0881, 3.0984 -0.8371 -0.0881, 2.9016 -0.8262 -0.0738, 3.0984 -0.8262 -0.0738, 2.9016 -0.8193 -0.0572, 3.0984 -0.8193 -0.0572, 4.2283 -0.252 0.2362, 4.3071 -0.252 0.2362, 4.2283 -0.6693 0.2362, 4.3071 -0.6693 0.2362, 4.2263 -0.6846 0.2362, 4.3024 -0.705 0.2362, 4.2204 -0.6988 0.2362, 4.2886 -0.7382 0.2362, 4.211 -0.711 0.2362, 4.2667 -0.7667 0.2362, 4.1988 -0.7204 0.2362, 4.2382 -0.7886 0.2362, 4.1846 -0.7263 0.2362, 4.205 -0.8024 0.2362, 4.1693 -0.7283 0.2362, 4.1693 -0.8071 0.2362, 4.1575 -0.7283 0.2362, 4.1575 -0.8071 0.2362, 3.9016 -0.6893 2.9578, 4.0984 -0.6893 2.9578, 3.9016 -0.5984 2.2568, 4.0984 -0.5984 2.2568, 3.9969 -0.5031 1.5212, 4.0031 -0.5031 1.5212, 4.019 -0.5984 1.6443, 4.0984 -0.5984 1.6443, 4.0984 -0.7674 2.9477, 3.9016 -0.7674 2.9477, 3.9016 -0.5984 1.6443, 3.981 -0.5984 1.6443, 3.998 -0.5812 1.511, 4.002 -0.5812 1.511, 3.9969 -0.5825 1.5212, 4.0031 -0.5825 1.5212, 4.0011 -0.5798 1.4909, 3.9989 -0.5798 1.4909, 4.0021 -0.5814 1.4709, 3.9981 -0.5811 1.4709, 4.0023 -0.5817 1.4667, 3.9975 -0.5819 1.4667, 4.0048 -0.5855 1.449, 3.9952 -0.5855 1.4489, 4.0085 -0.5912 1.432, 3.9915 -0.5912 1.432, 3.9861 -0.5984 1.4141, 3.9016 -0.5984 1.4141, 3.9016 -0.7815 0.959, 4.0984 -0.7815 0.959, 4.0984 -0.5984 1.4141, 4.0139 -0.5984 1.4141, 4.0984 -0.7084 0.9296, 3.9016 -0.7084 0.9296, 4.0984 -0.5984 1.2031, 3.9016 -0.5984 1.2031, 4.0182 -0.5182 1.4026, 3.9818 -0.5182 1.4026, 3.9989 -0.5011 1.491, 4.0011 -0.5011 1.491, 3.997 -0.503 1.4609, 4.003 -0.503 1.4609, 3.9913 -0.5087 1.4313, 4.0087 -0.5087 1.4313, 3.7717 -0.5984 0.8268, 3.6929 -0.5984 0.8268, 3.7717 -0.6693 0.8268, 3.6929 -0.6693 0.8268, 3.7737 -0.6846 0.8268, 3.6976 -0.705 0.8268, 3.7796 -0.6988 0.8268, 3.7114 -0.7382 0.8268, 3.789 -0.711 0.8268, 3.7333 -0.7667 0.8268, 3.8012 -0.7204 0.8268, 3.7618 -0.7886 0.8268, 3.8154 -0.7263 0.8268, 3.795 -0.8024 0.8268, 3.8307 -0.7283 0.8268, 3.8307 -0.8071 0.8268, 3.9016 -0.7283 0.8268, 3.9016 -0.8071 0.8268, 3.9016 -0.7233 0.8791, 3.9016 -0.8006 0.8941, 4.2283 -0.1929 0.8268, 4.2283 -0.4016 0.8268, 4.3071 -0.1929 0.8268, 4.3071 -0.4016 0.8268, 4.0984 -0.7283 0.8268, 4.0984 -0.8071 0.8268, 4.1693 -0.7283 0.8268, 4.1693 -0.8071 0.8268, 4.1846 -0.7263 0.8268, 4.205 -0.8024 0.8268, 4.1988 -0.7204 0.8268, 4.2382 -0.7886 0.8268, 4.211 -0.711 0.8268, 4.2667 -0.7667 0.8268, 4.2204 -0.6988 0.8268, 4.2886 -0.7382 0.8268, 4.2263 -0.6846 0.8268, 4.3024 -0.705 0.8268, 4.2283 -0.6693 0.8268, 4.3071 -0.6693 0.8268, 4.2283 -0.5984 0.8268, 4.3071 -0.5984 0.8268, 4.3071 -0.1929 0.2953, 4.2283 -0.1929 0.2953, 4.3071 -0.2367 0.2382, 4.3071 -0.2224 0.2441, 4.3071 -0.1949 0.28, 4.3071 -0.2102 0.2535, 4.3071 -0.2008 0.2657, 3.9016 -0.8071 0.1772, 3.9016 -0.8071 0.2362, 3.8996 -0.8071 0.1925, 3.8937 -0.8071 0.2067, 3.8307 -0.8071 0.2362, 3.8425 -0.8071 0.2362, 4.0984 -0.8071 0.2362, 4.0984 -0.8071 0.1772, 4.1004 -0.8071 0.1925, 4.1422 -0.8071 0.2342, 3.8578 -0.8071 0.2342, 3.872 -0.8071 0.2283, 3.8843 -0.8071 0.2189, 4.1063 -0.8071 0.2067, 4.1157 -0.8071 0.2189, 4.128 -0.8071 0.2283, 3.6929 -0.6693 0.2362, 3.6976 -0.705 0.2362, 3.7114 -0.7382 0.2362, 3.7333 -0.7667 0.2362, 3.7618 -0.7886 0.2362, 3.795 -0.8024 0.2362, 3.6929 -0.4016 0.8268, 3.6929 -0.252 0.2362, 3.6929 -0.1929 0.8268, 3.6929 -0.1929 0.2953, 3.6929 -0.1949 0.28, 3.6929 -0.2224 0.2441, 3.6929 -0.2367 0.2382, 3.6929 -0.2102 0.2535, 3.6929 -0.2008 0.2657, 3.7717 -0.1929 0.8268, 3.7717 -0.1929 0.2953, 3.7717 -0.1949 0.28, 3.7717 -0.252 0.2362, 3.7717 -0.2367 0.2382, 3.7717 -0.2224 0.2441, 3.7717 -0.2102 0.2535, 3.7717 -0.6693 0.2362, 3.7717 -0.4016 0.8268, 3.7717 -0.2008 0.2657, 3.8307 -0.7283 0.2362, 3.8154 -0.7263 0.2362, 3.8012 -0.7204 0.2362, 3.789 -0.711 0.2362, 3.7796 -0.6988 0.2362, 3.7737 -0.6846 0.2362, 4.0984 -0.7283 0.1772, 4.0984 -0.7283 0.2362, 4.1004 -0.7283 0.1925, 4.1063 -0.7283 0.2067, 3.9016 -0.7283 0.2362, 3.9016 -0.7283 0.1772, 3.8996 -0.7283 0.1925, 3.8425 -0.7283 0.2362, 3.8578 -0.7283 0.2342, 4.1422 -0.7283 0.2342, 4.128 -0.7283 0.2283, 4.1157 -0.7283 0.2189, 3.8937 -0.7283 0.2067, 3.8843 -0.7283 0.2189, 3.872 -0.7283 0.2283, 4.2283 -0.2008 0.2657, 4.2283 -0.2102 0.2535, 4.2283 -0.1949 0.28, 4.2283 -0.2224 0.2441, 4.2283 -0.2367 0.2382, 4.0984 -0.8006 0.8941, 4.0984 -0.7233 0.8791, 4.1893 -0.5984 2.9578, 4.2674 -0.5984 2.9477, 4.1893 -0.4016 2.9578, 4.2674 -0.4016 2.9477, 4.2233 -0.5984 0.8791, 4.3006 -0.5984 0.8941, 4.2084 -0.5984 0.9296, 4.2815 -0.5984 0.959, 4.0984 -0.5139 1.4141, 4.2815 -0.4016 0.959, 4.0912 -0.5085 1.432, 4.0912 -0.4016 1.432, 4.0984 -0.519 1.6443, 4.0812 -0.4016 1.511, 4.0825 -0.5031 1.5212, 4.0812 -0.502 1.511, 4.0811 -0.4016 1.4709, 4.0814 -0.5021 1.4709, 4.0817 -0.5023 1.4667, 4.0855 -0.5048 1.449, 4.0798 -0.5011 1.4909, 4.0031 -0.4016 1.5212, 4.003 -0.4016 1.4609, 4.0182 -0.4016 1.4026, 4.2084 -0.4016 0.9296, 4.2233 -0.4016 0.8791, 4.3006 -0.4016 0.8941, 4.0984 -0.5031 1.5212, 4.0984 -0.5812 1.511, 4.0984 -0.5023 1.4667, 4.0984 -0.5811 1.4709, 4.0984 -0.5912 1.432, 4.0912 -0.5912 1.432, 4.0849 -0.5849 1.4511, 4.0811 -0.5811 1.4709, 4.0812 -0.5812 1.511, 4.0798 -0.5798 1.491, 4.0031 -0.5984 1.5212, 4.0812 -0.5984 1.511, 4.0811 -0.5984 1.4709, 4.0912 -0.5984 1.432, 4.0023 -0.5984 1.4667, 3.8107 -0.4016 2.9578, 3.7326 -0.4016 2.9477, 3.8107 -0.5984 2.9578, 3.7326 -0.5984 2.9477, 3.7916 -0.5984 0.9296, 3.7185 -0.5984 0.959, 3.7767 -0.5984 0.8791, 3.6994 -0.5984 0.8941, 3.9088 -0.5085 1.432, 3.9088 -0.4016 1.432, 3.9016 -0.5139 1.4141, 3.7185 -0.4016 0.959, 3.9016 -0.519 1.6443, 3.9188 -0.502 1.511, 3.9175 -0.5031 1.5212, 3.9188 -0.4016 1.511, 3.7767 -0.4016 0.8791, 3.6994 -0.4016 0.8941, 3.7916 -0.4016 0.9296, 3.9818 -0.4016 1.4026, 3.997 -0.4016 1.4609, 3.9189 -0.4016 1.4709, 3.9969 -0.4016 1.5212, 3.9145 -0.5048 1.4489, 3.9181 -0.5025 1.4667, 3.9189 -0.5019 1.4709, 3.9202 -0.5011 1.4909, 3.9016 -0.5812 1.511, 3.9016 -0.5031 1.5212, 3.9016 -0.5811 1.4709, 3.9016 -0.5023 1.4667, 3.9016 -0.5912 1.432, 3.9088 -0.5912 1.432, 3.9188 -0.5812 1.511, 3.9202 -0.5798 1.491, 3.9189 -0.5811 1.4709, 3.9151 -0.5849 1.4511, 3.9969 -0.5984 1.5212, 3.9188 -0.5984 1.511, 3.9977 -0.5984 1.4667, 3.9189 -0.5984 1.4709, 3.9088 -0.5984 1.432, 3.9016 -0.7185 0.2362, 4.0984 -0.7185 0.2362, 4.0984 -0.8858 -0.1083, 3.9016 -0.8858 -0.1083, 4.0984 -1.3976 -0.1083, 3.9016 -1.3976 -0.1083, 3.9114 -1.4147 -0.1083, 3.9073 -1.4116 -0.1083, 3.9022 -1.4027 -0.1083, 3.9042 -1.4075 -0.1083, 3.9162 -1.4167 -0.1083, 3.9213 -1.4173 -0.1083, 4.0787 -1.4173 -0.1083, 4.0838 -1.4167 -0.1083, 4.0958 -1.4075 -0.1083, 4.0978 -1.4027 -0.1083, 4.0927 -1.4116 -0.1083, 4.0886 -1.4147 -0.1083, 3.9213 -1.4173 -0.2067, 4.0787 -1.4173 -0.2067, 3.9016 -0.8858 -0.2067, 4.0984 -0.8858 -0.2067, 3.9016 -1.3976 -0.2067, 4.0984 -1.3976 -0.2067, 4.0886 -1.4147 -0.2067, 4.0927 -1.4116 -0.2067, 4.0978 -1.4027 -0.2067, 4.0958 -1.4075 -0.2067, 4.0838 -1.4167 -0.2067, 3.9162 -1.4167 -0.2067, 3.9042 -1.4075 -0.2067, 3.9022 -1.4027 -0.2067, 3.9073 -1.4116 -0.2067, 3.9114 -1.4147 -0.2067, 3.9016 -0.7185 -0.0394, 4.0984 -0.7185 -0.0394, 4.0984 -0.7242 -0.0827, 3.9016 -0.7242 -0.0827, 4.0984 -0.7409 -0.123, 3.9016 -0.7409 -0.123, 4.0984 -0.7675 -0.1577, 3.9016 -0.7675 -0.1577, 4.0984 -0.8022 -0.1843, 3.9016 -0.8022 -0.1843, 4.0984 -0.8425 -0.201, 3.9016 -0.8425 -0.201, 4.0984 -0.8169 0.2362, 3.9016 -0.8169 0.2362, 3.9016 -0.8169 -0.0394, 4.0984 -0.8169 -0.0394, 3.9016 -0.868 -0.1059, 4.0984 -0.868 -0.1059, 3.9016 -0.8514 -0.099, 4.0984 -0.8514 -0.099, 3.9016 -0.8371 -0.0881, 4.0984 -0.8371 -0.0881, 3.9016 -0.8262 -0.0738, 4.0984 -0.8262 -0.0738, 3.9016 -0.8193 -0.0572, 4.0984 -0.8193 -0.0572, 1.1575 0.7283 0.2362, 1.1575 0.8071 0.2362, 1.1693 0.7283 0.2362, 1.1693 0.8071 0.2362, 1.1846 0.7263 0.2362, 1.205 0.8024 0.2362, 1.1988 0.7204 0.2362, 1.2382 0.7886 0.2362, 1.211 0.711 0.2362, 1.2667 0.7667 0.2362, 1.2204 0.6988 0.2362, 1.2886 0.7382 0.2362, 1.2263 0.6846 0.2362, 1.3024 0.705 0.2362, 1.2283 0.6693 0.2362, 1.3071 0.6693 0.2362, 1.2283 0.252 0.2362, 1.3071 0.252 0.2362, 0.9969 0.5031 1.5212, 1.0031 0.5031 1.5212, 0.9016 0.5984 2.2568, 1.0984 0.5984 2.2568, 0.9016 0.6893 2.9578, 1.0984 0.6893 2.9578, 0.981 0.5984 1.6443, 0.9016 0.5984 1.6443, 0.9016 0.7674 2.9477, 1.0031 0.5825 1.5212, 1.002 0.5812 1.511, 0.998 0.5812 1.511, 1.0984 0.7674 2.9477, 1.0984 0.5984 1.6443, 1.019 0.5984 1.6443, 0.9969 0.5825 1.5212, 1.0085 0.5912 1.432, 0.9915 0.5912 1.432, 1.0048 0.5855 1.449, 0.9952 0.5855 1.4489, 1.0023 0.5817 1.4667, 0.9975 0.5819 1.4667, 1.0021 0.5814 1.4709, 0.9981 0.5811 1.4709, 1.0011 0.5798 1.4909, 0.9989 0.5798 1.4909, 1.0139 0.5984 1.4141, 1.0984 0.5984 1.4141, 1.0984 0.7815 0.959, 0.9016 0.7815 0.959, 0.9016 0.5984 1.4141, 0.9861 0.5984 1.4141, 1.0182 0.5182 1.4026, 0.9818 0.5182 1.4026, 1.0984 0.5984 1.2031, 0.9016 0.5984 1.2031, 1.0984 0.7084 0.9296, 0.9016 0.7084 0.9296, 0.9913 0.5087 1.4313, 1.0087 0.5087 1.4313, 0.997 0.503 1.4609, 1.003 0.503 1.4609, 0.9989 0.5011 1.491, 1.0011 0.5011 1.491, 0.9016 0.7283 0.8268, 0.9016 0.8071 0.8268, 0.8307 0.7283 0.8268, 0.8307 0.8071 0.8268, 0.8154 0.7263 0.8268, 0.795 0.8024 0.8268, 0.8012 0.7204 0.8268, 0.7618 0.7886 0.8268, 0.789 0.711 0.8268, 0.7333 0.7667 0.8268, 0.7796 0.6988 0.8268, 0.7114 0.7382 0.8268, 0.7737 0.6846 0.8268, 0.6976 0.705 0.8268, 0.7717 0.6693 0.8268, 0.6929 0.6693 0.8268, 0.7717 0.5984 0.8268, 0.6929 0.5984 0.8268, 0.9016 0.7233 0.8791, 0.9016 0.8006 0.8941, 1.2283 0.4016 0.8268, 1.2283 0.1929 0.8268, 1.3071 0.4016 0.8268, 1.3071 0.1929 0.8268, 1.2283 0.5984 0.8268, 1.3071 0.5984 0.8268, 1.2283 0.6693 0.8268, 1.3071 0.6693 0.8268, 1.2263 0.6846 0.8268, 1.3024 0.705 0.8268, 1.2204 0.6988 0.8268, 1.2886 0.7382 0.8268, 1.211 0.711 0.8268, 1.2667 0.7667 0.8268, 1.1988 0.7204 0.8268, 1.2382 0.7886 0.8268, 1.1846 0.7263 0.8268, 1.205 0.8024 0.8268, 1.1693 0.7283 0.8268, 1.1693 0.8071 0.8268, 1.0984 0.7283 0.8268, 1.0984 0.8071 0.8268, 1.3071 0.1929 0.2953, 1.2283 0.1929 0.2953, 1.3071 0.2367 0.2382, 1.3071 0.2008 0.2657, 1.3071 0.2102 0.2535, 1.3071 0.2224 0.2441, 1.3071 0.1949 0.28, 1.1422 0.8071 0.2342, 1.128 0.8071 0.2283, 1.1157 0.8071 0.2189, 1.0984 0.8071 0.2362, 0.8307 0.8071 0.2362, 0.8425 0.8071 0.2362, 0.8578 0.8071 0.2342, 0.9016 0.8071 0.2362, 1.1063 0.8071 0.2067, 1.1004 0.8071 0.1925, 1.0984 0.8071 0.1772, 0.9016 0.8071 0.1772, 0.8996 0.8071 0.1925, 0.8937 0.8071 0.2067, 0.8843 0.8071 0.2189, 0.872 0.8071 0.2283, 0.795 0.8024 0.2362, 0.7618 0.7886 0.2362, 0.7333 0.7667 0.2362, 0.7114 0.7382 0.2362, 0.6976 0.705 0.2362, 0.6929 0.6693 0.2362, 0.6929 0.1929 0.2953, 0.6929 0.1929 0.8268, 0.6929 0.4016 0.8268, 0.6929 0.252 0.2362, 0.6929 0.2008 0.2657, 0.6929 0.1949 0.28, 0.6929 0.2102 0.2535, 0.6929 0.2224 0.2441, 0.6929 0.2367 0.2382, 0.7717 0.1929 0.2953, 0.7717 0.1929 0.8268, 0.7717 0.6693 0.2362, 0.7717 0.252 0.2362, 0.7717 0.4016 0.8268, 0.7717 0.2224 0.2441, 0.7717 0.1949 0.28, 0.7717 0.2102 0.2535, 0.7717 0.2008 0.2657, 0.7717 0.2367 0.2382, 0.7737 0.6846 0.2362, 0.7796 0.6988 0.2362, 0.789 0.711 0.2362, 0.8012 0.7204 0.2362, 0.8154 0.7263 0.2362, 0.8307 0.7283 0.2362, 0.8578 0.7283 0.2342, 0.8425 0.7283 0.2362, 0.872 0.7283 0.2283, 0.8843 0.7283 0.2189, 0.9016 0.7283 0.2362, 1.1422 0.7283 0.2342, 1.0984 0.7283 0.2362, 0.8937 0.7283 0.2067, 0.8996 0.7283 0.1925, 0.9016 0.7283 0.1772, 1.0984 0.7283 0.1772, 1.1004 0.7283 0.1925, 1.1063 0.7283 0.2067, 1.1157 0.7283 0.2189, 1.128 0.7283 0.2283, 1.2283 0.1949 0.28, 1.2283 0.2367 0.2382, 1.2283 0.2224 0.2441, 1.2283 0.2102 0.2535, 1.2283 0.2008 0.2657, 1.0984 0.8006 0.8941, 1.0984 0.7233 0.8791, 1.2674 0.5984 2.9477, 1.1893 0.5984 2.9578, 1.2674 0.4016 2.9477, 1.1893 0.4016 2.9578, 1.2084 0.5984 0.9296, 1.2815 0.5984 0.959, 1.2233 0.5984 0.8791, 1.3006 0.5984 0.8941, 1.0912 0.5085 1.432, 1.0912 0.4016 1.432, 1.0984 0.5139 1.4141, 1.2815 0.4016 0.959, 1.0984 0.519 1.6443, 1.0812 0.502 1.511, 1.0825 0.5031 1.5212, 1.0812 0.4016 1.511, 1.0798 0.5011 1.4909, 1.0811 0.4016 1.4709, 1.0814 0.5021 1.4709, 1.0817 0.5023 1.4667, 1.0855 0.5048 1.449, 1.0182 0.4016 1.4026, 1.003 0.4016 1.4609, 1.0031 0.4016 1.5212, 1.2084 0.4016 0.9296, 1.2233 0.4016 0.8791, 1.3006 0.4016 0.8941, 1.0984 0.5812 1.511, 1.0984 0.5031 1.5212, 1.0984 0.5811 1.4709, 1.0984 0.5023 1.4667, 1.0984 0.5912 1.432, 1.0912 0.5912 1.432, 1.0812 0.5812 1.511, 1.0798 0.5798 1.491, 1.0811 0.5811 1.4709, 1.0849 0.5849 1.4511, 1.0031 0.5984 1.5212, 1.0812 0.5984 1.511, 1.0912 0.5984 1.432, 1.0811 0.5984 1.4709, 1.0023 0.5984 1.4667, 0.7326 0.4016 2.9477, 0.8107 0.4016 2.9578, 0.7326 0.5984 2.9477, 0.8107 0.5984 2.9578, 0.7767 0.5984 0.8791, 0.6994 0.5984 0.8941, 0.7916 0.5984 0.9296, 0.7185 0.5984 0.959, 0.9016 0.5139 1.4141, 0.7185 0.4016 0.959, 0.9088 0.5085 1.432, 0.9088 0.4016 1.432, 0.9016 0.519 1.6443, 0.9188 0.4016 1.511, 0.9175 0.5031 1.5212, 0.9188 0.502 1.511, 0.9969 0.4016 1.5212, 0.997 0.4016 1.4609, 0.9189 0.4016 1.4709, 0.9818 0.4016 1.4026, 0.7916 0.4016 0.9296, 0.7767 0.4016 0.8791, 0.6994 0.4016 0.8941, 0.9145 0.5048 1.4489, 0.9181 0.5025 1.4667, 0.9189 0.5019 1.4709, 0.9202 0.5011 1.4909, 0.9016 0.5031 1.5212, 0.9016 0.5812 1.511, 0.9016 0.5023 1.4667, 0.9016 0.5811 1.4709, 0.9016 0.5912 1.432, 0.9088 0.5912 1.432, 0.9151 0.5849 1.4511, 0.9189 0.5811 1.4709, 0.9188 0.5812 1.511, 0.9202 0.5798 1.491, 0.9188 0.5984 1.511, 0.9969 0.5984 1.5212, 0.9189 0.5984 1.4709, 0.9977 0.5984 1.4667, 0.9088 0.5984 1.432, 0.9016 0.7185 0.2362, 1.0984 0.7185 0.2362, 0.9016 0.8858 -0.1083, 1.0984 0.8858 -0.1083, 0.9016 1.3976 -0.1083, 1.0984 1.3976 -0.1083, 1.0787 1.4173 -0.1083, 1.0978 1.4027 -0.1083, 1.0838 1.4167 -0.1083, 1.0958 1.4075 -0.1083, 1.0886 1.4147 -0.1083, 1.0927 1.4116 -0.1083, 0.9213 1.4173 -0.1083, 0.9162 1.4167 -0.1083, 0.9022 1.4027 -0.1083, 0.9114 1.4147 -0.1083, 0.9042 1.4075 -0.1083, 0.9073 1.4116 -0.1083, 1.0787 1.4173 -0.2067, 0.9213 1.4173 -0.2067, 1.0984 0.8858 -0.2067, 0.9016 0.8858 -0.2067, 1.0984 1.3976 -0.2067, 0.9016 1.3976 -0.2067, 0.9022 1.4027 -0.2067, 0.9162 1.4167 -0.2067, 0.9042 1.4075 -0.2067, 0.9114 1.4147 -0.2067, 0.9073 1.4116 -0.2067, 1.0838 1.4167 -0.2067, 1.0978 1.4027 -0.2067, 1.0886 1.4147 -0.2067, 1.0958 1.4075 -0.2067, 1.0927 1.4116 -0.2067, 1.0984 0.8425 -0.201, 0.9016 0.8425 -0.201, 1.0984 0.8022 -0.1843, 0.9016 0.8022 -0.1843, 1.0984 0.7675 -0.1577, 0.9016 0.7675 -0.1577, 1.0984 0.7409 -0.123, 0.9016 0.7409 -0.123, 1.0984 0.7242 -0.0827, 0.9016 0.7242 -0.0827, 1.0984 0.7185 -0.0394, 0.9016 0.7185 -0.0394, 1.0984 0.8169 0.2362, 0.9016 0.8169 0.2362, 0.9016 0.8169 -0.0394, 1.0984 0.8169 -0.0394, 0.9016 0.8193 -0.0572, 1.0984 0.8193 -0.0572, 0.9016 0.8262 -0.0738, 1.0984 0.8262 -0.0738, 0.9016 0.8371 -0.0881, 1.0984 0.8371 -0.0881, 0.9016 0.8514 -0.099, 1.0984 0.8514 -0.099, 0.9016 0.868 -0.1059, 1.0984 0.868 -0.1059, 2.1575 0.7283 0.2362, 2.1575 0.8071 0.2362, 2.1693 0.7283 0.2362, 2.1693 0.8071 0.2362, 2.1846 0.7263 0.2362, 2.205 0.8024 0.2362, 2.1988 0.7204 0.2362, 2.2382 0.7886 0.2362, 2.211 0.711 0.2362, 2.2667 0.7667 0.2362, 2.2204 0.6988 0.2362, 2.2886 0.7382 0.2362, 2.2263 0.6846 0.2362, 2.3024 0.705 0.2362, 2.2283 0.6693 0.2362, 2.3071 0.6693 0.2362, 2.2283 0.252 0.2362, 2.3071 0.252 0.2362, 1.9969 0.5031 1.5212, 2.0031 0.5031 1.5212, 1.9016 0.5984 2.2568, 2.0984 0.5984 2.2568, 1.9016 0.6893 2.9578, 2.0984 0.6893 2.9578, 1.981 0.5984 1.6443, 1.9016 0.5984 1.6443, 1.9016 0.7674 2.9477, 2.0031 0.5825 1.5212, 2.002 0.5812 1.511, 1.998 0.5812 1.511, 2.0984 0.7674 2.9477, 2.0984 0.5984 1.6443, 2.019 0.5984 1.6443, 1.9969 0.5825 1.5212, 2.0085 0.5912 1.432, 1.9915 0.5912 1.432, 2.0048 0.5855 1.449, 1.9952 0.5855 1.4489, 2.0023 0.5817 1.4667, 1.9975 0.5819 1.4667, 2.0021 0.5814 1.4709, 1.9981 0.5811 1.4709, 2.0011 0.5798 1.4909, 1.9989 0.5798 1.4909, 2.0139 0.5984 1.4141, 2.0984 0.5984 1.4141, 2.0984 0.7815 0.959, 1.9016 0.7815 0.959, 1.9016 0.5984 1.4141, 1.9861 0.5984 1.4141, 2.0182 0.5182 1.4026, 1.9818 0.5182 1.4026, 2.0984 0.5984 1.2031, 1.9016 0.5984 1.2031, 2.0984 0.7084 0.9296, 1.9016 0.7084 0.9296, 2.0011 0.5011 1.491, 1.9989 0.5011 1.491, 2.003 0.503 1.4609, 1.997 0.503 1.4609, 2.0087 0.5087 1.4313, 1.9913 0.5087 1.4313, 1.9016 0.7283 0.8268, 1.9016 0.8071 0.8268, 1.8307 0.7283 0.8268, 1.8307 0.8071 0.8268, 1.8154 0.7263 0.8268, 1.795 0.8024 0.8268, 1.8012 0.7204 0.8268, 1.7618 0.7886 0.8268, 1.789 0.711 0.8268, 1.7333 0.7667 0.8268, 1.7796 0.6988 0.8268, 1.7114 0.7382 0.8268, 1.7737 0.6846 0.8268, 1.6976 0.705 0.8268, 1.7717 0.6693 0.8268, 1.6929 0.6693 0.8268, 1.7717 0.5984 0.8268, 1.6929 0.5984 0.8268, 1.9016 0.7233 0.8791, 1.9016 0.8006 0.8941, 2.2283 0.4016 0.8268, 2.2283 0.1929 0.8268, 2.3071 0.4016 0.8268, 2.3071 0.1929 0.8268, 2.2283 0.5984 0.8268, 2.3071 0.5984 0.8268, 2.2283 0.6693 0.8268, 2.3071 0.6693 0.8268, 2.2263 0.6846 0.8268, 2.3024 0.705 0.8268, 2.2204 0.6988 0.8268, 2.2886 0.7382 0.8268, 2.211 0.711 0.8268, 2.2667 0.7667 0.8268, 2.1988 0.7204 0.8268, 2.2382 0.7886 0.8268, 2.1846 0.7263 0.8268, 2.205 0.8024 0.8268, 2.1693 0.7283 0.8268, 2.1693 0.8071 0.8268, 2.0984 0.7283 0.8268, 2.0984 0.8071 0.8268, 2.3071 0.1929 0.2953, 2.2283 0.1929 0.2953, 2.3071 0.1949 0.28, 2.3071 0.2008 0.2657, 2.3071 0.2102 0.2535, 2.3071 0.2224 0.2441, 2.3071 0.2367 0.2382, 2.1004 0.8071 0.1925, 2.0984 0.8071 0.1772, 2.0984 0.8071 0.2362, 1.9016 0.8071 0.2362, 1.9016 0.8071 0.1772, 1.8996 0.8071 0.1925, 2.1063 0.8071 0.2067, 2.1422 0.8071 0.2342, 2.128 0.8071 0.2283, 2.1157 0.8071 0.2189, 1.8307 0.8071 0.2362, 1.8425 0.8071 0.2362, 1.8578 0.8071 0.2342, 1.8937 0.8071 0.2067, 1.8843 0.8071 0.2189, 1.872 0.8071 0.2283, 1.795 0.8024 0.2362, 1.7618 0.7886 0.2362, 1.7333 0.7667 0.2362, 1.7114 0.7382 0.2362, 1.6976 0.705 0.2362, 1.6929 0.6693 0.2362, 1.6929 0.1929 0.2953, 1.6929 0.1929 0.8268, 1.6929 0.4016 0.8268, 1.6929 0.252 0.2362, 1.6929 0.2367 0.2382, 1.6929 0.2224 0.2441, 1.6929 0.2102 0.2535, 1.6929 0.2008 0.2657, 1.6929 0.1949 0.28, 1.7717 0.1929 0.2953, 1.7717 0.1929 0.8268, 1.7717 0.6693 0.2362, 1.7717 0.252 0.2362, 1.7717 0.4016 0.8268, 1.7717 0.2224 0.2441, 1.7717 0.1949 0.28, 1.7717 0.2102 0.2535, 1.7717 0.2008 0.2657, 1.7717 0.2367 0.2382, 1.7737 0.6846 0.2362, 1.7796 0.6988 0.2362, 1.789 0.711 0.2362, 1.8012 0.7204 0.2362, 1.8154 0.7263 0.2362, 1.8307 0.7283 0.2362, 1.8996 0.7283 0.1925, 1.9016 0.7283 0.1772, 1.9016 0.7283 0.2362, 1.8425 0.7283 0.2362, 2.0984 0.7283 0.2362, 2.0984 0.7283 0.1772, 2.1004 0.7283 0.1925, 1.8937 0.7283 0.2067, 1.8578 0.7283 0.2342, 1.872 0.7283 0.2283, 1.8843 0.7283 0.2189, 2.1422 0.7283 0.2342, 2.1063 0.7283 0.2067, 2.1157 0.7283 0.2189, 2.128 0.7283 0.2283, 2.2283 0.1949 0.28, 2.2283 0.2224 0.2441, 2.2283 0.2102 0.2535, 2.2283 0.2008 0.2657, 2.2283 0.2367 0.2382, 2.0984 0.8006 0.8941, 2.0984 0.7233 0.8791, 2.2674 0.5984 2.9477, 2.1893 0.5984 2.9578, 2.2674 0.4016 2.9477, 2.1893 0.4016 2.9578, 2.2084 0.5984 0.9296, 2.2815 0.5984 0.959, 2.2233 0.5984 0.8791, 2.3006 0.5984 0.8941, 2.0912 0.5085 1.432, 2.0912 0.4016 1.432, 2.0984 0.5139 1.4141, 2.2815 0.4016 0.959, 2.0984 0.519 1.6443, 2.0812 0.502 1.511, 2.0825 0.5031 1.5212, 2.0812 0.4016 1.511, 2.0798 0.5011 1.4909, 2.0811 0.4016 1.4709, 2.0814 0.5021 1.4709, 2.0817 0.5023 1.4667, 2.0855 0.5048 1.449, 2.0182 0.4016 1.4026, 2.003 0.4016 1.4609, 2.0031 0.4016 1.5212, 2.2084 0.4016 0.9296, 2.2233 0.4016 0.8791, 2.3006 0.4016 0.8941, 2.0984 0.5812 1.511, 2.0984 0.5031 1.5212, 2.0984 0.5811 1.4709, 2.0984 0.5023 1.4667, 2.0984 0.5912 1.432, 2.0912 0.5912 1.432, 2.0812 0.5812 1.511, 2.0798 0.5798 1.491, 2.0811 0.5811 1.4709, 2.0849 0.5849 1.4511, 2.0031 0.5984 1.5212, 2.0812 0.5984 1.511, 2.0912 0.5984 1.432, 2.0811 0.5984 1.4709, 2.0023 0.5984 1.4667, 1.7326 0.4016 2.9477, 1.8107 0.4016 2.9578, 1.7326 0.5984 2.9477, 1.8107 0.5984 2.9578, 1.7767 0.5984 0.8791, 1.6994 0.5984 0.8941, 1.7916 0.5984 0.9296, 1.7185 0.5984 0.959, 1.9016 0.5139 1.4141, 1.7185 0.4016 0.959, 1.9088 0.5085 1.432, 1.9088 0.4016 1.432, 1.9016 0.519 1.6443, 1.9188 0.4016 1.511, 1.9175 0.5031 1.5212, 1.9188 0.502 1.511, 1.9969 0.4016 1.5212, 1.997 0.4016 1.4609, 1.9189 0.4016 1.4709, 1.9818 0.4016 1.4026, 1.7916 0.4016 0.9296, 1.7767 0.4016 0.8791, 1.6994 0.4016 0.8941, 1.9145 0.5048 1.4489, 1.9181 0.5025 1.4667, 1.9189 0.5019 1.4709, 1.9202 0.5011 1.4909, 1.9016 0.5031 1.5212, 1.9016 0.5812 1.511, 1.9016 0.5023 1.4667, 1.9016 0.5811 1.4709, 1.9016 0.5912 1.432, 1.9088 0.5912 1.432, 1.9151 0.5849 1.4511, 1.9189 0.5811 1.4709, 1.9188 0.5812 1.511, 1.9202 0.5798 1.491, 1.9188 0.5984 1.511, 1.9969 0.5984 1.5212, 1.9189 0.5984 1.4709, 1.9977 0.5984 1.4667, 1.9088 0.5984 1.432, 1.9016 0.7185 0.2362, 2.0984 0.7185 0.2362, 1.9016 0.8858 -0.1083, 2.0984 0.8858 -0.1083, 1.9016 1.3976 -0.1083, 2.0984 1.3976 -0.1083, 2.0958 1.4075 -0.1083, 2.0927 1.4116 -0.1083, 2.0886 1.4147 -0.1083, 2.0787 1.4173 -0.1083, 1.9213 1.4173 -0.1083, 1.9022 1.4027 -0.1083, 1.9114 1.4147 -0.1083, 1.9073 1.4116 -0.1083, 1.9042 1.4075 -0.1083, 2.0978 1.4027 -0.1083, 2.0838 1.4167 -0.1083, 1.9162 1.4167 -0.1083, 2.0787 1.4173 -0.2067, 1.9213 1.4173 -0.2067, 2.0984 0.8858 -0.2067, 1.9016 0.8858 -0.2067, 2.0984 1.3976 -0.2067, 1.9016 1.3976 -0.2067, 1.9042 1.4075 -0.2067, 1.9073 1.4116 -0.2067, 1.9114 1.4147 -0.2067, 2.0978 1.4027 -0.2067, 2.0886 1.4147 -0.2067, 2.0927 1.4116 -0.2067, 2.0958 1.4075 -0.2067, 1.9022 1.4027 -0.2067, 1.9162 1.4167 -0.2067, 2.0838 1.4167 -0.2067, 2.0984 0.8425 -0.201, 1.9016 0.8425 -0.201, 2.0984 0.8022 -0.1843, 1.9016 0.8022 -0.1843, 2.0984 0.7675 -0.1577, 1.9016 0.7675 -0.1577, 2.0984 0.7409 -0.123, 1.9016 0.7409 -0.123, 2.0984 0.7242 -0.0827, 1.9016 0.7242 -0.0827, 2.0984 0.7185 -0.0394, 1.9016 0.7185 -0.0394, 2.0984 0.8169 0.2362, 1.9016 0.8169 0.2362, 1.9016 0.8169 -0.0394, 2.0984 0.8169 -0.0394, 1.9016 0.8193 -0.0572, 2.0984 0.8193 -0.0572, 1.9016 0.8262 -0.0738, 2.0984 0.8262 -0.0738, 1.9016 0.8371 -0.0881, 2.0984 0.8371 -0.0881, 1.9016 0.8514 -0.099, 2.0984 0.8514 -0.099, 1.9016 0.868 -0.1059, 2.0984 0.868 -0.1059, 3.1575 0.7283 0.2362, 3.1575 0.8071 0.2362, 3.1693 0.7283 0.2362, 3.1693 0.8071 0.2362, 3.1846 0.7263 0.2362, 3.205 0.8024 0.2362, 3.1988 0.7204 0.2362, 3.2382 0.7886 0.2362, 3.211 0.711 0.2362, 3.2667 0.7667 0.2362, 3.2204 0.6988 0.2362, 3.2886 0.7382 0.2362, 3.2263 0.6846 0.2362, 3.3024 0.705 0.2362, 3.2283 0.6693 0.2362, 3.3071 0.6693 0.2362, 3.2283 0.252 0.2362, 3.3071 0.252 0.2362, 2.9969 0.5031 1.5212, 3.0031 0.5031 1.5212, 2.9016 0.5984 2.2568, 3.0984 0.5984 2.2568, 2.9016 0.6893 2.9578, 3.0984 0.6893 2.9578, 2.981 0.5984 1.6443, 2.9016 0.5984 1.6443, 2.9016 0.7674 2.9477, 3.0031 0.5825 1.5212, 3.002 0.5812 1.511, 2.998 0.5812 1.511, 3.0984 0.7674 2.9477, 3.0984 0.5984 1.6443, 3.019 0.5984 1.6443, 2.9969 0.5825 1.5212, 3.0085 0.5912 1.432, 2.9915 0.5912 1.432, 3.0048 0.5855 1.449, 2.9952 0.5855 1.4489, 3.0023 0.5817 1.4667, 2.9975 0.5819 1.4667, 3.0021 0.5814 1.4709, 2.9981 0.5811 1.4709, 3.0011 0.5798 1.4909, 2.9989 0.5798 1.4909, 3.0139 0.5984 1.4141, 3.0984 0.5984 1.4141, 3.0984 0.7815 0.959, 2.9016 0.7815 0.959, 2.9016 0.5984 1.4141, 2.9861 0.5984 1.4141, 3.0182 0.5182 1.4026, 2.9818 0.5182 1.4026, 3.0984 0.5984 1.2031, 2.9016 0.5984 1.2031, 3.0984 0.7084 0.9296, 2.9016 0.7084 0.9296, 3.0011 0.5011 1.491, 2.9989 0.5011 1.491, 3.003 0.503 1.4609, 2.997 0.503 1.4609, 3.0087 0.5087 1.4313, 2.9913 0.5087 1.4313, 2.9016 0.7283 0.8268, 2.9016 0.8071 0.8268, 2.8307 0.7283 0.8268, 2.8307 0.8071 0.8268, 2.8154 0.7263 0.8268, 2.795 0.8024 0.8268, 2.8012 0.7204 0.8268, 2.7618 0.7886 0.8268, 2.789 0.711 0.8268, 2.7333 0.7667 0.8268, 2.7796 0.6988 0.8268, 2.7114 0.7382 0.8268, 2.7737 0.6846 0.8268, 2.6976 0.705 0.8268, 2.7717 0.6693 0.8268, 2.6929 0.6693 0.8268, 2.7717 0.5984 0.8268, 2.6929 0.5984 0.8268, 2.9016 0.7233 0.8791, 2.9016 0.8006 0.8941, 3.2283 0.4016 0.8268, 3.2283 0.1929 0.8268, 3.3071 0.4016 0.8268, 3.3071 0.1929 0.8268, 3.2283 0.5984 0.8268, 3.3071 0.5984 0.8268, 3.2283 0.6693 0.8268, 3.3071 0.6693 0.8268, 3.2263 0.6846 0.8268, 3.3024 0.705 0.8268, 3.2204 0.6988 0.8268, 3.2886 0.7382 0.8268, 3.211 0.711 0.8268, 3.2667 0.7667 0.8268, 3.1988 0.7204 0.8268, 3.2382 0.7886 0.8268, 3.1846 0.7263 0.8268, 3.205 0.8024 0.8268, 3.1693 0.7283 0.8268, 3.1693 0.8071 0.8268, 3.0984 0.7283 0.8268, 3.0984 0.8071 0.8268, 3.3071 0.1929 0.2953, 3.2283 0.1929 0.2953, 3.3071 0.1949 0.28, 3.3071 0.2008 0.2657, 3.3071 0.2102 0.2535, 3.3071 0.2224 0.2441, 3.3071 0.2367 0.2382, 3.0984 0.8071 0.1772, 3.0984 0.8071 0.2362, 3.1004 0.8071 0.1925, 3.1063 0.8071 0.2067, 2.9016 0.8071 0.2362, 2.9016 0.8071 0.1772, 2.8996 0.8071 0.1925, 2.8307 0.8071 0.2362, 2.8425 0.8071 0.2362, 2.8578 0.8071 0.2342, 3.1422 0.8071 0.2342, 3.128 0.8071 0.2283, 3.1157 0.8071 0.2189, 2.8937 0.8071 0.2067, 2.8843 0.8071 0.2189, 2.872 0.8071 0.2283, 2.795 0.8024 0.2362, 2.7618 0.7886 0.2362, 2.7333 0.7667 0.2362, 2.7114 0.7382 0.2362, 2.6976 0.705 0.2362, 2.6929 0.6693 0.2362, 2.6929 0.1929 0.2953, 2.6929 0.1929 0.8268, 2.6929 0.4016 0.8268, 2.6929 0.252 0.2362, 2.6929 0.2367 0.2382, 2.6929 0.2224 0.2441, 2.6929 0.2102 0.2535, 2.6929 0.2008 0.2657, 2.6929 0.1949 0.28, 2.7717 0.1929 0.2953, 2.7717 0.1929 0.8268, 2.7717 0.6693 0.2362, 2.7717 0.252 0.2362, 2.7717 0.4016 0.8268, 2.7717 0.2224 0.2441, 2.7717 0.1949 0.28, 2.7717 0.2102 0.2535, 2.7717 0.2008 0.2657, 2.7717 0.2367 0.2382, 2.7737 0.6846 0.2362, 2.7796 0.6988 0.2362, 2.789 0.711 0.2362, 2.8012 0.7204 0.2362, 2.8154 0.7263 0.2362, 2.8307 0.7283 0.2362, 2.8996 0.7283 0.1925, 2.9016 0.7283 0.1772, 2.9016 0.7283 0.2362, 2.8425 0.7283 0.2362, 2.8937 0.7283 0.2067, 3.0984 0.7283 0.2362, 3.0984 0.7283 0.1772, 3.1004 0.7283 0.1925, 2.8578 0.7283 0.2342, 2.872 0.7283 0.2283, 2.8843 0.7283 0.2189, 3.1422 0.7283 0.2342, 3.1063 0.7283 0.2067, 3.1157 0.7283 0.2189, 3.128 0.7283 0.2283, 3.2283 0.1949 0.28, 3.2283 0.2224 0.2441, 3.2283 0.2102 0.2535, 3.2283 0.2008 0.2657, 3.2283 0.2367 0.2382, 3.0984 0.8006 0.8941, 3.0984 0.7233 0.8791, 3.2674 0.5984 2.9477, 3.1893 0.5984 2.9578, 3.2674 0.4016 2.9477, 3.1893 0.4016 2.9578, 3.2084 0.5984 0.9296, 3.2815 0.5984 0.959, 3.2233 0.5984 0.8791, 3.3006 0.5984 0.8941, 3.0912 0.5085 1.432, 3.0912 0.4016 1.432, 3.0984 0.5139 1.4141, 3.2815 0.4016 0.959, 3.0984 0.519 1.6443, 3.0812 0.502 1.511, 3.0825 0.5031 1.5212, 3.0812 0.4016 1.511, 3.0798 0.5011 1.4909, 3.0811 0.4016 1.4709, 3.0814 0.5021 1.4709, 3.0817 0.5023 1.4667, 3.0855 0.5048 1.449, 3.0182 0.4016 1.4026, 3.003 0.4016 1.4609, 3.0031 0.4016 1.5212, 3.2084 0.4016 0.9296, 3.2233 0.4016 0.8791, 3.3006 0.4016 0.8941, 3.0984 0.5812 1.511, 3.0984 0.5031 1.5212, 3.0984 0.5811 1.4709, 3.0984 0.5023 1.4667, 3.0984 0.5912 1.432, 3.0912 0.5912 1.432, 3.0812 0.5812 1.511, 3.0798 0.5798 1.491, 3.0811 0.5811 1.4709, 3.0849 0.5849 1.4511, 3.0031 0.5984 1.5212, 3.0812 0.5984 1.511, 3.0912 0.5984 1.432, 3.0811 0.5984 1.4709, 3.0023 0.5984 1.4667, 2.7326 0.4016 2.9477, 2.8107 0.4016 2.9578, 2.7326 0.5984 2.9477, 2.8107 0.5984 2.9578, 2.7767 0.5984 0.8791, 2.6994 0.5984 0.8941, 2.7916 0.5984 0.9296, 2.7185 0.5984 0.959, 2.9016 0.5139 1.4141, 2.7185 0.4016 0.959, 2.9088 0.5085 1.432, 2.9088 0.4016 1.432, 2.9016 0.519 1.6443, 2.9188 0.4016 1.511, 2.9175 0.5031 1.5212, 2.9188 0.502 1.511, 2.9969 0.4016 1.5212, 2.997 0.4016 1.4609, 2.9189 0.4016 1.4709, 2.9818 0.4016 1.4026, 2.7916 0.4016 0.9296, 2.7767 0.4016 0.8791, 2.6994 0.4016 0.8941, 2.9145 0.5048 1.4489, 2.9181 0.5025 1.4667, 2.9189 0.5019 1.4709, 2.9202 0.5011 1.4909, 2.9016 0.5031 1.5212, 2.9016 0.5812 1.511, 2.9016 0.5023 1.4667, 2.9016 0.5811 1.4709, 2.9016 0.5912 1.432, 2.9088 0.5912 1.432, 2.9151 0.5849 1.4511, 2.9189 0.5811 1.4709, 2.9188 0.5812 1.511, 2.9202 0.5798 1.491, 2.9188 0.5984 1.511, 2.9969 0.5984 1.5212, 2.9189 0.5984 1.4709, 2.9977 0.5984 1.4667, 2.9088 0.5984 1.432, 2.9016 0.7185 0.2362, 3.0984 0.7185 0.2362, 2.9022 1.4027 -0.1083, 2.9016 1.3976 -0.1083, 2.9213 1.4173 -0.1083, 2.9016 0.8858 -0.1083, 3.0984 0.8858 -0.1083, 3.0984 1.3976 -0.1083, 2.9114 1.4147 -0.1083, 2.9073 1.4116 -0.1083, 2.9042 1.4075 -0.1083, 3.0978 1.4027 -0.1083, 3.0958 1.4075 -0.1083, 3.0927 1.4116 -0.1083, 3.0787 1.4173 -0.1083, 3.0838 1.4167 -0.1083, 2.9162 1.4167 -0.1083, 3.0886 1.4147 -0.1083, 3.0787 1.4173 -0.2067, 2.9213 1.4173 -0.2067, 3.0984 0.8858 -0.2067, 2.9016 0.8858 -0.2067, 3.0984 1.3976 -0.2067, 2.9016 1.3976 -0.2067, 2.9042 1.4075 -0.2067, 2.9073 1.4116 -0.2067, 2.9114 1.4147 -0.2067, 2.9022 1.4027 -0.2067, 2.9162 1.4167 -0.2067, 3.0838 1.4167 -0.2067, 3.0958 1.4075 -0.2067, 3.0978 1.4027 -0.2067, 3.0927 1.4116 -0.2067, 3.0886 1.4147 -0.2067, 3.0984 0.8425 -0.201, 2.9016 0.8425 -0.201, 3.0984 0.8022 -0.1843, 2.9016 0.8022 -0.1843, 3.0984 0.7675 -0.1577, 2.9016 0.7675 -0.1577, 3.0984 0.7409 -0.123, 2.9016 0.7409 -0.123, 3.0984 0.7242 -0.0827, 2.9016 0.7242 -0.0827, 3.0984 0.7185 -0.0394, 2.9016 0.7185 -0.0394, 3.0984 0.8169 0.2362, 2.9016 0.8169 0.2362, 2.9016 0.8169 -0.0394, 3.0984 0.8169 -0.0394, 2.9016 0.8193 -0.0572, 3.0984 0.8193 -0.0572, 2.9016 0.8262 -0.0738, 3.0984 0.8262 -0.0738, 2.9016 0.8371 -0.0881, 3.0984 0.8371 -0.0881, 2.9016 0.8514 -0.099, 3.0984 0.8514 -0.099, 2.9016 0.868 -0.1059, 3.0984 0.868 -0.1059, 4.1575 0.7283 0.2362, 4.1575 0.8071 0.2362, 4.1693 0.7283 0.2362, 4.1693 0.8071 0.2362, 4.1846 0.7263 0.2362, 4.205 0.8024 0.2362, 4.1988 0.7204 0.2362, 4.2382 0.7886 0.2362, 4.211 0.711 0.2362, 4.2667 0.7667 0.2362, 4.2204 0.6988 0.2362, 4.2886 0.7382 0.2362, 4.2263 0.6846 0.2362, 4.3024 0.705 0.2362, 4.2283 0.6693 0.2362, 4.3071 0.6693 0.2362, 4.2283 0.252 0.2362, 4.3071 0.252 0.2362, 3.9969 0.5031 1.5212, 4.0031 0.5031 1.5212, 3.9016 0.5984 2.2568, 4.0984 0.5984 2.2568, 3.9016 0.6893 2.9578, 4.0984 0.6893 2.9578, 3.981 0.5984 1.6443, 3.9016 0.5984 1.6443, 3.9016 0.7674 2.9477, 4.0031 0.5825 1.5212, 4.002 0.5812 1.511, 3.998 0.5812 1.511, 4.0984 0.7674 2.9477, 4.0984 0.5984 1.6443, 4.019 0.5984 1.6443, 3.9969 0.5825 1.5212, 4.0085 0.5912 1.432, 3.9915 0.5912 1.432, 4.0048 0.5855 1.449, 3.9952 0.5855 1.4489, 4.0023 0.5817 1.4667, 3.9975 0.5819 1.4667, 4.0021 0.5814 1.4709, 3.9981 0.5811 1.4709, 4.0011 0.5798 1.4909, 3.9989 0.5798 1.4909, 4.0139 0.5984 1.4141, 4.0984 0.5984 1.4141, 4.0984 0.7815 0.959, 3.9016 0.7815 0.959, 3.9016 0.5984 1.4141, 3.9861 0.5984 1.4141, 4.0182 0.5182 1.4026, 3.9818 0.5182 1.4026, 4.0984 0.5984 1.2031, 3.9016 0.5984 1.2031, 4.0984 0.7084 0.9296, 3.9016 0.7084 0.9296, 3.9913 0.5087 1.4313, 4.0087 0.5087 1.4313, 3.997 0.503 1.4609, 4.003 0.503 1.4609, 3.9989 0.5011 1.491, 4.0011 0.5011 1.491, 3.9016 0.7283 0.8268, 3.9016 0.8071 0.8268, 3.8307 0.7283 0.8268, 3.8307 0.8071 0.8268, 3.8154 0.7263 0.8268, 3.795 0.8024 0.8268, 3.8012 0.7204 0.8268, 3.7618 0.7886 0.8268, 3.789 0.711 0.8268, 3.7333 0.7667 0.8268, 3.7796 0.6988 0.8268, 3.7114 0.7382 0.8268, 3.7737 0.6846 0.8268, 3.6976 0.705 0.8268, 3.7717 0.6693 0.8268, 3.6929 0.6693 0.8268, 3.7717 0.5984 0.8268, 3.6929 0.5984 0.8268, 3.9016 0.7233 0.8791, 3.9016 0.8006 0.8941, 4.2283 0.4016 0.8268, 4.2283 0.1929 0.8268, 4.3071 0.4016 0.8268, 4.3071 0.1929 0.8268, 4.2283 0.5984 0.8268, 4.3071 0.5984 0.8268, 4.2283 0.6693 0.8268, 4.3071 0.6693 0.8268, 4.2263 0.6846 0.8268, 4.3024 0.705 0.8268, 4.2204 0.6988 0.8268, 4.2886 0.7382 0.8268, 4.211 0.711 0.8268, 4.2667 0.7667 0.8268, 4.1988 0.7204 0.8268, 4.2382 0.7886 0.8268, 4.1846 0.7263 0.8268, 4.205 0.8024 0.8268, 4.1693 0.7283 0.8268, 4.1693 0.8071 0.8268, 4.0984 0.7283 0.8268, 4.0984 0.8071 0.8268, 4.3071 0.1929 0.2953, 4.2283 0.1929 0.2953, 4.3071 0.2367 0.2382, 4.3071 0.2008 0.2657, 4.3071 0.2102 0.2535, 4.3071 0.2224 0.2441, 4.3071 0.1949 0.28, 4.0984 0.8071 0.1772, 4.0984 0.8071 0.2362, 4.1004 0.8071 0.1925, 4.1063 0.8071 0.2067, 3.9016 0.8071 0.2362, 3.9016 0.8071 0.1772, 3.8996 0.8071 0.1925, 3.8307 0.8071 0.2362, 3.8425 0.8071 0.2362, 3.8578 0.8071 0.2342, 4.1422 0.8071 0.2342, 4.128 0.8071 0.2283, 4.1157 0.8071 0.2189, 3.8937 0.8071 0.2067, 3.8843 0.8071 0.2189, 3.872 0.8071 0.2283, 3.795 0.8024 0.2362, 3.7618 0.7886 0.2362, 3.7333 0.7667 0.2362, 3.7114 0.7382 0.2362, 3.6976 0.705 0.2362, 3.6929 0.6693 0.2362, 3.6929 0.1929 0.2953, 3.6929 0.1929 0.8268, 3.6929 0.4016 0.8268, 3.6929 0.252 0.2362, 3.6929 0.2367 0.2382, 3.6929 0.2224 0.2441, 3.6929 0.2102 0.2535, 3.6929 0.1949 0.28, 3.6929 0.2008 0.2657, 3.7717 0.1929 0.2953, 3.7717 0.1929 0.8268, 3.7717 0.6693 0.2362, 3.7717 0.252 0.2362, 3.7717 0.4016 0.8268, 3.7717 0.2224 0.2441, 3.7717 0.1949 0.28, 3.7717 0.2102 0.2535, 3.7717 0.2008 0.2657, 3.7717 0.2367 0.2382, 3.7737 0.6846 0.2362, 3.7796 0.6988 0.2362, 3.789 0.711 0.2362, 3.8012 0.7204 0.2362, 3.8154 0.7263 0.2362, 3.8307 0.7283 0.2362, 3.9016 0.7283 0.1772, 3.9016 0.7283 0.2362, 3.8996 0.7283 0.1925, 3.8937 0.7283 0.2067, 3.8425 0.7283 0.2362, 4.0984 0.7283 0.2362, 4.0984 0.7283 0.1772, 4.1004 0.7283 0.1925, 4.1422 0.7283 0.2342, 3.8578 0.7283 0.2342, 3.872 0.7283 0.2283, 3.8843 0.7283 0.2189, 4.1063 0.7283 0.2067, 4.1157 0.7283 0.2189, 4.128 0.7283 0.2283, 4.2283 0.2224 0.2441, 4.2283 0.2102 0.2535, 4.2283 0.2008 0.2657, 4.2283 0.2367 0.2382, 4.2283 0.1949 0.28, 4.0984 0.8006 0.8941, 4.0984 0.7233 0.8791, 4.2674 0.5984 2.9477, 4.1893 0.5984 2.9578, 4.2674 0.4016 2.9477, 4.1893 0.4016 2.9578, 4.2084 0.5984 0.9296, 4.2815 0.5984 0.959, 4.2233 0.5984 0.8791, 4.3006 0.5984 0.8941, 4.0912 0.5085 1.432, 4.0912 0.4016 1.432, 4.0984 0.5139 1.4141, 4.2815 0.4016 0.959, 4.0984 0.519 1.6443, 4.0812 0.502 1.511, 4.0825 0.5031 1.5212, 4.0812 0.4016 1.511, 4.0798 0.5011 1.4909, 4.0811 0.4016 1.4709, 4.0814 0.5021 1.4709, 4.0817 0.5023 1.4667, 4.0855 0.5048 1.449, 4.0182 0.4016 1.4026, 4.003 0.4016 1.4609, 4.0031 0.4016 1.5212, 4.2084 0.4016 0.9296, 4.2233 0.4016 0.8791, 4.3006 0.4016 0.8941, 4.0984 0.5812 1.511, 4.0984 0.5031 1.5212, 4.0984 0.5811 1.4709, 4.0984 0.5023 1.4667, 4.0984 0.5912 1.432, 4.0912 0.5912 1.432, 4.0812 0.5812 1.511, 4.0798 0.5798 1.491, 4.0811 0.5811 1.4709, 4.0849 0.5849 1.4511, 4.0031 0.5984 1.5212, 4.0812 0.5984 1.511, 4.0912 0.5984 1.432, 4.0811 0.5984 1.4709, 4.0023 0.5984 1.4667, 3.7326 0.4016 2.9477, 3.8107 0.4016 2.9578, 3.7326 0.5984 2.9477, 3.8107 0.5984 2.9578, 3.7767 0.5984 0.8791, 3.6994 0.5984 0.8941, 3.7916 0.5984 0.9296, 3.7185 0.5984 0.959, 3.9016 0.5139 1.4141, 3.7185 0.4016 0.959, 3.9088 0.5085 1.432, 3.9088 0.4016 1.432, 3.9016 0.519 1.6443, 3.9188 0.4016 1.511, 3.9175 0.5031 1.5212, 3.9188 0.502 1.511, 3.9969 0.4016 1.5212, 3.997 0.4016 1.4609, 3.9189 0.4016 1.4709, 3.9818 0.4016 1.4026, 3.7916 0.4016 0.9296, 3.7767 0.4016 0.8791, 3.6994 0.4016 0.8941, 3.9145 0.5048 1.4489, 3.9181 0.5025 1.4667, 3.9189 0.5019 1.4709, 3.9202 0.5011 1.4909, 3.9016 0.5031 1.5212, 3.9016 0.5812 1.511, 3.9016 0.5023 1.4667, 3.9016 0.5811 1.4709, 3.9016 0.5912 1.432, 3.9088 0.5912 1.432, 3.9151 0.5849 1.4511, 3.9189 0.5811 1.4709, 3.9188 0.5812 1.511, 3.9202 0.5798 1.491, 3.9188 0.5984 1.511, 3.9969 0.5984 1.5212, 3.9189 0.5984 1.4709, 3.9977 0.5984 1.4667, 3.9088 0.5984 1.432, 3.9016 0.7185 0.2362, 4.0984 0.7185 0.2362, 3.9016 0.8858 -0.1083, 4.0984 0.8858 -0.1083, 3.9016 1.3976 -0.1083, 4.0984 1.3976 -0.1083, 4.0886 1.4147 -0.1083, 4.0927 1.4116 -0.1083, 4.0978 1.4027 -0.1083, 4.0958 1.4075 -0.1083, 4.0838 1.4167 -0.1083, 4.0787 1.4173 -0.1083, 3.9213 1.4173 -0.1083, 3.9162 1.4167 -0.1083, 3.9042 1.4075 -0.1083, 3.9022 1.4027 -0.1083, 3.9073 1.4116 -0.1083, 3.9114 1.4147 -0.1083, 4.0787 1.4173 -0.2067, 3.9213 1.4173 -0.2067, 4.0984 0.8858 -0.2067, 3.9016 0.8858 -0.2067, 4.0984 1.3976 -0.2067, 3.9016 1.3976 -0.2067, 3.9114 1.4147 -0.2067, 3.9073 1.4116 -0.2067, 3.9022 1.4027 -0.2067, 3.9042 1.4075 -0.2067, 3.9162 1.4167 -0.2067, 4.0838 1.4167 -0.2067, 4.0958 1.4075 -0.2067, 4.0978 1.4027 -0.2067, 4.0927 1.4116 -0.2067, 4.0886 1.4147 -0.2067, 4.0984 0.8425 -0.201, 3.9016 0.8425 -0.201, 4.0984 0.8022 -0.1843, 3.9016 0.8022 -0.1843, 4.0984 0.7675 -0.1577, 3.9016 0.7675 -0.1577, 4.0984 0.7409 -0.123, 3.9016 0.7409 -0.123, 4.0984 0.7242 -0.0827, 3.9016 0.7242 -0.0827, 4.0984 0.7185 -0.0394, 3.9016 0.7185 -0.0394, 4.0984 0.8169 0.2362, 3.9016 0.8169 0.2362, 3.9016 0.8169 -0.0394, 4.0984 0.8169 -0.0394, 3.9016 0.8193 -0.0572, 4.0984 0.8193 -0.0572, 3.9016 0.8262 -0.0738, 4.0984 0.8262 -0.0738, 3.9016 0.8371 -0.0881, 4.0984 0.8371 -0.0881, 3.9016 0.8514 -0.099, 4.0984 0.8514 -0.099, 3.9016 0.868 -0.1059, 4.0984 0.868 -0.1059, 4.0984 0.868 -0.1059
            ]
        }
        coordIndex [
            0,1,2,-1,2,1,3,-1,2,3,4,-1,4,3,5,-1,4,5,6,-1,6,5,7,-1,6,7,8,-1,8,7,9,-1,8,9,10,-1,10,9,11,-1,10,11,12,-1,12,11,13,-1,12,13,14,-1,14,13,15,-1,14,15,16,-1,16,15,17,-1,18,19,20,-1,20,19,21,-1,20,21,22,-1,22,21,23,-1,24,25,26,-1,27,28,29,-1,30,31,32,-1,32,31,33,-1,32,33,29,-1,29,33,24,-1,29,24,27,-1,27,24,26,-1,31,30,34,-1,34,30,35,-1,34,35,36,-1,36,35,37,-1,36,37,38,-1,38,37,39,-1,38,39,40,-1,40,39,41,-1,40,41,42,-1,42,41,43,-1,44,45,46,-1,47,48,49,-1,42,43,49,-1,49,43,44,-1,49,44,47,-1,47,44,46,-1,50,51,52,-1,52,51,53,-1,52,53,54,-1,54,53,55,-1,22,23,56,-1,56,23,57,-1,56,57,58,-1,58,57,59,-1,58,59,60,-1,60,59,61,-1,60,61,55,-1,55,61,54,-1,62,63,64,-1,64,63,65,-1,64,65,66,-1,66,65,67,-1,66,67,68,-1,68,67,69,-1,68,69,70,-1,70,69,71,-1,70,71,72,-1,72,71,73,-1,72,73,74,-1,74,73,75,-1,74,75,76,-1,76,75,77,-1,76,77,78,-1,78,77,79,-1,78,79,80,-1,80,79,81,-1,80,81,51,-1,51,81,46,-1,51,46,53,-1,53,46,45,-1,28,27,20,-1,20,27,18,-1,82,83,84,-1,84,83,85,-1,19,26,21,-1,21,26,25,-1,86,87,88,-1,88,87,89,-1,88,89,90,-1,90,89,91,-1,90,91,92,-1,92,91,93,-1,92,93,94,-1,94,93,95,-1,94,95,96,-1,96,95,97,-1,96,97,98,-1,98,97,99,-1,98,99,100,-1,100,99,101,-1,100,101,102,-1,102,101,103,-1,84,104,82,-1,82,104,105,-1,101,3,103,-1,103,3,1,-1,103,1,85,-1,85,1,104,-1,85,104,84,-1,1,106,104,-1,104,106,107,-1,104,107,108,-1,108,107,109,-1,108,109,110,-1,89,15,13,-1,89,13,91,-1,91,13,11,-1,91,11,93,-1,93,11,9,-1,93,9,95,-1,95,9,7,-1,95,7,97,-1,97,7,5,-1,97,5,99,-1,99,5,3,-1,99,3,101,-1,111,77,112,-1,112,77,113,-1,114,115,116,-1,15,89,17,-1,17,89,117,-1,111,114,77,-1,77,114,116,-1,77,116,79,-1,79,116,118,-1,79,118,87,-1,87,118,89,-1,115,119,116,-1,116,119,120,-1,116,120,121,-1,118,122,123,-1,123,124,118,-1,118,124,125,-1,118,125,89,-1,89,125,126,-1,89,126,117,-1,65,127,128,-1,65,128,67,-1,67,128,129,-1,67,129,69,-1,69,129,130,-1,69,130,71,-1,71,130,131,-1,71,131,73,-1,73,131,132,-1,73,132,75,-1,75,132,113,-1,75,113,77,-1,133,134,63,-1,63,134,127,-1,63,127,65,-1,133,135,134,-1,134,135,136,-1,134,136,137,-1,138,139,140,-1,140,139,134,-1,140,134,141,-1,141,134,137,-1,142,143,135,-1,135,143,136,-1,144,143,145,-1,146,147,148,-1,64,149,62,-1,62,149,145,-1,62,145,150,-1,150,145,143,-1,150,143,142,-1,146,148,145,-1,145,148,151,-1,145,151,144,-1,76,152,74,-1,74,152,153,-1,74,153,72,-1,72,153,154,-1,72,154,70,-1,70,154,155,-1,70,155,68,-1,68,155,156,-1,68,156,66,-1,66,156,157,-1,66,157,64,-1,64,157,149,-1,158,88,16,-1,16,88,14,-1,159,160,161,-1,152,76,162,-1,162,76,163,-1,158,159,88,-1,88,159,161,-1,88,161,86,-1,86,161,164,-1,86,164,78,-1,78,164,76,-1,160,165,161,-1,161,165,166,-1,161,166,167,-1,164,168,169,-1,169,170,164,-1,164,170,171,-1,164,171,76,-1,76,171,172,-1,76,172,163,-1,100,2,98,-1,98,2,4,-1,98,4,96,-1,96,4,6,-1,96,6,94,-1,94,6,8,-1,94,8,92,-1,92,8,10,-1,92,10,90,-1,90,10,12,-1,90,12,88,-1,88,12,14,-1,2,100,102,-1,2,102,0,-1,0,102,83,-1,0,83,82,-1,82,105,0,-1,0,105,173,-1,0,173,174,-1,174,175,0,-1,0,175,176,-1,0,176,177,-1,142,135,150,-1,150,135,133,-1,162,112,152,-1,152,112,113,-1,152,113,153,-1,153,113,132,-1,153,132,154,-1,154,132,131,-1,154,131,155,-1,155,131,130,-1,155,130,156,-1,156,130,129,-1,156,129,157,-1,157,129,128,-1,157,128,149,-1,149,128,127,-1,149,127,145,-1,145,127,134,-1,18,27,19,-1,19,27,26,-1,79,87,178,-1,79,178,81,-1,81,178,47,-1,81,47,46,-1,51,50,80,-1,80,50,179,-1,80,179,78,-1,78,179,86,-1,52,48,50,-1,50,48,47,-1,50,47,179,-1,179,47,178,-1,179,178,86,-1,86,178,87,-1,180,181,182,-1,182,181,183,-1,102,103,184,-1,184,103,185,-1,184,185,186,-1,186,185,187,-1,186,187,52,-1,52,187,48,-1,48,187,188,-1,188,187,189,-1,188,189,190,-1,190,189,191,-1,25,181,21,-1,21,181,180,-1,181,25,183,-1,183,25,192,-1,183,192,193,-1,193,192,194,-1,193,194,195,-1,196,197,198,-1,196,198,191,-1,191,198,199,-1,191,199,190,-1,193,195,196,-1,196,195,200,-1,196,200,197,-1,57,23,201,-1,57,201,59,-1,59,201,202,-1,59,202,61,-1,61,202,203,-1,61,203,54,-1,54,203,52,-1,52,203,204,-1,52,204,186,-1,201,23,182,-1,182,23,21,-1,182,21,180,-1,186,204,184,-1,184,204,205,-1,184,205,102,-1,102,205,83,-1,103,85,206,-1,103,206,185,-1,185,206,189,-1,185,189,187,-1,182,183,201,-1,201,183,193,-1,201,193,202,-1,202,193,196,-1,202,196,203,-1,203,196,191,-1,203,191,204,-1,204,191,189,-1,204,189,205,-1,205,189,206,-1,205,206,83,-1,83,206,85,-1,192,25,207,-1,207,25,208,-1,207,208,209,-1,209,208,210,-1,209,210,188,-1,188,210,211,-1,188,211,48,-1,195,194,207,-1,195,207,200,-1,200,207,209,-1,200,209,197,-1,209,188,190,-1,190,199,209,-1,209,199,198,-1,209,198,197,-1,48,211,212,-1,212,211,213,-1,213,211,210,-1,213,210,214,-1,208,215,210,-1,210,215,216,-1,210,216,214,-1,215,208,25,-1,207,194,192,-1,33,217,24,-1,218,215,25,-1,215,218,216,-1,216,218,219,-1,216,219,214,-1,220,212,219,-1,219,212,213,-1,219,213,214,-1,220,48,212,-1,36,38,221,-1,38,40,221,-1,221,40,42,-1,221,42,49,-1,217,33,31,-1,217,31,221,-1,221,31,34,-1,221,34,36,-1,25,24,218,-1,218,24,217,-1,218,217,219,-1,219,217,221,-1,219,221,220,-1,220,221,49,-1,220,49,48,-1,222,223,224,-1,224,223,225,-1,53,45,226,-1,226,45,227,-1,226,227,228,-1,228,227,229,-1,228,229,62,-1,62,229,63,-1,230,231,232,-1,232,231,233,-1,232,233,45,-1,45,233,227,-1,224,225,20,-1,20,225,28,-1,234,28,225,-1,235,236,237,-1,237,236,234,-1,237,234,223,-1,223,234,225,-1,150,133,238,-1,238,133,239,-1,238,239,240,-1,240,239,233,-1,240,233,241,-1,241,233,231,-1,241,231,242,-1,242,231,243,-1,242,243,244,-1,244,243,237,-1,244,237,222,-1,222,237,223,-1,240,226,238,-1,238,226,228,-1,238,228,150,-1,150,228,62,-1,133,63,229,-1,133,229,239,-1,239,229,227,-1,239,227,233,-1,60,55,241,-1,60,241,58,-1,58,241,242,-1,58,242,56,-1,56,242,244,-1,56,244,22,-1,230,245,231,-1,231,245,246,-1,231,246,243,-1,243,246,247,-1,243,247,237,-1,237,247,248,-1,237,248,235,-1,241,55,240,-1,240,55,53,-1,240,53,226,-1,22,244,20,-1,20,244,222,-1,20,222,224,-1,28,234,249,-1,249,234,250,-1,249,250,251,-1,251,250,252,-1,251,252,253,-1,253,252,232,-1,253,232,45,-1,247,246,252,-1,250,236,235,-1,250,235,252,-1,252,235,248,-1,252,248,247,-1,246,245,252,-1,252,245,230,-1,252,230,232,-1,254,253,45,-1,255,249,256,-1,256,249,251,-1,256,251,257,-1,253,254,251,-1,251,254,258,-1,251,258,257,-1,28,249,255,-1,250,234,236,-1,29,28,259,-1,259,28,260,-1,259,260,261,-1,261,260,262,-1,261,262,44,-1,44,262,263,-1,44,263,45,-1,29,259,32,-1,260,28,255,-1,254,263,258,-1,258,263,262,-1,258,262,257,-1,260,255,262,-1,262,255,256,-1,262,256,257,-1,263,254,45,-1,30,32,259,-1,30,259,35,-1,35,259,261,-1,35,261,37,-1,261,44,43,-1,43,41,261,-1,261,41,39,-1,261,39,37,-1,264,164,265,-1,265,164,161,-1,266,267,268,-1,268,267,269,-1,268,269,270,-1,270,269,271,-1,270,271,272,-1,272,271,273,-1,272,273,274,-1,274,273,275,-1,270,276,268,-1,268,276,277,-1,268,277,278,-1,278,277,279,-1,278,279,280,-1,280,279,281,-1,282,283,270,-1,270,283,276,-1,284,285,286,-1,286,285,287,-1,286,287,283,-1,283,287,288,-1,283,288,289,-1,289,288,290,-1,289,290,291,-1,291,290,292,-1,283,282,286,-1,286,282,293,-1,286,293,294,-1,294,293,295,-1,294,295,296,-1,296,295,297,-1,298,299,300,-1,298,300,301,-1,301,300,302,-1,301,302,303,-1,303,302,304,-1,303,304,305,-1,305,304,306,-1,305,306,307,-1,307,306,308,-1,307,308,309,-1,309,308,285,-1,309,285,284,-1,298,264,299,-1,299,264,265,-1,310,118,311,-1,311,118,116,-1,311,312,310,-1,310,312,313,-1,267,266,314,-1,314,266,315,-1,314,315,316,-1,316,315,317,-1,316,317,318,-1,318,317,319,-1,318,319,320,-1,320,319,321,-1,320,321,322,-1,322,321,323,-1,322,323,312,-1,312,323,313,-1,312,311,121,-1,121,311,116,-1,164,264,168,-1,168,264,298,-1,121,168,312,-1,312,168,298,-1,312,298,322,-1,322,298,301,-1,322,301,320,-1,320,301,303,-1,320,303,318,-1,318,303,305,-1,318,305,316,-1,316,305,307,-1,316,307,314,-1,314,307,309,-1,314,309,267,-1,267,309,284,-1,267,284,269,-1,269,284,286,-1,118,310,122,-1,122,310,313,-1,299,265,167,-1,167,265,161,-1,268,287,266,-1,266,287,285,-1,266,285,315,-1,315,285,308,-1,315,308,317,-1,317,308,306,-1,317,306,319,-1,319,306,304,-1,319,304,321,-1,321,304,302,-1,321,302,323,-1,323,302,300,-1,323,300,313,-1,313,300,299,-1,313,299,122,-1,122,299,167,-1,136,143,144,-1,136,144,137,-1,137,144,151,-1,137,151,141,-1,141,151,148,-1,141,148,140,-1,140,148,147,-1,140,147,138,-1,138,147,146,-1,138,146,139,-1,139,146,145,-1,139,145,134,-1,105,104,108,-1,105,108,173,-1,173,108,110,-1,173,110,174,-1,174,110,109,-1,174,109,175,-1,175,109,107,-1,175,107,176,-1,176,107,106,-1,176,106,177,-1,177,106,1,-1,177,1,0,-1,16,17,158,-1,158,17,117,-1,158,117,159,-1,159,117,126,-1,159,126,160,-1,160,126,125,-1,160,125,165,-1,165,125,124,-1,165,124,166,-1,166,124,123,-1,166,123,167,-1,167,123,122,-1,112,162,111,-1,111,162,163,-1,111,163,114,-1,114,163,172,-1,114,172,115,-1,115,172,171,-1,115,171,119,-1,119,171,170,-1,119,170,120,-1,120,170,169,-1,120,169,121,-1,121,169,168,-1,276,283,289,-1,276,289,277,-1,277,289,291,-1,277,291,279,-1,279,291,292,-1,279,292,281,-1,281,292,290,-1,281,290,280,-1,280,290,288,-1,280,288,278,-1,278,288,287,-1,278,287,268,-1,282,270,272,-1,282,272,293,-1,293,272,274,-1,293,274,295,-1,295,274,275,-1,295,275,297,-1,297,275,273,-1,297,273,296,-1,296,273,271,-1,296,271,294,-1,294,271,269,-1,294,269,286,-1,324,325,326,-1,326,325,327,-1,326,327,328,-1,328,327,329,-1,328,329,330,-1,330,329,331,-1,330,331,332,-1,332,331,333,-1,332,333,334,-1,334,333,335,-1,334,335,336,-1,336,335,337,-1,336,337,338,-1,338,337,339,-1,338,339,340,-1,340,339,341,-1,342,343,344,-1,344,343,345,-1,344,345,346,-1,346,345,347,-1,348,349,350,-1,351,352,353,-1,354,355,356,-1,356,355,357,-1,356,357,353,-1,353,357,348,-1,353,348,351,-1,351,348,350,-1,355,354,358,-1,358,354,359,-1,358,359,360,-1,360,359,361,-1,360,361,362,-1,362,361,363,-1,362,363,364,-1,364,363,365,-1,364,365,366,-1,366,365,367,-1,368,369,370,-1,371,372,373,-1,366,367,373,-1,373,367,368,-1,373,368,371,-1,371,368,370,-1,374,375,376,-1,376,375,377,-1,376,377,378,-1,378,377,379,-1,346,347,380,-1,380,347,381,-1,380,381,382,-1,382,381,383,-1,382,383,384,-1,384,383,385,-1,384,385,379,-1,379,385,378,-1,386,387,388,-1,388,387,389,-1,388,389,390,-1,390,389,391,-1,390,391,392,-1,392,391,393,-1,392,393,394,-1,394,393,395,-1,394,395,396,-1,396,395,397,-1,396,397,398,-1,398,397,399,-1,398,399,400,-1,400,399,401,-1,400,401,402,-1,402,401,403,-1,402,403,404,-1,404,403,405,-1,404,405,375,-1,375,405,370,-1,375,370,377,-1,377,370,369,-1,352,351,344,-1,344,351,342,-1,406,407,408,-1,408,407,409,-1,343,350,345,-1,345,350,349,-1,410,411,412,-1,412,411,413,-1,412,413,414,-1,414,413,415,-1,414,415,416,-1,416,415,417,-1,416,417,418,-1,418,417,419,-1,418,419,420,-1,420,419,421,-1,420,421,422,-1,422,421,423,-1,422,423,424,-1,424,423,425,-1,424,425,426,-1,426,425,427,-1,408,428,406,-1,406,428,429,-1,428,408,409,-1,425,327,427,-1,427,327,325,-1,430,428,325,-1,325,428,409,-1,325,409,427,-1,430,431,428,-1,428,431,432,-1,428,432,433,-1,433,432,434,-1,413,339,337,-1,413,337,415,-1,415,337,335,-1,415,335,417,-1,417,335,333,-1,417,333,419,-1,419,333,331,-1,419,331,421,-1,421,331,329,-1,421,329,423,-1,423,329,327,-1,423,327,425,-1,435,401,436,-1,436,401,437,-1,438,439,440,-1,441,442,443,-1,435,438,401,-1,401,438,440,-1,401,440,403,-1,403,440,441,-1,403,441,411,-1,411,441,413,-1,439,444,440,-1,440,444,445,-1,440,445,446,-1,339,413,341,-1,341,413,447,-1,443,448,441,-1,441,448,449,-1,441,449,413,-1,413,449,450,-1,413,450,447,-1,389,451,452,-1,389,452,391,-1,391,452,453,-1,391,453,393,-1,393,453,454,-1,393,454,395,-1,395,454,455,-1,395,455,397,-1,397,455,456,-1,397,456,399,-1,399,456,437,-1,399,437,401,-1,457,458,387,-1,387,458,451,-1,387,451,389,-1,457,459,458,-1,458,459,460,-1,458,460,461,-1,462,463,464,-1,461,460,464,-1,464,460,465,-1,464,465,462,-1,466,467,459,-1,459,467,460,-1,388,468,386,-1,386,468,469,-1,386,469,470,-1,470,469,467,-1,470,467,466,-1,471,469,472,-1,472,469,473,-1,471,474,469,-1,469,474,475,-1,469,475,467,-1,400,476,398,-1,398,476,477,-1,398,477,396,-1,396,477,478,-1,396,478,394,-1,394,478,479,-1,394,479,392,-1,392,479,480,-1,392,480,390,-1,390,480,481,-1,390,481,388,-1,388,481,468,-1,482,412,340,-1,340,412,338,-1,483,484,485,-1,486,487,488,-1,482,483,412,-1,412,483,485,-1,412,485,410,-1,410,485,486,-1,410,486,402,-1,402,486,400,-1,484,489,485,-1,485,489,490,-1,485,490,491,-1,476,400,492,-1,492,400,493,-1,488,494,486,-1,486,494,495,-1,486,495,400,-1,400,495,496,-1,400,496,493,-1,424,326,422,-1,422,326,328,-1,422,328,420,-1,420,328,330,-1,420,330,418,-1,418,330,332,-1,418,332,416,-1,416,332,334,-1,416,334,414,-1,414,334,336,-1,414,336,412,-1,412,336,338,-1,326,424,426,-1,326,426,324,-1,324,426,407,-1,324,407,406,-1,497,498,499,-1,499,498,500,-1,406,429,324,-1,324,429,498,-1,324,498,501,-1,501,498,497,-1,466,459,470,-1,470,459,457,-1,492,436,476,-1,476,436,437,-1,476,437,477,-1,477,437,456,-1,477,456,478,-1,478,456,455,-1,478,455,479,-1,479,455,454,-1,479,454,480,-1,480,454,453,-1,480,453,481,-1,481,453,452,-1,481,452,468,-1,468,452,451,-1,468,451,469,-1,469,451,458,-1,342,351,343,-1,343,351,350,-1,403,411,502,-1,403,502,405,-1,405,502,371,-1,405,371,370,-1,375,374,404,-1,404,374,503,-1,404,503,402,-1,402,503,410,-1,376,372,374,-1,374,372,371,-1,374,371,503,-1,503,371,502,-1,503,502,410,-1,410,502,411,-1,504,505,506,-1,506,505,507,-1,426,427,508,-1,508,427,509,-1,508,509,510,-1,510,509,511,-1,510,511,376,-1,376,511,372,-1,372,511,512,-1,512,511,513,-1,512,513,514,-1,514,513,515,-1,349,505,345,-1,345,505,504,-1,505,349,507,-1,507,349,516,-1,507,516,517,-1,517,516,518,-1,517,518,519,-1,520,521,522,-1,520,522,515,-1,515,522,523,-1,515,523,514,-1,517,519,520,-1,520,519,524,-1,520,524,521,-1,381,347,525,-1,381,525,383,-1,383,525,526,-1,383,526,385,-1,385,526,527,-1,385,527,378,-1,378,527,376,-1,376,527,528,-1,376,528,510,-1,525,347,506,-1,506,347,345,-1,506,345,504,-1,510,528,508,-1,508,528,529,-1,508,529,426,-1,426,529,407,-1,427,409,530,-1,427,530,509,-1,509,530,513,-1,509,513,511,-1,506,507,525,-1,525,507,517,-1,525,517,526,-1,526,517,520,-1,526,520,527,-1,527,520,515,-1,527,515,528,-1,528,515,513,-1,528,513,529,-1,529,513,530,-1,529,530,407,-1,407,530,409,-1,516,349,531,-1,531,349,532,-1,531,532,533,-1,533,532,534,-1,533,534,512,-1,512,534,535,-1,512,535,372,-1,519,518,531,-1,519,531,524,-1,524,531,533,-1,524,533,521,-1,533,512,514,-1,514,523,533,-1,533,523,522,-1,533,522,521,-1,372,535,536,-1,536,535,537,-1,537,535,534,-1,537,534,538,-1,532,539,534,-1,534,539,540,-1,534,540,538,-1,539,532,349,-1,531,518,516,-1,357,541,348,-1,542,539,349,-1,539,542,540,-1,540,542,543,-1,540,543,538,-1,544,536,543,-1,543,536,537,-1,543,537,538,-1,544,372,536,-1,360,362,545,-1,362,364,545,-1,545,364,366,-1,545,366,373,-1,541,357,355,-1,541,355,545,-1,545,355,358,-1,545,358,360,-1,349,348,542,-1,542,348,541,-1,542,541,543,-1,543,541,545,-1,543,545,544,-1,544,545,373,-1,544,373,372,-1,546,547,548,-1,548,547,549,-1,377,369,550,-1,550,369,551,-1,550,551,552,-1,552,551,553,-1,552,553,386,-1,386,553,387,-1,554,555,556,-1,556,555,557,-1,556,557,369,-1,369,557,551,-1,548,549,344,-1,344,549,352,-1,558,352,549,-1,559,560,561,-1,561,560,558,-1,561,558,547,-1,547,558,549,-1,470,457,562,-1,562,457,563,-1,562,563,564,-1,564,563,557,-1,564,557,565,-1,565,557,555,-1,565,555,566,-1,566,555,567,-1,566,567,568,-1,568,567,561,-1,568,561,546,-1,546,561,547,-1,564,550,562,-1,562,550,552,-1,562,552,470,-1,470,552,386,-1,457,387,553,-1,457,553,563,-1,563,553,551,-1,563,551,557,-1,384,379,565,-1,384,565,382,-1,382,565,566,-1,382,566,380,-1,380,566,568,-1,380,568,346,-1,554,569,555,-1,555,569,570,-1,555,570,567,-1,567,570,571,-1,567,571,561,-1,561,571,572,-1,561,572,559,-1,565,379,564,-1,564,379,377,-1,564,377,550,-1,346,568,344,-1,344,568,546,-1,344,546,548,-1,352,558,573,-1,573,558,574,-1,573,574,575,-1,575,574,576,-1,575,576,577,-1,577,576,556,-1,577,556,369,-1,571,570,576,-1,574,560,559,-1,574,559,576,-1,576,559,572,-1,576,572,571,-1,570,569,576,-1,576,569,554,-1,576,554,556,-1,578,577,369,-1,579,573,580,-1,580,573,575,-1,580,575,581,-1,577,578,575,-1,575,578,582,-1,575,582,581,-1,352,573,579,-1,574,558,560,-1,353,352,583,-1,583,352,584,-1,583,584,585,-1,585,584,586,-1,585,586,368,-1,368,586,587,-1,368,587,369,-1,353,583,356,-1,584,352,579,-1,578,587,582,-1,582,587,586,-1,582,586,581,-1,584,579,586,-1,586,579,580,-1,586,580,581,-1,587,578,369,-1,354,356,583,-1,354,583,359,-1,359,583,585,-1,359,585,361,-1,585,368,367,-1,367,365,585,-1,585,365,363,-1,585,363,361,-1,588,486,589,-1,589,486,485,-1,590,591,592,-1,592,591,593,-1,594,595,596,-1,593,597,592,-1,592,597,598,-1,592,598,599,-1,600,601,602,-1,593,603,597,-1,597,603,594,-1,597,594,604,-1,604,594,596,-1,599,598,602,-1,602,598,605,-1,602,605,600,-1,606,607,597,-1,597,607,598,-1,608,609,610,-1,610,609,611,-1,612,613,614,-1,611,607,610,-1,610,607,606,-1,610,606,615,-1,616,617,618,-1,611,619,607,-1,607,619,612,-1,607,612,620,-1,620,612,614,-1,615,606,618,-1,618,606,621,-1,618,621,616,-1,622,623,624,-1,622,624,625,-1,625,624,626,-1,625,626,627,-1,627,626,628,-1,627,628,629,-1,629,628,630,-1,629,630,631,-1,631,630,632,-1,631,632,633,-1,633,632,609,-1,633,609,608,-1,622,588,623,-1,623,588,589,-1,634,441,635,-1,635,441,440,-1,635,636,634,-1,634,636,637,-1,591,590,638,-1,638,590,639,-1,638,639,640,-1,640,639,641,-1,640,641,642,-1,642,641,643,-1,642,643,644,-1,644,643,645,-1,644,645,646,-1,646,645,647,-1,646,647,636,-1,636,647,637,-1,636,635,446,-1,446,635,440,-1,486,588,487,-1,487,588,622,-1,446,487,636,-1,636,487,622,-1,636,622,646,-1,646,622,625,-1,646,625,644,-1,644,625,627,-1,644,627,642,-1,642,627,629,-1,642,629,640,-1,640,629,631,-1,640,631,638,-1,638,631,633,-1,638,633,591,-1,591,633,608,-1,591,608,593,-1,593,608,610,-1,441,634,442,-1,442,634,637,-1,623,589,491,-1,491,589,485,-1,592,611,590,-1,590,611,609,-1,590,609,639,-1,639,609,632,-1,639,632,641,-1,641,632,630,-1,641,630,643,-1,643,630,628,-1,643,628,645,-1,645,628,626,-1,645,626,647,-1,647,626,624,-1,647,624,637,-1,637,624,623,-1,637,623,442,-1,442,623,491,-1,460,467,475,-1,460,475,465,-1,465,475,474,-1,465,474,462,-1,462,474,471,-1,462,471,463,-1,463,471,472,-1,463,472,464,-1,464,472,473,-1,464,473,461,-1,461,473,469,-1,461,469,458,-1,429,428,433,-1,429,433,498,-1,498,433,434,-1,498,434,500,-1,500,434,432,-1,500,432,499,-1,499,432,431,-1,499,431,497,-1,497,431,430,-1,497,430,501,-1,501,430,325,-1,501,325,324,-1,340,341,482,-1,482,341,447,-1,482,447,483,-1,483,447,450,-1,483,450,484,-1,484,450,449,-1,484,449,489,-1,489,449,448,-1,489,448,490,-1,490,448,443,-1,490,443,491,-1,491,443,442,-1,436,492,435,-1,435,492,493,-1,435,493,438,-1,438,493,496,-1,438,496,439,-1,439,496,495,-1,439,495,444,-1,444,495,494,-1,444,494,445,-1,445,494,488,-1,445,488,446,-1,446,488,487,-1,598,607,620,-1,598,620,605,-1,605,620,614,-1,605,614,600,-1,600,614,613,-1,600,613,601,-1,601,613,612,-1,601,612,602,-1,602,612,619,-1,602,619,599,-1,599,619,611,-1,599,611,592,-1,606,597,604,-1,606,604,621,-1,621,604,596,-1,621,596,616,-1,616,596,595,-1,616,595,617,-1,617,595,594,-1,617,594,618,-1,618,594,603,-1,618,603,615,-1,615,603,593,-1,615,593,610,-1,648,649,650,-1,650,649,651,-1,650,651,652,-1,652,651,653,-1,652,653,654,-1,654,653,655,-1,654,655,656,-1,656,655,657,-1,656,657,658,-1,658,657,659,-1,658,659,660,-1,660,659,661,-1,660,661,662,-1,662,661,663,-1,662,663,664,-1,664,663,665,-1,666,667,668,-1,668,667,669,-1,668,669,670,-1,670,669,671,-1,672,673,674,-1,675,676,677,-1,678,679,680,-1,680,679,681,-1,680,681,677,-1,677,681,672,-1,677,672,675,-1,675,672,674,-1,679,678,682,-1,682,678,683,-1,682,683,684,-1,684,683,685,-1,684,685,686,-1,686,685,687,-1,686,687,688,-1,688,687,689,-1,688,689,690,-1,690,689,691,-1,692,693,694,-1,695,696,697,-1,690,691,697,-1,697,691,692,-1,697,692,695,-1,695,692,694,-1,698,699,700,-1,700,699,701,-1,700,701,702,-1,702,701,703,-1,670,671,704,-1,704,671,705,-1,704,705,706,-1,706,705,707,-1,706,707,708,-1,708,707,709,-1,708,709,703,-1,703,709,702,-1,710,711,712,-1,712,711,713,-1,712,713,714,-1,714,713,715,-1,714,715,716,-1,716,715,717,-1,716,717,718,-1,718,717,719,-1,718,719,720,-1,720,719,721,-1,720,721,722,-1,722,721,723,-1,722,723,724,-1,724,723,725,-1,724,725,726,-1,726,725,727,-1,726,727,728,-1,728,727,729,-1,728,729,699,-1,699,729,694,-1,699,694,701,-1,701,694,693,-1,676,675,668,-1,668,675,666,-1,730,731,732,-1,732,731,733,-1,667,674,669,-1,669,674,673,-1,734,735,736,-1,736,735,737,-1,736,737,738,-1,738,737,739,-1,738,739,740,-1,740,739,741,-1,740,741,742,-1,742,741,743,-1,742,743,744,-1,744,743,745,-1,744,745,746,-1,746,745,747,-1,746,747,748,-1,748,747,749,-1,748,749,750,-1,750,749,751,-1,732,752,730,-1,730,752,753,-1,752,732,733,-1,749,651,751,-1,751,651,649,-1,754,752,649,-1,649,752,733,-1,649,733,751,-1,754,755,752,-1,752,755,756,-1,752,756,757,-1,757,756,758,-1,737,663,661,-1,737,661,739,-1,739,661,659,-1,739,659,741,-1,741,659,657,-1,741,657,743,-1,743,657,655,-1,743,655,745,-1,745,655,653,-1,745,653,747,-1,747,653,651,-1,747,651,749,-1,759,725,760,-1,760,725,761,-1,762,763,764,-1,765,766,767,-1,759,762,725,-1,725,762,764,-1,725,764,727,-1,727,764,765,-1,727,765,735,-1,735,765,737,-1,763,768,764,-1,764,768,769,-1,764,769,770,-1,663,737,665,-1,665,737,771,-1,767,772,765,-1,765,772,773,-1,765,773,737,-1,737,773,774,-1,737,774,771,-1,713,775,776,-1,713,776,715,-1,715,776,777,-1,715,777,717,-1,717,777,778,-1,717,778,719,-1,719,778,779,-1,719,779,721,-1,721,779,780,-1,721,780,723,-1,723,780,761,-1,723,761,725,-1,781,782,711,-1,711,782,775,-1,711,775,713,-1,781,783,782,-1,782,783,784,-1,782,784,785,-1,786,787,788,-1,785,784,788,-1,788,784,789,-1,788,789,786,-1,790,791,783,-1,783,791,784,-1,712,792,710,-1,710,792,793,-1,710,793,794,-1,794,793,791,-1,794,791,790,-1,795,793,796,-1,796,793,797,-1,795,798,793,-1,793,798,799,-1,793,799,791,-1,724,800,722,-1,722,800,801,-1,722,801,720,-1,720,801,802,-1,720,802,718,-1,718,802,803,-1,718,803,716,-1,716,803,804,-1,716,804,714,-1,714,804,805,-1,714,805,712,-1,712,805,792,-1,806,807,808,-1,808,807,809,-1,810,811,812,-1,736,662,664,-1,736,807,734,-1,734,807,810,-1,734,810,726,-1,726,810,724,-1,800,724,813,-1,813,724,814,-1,664,815,736,-1,736,815,816,-1,736,816,807,-1,807,816,817,-1,807,817,809,-1,812,818,810,-1,810,818,819,-1,810,819,724,-1,724,819,820,-1,724,820,814,-1,748,650,746,-1,746,650,652,-1,746,652,744,-1,744,652,654,-1,744,654,742,-1,742,654,656,-1,742,656,740,-1,740,656,658,-1,740,658,738,-1,738,658,660,-1,738,660,736,-1,736,660,662,-1,650,748,750,-1,650,750,648,-1,648,750,731,-1,648,731,730,-1,821,822,823,-1,823,822,824,-1,730,753,648,-1,648,753,822,-1,648,822,825,-1,825,822,821,-1,790,783,794,-1,794,783,781,-1,813,760,800,-1,800,760,761,-1,800,761,801,-1,801,761,780,-1,801,780,802,-1,802,780,779,-1,802,779,803,-1,803,779,778,-1,803,778,804,-1,804,778,777,-1,804,777,805,-1,805,777,776,-1,805,776,792,-1,792,776,775,-1,792,775,793,-1,793,775,782,-1,666,675,667,-1,667,675,674,-1,727,735,826,-1,727,826,729,-1,729,826,695,-1,729,695,694,-1,699,698,728,-1,728,698,827,-1,728,827,726,-1,726,827,734,-1,700,696,698,-1,698,696,695,-1,698,695,827,-1,827,695,826,-1,827,826,734,-1,734,826,735,-1,828,829,830,-1,830,829,831,-1,750,751,832,-1,832,751,833,-1,832,833,834,-1,834,833,835,-1,834,835,700,-1,700,835,696,-1,696,835,836,-1,836,835,837,-1,836,837,838,-1,838,837,839,-1,673,829,669,-1,669,829,828,-1,829,673,831,-1,831,673,840,-1,831,840,841,-1,841,840,842,-1,841,842,843,-1,844,845,846,-1,844,846,839,-1,839,846,847,-1,839,847,838,-1,841,843,844,-1,844,843,848,-1,844,848,845,-1,705,671,849,-1,705,849,707,-1,707,849,850,-1,707,850,709,-1,709,850,851,-1,709,851,702,-1,702,851,700,-1,700,851,852,-1,700,852,834,-1,849,671,830,-1,830,671,669,-1,830,669,828,-1,834,852,832,-1,832,852,853,-1,832,853,750,-1,750,853,731,-1,751,733,854,-1,751,854,833,-1,833,854,837,-1,833,837,835,-1,830,831,849,-1,849,831,841,-1,849,841,850,-1,850,841,844,-1,850,844,851,-1,851,844,839,-1,851,839,852,-1,852,839,837,-1,852,837,853,-1,853,837,854,-1,853,854,731,-1,731,854,733,-1,840,673,855,-1,855,673,856,-1,855,856,857,-1,857,856,858,-1,857,858,836,-1,836,858,859,-1,836,859,696,-1,843,842,855,-1,843,855,848,-1,848,855,857,-1,848,857,845,-1,857,836,838,-1,838,847,857,-1,857,847,846,-1,857,846,845,-1,696,859,860,-1,860,859,861,-1,861,859,858,-1,861,858,862,-1,856,863,858,-1,858,863,864,-1,858,864,862,-1,863,856,673,-1,855,842,840,-1,681,865,672,-1,866,863,673,-1,863,866,864,-1,864,866,867,-1,864,867,862,-1,868,860,867,-1,867,860,861,-1,867,861,862,-1,868,696,860,-1,684,686,869,-1,686,688,869,-1,869,688,690,-1,869,690,697,-1,865,681,679,-1,865,679,869,-1,869,679,682,-1,869,682,684,-1,673,672,866,-1,866,672,865,-1,866,865,867,-1,867,865,869,-1,867,869,868,-1,868,869,697,-1,868,697,696,-1,870,871,872,-1,872,871,873,-1,701,693,874,-1,874,693,875,-1,874,875,876,-1,876,875,877,-1,876,877,710,-1,710,877,711,-1,878,879,880,-1,880,879,881,-1,880,881,693,-1,693,881,875,-1,872,873,668,-1,668,873,676,-1,882,676,873,-1,883,884,885,-1,885,884,882,-1,885,882,871,-1,871,882,873,-1,794,781,886,-1,886,781,887,-1,886,887,888,-1,888,887,881,-1,888,881,889,-1,889,881,879,-1,889,879,890,-1,890,879,891,-1,890,891,892,-1,892,891,885,-1,892,885,870,-1,870,885,871,-1,888,874,886,-1,886,874,876,-1,886,876,794,-1,794,876,710,-1,781,711,877,-1,781,877,887,-1,887,877,875,-1,887,875,881,-1,708,703,889,-1,708,889,706,-1,706,889,890,-1,706,890,704,-1,704,890,892,-1,704,892,670,-1,878,893,879,-1,879,893,894,-1,879,894,891,-1,891,894,895,-1,891,895,885,-1,885,895,896,-1,885,896,883,-1,889,703,888,-1,888,703,701,-1,888,701,874,-1,670,892,668,-1,668,892,870,-1,668,870,872,-1,676,882,897,-1,897,882,898,-1,897,898,899,-1,899,898,900,-1,899,900,901,-1,901,900,880,-1,901,880,693,-1,895,894,900,-1,898,884,883,-1,898,883,900,-1,900,883,896,-1,900,896,895,-1,894,893,900,-1,900,893,878,-1,900,878,880,-1,902,901,693,-1,903,897,904,-1,904,897,899,-1,904,899,905,-1,901,902,899,-1,899,902,906,-1,899,906,905,-1,676,897,903,-1,898,882,884,-1,677,676,907,-1,907,676,908,-1,907,908,909,-1,909,908,910,-1,909,910,692,-1,692,910,911,-1,692,911,693,-1,677,907,680,-1,908,676,903,-1,902,911,906,-1,906,911,910,-1,906,910,905,-1,908,903,910,-1,910,903,904,-1,910,904,905,-1,911,902,693,-1,678,680,907,-1,678,907,683,-1,683,907,909,-1,683,909,685,-1,909,692,691,-1,691,689,909,-1,909,689,687,-1,909,687,685,-1,912,810,913,-1,913,810,807,-1,914,915,916,-1,916,915,917,-1,918,919,920,-1,917,921,922,-1,922,921,918,-1,922,918,923,-1,923,918,920,-1,917,922,916,-1,916,922,924,-1,916,924,925,-1,926,927,928,-1,928,927,916,-1,928,916,929,-1,929,916,925,-1,930,931,922,-1,922,931,924,-1,932,933,930,-1,934,935,933,-1,933,935,936,-1,937,938,939,-1,940,941,942,-1,930,933,931,-1,931,933,936,-1,931,936,943,-1,932,930,939,-1,939,930,944,-1,939,944,937,-1,940,942,936,-1,936,942,945,-1,936,945,943,-1,946,947,948,-1,946,948,949,-1,949,948,950,-1,949,950,951,-1,951,950,952,-1,951,952,953,-1,953,952,954,-1,953,954,955,-1,955,954,956,-1,955,956,957,-1,957,956,935,-1,957,935,934,-1,946,912,947,-1,947,912,913,-1,958,765,959,-1,959,765,764,-1,959,960,958,-1,958,960,961,-1,915,914,962,-1,962,914,963,-1,962,963,964,-1,964,963,965,-1,964,965,966,-1,966,965,967,-1,966,967,968,-1,968,967,969,-1,968,969,970,-1,970,969,971,-1,970,971,960,-1,960,971,961,-1,960,959,770,-1,770,959,764,-1,810,912,811,-1,811,912,946,-1,770,811,960,-1,960,811,946,-1,960,946,970,-1,970,946,949,-1,970,949,968,-1,968,949,951,-1,968,951,966,-1,966,951,953,-1,966,953,964,-1,964,953,955,-1,964,955,962,-1,962,955,957,-1,962,957,915,-1,915,957,934,-1,915,934,917,-1,917,934,933,-1,765,958,766,-1,766,958,961,-1,947,913,806,-1,806,913,807,-1,916,936,914,-1,914,936,935,-1,914,935,963,-1,963,935,956,-1,963,956,965,-1,965,956,954,-1,965,954,967,-1,967,954,952,-1,967,952,969,-1,969,952,950,-1,969,950,971,-1,971,950,948,-1,971,948,961,-1,961,948,947,-1,961,947,766,-1,766,947,806,-1,784,791,799,-1,784,799,789,-1,789,799,798,-1,789,798,786,-1,786,798,795,-1,786,795,787,-1,787,795,796,-1,787,796,788,-1,788,796,797,-1,788,797,785,-1,785,797,793,-1,785,793,782,-1,753,752,757,-1,753,757,822,-1,822,757,758,-1,822,758,824,-1,824,758,756,-1,824,756,823,-1,823,756,755,-1,823,755,821,-1,821,755,754,-1,821,754,825,-1,825,754,649,-1,825,649,648,-1,664,665,815,-1,815,665,771,-1,815,771,816,-1,816,771,774,-1,816,774,817,-1,817,774,773,-1,817,773,809,-1,809,773,772,-1,809,772,808,-1,808,772,767,-1,808,767,806,-1,806,767,766,-1,760,813,759,-1,759,813,814,-1,759,814,762,-1,762,814,820,-1,762,820,763,-1,763,820,819,-1,763,819,768,-1,768,819,818,-1,768,818,769,-1,769,818,812,-1,769,812,770,-1,770,812,811,-1,924,931,943,-1,924,943,925,-1,925,943,945,-1,925,945,929,-1,929,945,942,-1,929,942,928,-1,928,942,941,-1,928,941,926,-1,926,941,940,-1,926,940,927,-1,927,940,936,-1,927,936,916,-1,930,922,923,-1,930,923,944,-1,944,923,920,-1,944,920,937,-1,937,920,919,-1,937,919,938,-1,938,919,918,-1,938,918,939,-1,939,918,921,-1,939,921,932,-1,932,921,917,-1,932,917,933,-1,972,973,974,-1,974,973,975,-1,974,975,976,-1,976,975,977,-1,976,977,978,-1,978,977,979,-1,978,979,980,-1,980,979,981,-1,980,981,982,-1,982,981,983,-1,982,983,984,-1,984,983,985,-1,984,985,986,-1,986,985,987,-1,986,987,988,-1,988,987,989,-1,990,991,992,-1,992,991,993,-1,992,993,994,-1,994,993,995,-1,996,997,998,-1,999,1000,1001,-1,1002,1003,1004,-1,1004,1003,1005,-1,1004,1005,1001,-1,1001,1005,996,-1,1001,996,999,-1,999,996,998,-1,1003,1002,1006,-1,1006,1002,1007,-1,1006,1007,1008,-1,1008,1007,1009,-1,1008,1009,1010,-1,1010,1009,1011,-1,1010,1011,1012,-1,1012,1011,1013,-1,1012,1013,1014,-1,1014,1013,1015,-1,1016,1017,1018,-1,1019,1020,1021,-1,1014,1015,1021,-1,1021,1015,1016,-1,1021,1016,1019,-1,1019,1016,1018,-1,1022,1023,1024,-1,1024,1023,1025,-1,1024,1025,1026,-1,1026,1025,1027,-1,994,995,1028,-1,1028,995,1029,-1,1028,1029,1030,-1,1030,1029,1031,-1,1030,1031,1032,-1,1032,1031,1033,-1,1032,1033,1027,-1,1027,1033,1026,-1,1034,1035,1036,-1,1036,1035,1037,-1,1036,1037,1038,-1,1038,1037,1039,-1,1038,1039,1040,-1,1040,1039,1041,-1,1040,1041,1042,-1,1042,1041,1043,-1,1042,1043,1044,-1,1044,1043,1045,-1,1044,1045,1046,-1,1046,1045,1047,-1,1046,1047,1048,-1,1048,1047,1049,-1,1048,1049,1050,-1,1050,1049,1051,-1,1050,1051,1052,-1,1052,1051,1053,-1,1052,1053,1023,-1,1023,1053,1018,-1,1023,1018,1025,-1,1025,1018,1017,-1,1000,999,992,-1,992,999,990,-1,1054,1055,1056,-1,1056,1055,1057,-1,991,998,993,-1,993,998,997,-1,1058,1059,1060,-1,1060,1059,1061,-1,1060,1061,1062,-1,1062,1061,1063,-1,1062,1063,1064,-1,1064,1063,1065,-1,1064,1065,1066,-1,1066,1065,1067,-1,1066,1067,1068,-1,1068,1067,1069,-1,1068,1069,1070,-1,1070,1069,1071,-1,1070,1071,1072,-1,1072,1071,1073,-1,1072,1073,1074,-1,1074,1073,1075,-1,1056,1076,1054,-1,1054,1076,1077,-1,1073,975,1075,-1,1075,975,973,-1,1075,973,1057,-1,1057,973,1076,-1,1057,1076,1056,-1,973,1078,1076,-1,1076,1078,1079,-1,1076,1079,1080,-1,1080,1079,1081,-1,1080,1081,1082,-1,1061,987,985,-1,1061,985,1063,-1,1063,985,983,-1,1063,983,1065,-1,1065,983,981,-1,1065,981,1067,-1,1067,981,979,-1,1067,979,1069,-1,1069,979,977,-1,1069,977,1071,-1,1071,977,975,-1,1071,975,1073,-1,1083,1084,1085,-1,1085,1084,1086,-1,1049,1087,1088,-1,1049,1084,1051,-1,1051,1084,1089,-1,1051,1089,1059,-1,1059,1089,1061,-1,1089,1090,1091,-1,987,1061,989,-1,989,1061,1092,-1,1088,1093,1049,-1,1049,1093,1094,-1,1049,1094,1084,-1,1084,1094,1095,-1,1084,1095,1086,-1,1091,1096,1089,-1,1089,1096,1097,-1,1089,1097,1061,-1,1061,1097,1098,-1,1061,1098,1092,-1,1037,1099,1100,-1,1037,1100,1039,-1,1039,1100,1101,-1,1039,1101,1041,-1,1041,1101,1102,-1,1041,1102,1043,-1,1043,1102,1103,-1,1043,1103,1045,-1,1045,1103,1104,-1,1045,1104,1047,-1,1047,1104,1087,-1,1047,1087,1049,-1,1105,1106,1035,-1,1035,1106,1099,-1,1035,1099,1037,-1,1105,1107,1106,-1,1106,1107,1108,-1,1106,1108,1109,-1,1110,1111,1112,-1,1112,1111,1106,-1,1112,1106,1113,-1,1113,1106,1109,-1,1114,1115,1107,-1,1107,1115,1108,-1,1116,1115,1117,-1,1118,1119,1120,-1,1036,1121,1034,-1,1034,1121,1117,-1,1034,1117,1122,-1,1122,1117,1115,-1,1122,1115,1114,-1,1118,1120,1117,-1,1117,1120,1123,-1,1117,1123,1116,-1,1048,1124,1046,-1,1046,1124,1125,-1,1046,1125,1044,-1,1044,1125,1126,-1,1044,1126,1042,-1,1042,1126,1127,-1,1042,1127,1040,-1,1040,1127,1128,-1,1040,1128,1038,-1,1038,1128,1129,-1,1038,1129,1036,-1,1036,1129,1121,-1,1130,1131,1132,-1,1132,1131,1133,-1,1060,986,988,-1,1060,1131,1058,-1,1058,1131,1134,-1,1058,1134,1050,-1,1050,1134,1048,-1,1134,1135,1136,-1,1124,1048,1137,-1,1137,1048,1138,-1,988,1139,1060,-1,1060,1139,1140,-1,1060,1140,1131,-1,1131,1140,1141,-1,1131,1141,1133,-1,1136,1142,1134,-1,1134,1142,1143,-1,1134,1143,1048,-1,1048,1143,1144,-1,1048,1144,1138,-1,1072,974,1070,-1,1070,974,976,-1,1070,976,1068,-1,1068,976,978,-1,1068,978,1066,-1,1066,978,980,-1,1066,980,1064,-1,1064,980,982,-1,1064,982,1062,-1,1062,982,984,-1,1062,984,1060,-1,1060,984,986,-1,974,1072,1074,-1,974,1074,972,-1,1074,1055,972,-1,972,1055,1054,-1,972,1054,1077,-1,1145,1146,1147,-1,1147,1146,1148,-1,1147,1148,1077,-1,1077,1148,1149,-1,1077,1149,972,-1,1114,1107,1122,-1,1122,1107,1105,-1,1137,1088,1124,-1,1124,1088,1087,-1,1124,1087,1125,-1,1125,1087,1104,-1,1125,1104,1126,-1,1126,1104,1103,-1,1126,1103,1127,-1,1127,1103,1102,-1,1127,1102,1128,-1,1128,1102,1101,-1,1128,1101,1129,-1,1129,1101,1100,-1,1129,1100,1121,-1,1121,1100,1099,-1,1121,1099,1117,-1,1117,1099,1106,-1,990,999,991,-1,991,999,998,-1,1051,1059,1150,-1,1051,1150,1053,-1,1053,1150,1019,-1,1053,1019,1018,-1,1023,1022,1052,-1,1052,1022,1151,-1,1052,1151,1050,-1,1050,1151,1058,-1,1024,1020,1022,-1,1022,1020,1019,-1,1022,1019,1151,-1,1151,1019,1150,-1,1151,1150,1058,-1,1058,1150,1059,-1,1152,1153,1154,-1,1154,1153,1155,-1,1074,1075,1156,-1,1156,1075,1157,-1,1156,1157,1158,-1,1158,1157,1159,-1,1158,1159,1024,-1,1024,1159,1020,-1,1020,1159,1160,-1,1160,1159,1161,-1,1160,1161,1162,-1,1162,1161,1163,-1,997,1153,993,-1,993,1153,1152,-1,1153,997,1155,-1,1155,997,1164,-1,1155,1164,1165,-1,1165,1164,1166,-1,1165,1166,1167,-1,1168,1169,1170,-1,1168,1170,1163,-1,1163,1170,1171,-1,1163,1171,1162,-1,1165,1167,1168,-1,1168,1167,1172,-1,1168,1172,1169,-1,1029,995,1173,-1,1029,1173,1031,-1,1031,1173,1174,-1,1031,1174,1033,-1,1033,1174,1175,-1,1033,1175,1026,-1,1026,1175,1024,-1,1024,1175,1176,-1,1024,1176,1158,-1,1173,995,1154,-1,1154,995,993,-1,1154,993,1152,-1,1158,1176,1156,-1,1156,1176,1177,-1,1156,1177,1074,-1,1074,1177,1055,-1,1075,1057,1178,-1,1075,1178,1157,-1,1157,1178,1161,-1,1157,1161,1159,-1,1154,1155,1173,-1,1173,1155,1165,-1,1173,1165,1174,-1,1174,1165,1168,-1,1174,1168,1175,-1,1175,1168,1163,-1,1175,1163,1176,-1,1176,1163,1161,-1,1176,1161,1177,-1,1177,1161,1178,-1,1177,1178,1055,-1,1055,1178,1057,-1,1164,997,1179,-1,1179,997,1180,-1,1179,1180,1181,-1,1181,1180,1182,-1,1181,1182,1160,-1,1160,1182,1183,-1,1160,1183,1020,-1,1167,1166,1179,-1,1167,1179,1172,-1,1172,1179,1181,-1,1172,1181,1169,-1,1181,1160,1162,-1,1162,1171,1181,-1,1181,1171,1170,-1,1181,1170,1169,-1,1020,1183,1184,-1,1184,1183,1185,-1,1185,1183,1182,-1,1185,1182,1186,-1,1180,1187,1182,-1,1182,1187,1188,-1,1182,1188,1186,-1,1187,1180,997,-1,1179,1166,1164,-1,1005,1189,996,-1,1190,1187,997,-1,1187,1190,1188,-1,1188,1190,1191,-1,1188,1191,1186,-1,1192,1184,1191,-1,1191,1184,1185,-1,1191,1185,1186,-1,1192,1020,1184,-1,1008,1010,1193,-1,1010,1012,1193,-1,1193,1012,1014,-1,1193,1014,1021,-1,1189,1005,1003,-1,1189,1003,1193,-1,1193,1003,1006,-1,1193,1006,1008,-1,997,996,1190,-1,1190,996,1189,-1,1190,1189,1191,-1,1191,1189,1193,-1,1191,1193,1192,-1,1192,1193,1021,-1,1192,1021,1020,-1,1194,1195,1196,-1,1196,1195,1197,-1,1025,1017,1198,-1,1198,1017,1199,-1,1198,1199,1200,-1,1200,1199,1201,-1,1200,1201,1034,-1,1034,1201,1035,-1,1202,1203,1204,-1,1204,1203,1205,-1,1204,1205,1017,-1,1017,1205,1199,-1,1196,1197,992,-1,992,1197,1000,-1,1206,1000,1197,-1,1207,1208,1209,-1,1209,1208,1206,-1,1209,1206,1195,-1,1195,1206,1197,-1,1122,1105,1210,-1,1210,1105,1211,-1,1210,1211,1212,-1,1212,1211,1205,-1,1212,1205,1213,-1,1213,1205,1203,-1,1213,1203,1214,-1,1214,1203,1215,-1,1214,1215,1216,-1,1216,1215,1209,-1,1216,1209,1194,-1,1194,1209,1195,-1,1212,1198,1210,-1,1210,1198,1200,-1,1210,1200,1122,-1,1122,1200,1034,-1,1105,1035,1201,-1,1105,1201,1211,-1,1211,1201,1199,-1,1211,1199,1205,-1,1032,1027,1213,-1,1032,1213,1030,-1,1030,1213,1214,-1,1030,1214,1028,-1,1028,1214,1216,-1,1028,1216,994,-1,1202,1217,1203,-1,1203,1217,1218,-1,1203,1218,1215,-1,1215,1218,1219,-1,1215,1219,1209,-1,1209,1219,1220,-1,1209,1220,1207,-1,1213,1027,1212,-1,1212,1027,1025,-1,1212,1025,1198,-1,994,1216,992,-1,992,1216,1194,-1,992,1194,1196,-1,1000,1206,1221,-1,1221,1206,1222,-1,1221,1222,1223,-1,1223,1222,1224,-1,1223,1224,1225,-1,1225,1224,1204,-1,1225,1204,1017,-1,1219,1218,1224,-1,1222,1208,1207,-1,1222,1207,1224,-1,1224,1207,1220,-1,1224,1220,1219,-1,1218,1217,1224,-1,1224,1217,1202,-1,1224,1202,1204,-1,1226,1225,1017,-1,1227,1221,1228,-1,1228,1221,1223,-1,1228,1223,1229,-1,1225,1226,1223,-1,1223,1226,1230,-1,1223,1230,1229,-1,1000,1221,1227,-1,1222,1206,1208,-1,1001,1000,1231,-1,1231,1000,1232,-1,1231,1232,1233,-1,1233,1232,1234,-1,1233,1234,1016,-1,1016,1234,1235,-1,1016,1235,1017,-1,1001,1231,1004,-1,1232,1000,1227,-1,1226,1235,1230,-1,1230,1235,1234,-1,1230,1234,1229,-1,1232,1227,1234,-1,1234,1227,1228,-1,1234,1228,1229,-1,1235,1226,1017,-1,1002,1004,1231,-1,1002,1231,1007,-1,1007,1231,1233,-1,1007,1233,1009,-1,1233,1016,1015,-1,1015,1013,1233,-1,1233,1013,1011,-1,1233,1011,1009,-1,1236,1134,1237,-1,1237,1134,1131,-1,1238,1239,1240,-1,1240,1239,1241,-1,1242,1241,1243,-1,1243,1241,1244,-1,1243,1244,1245,-1,1242,1246,1241,-1,1241,1246,1247,-1,1241,1247,1240,-1,1240,1247,1248,-1,1240,1248,1249,-1,1250,1251,1252,-1,1252,1251,1240,-1,1252,1240,1253,-1,1253,1240,1249,-1,1254,1255,1247,-1,1247,1255,1248,-1,1256,1257,1258,-1,1258,1257,1259,-1,1260,1259,1261,-1,1261,1259,1262,-1,1261,1262,1263,-1,1260,1264,1259,-1,1259,1264,1255,-1,1259,1255,1258,-1,1258,1255,1254,-1,1258,1254,1265,-1,1266,1267,1268,-1,1268,1267,1258,-1,1268,1258,1269,-1,1269,1258,1265,-1,1270,1271,1272,-1,1270,1272,1273,-1,1273,1272,1274,-1,1273,1274,1275,-1,1275,1274,1276,-1,1275,1276,1277,-1,1277,1276,1278,-1,1277,1278,1279,-1,1279,1278,1280,-1,1279,1280,1281,-1,1281,1280,1257,-1,1281,1257,1256,-1,1270,1236,1271,-1,1271,1236,1237,-1,1282,1089,1283,-1,1283,1089,1084,-1,1283,1284,1282,-1,1282,1284,1285,-1,1239,1238,1286,-1,1286,1238,1287,-1,1286,1287,1288,-1,1288,1287,1289,-1,1288,1289,1290,-1,1290,1289,1291,-1,1290,1291,1292,-1,1292,1291,1293,-1,1292,1293,1294,-1,1294,1293,1295,-1,1294,1295,1284,-1,1284,1295,1285,-1,1284,1283,1083,-1,1083,1283,1084,-1,1134,1236,1135,-1,1135,1236,1270,-1,1083,1135,1284,-1,1284,1135,1270,-1,1284,1270,1294,-1,1294,1270,1273,-1,1294,1273,1292,-1,1292,1273,1275,-1,1292,1275,1290,-1,1290,1275,1277,-1,1290,1277,1288,-1,1288,1277,1279,-1,1288,1279,1286,-1,1286,1279,1281,-1,1286,1281,1239,-1,1239,1281,1256,-1,1239,1256,1241,-1,1241,1256,1258,-1,1089,1282,1090,-1,1090,1282,1285,-1,1271,1237,1130,-1,1130,1237,1131,-1,1240,1259,1238,-1,1238,1259,1257,-1,1238,1257,1287,-1,1287,1257,1280,-1,1287,1280,1289,-1,1289,1280,1278,-1,1289,1278,1291,-1,1291,1278,1276,-1,1291,1276,1293,-1,1293,1276,1274,-1,1293,1274,1295,-1,1295,1274,1272,-1,1295,1272,1285,-1,1285,1272,1271,-1,1285,1271,1090,-1,1090,1271,1130,-1,1108,1115,1116,-1,1108,1116,1109,-1,1109,1116,1123,-1,1109,1123,1113,-1,1113,1123,1120,-1,1113,1120,1112,-1,1112,1120,1119,-1,1112,1119,1110,-1,1110,1119,1118,-1,1110,1118,1111,-1,1111,1118,1117,-1,1111,1117,1106,-1,1077,1076,1080,-1,1077,1080,1147,-1,1147,1080,1082,-1,1147,1082,1145,-1,1145,1082,1081,-1,1145,1081,1146,-1,1146,1081,1079,-1,1146,1079,1148,-1,1148,1079,1078,-1,1148,1078,1149,-1,1149,1078,973,-1,1149,973,972,-1,988,989,1139,-1,1139,989,1092,-1,1139,1092,1140,-1,1140,1092,1098,-1,1140,1098,1141,-1,1141,1098,1097,-1,1141,1097,1133,-1,1133,1097,1096,-1,1133,1096,1132,-1,1132,1096,1091,-1,1132,1091,1130,-1,1130,1091,1090,-1,1088,1137,1093,-1,1093,1137,1138,-1,1093,1138,1094,-1,1094,1138,1144,-1,1094,1144,1095,-1,1095,1144,1143,-1,1095,1143,1086,-1,1086,1143,1142,-1,1086,1142,1085,-1,1085,1142,1136,-1,1085,1136,1083,-1,1083,1136,1135,-1,1248,1255,1264,-1,1248,1264,1249,-1,1249,1264,1260,-1,1249,1260,1253,-1,1253,1260,1261,-1,1253,1261,1252,-1,1252,1261,1263,-1,1252,1263,1250,-1,1250,1263,1262,-1,1250,1262,1251,-1,1251,1262,1259,-1,1251,1259,1240,-1,1254,1247,1246,-1,1254,1246,1265,-1,1265,1246,1242,-1,1265,1242,1269,-1,1269,1242,1243,-1,1269,1243,1268,-1,1268,1243,1245,-1,1268,1245,1266,-1,1266,1245,1244,-1,1266,1244,1267,-1,1267,1244,1241,-1,1267,1241,1258,-1,1296,1297,1298,-1,1298,1297,1299,-1,1298,1299,1300,-1,1300,1299,1301,-1,1300,1301,1302,-1,1302,1301,1303,-1,1302,1303,1304,-1,1304,1303,1305,-1,1304,1305,1306,-1,1306,1305,1307,-1,1306,1307,1308,-1,1308,1307,1309,-1,1308,1309,1310,-1,1310,1309,1311,-1,1310,1311,1312,-1,1312,1311,1313,-1,1314,1315,1316,-1,1316,1315,1317,-1,1316,1317,1318,-1,1318,1317,1319,-1,1320,1321,1322,-1,1323,1324,1325,-1,1326,1327,1322,-1,1322,1327,1328,-1,1322,1328,1320,-1,1320,1328,1323,-1,1320,1323,1329,-1,1329,1323,1325,-1,1330,1331,1332,-1,1332,1331,1333,-1,1332,1333,1334,-1,1334,1333,1335,-1,1334,1335,1336,-1,1336,1335,1337,-1,1336,1337,1338,-1,1338,1337,1339,-1,1338,1339,1324,-1,1324,1339,1325,-1,1340,1341,1342,-1,1343,1344,1342,-1,1342,1344,1345,-1,1342,1345,1340,-1,1340,1345,1331,-1,1340,1331,1330,-1,1346,1347,1348,-1,1348,1347,1349,-1,1348,1349,1350,-1,1350,1349,1351,-1,1347,1346,1352,-1,1352,1346,1353,-1,1352,1353,1354,-1,1354,1353,1355,-1,1354,1355,1356,-1,1356,1355,1357,-1,1356,1357,1314,-1,1314,1357,1315,-1,1358,1359,1360,-1,1360,1359,1361,-1,1360,1361,1362,-1,1362,1361,1363,-1,1362,1363,1364,-1,1364,1363,1365,-1,1364,1365,1366,-1,1366,1365,1367,-1,1366,1367,1368,-1,1368,1367,1369,-1,1368,1369,1370,-1,1370,1369,1371,-1,1370,1371,1372,-1,1372,1371,1373,-1,1372,1373,1374,-1,1374,1373,1375,-1,1349,1344,1351,-1,1351,1344,1343,-1,1351,1343,1376,-1,1376,1343,1377,-1,1376,1377,1358,-1,1358,1377,1359,-1,1318,1322,1316,-1,1316,1322,1321,-1,1378,1379,1380,-1,1380,1379,1381,-1,1327,1326,1317,-1,1317,1326,1319,-1,1382,1383,1384,-1,1384,1383,1385,-1,1384,1385,1386,-1,1386,1385,1387,-1,1386,1387,1388,-1,1388,1387,1389,-1,1388,1389,1390,-1,1390,1389,1391,-1,1390,1391,1392,-1,1392,1391,1393,-1,1392,1393,1394,-1,1394,1393,1395,-1,1394,1395,1396,-1,1396,1395,1397,-1,1396,1397,1398,-1,1398,1397,1399,-1,1400,1381,1401,-1,1401,1381,1379,-1,1380,1313,1383,-1,1383,1313,1311,-1,1383,1311,1385,-1,1380,1381,1313,-1,1313,1381,1400,-1,1313,1400,1402,-1,1403,1404,1405,-1,1402,1400,1405,-1,1405,1400,1406,-1,1405,1406,1403,-1,1385,1311,1309,-1,1385,1309,1387,-1,1387,1309,1307,-1,1387,1307,1389,-1,1389,1307,1305,-1,1389,1305,1391,-1,1391,1305,1303,-1,1391,1303,1393,-1,1393,1303,1301,-1,1393,1301,1395,-1,1395,1301,1299,-1,1395,1299,1397,-1,1407,1397,1297,-1,1297,1397,1299,-1,1408,1409,1410,-1,1411,1361,1412,-1,1412,1361,1413,-1,1407,1408,1397,-1,1397,1408,1410,-1,1397,1410,1399,-1,1399,1410,1414,-1,1399,1414,1359,-1,1359,1414,1361,-1,1409,1415,1410,-1,1410,1415,1416,-1,1410,1416,1417,-1,1414,1418,1419,-1,1419,1420,1414,-1,1414,1420,1421,-1,1414,1421,1361,-1,1361,1421,1422,-1,1361,1422,1413,-1,1361,1411,1423,-1,1361,1423,1363,-1,1363,1423,1424,-1,1363,1424,1365,-1,1365,1424,1425,-1,1365,1425,1367,-1,1367,1425,1426,-1,1367,1426,1369,-1,1369,1426,1427,-1,1369,1427,1371,-1,1371,1427,1428,-1,1371,1428,1373,-1,1429,1430,1431,-1,1373,1428,1375,-1,1375,1428,1432,-1,1375,1432,1431,-1,1433,1434,1435,-1,1435,1434,1429,-1,1435,1429,1436,-1,1431,1432,1429,-1,1429,1432,1437,-1,1429,1437,1436,-1,1438,1439,1429,-1,1429,1439,1430,-1,1440,1372,1374,-1,1440,1374,1441,-1,1441,1374,1442,-1,1441,1442,1439,-1,1443,1444,1445,-1,1445,1444,1446,-1,1439,1438,1441,-1,1441,1438,1444,-1,1441,1444,1447,-1,1447,1444,1443,-1,1372,1440,1370,-1,1370,1440,1448,-1,1370,1448,1368,-1,1368,1448,1449,-1,1368,1449,1366,-1,1366,1449,1450,-1,1366,1450,1364,-1,1364,1450,1451,-1,1364,1451,1362,-1,1362,1451,1452,-1,1362,1452,1360,-1,1360,1452,1453,-1,1454,1360,1455,-1,1455,1360,1453,-1,1456,1457,1458,-1,1298,1396,1296,-1,1296,1396,1459,-1,1454,1456,1360,-1,1360,1456,1458,-1,1360,1458,1358,-1,1358,1458,1460,-1,1358,1460,1398,-1,1398,1460,1396,-1,1457,1461,1458,-1,1458,1461,1462,-1,1458,1462,1463,-1,1460,1464,1465,-1,1465,1466,1460,-1,1460,1466,1467,-1,1460,1467,1396,-1,1396,1467,1468,-1,1396,1468,1459,-1,1396,1298,1394,-1,1394,1298,1300,-1,1394,1300,1392,-1,1392,1300,1302,-1,1392,1302,1390,-1,1390,1302,1304,-1,1390,1304,1388,-1,1388,1304,1306,-1,1388,1306,1386,-1,1386,1306,1308,-1,1386,1308,1384,-1,1384,1308,1310,-1,1469,1401,1312,-1,1384,1310,1382,-1,1382,1310,1312,-1,1382,1312,1378,-1,1378,1312,1401,-1,1378,1401,1379,-1,1312,1470,1471,-1,1471,1472,1312,-1,1312,1472,1473,-1,1312,1473,1469,-1,1430,1439,1431,-1,1431,1439,1442,-1,1441,1432,1440,-1,1440,1432,1428,-1,1440,1428,1448,-1,1448,1428,1427,-1,1448,1427,1449,-1,1449,1427,1426,-1,1449,1426,1450,-1,1450,1426,1425,-1,1450,1425,1451,-1,1451,1425,1424,-1,1451,1424,1452,-1,1452,1424,1423,-1,1452,1423,1453,-1,1453,1423,1411,-1,1453,1411,1455,-1,1455,1411,1412,-1,1322,1318,1326,-1,1326,1318,1319,-1,1343,1342,1474,-1,1343,1474,1377,-1,1377,1474,1399,-1,1377,1399,1359,-1,1358,1398,1376,-1,1376,1398,1475,-1,1376,1475,1351,-1,1351,1475,1350,-1,1398,1399,1475,-1,1475,1399,1474,-1,1475,1474,1350,-1,1350,1474,1342,-1,1350,1342,1348,-1,1348,1342,1341,-1,1476,1477,1478,-1,1478,1477,1479,-1,1348,1341,1480,-1,1480,1341,1481,-1,1480,1481,1482,-1,1482,1481,1483,-1,1482,1483,1382,-1,1382,1483,1383,-1,1484,1485,1486,-1,1486,1485,1487,-1,1486,1487,1341,-1,1341,1487,1481,-1,1477,1476,1317,-1,1317,1476,1327,-1,1488,1327,1476,-1,1489,1490,1491,-1,1491,1490,1488,-1,1491,1488,1478,-1,1478,1488,1476,-1,1489,1491,1492,-1,1492,1491,1493,-1,1492,1493,1494,-1,1494,1493,1495,-1,1495,1493,1496,-1,1496,1493,1485,-1,1496,1485,1484,-1,1353,1346,1497,-1,1353,1497,1355,-1,1355,1497,1498,-1,1355,1498,1357,-1,1357,1498,1499,-1,1357,1499,1315,-1,1497,1346,1500,-1,1500,1346,1348,-1,1500,1348,1480,-1,1315,1499,1317,-1,1317,1499,1479,-1,1317,1479,1477,-1,1382,1378,1482,-1,1482,1378,1501,-1,1482,1501,1480,-1,1480,1501,1500,-1,1481,1487,1502,-1,1481,1502,1483,-1,1483,1502,1380,-1,1483,1380,1383,-1,1378,1380,1501,-1,1501,1380,1502,-1,1501,1502,1500,-1,1500,1502,1487,-1,1500,1487,1497,-1,1497,1487,1485,-1,1497,1485,1498,-1,1498,1485,1493,-1,1498,1493,1499,-1,1499,1493,1491,-1,1499,1491,1479,-1,1479,1491,1478,-1,1327,1488,1503,-1,1503,1488,1504,-1,1503,1504,1505,-1,1505,1504,1506,-1,1505,1506,1507,-1,1507,1506,1486,-1,1507,1486,1341,-1,1494,1495,1506,-1,1495,1496,1506,-1,1506,1496,1484,-1,1506,1484,1486,-1,1504,1490,1489,-1,1504,1489,1506,-1,1506,1489,1492,-1,1506,1492,1494,-1,1508,1507,1341,-1,1509,1503,1510,-1,1510,1503,1505,-1,1510,1505,1511,-1,1507,1508,1505,-1,1505,1508,1512,-1,1505,1512,1511,-1,1327,1503,1509,-1,1488,1490,1504,-1,1328,1513,1323,-1,1327,1509,1514,-1,1508,1515,1512,-1,1512,1515,1516,-1,1512,1516,1511,-1,1514,1509,1516,-1,1516,1509,1510,-1,1516,1510,1511,-1,1508,1341,1515,-1,1324,1323,1513,-1,1324,1513,1338,-1,1338,1513,1517,-1,1338,1517,1336,-1,1517,1340,1330,-1,1330,1332,1517,-1,1517,1332,1334,-1,1517,1334,1336,-1,1328,1327,1513,-1,1513,1327,1514,-1,1513,1514,1517,-1,1517,1514,1516,-1,1517,1516,1340,-1,1340,1516,1515,-1,1340,1515,1341,-1,1518,1519,1520,-1,1520,1519,1521,-1,1374,1375,1522,-1,1522,1375,1523,-1,1522,1523,1524,-1,1524,1523,1525,-1,1524,1525,1349,-1,1349,1525,1344,-1,1344,1525,1526,-1,1526,1525,1527,-1,1526,1527,1528,-1,1528,1527,1529,-1,1321,1520,1316,-1,1316,1520,1521,-1,1520,1321,1518,-1,1518,1321,1530,-1,1518,1530,1531,-1,1531,1530,1532,-1,1531,1532,1533,-1,1519,1518,1534,-1,1534,1518,1531,-1,1534,1531,1535,-1,1535,1531,1536,-1,1535,1536,1537,-1,1537,1536,1529,-1,1537,1529,1538,-1,1538,1529,1527,-1,1538,1527,1539,-1,1539,1527,1540,-1,1539,1540,1442,-1,1442,1540,1431,-1,1442,1374,1539,-1,1539,1374,1522,-1,1539,1522,1538,-1,1538,1522,1524,-1,1527,1525,1523,-1,1527,1523,1540,-1,1540,1523,1375,-1,1540,1375,1431,-1,1356,1314,1534,-1,1356,1534,1354,-1,1354,1534,1535,-1,1354,1535,1352,-1,1352,1535,1537,-1,1352,1537,1347,-1,1541,1528,1529,-1,1541,1529,1542,-1,1542,1529,1536,-1,1542,1536,1543,-1,1543,1536,1544,-1,1544,1536,1531,-1,1544,1531,1533,-1,1347,1537,1349,-1,1349,1537,1538,-1,1349,1538,1524,-1,1534,1314,1519,-1,1519,1314,1316,-1,1519,1316,1521,-1,1530,1321,1545,-1,1545,1321,1546,-1,1545,1546,1547,-1,1547,1546,1548,-1,1547,1548,1526,-1,1526,1548,1549,-1,1526,1549,1344,-1,1526,1528,1547,-1,1547,1528,1541,-1,1547,1541,1542,-1,1542,1543,1547,-1,1547,1543,1544,-1,1547,1544,1545,-1,1545,1544,1533,-1,1545,1533,1532,-1,1344,1549,1550,-1,1550,1549,1551,-1,1551,1549,1548,-1,1551,1548,1552,-1,1546,1553,1548,-1,1548,1553,1554,-1,1548,1554,1552,-1,1553,1546,1321,-1,1532,1530,1545,-1,1321,1320,1555,-1,1555,1320,1556,-1,1555,1556,1557,-1,1557,1556,1558,-1,1557,1558,1559,-1,1559,1558,1345,-1,1559,1345,1344,-1,1329,1556,1320,-1,1553,1321,1555,-1,1553,1555,1554,-1,1554,1555,1557,-1,1554,1557,1552,-1,1559,1550,1557,-1,1557,1550,1551,-1,1557,1551,1552,-1,1344,1550,1559,-1,1337,1335,1558,-1,1335,1333,1558,-1,1558,1333,1331,-1,1558,1331,1345,-1,1556,1329,1325,-1,1556,1325,1558,-1,1558,1325,1339,-1,1558,1339,1337,-1,1458,1560,1460,-1,1460,1560,1561,-1,1562,1563,1564,-1,1564,1563,1565,-1,1564,1565,1566,-1,1566,1565,1567,-1,1566,1567,1568,-1,1568,1567,1569,-1,1568,1569,1570,-1,1570,1569,1571,-1,1566,1572,1564,-1,1564,1572,1573,-1,1564,1573,1574,-1,1574,1573,1575,-1,1574,1575,1576,-1,1576,1575,1577,-1,1578,1579,1566,-1,1566,1579,1572,-1,1580,1581,1582,-1,1582,1581,1583,-1,1582,1583,1579,-1,1579,1583,1584,-1,1579,1584,1585,-1,1585,1584,1586,-1,1585,1586,1587,-1,1587,1586,1588,-1,1579,1578,1582,-1,1582,1578,1589,-1,1582,1589,1590,-1,1590,1589,1591,-1,1590,1591,1592,-1,1592,1591,1593,-1,1581,1580,1594,-1,1581,1594,1595,-1,1595,1594,1596,-1,1595,1596,1597,-1,1597,1596,1598,-1,1597,1598,1599,-1,1599,1598,1600,-1,1599,1600,1601,-1,1601,1600,1602,-1,1601,1602,1603,-1,1603,1602,1604,-1,1603,1604,1605,-1,1560,1605,1561,-1,1561,1605,1604,-1,1410,1606,1414,-1,1414,1606,1607,-1,1608,1607,1609,-1,1609,1607,1606,-1,1608,1609,1610,-1,1610,1609,1611,-1,1610,1611,1612,-1,1612,1611,1613,-1,1612,1613,1614,-1,1614,1613,1615,-1,1614,1615,1616,-1,1616,1615,1617,-1,1616,1617,1618,-1,1618,1617,1619,-1,1618,1619,1562,-1,1562,1619,1563,-1,1414,1607,1418,-1,1418,1607,1608,-1,1605,1560,1463,-1,1463,1560,1458,-1,1564,1583,1562,-1,1562,1583,1581,-1,1562,1581,1618,-1,1618,1581,1595,-1,1618,1595,1616,-1,1616,1595,1597,-1,1616,1597,1614,-1,1614,1597,1599,-1,1614,1599,1612,-1,1612,1599,1601,-1,1612,1601,1610,-1,1610,1601,1603,-1,1610,1603,1608,-1,1608,1603,1605,-1,1608,1605,1418,-1,1418,1605,1463,-1,1609,1606,1417,-1,1417,1606,1410,-1,1460,1561,1464,-1,1464,1561,1604,-1,1417,1464,1609,-1,1609,1464,1604,-1,1609,1604,1611,-1,1611,1604,1602,-1,1611,1602,1613,-1,1613,1602,1600,-1,1613,1600,1615,-1,1615,1600,1598,-1,1615,1598,1617,-1,1617,1598,1596,-1,1617,1596,1619,-1,1619,1596,1594,-1,1619,1594,1563,-1,1563,1594,1580,-1,1563,1580,1565,-1,1565,1580,1582,-1,1432,1441,1447,-1,1432,1447,1437,-1,1437,1447,1443,-1,1437,1443,1436,-1,1436,1443,1445,-1,1436,1445,1435,-1,1435,1445,1446,-1,1435,1446,1433,-1,1433,1446,1444,-1,1433,1444,1434,-1,1434,1444,1438,-1,1434,1438,1429,-1,1312,1313,1402,-1,1312,1402,1470,-1,1470,1402,1405,-1,1470,1405,1471,-1,1471,1405,1404,-1,1471,1404,1472,-1,1472,1404,1403,-1,1472,1403,1473,-1,1473,1403,1406,-1,1473,1406,1469,-1,1469,1406,1400,-1,1469,1400,1401,-1,1464,1417,1465,-1,1465,1417,1416,-1,1465,1416,1466,-1,1466,1416,1415,-1,1466,1415,1467,-1,1467,1415,1409,-1,1467,1409,1468,-1,1468,1409,1408,-1,1468,1408,1459,-1,1459,1408,1407,-1,1459,1407,1296,-1,1296,1407,1297,-1,1418,1463,1419,-1,1419,1463,1462,-1,1419,1462,1420,-1,1420,1462,1461,-1,1420,1461,1421,-1,1421,1461,1457,-1,1421,1457,1422,-1,1422,1457,1456,-1,1422,1456,1413,-1,1413,1456,1454,-1,1413,1454,1412,-1,1412,1454,1455,-1,1565,1582,1590,-1,1565,1590,1567,-1,1567,1590,1592,-1,1567,1592,1569,-1,1569,1592,1593,-1,1569,1593,1571,-1,1571,1593,1591,-1,1571,1591,1570,-1,1570,1591,1589,-1,1570,1589,1568,-1,1568,1589,1578,-1,1568,1578,1566,-1,1583,1564,1574,-1,1583,1574,1584,-1,1584,1574,1576,-1,1584,1576,1586,-1,1586,1576,1577,-1,1586,1577,1588,-1,1588,1577,1575,-1,1588,1575,1587,-1,1587,1575,1573,-1,1587,1573,1585,-1,1585,1573,1572,-1,1585,1572,1579,-1,1620,1621,1622,-1,1622,1621,1623,-1,1622,1623,1624,-1,1624,1623,1625,-1,1624,1625,1626,-1,1626,1625,1627,-1,1626,1627,1628,-1,1628,1627,1629,-1,1628,1629,1630,-1,1630,1629,1631,-1,1630,1631,1632,-1,1632,1631,1633,-1,1632,1633,1634,-1,1634,1633,1635,-1,1634,1635,1636,-1,1636,1635,1637,-1,1638,1639,1640,-1,1640,1639,1641,-1,1640,1641,1642,-1,1642,1641,1643,-1,1644,1645,1646,-1,1647,1648,1649,-1,1650,1651,1646,-1,1646,1651,1652,-1,1646,1652,1644,-1,1644,1652,1647,-1,1644,1647,1653,-1,1653,1647,1649,-1,1654,1655,1656,-1,1656,1655,1657,-1,1656,1657,1658,-1,1658,1657,1659,-1,1658,1659,1660,-1,1660,1659,1661,-1,1660,1661,1662,-1,1662,1661,1663,-1,1662,1663,1648,-1,1648,1663,1649,-1,1664,1665,1666,-1,1667,1668,1666,-1,1666,1668,1669,-1,1666,1669,1664,-1,1664,1669,1655,-1,1664,1655,1654,-1,1670,1671,1672,-1,1672,1671,1673,-1,1672,1673,1674,-1,1674,1673,1675,-1,1639,1638,1676,-1,1676,1638,1677,-1,1676,1677,1678,-1,1678,1677,1679,-1,1678,1679,1680,-1,1680,1679,1681,-1,1680,1681,1670,-1,1670,1681,1671,-1,1682,1683,1684,-1,1684,1683,1685,-1,1684,1685,1686,-1,1686,1685,1687,-1,1686,1687,1688,-1,1688,1687,1689,-1,1688,1689,1690,-1,1690,1689,1691,-1,1690,1691,1692,-1,1692,1691,1693,-1,1692,1693,1694,-1,1694,1693,1695,-1,1694,1695,1696,-1,1696,1695,1697,-1,1696,1697,1698,-1,1698,1697,1699,-1,1673,1668,1675,-1,1675,1668,1667,-1,1675,1667,1700,-1,1700,1667,1701,-1,1700,1701,1682,-1,1682,1701,1683,-1,1642,1646,1640,-1,1640,1646,1645,-1,1702,1703,1704,-1,1704,1703,1705,-1,1651,1650,1641,-1,1641,1650,1643,-1,1706,1707,1708,-1,1708,1707,1709,-1,1708,1709,1710,-1,1710,1709,1711,-1,1710,1711,1712,-1,1712,1711,1713,-1,1712,1713,1714,-1,1714,1713,1715,-1,1714,1715,1716,-1,1716,1715,1717,-1,1716,1717,1718,-1,1718,1717,1719,-1,1718,1719,1720,-1,1720,1719,1721,-1,1720,1721,1722,-1,1722,1721,1723,-1,1724,1705,1725,-1,1725,1705,1703,-1,1635,1709,1707,-1,1635,1707,1637,-1,1637,1707,1704,-1,1637,1704,1705,-1,1705,1724,1637,-1,1637,1724,1726,-1,1637,1726,1727,-1,1727,1728,1637,-1,1637,1728,1729,-1,1637,1729,1730,-1,1709,1635,1633,-1,1709,1633,1711,-1,1711,1633,1631,-1,1711,1631,1713,-1,1713,1631,1629,-1,1713,1629,1715,-1,1715,1629,1627,-1,1715,1627,1717,-1,1717,1627,1625,-1,1717,1625,1719,-1,1719,1625,1623,-1,1719,1623,1721,-1,1731,1732,1733,-1,1721,1623,1621,-1,1734,1735,1736,-1,1731,1733,1737,-1,1721,1733,1723,-1,1723,1733,1734,-1,1723,1734,1683,-1,1683,1734,1685,-1,1621,1738,1721,-1,1721,1738,1739,-1,1721,1739,1733,-1,1733,1739,1740,-1,1733,1740,1737,-1,1741,1685,1742,-1,1742,1685,1743,-1,1736,1744,1734,-1,1734,1744,1745,-1,1734,1745,1685,-1,1685,1745,1746,-1,1685,1746,1743,-1,1685,1741,1747,-1,1685,1747,1687,-1,1687,1747,1748,-1,1687,1748,1689,-1,1689,1748,1749,-1,1689,1749,1691,-1,1691,1749,1750,-1,1691,1750,1693,-1,1693,1750,1751,-1,1693,1751,1695,-1,1695,1751,1752,-1,1695,1752,1697,-1,1753,1754,1755,-1,1697,1752,1699,-1,1699,1752,1756,-1,1699,1756,1755,-1,1755,1756,1753,-1,1753,1756,1757,-1,1753,1757,1758,-1,1759,1760,1758,-1,1758,1760,1761,-1,1758,1761,1753,-1,1762,1763,1753,-1,1753,1763,1754,-1,1764,1696,1698,-1,1764,1698,1765,-1,1765,1698,1766,-1,1765,1766,1763,-1,1767,1768,1769,-1,1769,1768,1770,-1,1763,1762,1765,-1,1765,1762,1768,-1,1765,1768,1771,-1,1771,1768,1767,-1,1696,1764,1694,-1,1694,1764,1772,-1,1694,1772,1692,-1,1692,1772,1773,-1,1692,1773,1690,-1,1690,1773,1774,-1,1690,1774,1688,-1,1688,1774,1775,-1,1688,1775,1686,-1,1686,1775,1776,-1,1686,1776,1684,-1,1684,1776,1777,-1,1778,1779,1780,-1,1684,1777,1781,-1,1782,1783,1784,-1,1778,1780,1785,-1,1684,1780,1682,-1,1682,1780,1782,-1,1682,1782,1722,-1,1722,1782,1720,-1,1781,1786,1684,-1,1684,1786,1787,-1,1684,1787,1780,-1,1780,1787,1788,-1,1780,1788,1785,-1,1622,1720,1620,-1,1620,1720,1789,-1,1784,1790,1782,-1,1782,1790,1791,-1,1782,1791,1720,-1,1720,1791,1792,-1,1720,1792,1789,-1,1720,1622,1718,-1,1718,1622,1624,-1,1718,1624,1716,-1,1716,1624,1626,-1,1716,1626,1714,-1,1714,1626,1628,-1,1714,1628,1712,-1,1712,1628,1630,-1,1712,1630,1710,-1,1710,1630,1632,-1,1710,1632,1708,-1,1708,1632,1634,-1,1793,1725,1636,-1,1794,1795,1796,-1,1708,1634,1706,-1,1706,1634,1636,-1,1706,1636,1702,-1,1702,1636,1725,-1,1702,1725,1703,-1,1793,1636,1796,-1,1796,1636,1797,-1,1796,1797,1794,-1,1754,1763,1755,-1,1755,1763,1766,-1,1765,1756,1764,-1,1764,1756,1752,-1,1764,1752,1772,-1,1772,1752,1751,-1,1772,1751,1773,-1,1773,1751,1750,-1,1773,1750,1774,-1,1774,1750,1749,-1,1774,1749,1775,-1,1775,1749,1748,-1,1775,1748,1776,-1,1776,1748,1747,-1,1776,1747,1777,-1,1777,1747,1741,-1,1777,1741,1781,-1,1781,1741,1742,-1,1646,1642,1650,-1,1650,1642,1643,-1,1667,1666,1798,-1,1667,1798,1701,-1,1701,1798,1723,-1,1701,1723,1683,-1,1682,1722,1700,-1,1700,1722,1799,-1,1700,1799,1675,-1,1675,1799,1674,-1,1722,1723,1799,-1,1799,1723,1798,-1,1799,1798,1674,-1,1674,1798,1666,-1,1674,1666,1672,-1,1672,1666,1665,-1,1800,1801,1802,-1,1802,1801,1803,-1,1672,1665,1804,-1,1804,1665,1805,-1,1804,1805,1806,-1,1806,1805,1807,-1,1806,1807,1706,-1,1706,1807,1707,-1,1808,1809,1810,-1,1810,1809,1811,-1,1810,1811,1665,-1,1665,1811,1805,-1,1801,1800,1641,-1,1641,1800,1651,-1,1812,1651,1800,-1,1813,1814,1815,-1,1815,1814,1812,-1,1815,1812,1802,-1,1802,1812,1800,-1,1813,1815,1816,-1,1816,1815,1817,-1,1816,1817,1818,-1,1818,1817,1819,-1,1819,1817,1820,-1,1820,1817,1809,-1,1820,1809,1808,-1,1680,1670,1821,-1,1680,1821,1678,-1,1678,1821,1822,-1,1678,1822,1676,-1,1676,1822,1823,-1,1676,1823,1639,-1,1821,1670,1824,-1,1824,1670,1672,-1,1824,1672,1804,-1,1639,1823,1641,-1,1641,1823,1803,-1,1641,1803,1801,-1,1706,1702,1806,-1,1806,1702,1825,-1,1806,1825,1804,-1,1804,1825,1824,-1,1805,1811,1826,-1,1805,1826,1807,-1,1807,1826,1704,-1,1807,1704,1707,-1,1702,1704,1825,-1,1825,1704,1826,-1,1825,1826,1824,-1,1824,1826,1811,-1,1824,1811,1821,-1,1821,1811,1809,-1,1821,1809,1822,-1,1822,1809,1817,-1,1822,1817,1823,-1,1823,1817,1815,-1,1823,1815,1803,-1,1803,1815,1802,-1,1651,1812,1827,-1,1827,1812,1828,-1,1827,1828,1829,-1,1829,1828,1830,-1,1829,1830,1831,-1,1831,1830,1810,-1,1831,1810,1665,-1,1818,1819,1830,-1,1819,1820,1830,-1,1830,1820,1808,-1,1830,1808,1810,-1,1828,1814,1813,-1,1828,1813,1830,-1,1830,1813,1816,-1,1830,1816,1818,-1,1832,1831,1665,-1,1833,1827,1834,-1,1834,1827,1829,-1,1834,1829,1835,-1,1831,1832,1829,-1,1829,1832,1836,-1,1829,1836,1835,-1,1651,1827,1833,-1,1812,1814,1828,-1,1652,1837,1647,-1,1651,1833,1838,-1,1832,1839,1836,-1,1836,1839,1840,-1,1836,1840,1835,-1,1838,1833,1840,-1,1840,1833,1834,-1,1840,1834,1835,-1,1832,1665,1839,-1,1648,1647,1837,-1,1648,1837,1662,-1,1662,1837,1841,-1,1662,1841,1660,-1,1841,1664,1654,-1,1654,1656,1841,-1,1841,1656,1658,-1,1841,1658,1660,-1,1652,1651,1837,-1,1837,1651,1838,-1,1837,1838,1841,-1,1841,1838,1840,-1,1841,1840,1664,-1,1664,1840,1839,-1,1664,1839,1665,-1,1842,1843,1844,-1,1844,1843,1845,-1,1698,1699,1846,-1,1846,1699,1847,-1,1846,1847,1848,-1,1848,1847,1849,-1,1848,1849,1673,-1,1673,1849,1668,-1,1668,1849,1850,-1,1850,1849,1851,-1,1850,1851,1852,-1,1852,1851,1853,-1,1645,1844,1640,-1,1640,1844,1845,-1,1844,1645,1842,-1,1842,1645,1854,-1,1842,1854,1855,-1,1855,1854,1856,-1,1855,1856,1857,-1,1843,1842,1858,-1,1858,1842,1855,-1,1858,1855,1859,-1,1859,1855,1860,-1,1859,1860,1861,-1,1861,1860,1853,-1,1861,1853,1862,-1,1862,1853,1851,-1,1862,1851,1863,-1,1863,1851,1864,-1,1863,1864,1766,-1,1766,1864,1755,-1,1766,1698,1863,-1,1863,1698,1846,-1,1863,1846,1862,-1,1862,1846,1848,-1,1851,1849,1847,-1,1851,1847,1864,-1,1864,1847,1699,-1,1864,1699,1755,-1,1677,1638,1858,-1,1677,1858,1679,-1,1679,1858,1859,-1,1679,1859,1681,-1,1681,1859,1861,-1,1681,1861,1671,-1,1865,1852,1853,-1,1865,1853,1866,-1,1866,1853,1860,-1,1866,1860,1867,-1,1867,1860,1868,-1,1868,1860,1855,-1,1868,1855,1857,-1,1671,1861,1673,-1,1673,1861,1862,-1,1673,1862,1848,-1,1858,1638,1843,-1,1843,1638,1640,-1,1843,1640,1845,-1,1854,1645,1869,-1,1869,1645,1870,-1,1869,1870,1871,-1,1871,1870,1872,-1,1871,1872,1850,-1,1850,1872,1873,-1,1850,1873,1668,-1,1850,1852,1871,-1,1871,1852,1865,-1,1871,1865,1866,-1,1866,1867,1871,-1,1871,1867,1868,-1,1871,1868,1869,-1,1869,1868,1857,-1,1869,1857,1856,-1,1668,1873,1874,-1,1874,1873,1875,-1,1875,1873,1872,-1,1875,1872,1876,-1,1870,1877,1872,-1,1872,1877,1878,-1,1872,1878,1876,-1,1877,1870,1645,-1,1856,1854,1869,-1,1645,1644,1879,-1,1879,1644,1880,-1,1879,1880,1881,-1,1881,1880,1882,-1,1881,1882,1883,-1,1883,1882,1669,-1,1883,1669,1668,-1,1653,1880,1644,-1,1877,1645,1879,-1,1877,1879,1878,-1,1878,1879,1881,-1,1878,1881,1876,-1,1883,1874,1881,-1,1881,1874,1875,-1,1881,1875,1876,-1,1668,1874,1883,-1,1661,1659,1882,-1,1659,1657,1882,-1,1882,1657,1655,-1,1882,1655,1669,-1,1880,1653,1649,-1,1880,1649,1882,-1,1882,1649,1663,-1,1882,1663,1661,-1,1780,1884,1782,-1,1782,1884,1885,-1,1886,1887,1888,-1,1888,1887,1889,-1,1890,1891,1892,-1,1889,1893,1888,-1,1888,1893,1894,-1,1888,1894,1895,-1,1896,1897,1898,-1,1889,1899,1893,-1,1893,1899,1890,-1,1893,1890,1900,-1,1900,1890,1892,-1,1895,1894,1898,-1,1898,1894,1901,-1,1898,1901,1896,-1,1902,1903,1893,-1,1893,1903,1894,-1,1904,1905,1906,-1,1906,1905,1907,-1,1908,1909,1910,-1,1907,1903,1906,-1,1906,1903,1902,-1,1906,1902,1911,-1,1912,1913,1914,-1,1907,1915,1903,-1,1903,1915,1908,-1,1903,1908,1916,-1,1916,1908,1910,-1,1911,1902,1914,-1,1914,1902,1917,-1,1914,1917,1912,-1,1905,1904,1918,-1,1905,1918,1919,-1,1919,1918,1920,-1,1919,1920,1921,-1,1921,1920,1922,-1,1921,1922,1923,-1,1923,1922,1924,-1,1923,1924,1925,-1,1925,1924,1926,-1,1925,1926,1927,-1,1927,1926,1928,-1,1927,1928,1929,-1,1884,1929,1885,-1,1885,1929,1928,-1,1733,1930,1734,-1,1734,1930,1931,-1,1932,1931,1933,-1,1933,1931,1930,-1,1932,1933,1934,-1,1934,1933,1935,-1,1934,1935,1936,-1,1936,1935,1937,-1,1936,1937,1938,-1,1938,1937,1939,-1,1938,1939,1940,-1,1940,1939,1941,-1,1940,1941,1942,-1,1942,1941,1943,-1,1942,1943,1886,-1,1886,1943,1887,-1,1734,1931,1735,-1,1735,1931,1932,-1,1929,1884,1779,-1,1779,1884,1780,-1,1888,1907,1886,-1,1886,1907,1905,-1,1886,1905,1942,-1,1942,1905,1919,-1,1942,1919,1940,-1,1940,1919,1921,-1,1940,1921,1938,-1,1938,1921,1923,-1,1938,1923,1936,-1,1936,1923,1925,-1,1936,1925,1934,-1,1934,1925,1927,-1,1934,1927,1932,-1,1932,1927,1929,-1,1932,1929,1735,-1,1735,1929,1779,-1,1933,1930,1732,-1,1732,1930,1733,-1,1782,1885,1783,-1,1783,1885,1928,-1,1732,1783,1933,-1,1933,1783,1928,-1,1933,1928,1935,-1,1935,1928,1926,-1,1935,1926,1937,-1,1937,1926,1924,-1,1937,1924,1939,-1,1939,1924,1922,-1,1939,1922,1941,-1,1941,1922,1920,-1,1941,1920,1943,-1,1943,1920,1918,-1,1943,1918,1887,-1,1887,1918,1904,-1,1887,1904,1889,-1,1889,1904,1906,-1,1756,1765,1771,-1,1756,1771,1757,-1,1757,1771,1767,-1,1757,1767,1758,-1,1758,1767,1769,-1,1758,1769,1759,-1,1759,1769,1770,-1,1759,1770,1760,-1,1760,1770,1768,-1,1760,1768,1761,-1,1761,1768,1762,-1,1761,1762,1753,-1,1636,1637,1730,-1,1636,1730,1797,-1,1797,1730,1729,-1,1797,1729,1794,-1,1794,1729,1728,-1,1794,1728,1795,-1,1795,1728,1727,-1,1795,1727,1796,-1,1796,1727,1726,-1,1796,1726,1793,-1,1793,1726,1724,-1,1793,1724,1725,-1,1783,1732,1784,-1,1784,1732,1731,-1,1784,1731,1790,-1,1790,1731,1737,-1,1790,1737,1791,-1,1791,1737,1740,-1,1791,1740,1792,-1,1792,1740,1739,-1,1792,1739,1789,-1,1789,1739,1738,-1,1789,1738,1620,-1,1620,1738,1621,-1,1735,1779,1736,-1,1736,1779,1778,-1,1736,1778,1744,-1,1744,1778,1785,-1,1744,1785,1745,-1,1745,1785,1788,-1,1745,1788,1746,-1,1746,1788,1787,-1,1746,1787,1743,-1,1743,1787,1786,-1,1743,1786,1742,-1,1742,1786,1781,-1,1889,1906,1911,-1,1889,1911,1899,-1,1899,1911,1914,-1,1899,1914,1890,-1,1890,1914,1913,-1,1890,1913,1891,-1,1891,1913,1912,-1,1891,1912,1892,-1,1892,1912,1917,-1,1892,1917,1900,-1,1900,1917,1902,-1,1900,1902,1893,-1,1907,1888,1895,-1,1907,1895,1915,-1,1915,1895,1898,-1,1915,1898,1908,-1,1908,1898,1897,-1,1908,1897,1909,-1,1909,1897,1896,-1,1909,1896,1910,-1,1910,1896,1901,-1,1910,1901,1916,-1,1916,1901,1894,-1,1916,1894,1903,-1,1944,1945,1946,-1,1946,1945,1947,-1,1946,1947,1948,-1,1948,1947,1949,-1,1948,1949,1950,-1,1950,1949,1951,-1,1950,1951,1952,-1,1952,1951,1953,-1,1952,1953,1954,-1,1954,1953,1955,-1,1954,1955,1956,-1,1956,1955,1957,-1,1956,1957,1958,-1,1958,1957,1959,-1,1958,1959,1960,-1,1960,1959,1961,-1,1962,1963,1964,-1,1964,1963,1965,-1,1964,1965,1966,-1,1966,1965,1967,-1,1968,1969,1970,-1,1971,1972,1973,-1,1974,1975,1970,-1,1970,1975,1976,-1,1970,1976,1968,-1,1968,1976,1971,-1,1968,1971,1977,-1,1977,1971,1973,-1,1978,1979,1980,-1,1980,1979,1981,-1,1980,1981,1982,-1,1982,1981,1983,-1,1982,1983,1984,-1,1984,1983,1985,-1,1984,1985,1986,-1,1986,1985,1987,-1,1986,1987,1972,-1,1972,1987,1973,-1,1988,1989,1990,-1,1991,1992,1990,-1,1990,1992,1993,-1,1990,1993,1988,-1,1988,1993,1979,-1,1988,1979,1978,-1,1994,1995,1996,-1,1996,1995,1997,-1,1996,1997,1998,-1,1998,1997,1999,-1,1963,1962,2000,-1,2000,1962,2001,-1,2000,2001,2002,-1,2002,2001,2003,-1,2002,2003,2004,-1,2004,2003,2005,-1,2004,2005,1994,-1,1994,2005,1995,-1,2006,2007,2008,-1,2008,2007,2009,-1,2008,2009,2010,-1,2010,2009,2011,-1,2010,2011,2012,-1,2012,2011,2013,-1,2012,2013,2014,-1,2014,2013,2015,-1,2014,2015,2016,-1,2016,2015,2017,-1,2016,2017,2018,-1,2018,2017,2019,-1,2018,2019,2020,-1,2020,2019,2021,-1,2020,2021,2022,-1,2022,2021,2023,-1,1997,1992,1999,-1,1999,1992,1991,-1,1999,1991,2024,-1,2024,1991,2025,-1,2024,2025,2006,-1,2006,2025,2007,-1,1966,1970,1964,-1,1964,1970,1969,-1,2026,2027,2028,-1,2028,2027,2029,-1,1975,1974,1965,-1,1965,1974,1967,-1,2030,2031,2032,-1,2032,2031,2033,-1,2032,2033,2034,-1,2034,2033,2035,-1,2034,2035,2036,-1,2036,2035,2037,-1,2036,2037,2038,-1,2038,2037,2039,-1,2038,2039,2040,-1,2040,2039,2041,-1,2040,2041,2042,-1,2042,2041,2043,-1,2042,2043,2044,-1,2044,2043,2045,-1,2044,2045,2046,-1,2046,2045,2047,-1,2048,2029,2049,-1,2049,2029,2027,-1,1959,2033,2031,-1,1959,2031,1961,-1,1961,2031,2028,-1,1961,2028,2029,-1,2029,2048,1961,-1,1961,2048,2050,-1,1961,2050,2051,-1,2051,2052,1961,-1,1961,2052,2053,-1,1961,2053,2054,-1,2033,1959,1957,-1,2033,1957,2035,-1,2035,1957,1955,-1,2035,1955,2037,-1,2037,1955,1953,-1,2037,1953,2039,-1,2039,1953,1951,-1,2039,1951,2041,-1,2041,1951,1949,-1,2041,1949,2043,-1,2043,1949,1947,-1,2043,1947,2045,-1,2055,2056,2057,-1,2057,2056,2058,-1,2059,2060,2061,-1,2045,1947,1945,-1,2045,2056,2047,-1,2047,2056,2059,-1,2047,2059,2007,-1,2007,2059,2009,-1,2062,2009,2063,-1,2063,2009,2064,-1,1945,2065,2045,-1,2045,2065,2066,-1,2045,2066,2056,-1,2056,2066,2067,-1,2056,2067,2058,-1,2061,2068,2059,-1,2059,2068,2069,-1,2059,2069,2009,-1,2009,2069,2070,-1,2009,2070,2064,-1,2009,2062,2071,-1,2009,2071,2011,-1,2011,2071,2072,-1,2011,2072,2013,-1,2013,2072,2073,-1,2013,2073,2015,-1,2015,2073,2074,-1,2015,2074,2017,-1,2017,2074,2075,-1,2017,2075,2019,-1,2019,2075,2076,-1,2019,2076,2021,-1,2077,2078,2079,-1,2021,2076,2023,-1,2023,2076,2080,-1,2023,2080,2079,-1,2079,2080,2077,-1,2077,2080,2081,-1,2077,2081,2082,-1,2083,2084,2082,-1,2082,2084,2085,-1,2082,2085,2077,-1,2086,2087,2077,-1,2077,2087,2078,-1,2088,2020,2022,-1,2088,2022,2089,-1,2089,2022,2090,-1,2089,2090,2087,-1,2091,2092,2093,-1,2093,2092,2094,-1,2087,2086,2089,-1,2089,2086,2092,-1,2089,2092,2095,-1,2095,2092,2091,-1,2020,2088,2018,-1,2018,2088,2096,-1,2018,2096,2016,-1,2016,2096,2097,-1,2016,2097,2014,-1,2014,2097,2098,-1,2014,2098,2012,-1,2012,2098,2099,-1,2012,2099,2010,-1,2010,2099,2100,-1,2010,2100,2008,-1,2008,2100,2101,-1,2102,2103,2104,-1,2008,2101,2105,-1,2102,2104,2106,-1,2008,2104,2006,-1,2006,2104,2107,-1,2006,2107,2046,-1,2046,2107,2044,-1,2107,2108,2109,-1,2105,2110,2008,-1,2008,2110,2111,-1,2008,2111,2104,-1,2104,2111,2112,-1,2104,2112,2106,-1,1946,2044,1944,-1,1944,2044,2113,-1,2109,2114,2107,-1,2107,2114,2115,-1,2107,2115,2044,-1,2044,2115,2116,-1,2044,2116,2113,-1,2044,1946,2042,-1,2042,1946,1948,-1,2042,1948,2040,-1,2040,1948,1950,-1,2040,1950,2038,-1,2038,1950,1952,-1,2038,1952,2036,-1,2036,1952,1954,-1,2036,1954,2034,-1,2034,1954,1956,-1,2034,1956,2032,-1,2032,1956,1958,-1,2117,2049,1960,-1,2118,2119,2120,-1,2032,1958,2030,-1,2030,1958,1960,-1,2030,1960,2026,-1,2026,1960,2049,-1,2026,2049,2027,-1,2117,1960,2120,-1,2120,1960,2121,-1,2120,2121,2118,-1,2078,2087,2079,-1,2079,2087,2090,-1,2089,2080,2088,-1,2088,2080,2076,-1,2088,2076,2096,-1,2096,2076,2075,-1,2096,2075,2097,-1,2097,2075,2074,-1,2097,2074,2098,-1,2098,2074,2073,-1,2098,2073,2099,-1,2099,2073,2072,-1,2099,2072,2100,-1,2100,2072,2071,-1,2100,2071,2101,-1,2101,2071,2062,-1,2101,2062,2105,-1,2105,2062,2063,-1,1970,1966,1974,-1,1974,1966,1967,-1,1991,1990,2122,-1,1991,2122,2025,-1,2025,2122,2047,-1,2025,2047,2007,-1,2006,2046,2024,-1,2024,2046,2123,-1,2024,2123,1999,-1,1999,2123,1998,-1,2046,2047,2123,-1,2123,2047,2122,-1,2123,2122,1998,-1,1998,2122,1990,-1,1998,1990,1996,-1,1996,1990,1989,-1,2124,2125,2126,-1,2126,2125,2127,-1,1996,1989,2128,-1,2128,1989,2129,-1,2128,2129,2130,-1,2130,2129,2131,-1,2130,2131,2030,-1,2030,2131,2031,-1,2132,2133,2134,-1,2134,2133,2135,-1,2134,2135,1989,-1,1989,2135,2129,-1,2125,2124,1965,-1,1965,2124,1975,-1,2136,1975,2124,-1,2137,2138,2139,-1,2139,2138,2136,-1,2139,2136,2126,-1,2126,2136,2124,-1,2137,2139,2140,-1,2140,2139,2141,-1,2140,2141,2142,-1,2142,2141,2143,-1,2143,2141,2144,-1,2144,2141,2133,-1,2144,2133,2132,-1,2004,1994,2145,-1,2004,2145,2002,-1,2002,2145,2146,-1,2002,2146,2000,-1,2000,2146,2147,-1,2000,2147,1963,-1,2145,1994,2148,-1,2148,1994,1996,-1,2148,1996,2128,-1,1963,2147,1965,-1,1965,2147,2127,-1,1965,2127,2125,-1,2030,2026,2130,-1,2130,2026,2149,-1,2130,2149,2128,-1,2128,2149,2148,-1,2129,2135,2150,-1,2129,2150,2131,-1,2131,2150,2028,-1,2131,2028,2031,-1,2026,2028,2149,-1,2149,2028,2150,-1,2149,2150,2148,-1,2148,2150,2135,-1,2148,2135,2145,-1,2145,2135,2133,-1,2145,2133,2146,-1,2146,2133,2141,-1,2146,2141,2147,-1,2147,2141,2139,-1,2147,2139,2127,-1,2127,2139,2126,-1,1975,2136,2151,-1,2151,2136,2152,-1,2151,2152,2153,-1,2153,2152,2154,-1,2153,2154,2155,-1,2155,2154,2134,-1,2155,2134,1989,-1,2142,2143,2154,-1,2143,2144,2154,-1,2154,2144,2132,-1,2154,2132,2134,-1,2152,2138,2137,-1,2152,2137,2154,-1,2154,2137,2140,-1,2154,2140,2142,-1,2156,2155,1989,-1,2157,2151,2158,-1,2158,2151,2153,-1,2158,2153,2159,-1,2155,2156,2153,-1,2153,2156,2160,-1,2153,2160,2159,-1,1975,2151,2157,-1,2136,2138,2152,-1,1976,2161,1971,-1,1975,2157,2162,-1,2156,2163,2160,-1,2160,2163,2164,-1,2160,2164,2159,-1,2162,2157,2164,-1,2164,2157,2158,-1,2164,2158,2159,-1,2156,1989,2163,-1,1972,1971,2161,-1,1972,2161,1986,-1,1986,2161,2165,-1,1986,2165,1984,-1,2165,1988,1978,-1,1978,1980,2165,-1,2165,1980,1982,-1,2165,1982,1984,-1,1976,1975,2161,-1,2161,1975,2162,-1,2161,2162,2165,-1,2165,2162,2164,-1,2165,2164,1988,-1,1988,2164,2163,-1,1988,2163,1989,-1,2166,2167,2168,-1,2168,2167,2169,-1,2022,2023,2170,-1,2170,2023,2171,-1,2170,2171,2172,-1,2172,2171,2173,-1,2172,2173,1997,-1,1997,2173,1992,-1,1992,2173,2174,-1,2174,2173,2175,-1,2174,2175,2176,-1,2176,2175,2177,-1,1969,2168,1964,-1,1964,2168,2169,-1,2168,1969,2166,-1,2166,1969,2178,-1,2166,2178,2179,-1,2179,2178,2180,-1,2179,2180,2181,-1,2167,2166,2182,-1,2182,2166,2179,-1,2182,2179,2183,-1,2183,2179,2184,-1,2183,2184,2185,-1,2185,2184,2177,-1,2185,2177,2186,-1,2186,2177,2175,-1,2186,2175,2187,-1,2187,2175,2188,-1,2187,2188,2090,-1,2090,2188,2079,-1,2090,2022,2187,-1,2187,2022,2170,-1,2187,2170,2186,-1,2186,2170,2172,-1,2175,2173,2171,-1,2175,2171,2188,-1,2188,2171,2023,-1,2188,2023,2079,-1,2001,1962,2182,-1,2001,2182,2003,-1,2003,2182,2183,-1,2003,2183,2005,-1,2005,2183,2185,-1,2005,2185,1995,-1,2189,2176,2177,-1,2189,2177,2190,-1,2190,2177,2184,-1,2190,2184,2191,-1,2191,2184,2192,-1,2192,2184,2179,-1,2192,2179,2181,-1,1995,2185,1997,-1,1997,2185,2186,-1,1997,2186,2172,-1,2182,1962,2167,-1,2167,1962,1964,-1,2167,1964,2169,-1,2178,1969,2193,-1,2193,1969,2194,-1,2193,2194,2195,-1,2195,2194,2196,-1,2195,2196,2174,-1,2174,2196,2197,-1,2174,2197,1992,-1,2174,2176,2195,-1,2195,2176,2189,-1,2195,2189,2190,-1,2190,2191,2195,-1,2195,2191,2192,-1,2195,2192,2193,-1,2193,2192,2181,-1,2193,2181,2180,-1,1992,2197,2198,-1,2198,2197,2199,-1,2199,2197,2196,-1,2199,2196,2200,-1,2194,2201,2196,-1,2196,2201,2202,-1,2196,2202,2200,-1,2201,2194,1969,-1,2180,2178,2193,-1,1969,1968,2203,-1,2203,1968,2204,-1,2203,2204,2205,-1,2205,2204,2206,-1,2205,2206,2207,-1,2207,2206,1993,-1,2207,1993,1992,-1,1977,2204,1968,-1,2201,1969,2203,-1,2201,2203,2202,-1,2202,2203,2205,-1,2202,2205,2200,-1,2207,2198,2205,-1,2205,2198,2199,-1,2205,2199,2200,-1,1992,2198,2207,-1,1985,1983,2206,-1,1983,1981,2206,-1,2206,1981,1979,-1,2206,1979,1993,-1,2204,1977,1973,-1,2204,1973,2206,-1,2206,1973,1987,-1,2206,1987,1985,-1,2104,2208,2107,-1,2107,2208,2209,-1,2210,2211,2212,-1,2213,2214,2211,-1,2211,2214,2215,-1,2216,2217,2218,-1,2219,2220,2221,-1,2212,2211,2222,-1,2222,2211,2215,-1,2222,2215,2223,-1,2210,2212,2218,-1,2218,2212,2224,-1,2218,2224,2216,-1,2219,2221,2215,-1,2215,2221,2225,-1,2215,2225,2223,-1,2226,2227,2222,-1,2222,2227,2212,-1,2228,2229,2230,-1,2230,2229,2231,-1,2232,2233,2234,-1,2231,2235,2227,-1,2227,2235,2232,-1,2227,2232,2236,-1,2236,2232,2234,-1,2231,2227,2230,-1,2230,2227,2226,-1,2230,2226,2237,-1,2238,2239,2240,-1,2240,2239,2230,-1,2240,2230,2241,-1,2241,2230,2237,-1,2229,2228,2242,-1,2229,2242,2243,-1,2243,2242,2244,-1,2243,2244,2245,-1,2245,2244,2246,-1,2245,2246,2247,-1,2247,2246,2248,-1,2247,2248,2249,-1,2249,2248,2250,-1,2249,2250,2251,-1,2251,2250,2252,-1,2251,2252,2253,-1,2208,2253,2209,-1,2209,2253,2252,-1,2056,2254,2059,-1,2059,2254,2255,-1,2256,2255,2257,-1,2257,2255,2254,-1,2256,2257,2258,-1,2258,2257,2259,-1,2258,2259,2260,-1,2260,2259,2261,-1,2260,2261,2262,-1,2262,2261,2263,-1,2262,2263,2264,-1,2264,2263,2265,-1,2264,2265,2266,-1,2266,2265,2267,-1,2266,2267,2213,-1,2213,2267,2214,-1,2059,2255,2060,-1,2060,2255,2256,-1,2253,2208,2103,-1,2103,2208,2104,-1,2211,2231,2213,-1,2213,2231,2229,-1,2213,2229,2266,-1,2266,2229,2243,-1,2266,2243,2264,-1,2264,2243,2245,-1,2264,2245,2262,-1,2262,2245,2247,-1,2262,2247,2260,-1,2260,2247,2249,-1,2260,2249,2258,-1,2258,2249,2251,-1,2258,2251,2256,-1,2256,2251,2253,-1,2256,2253,2060,-1,2060,2253,2103,-1,2257,2254,2055,-1,2055,2254,2056,-1,2107,2209,2108,-1,2108,2209,2252,-1,2055,2108,2257,-1,2257,2108,2252,-1,2257,2252,2259,-1,2259,2252,2250,-1,2259,2250,2261,-1,2261,2250,2248,-1,2261,2248,2263,-1,2263,2248,2246,-1,2263,2246,2265,-1,2265,2246,2244,-1,2265,2244,2267,-1,2267,2244,2242,-1,2267,2242,2214,-1,2214,2242,2228,-1,2214,2228,2215,-1,2215,2228,2230,-1,2080,2089,2095,-1,2080,2095,2081,-1,2081,2095,2091,-1,2081,2091,2082,-1,2082,2091,2093,-1,2082,2093,2083,-1,2083,2093,2094,-1,2083,2094,2084,-1,2084,2094,2092,-1,2084,2092,2085,-1,2085,2092,2086,-1,2085,2086,2077,-1,1960,1961,2054,-1,1960,2054,2121,-1,2121,2054,2053,-1,2121,2053,2118,-1,2118,2053,2052,-1,2118,2052,2119,-1,2119,2052,2051,-1,2119,2051,2120,-1,2120,2051,2050,-1,2120,2050,2117,-1,2117,2050,2048,-1,2117,2048,2049,-1,2108,2055,2109,-1,2109,2055,2057,-1,2109,2057,2114,-1,2114,2057,2058,-1,2114,2058,2115,-1,2115,2058,2067,-1,2115,2067,2116,-1,2116,2067,2066,-1,2116,2066,2113,-1,2113,2066,2065,-1,2113,2065,1944,-1,1944,2065,1945,-1,2060,2103,2061,-1,2061,2103,2102,-1,2061,2102,2068,-1,2068,2102,2106,-1,2068,2106,2069,-1,2069,2106,2112,-1,2069,2112,2070,-1,2070,2112,2111,-1,2070,2111,2064,-1,2064,2111,2110,-1,2064,2110,2063,-1,2063,2110,2105,-1,2215,2230,2239,-1,2215,2239,2219,-1,2219,2239,2238,-1,2219,2238,2220,-1,2220,2238,2240,-1,2220,2240,2221,-1,2221,2240,2241,-1,2221,2241,2225,-1,2225,2241,2237,-1,2225,2237,2223,-1,2223,2237,2226,-1,2223,2226,2222,-1,2231,2211,2210,-1,2231,2210,2235,-1,2235,2210,2218,-1,2235,2218,2232,-1,2232,2218,2217,-1,2232,2217,2233,-1,2233,2217,2216,-1,2233,2216,2234,-1,2234,2216,2224,-1,2234,2224,2236,-1,2236,2224,2212,-1,2236,2212,2227,-1,2268,2269,2270,-1,2270,2269,2271,-1,2270,2271,2272,-1,2272,2271,2273,-1,2272,2273,2274,-1,2274,2273,2275,-1,2274,2275,2276,-1,2276,2275,2277,-1,2276,2277,2278,-1,2278,2277,2279,-1,2278,2279,2280,-1,2280,2279,2281,-1,2280,2281,2282,-1,2282,2281,2283,-1,2282,2283,2284,-1,2284,2283,2285,-1,2286,2287,2288,-1,2288,2287,2289,-1,2288,2289,2290,-1,2290,2289,2291,-1,2292,2293,2294,-1,2295,2296,2297,-1,2298,2299,2294,-1,2294,2299,2300,-1,2294,2300,2292,-1,2292,2300,2295,-1,2292,2295,2301,-1,2301,2295,2297,-1,2302,2303,2304,-1,2304,2303,2305,-1,2304,2305,2306,-1,2306,2305,2307,-1,2306,2307,2308,-1,2308,2307,2309,-1,2308,2309,2310,-1,2310,2309,2311,-1,2310,2311,2296,-1,2296,2311,2297,-1,2312,2313,2314,-1,2315,2316,2314,-1,2314,2316,2317,-1,2314,2317,2312,-1,2312,2317,2303,-1,2312,2303,2302,-1,2318,2319,2320,-1,2320,2319,2321,-1,2320,2321,2322,-1,2322,2321,2323,-1,2319,2318,2324,-1,2324,2318,2325,-1,2324,2325,2326,-1,2326,2325,2327,-1,2326,2327,2328,-1,2328,2327,2329,-1,2328,2329,2286,-1,2286,2329,2287,-1,2330,2331,2332,-1,2332,2331,2333,-1,2332,2333,2334,-1,2334,2333,2335,-1,2334,2335,2336,-1,2336,2335,2337,-1,2336,2337,2338,-1,2338,2337,2339,-1,2338,2339,2340,-1,2340,2339,2341,-1,2340,2341,2342,-1,2342,2341,2343,-1,2342,2343,2344,-1,2344,2343,2345,-1,2344,2345,2346,-1,2346,2345,2347,-1,2321,2316,2323,-1,2323,2316,2315,-1,2323,2315,2348,-1,2348,2315,2349,-1,2348,2349,2330,-1,2330,2349,2331,-1,2290,2294,2288,-1,2288,2294,2293,-1,2350,2351,2352,-1,2352,2351,2353,-1,2299,2298,2289,-1,2289,2298,2291,-1,2354,2355,2356,-1,2356,2355,2357,-1,2356,2357,2358,-1,2358,2357,2359,-1,2358,2359,2360,-1,2360,2359,2361,-1,2360,2361,2362,-1,2362,2361,2363,-1,2362,2363,2364,-1,2364,2363,2365,-1,2364,2365,2366,-1,2366,2365,2367,-1,2366,2367,2368,-1,2368,2367,2369,-1,2368,2369,2370,-1,2370,2369,2371,-1,2372,2353,2373,-1,2373,2353,2351,-1,2352,2285,2355,-1,2355,2285,2283,-1,2355,2283,2357,-1,2352,2353,2285,-1,2285,2353,2372,-1,2285,2372,2374,-1,2375,2376,2377,-1,2374,2372,2377,-1,2377,2372,2378,-1,2377,2378,2375,-1,2357,2283,2281,-1,2357,2281,2359,-1,2359,2281,2279,-1,2359,2279,2361,-1,2361,2279,2277,-1,2361,2277,2363,-1,2363,2277,2275,-1,2363,2275,2365,-1,2365,2275,2273,-1,2365,2273,2367,-1,2367,2273,2271,-1,2367,2271,2369,-1,2379,2380,2381,-1,2381,2380,2382,-1,2369,2271,2269,-1,2369,2380,2371,-1,2371,2380,2383,-1,2371,2383,2331,-1,2331,2383,2333,-1,2383,2384,2385,-1,2386,2333,2387,-1,2387,2333,2388,-1,2269,2389,2369,-1,2369,2389,2390,-1,2369,2390,2380,-1,2380,2390,2391,-1,2380,2391,2382,-1,2385,2392,2383,-1,2383,2392,2393,-1,2383,2393,2333,-1,2333,2393,2394,-1,2333,2394,2388,-1,2333,2386,2395,-1,2333,2395,2335,-1,2335,2395,2396,-1,2335,2396,2337,-1,2337,2396,2397,-1,2337,2397,2339,-1,2339,2397,2398,-1,2339,2398,2341,-1,2341,2398,2399,-1,2341,2399,2343,-1,2343,2399,2400,-1,2343,2400,2345,-1,2401,2402,2403,-1,2345,2400,2347,-1,2347,2400,2404,-1,2405,2401,2404,-1,2404,2401,2403,-1,2404,2403,2347,-1,2405,2406,2401,-1,2401,2406,2407,-1,2401,2407,2408,-1,2408,2407,2409,-1,2410,2411,2401,-1,2401,2411,2402,-1,2412,2344,2346,-1,2412,2346,2413,-1,2413,2346,2414,-1,2413,2414,2411,-1,2415,2416,2417,-1,2417,2416,2418,-1,2411,2410,2413,-1,2413,2410,2416,-1,2413,2416,2419,-1,2419,2416,2415,-1,2344,2412,2342,-1,2342,2412,2420,-1,2342,2420,2340,-1,2340,2420,2421,-1,2340,2421,2338,-1,2338,2421,2422,-1,2338,2422,2336,-1,2336,2422,2423,-1,2336,2423,2334,-1,2334,2423,2424,-1,2334,2424,2332,-1,2332,2424,2425,-1,2426,2427,2428,-1,2428,2427,2429,-1,2332,2425,2430,-1,2332,2427,2330,-1,2330,2427,2431,-1,2330,2431,2370,-1,2370,2431,2368,-1,2431,2432,2433,-1,2270,2368,2268,-1,2268,2368,2434,-1,2430,2435,2332,-1,2332,2435,2436,-1,2332,2436,2427,-1,2427,2436,2437,-1,2427,2437,2429,-1,2433,2438,2431,-1,2431,2438,2439,-1,2431,2439,2368,-1,2368,2439,2440,-1,2368,2440,2434,-1,2368,2270,2366,-1,2366,2270,2272,-1,2366,2272,2364,-1,2364,2272,2274,-1,2364,2274,2362,-1,2362,2274,2276,-1,2362,2276,2360,-1,2360,2276,2278,-1,2360,2278,2358,-1,2358,2278,2280,-1,2358,2280,2356,-1,2356,2280,2282,-1,2356,2282,2354,-1,2354,2282,2284,-1,2354,2284,2350,-1,2350,2284,2373,-1,2350,2373,2351,-1,2441,2442,2443,-1,2284,2444,2373,-1,2373,2444,2441,-1,2373,2441,2445,-1,2445,2441,2443,-1,2402,2411,2403,-1,2403,2411,2414,-1,2413,2404,2412,-1,2412,2404,2400,-1,2412,2400,2420,-1,2420,2400,2399,-1,2420,2399,2421,-1,2421,2399,2398,-1,2421,2398,2422,-1,2422,2398,2397,-1,2422,2397,2423,-1,2423,2397,2396,-1,2423,2396,2424,-1,2424,2396,2395,-1,2424,2395,2425,-1,2425,2395,2386,-1,2425,2386,2430,-1,2430,2386,2387,-1,2294,2290,2298,-1,2298,2290,2291,-1,2315,2314,2446,-1,2315,2446,2349,-1,2349,2446,2371,-1,2349,2371,2331,-1,2330,2370,2348,-1,2348,2370,2447,-1,2348,2447,2323,-1,2323,2447,2322,-1,2370,2371,2447,-1,2447,2371,2446,-1,2447,2446,2322,-1,2322,2446,2314,-1,2322,2314,2320,-1,2320,2314,2313,-1,2448,2449,2450,-1,2450,2449,2451,-1,2320,2313,2452,-1,2452,2313,2453,-1,2452,2453,2454,-1,2454,2453,2455,-1,2454,2455,2354,-1,2354,2455,2355,-1,2456,2457,2458,-1,2458,2457,2459,-1,2458,2459,2313,-1,2313,2459,2453,-1,2449,2448,2289,-1,2289,2448,2299,-1,2460,2299,2448,-1,2461,2462,2463,-1,2463,2462,2460,-1,2463,2460,2450,-1,2450,2460,2448,-1,2461,2463,2464,-1,2464,2463,2465,-1,2464,2465,2466,-1,2466,2465,2467,-1,2467,2465,2468,-1,2468,2465,2457,-1,2468,2457,2456,-1,2325,2318,2469,-1,2325,2469,2327,-1,2327,2469,2470,-1,2327,2470,2329,-1,2329,2470,2471,-1,2329,2471,2287,-1,2469,2318,2472,-1,2472,2318,2320,-1,2472,2320,2452,-1,2287,2471,2289,-1,2289,2471,2451,-1,2289,2451,2449,-1,2354,2350,2454,-1,2454,2350,2473,-1,2454,2473,2452,-1,2452,2473,2472,-1,2453,2459,2474,-1,2453,2474,2455,-1,2455,2474,2352,-1,2455,2352,2355,-1,2350,2352,2473,-1,2473,2352,2474,-1,2473,2474,2472,-1,2472,2474,2459,-1,2472,2459,2469,-1,2469,2459,2457,-1,2469,2457,2470,-1,2470,2457,2465,-1,2470,2465,2471,-1,2471,2465,2463,-1,2471,2463,2451,-1,2451,2463,2450,-1,2299,2460,2475,-1,2475,2460,2476,-1,2475,2476,2477,-1,2477,2476,2478,-1,2477,2478,2479,-1,2479,2478,2458,-1,2479,2458,2313,-1,2466,2467,2478,-1,2467,2468,2478,-1,2478,2468,2456,-1,2478,2456,2458,-1,2476,2462,2461,-1,2476,2461,2478,-1,2478,2461,2464,-1,2478,2464,2466,-1,2480,2479,2313,-1,2481,2475,2482,-1,2482,2475,2477,-1,2482,2477,2483,-1,2479,2480,2477,-1,2477,2480,2484,-1,2477,2484,2483,-1,2299,2475,2481,-1,2460,2462,2476,-1,2300,2485,2295,-1,2299,2481,2486,-1,2480,2487,2484,-1,2484,2487,2488,-1,2484,2488,2483,-1,2486,2481,2488,-1,2488,2481,2482,-1,2488,2482,2483,-1,2480,2313,2487,-1,2296,2295,2485,-1,2296,2485,2310,-1,2310,2485,2489,-1,2310,2489,2308,-1,2489,2312,2302,-1,2302,2304,2489,-1,2489,2304,2306,-1,2489,2306,2308,-1,2300,2299,2485,-1,2485,2299,2486,-1,2485,2486,2489,-1,2489,2486,2488,-1,2489,2488,2312,-1,2312,2488,2487,-1,2312,2487,2313,-1,2490,2491,2492,-1,2492,2491,2493,-1,2346,2347,2494,-1,2494,2347,2495,-1,2494,2495,2496,-1,2496,2495,2497,-1,2496,2497,2321,-1,2321,2497,2316,-1,2316,2497,2498,-1,2498,2497,2499,-1,2498,2499,2500,-1,2500,2499,2501,-1,2293,2492,2288,-1,2288,2492,2493,-1,2492,2293,2490,-1,2490,2293,2502,-1,2490,2502,2503,-1,2503,2502,2504,-1,2503,2504,2505,-1,2491,2490,2506,-1,2506,2490,2503,-1,2506,2503,2507,-1,2507,2503,2508,-1,2507,2508,2509,-1,2509,2508,2501,-1,2509,2501,2510,-1,2510,2501,2499,-1,2510,2499,2511,-1,2511,2499,2512,-1,2511,2512,2414,-1,2414,2512,2403,-1,2414,2346,2511,-1,2511,2346,2494,-1,2511,2494,2510,-1,2510,2494,2496,-1,2499,2497,2495,-1,2499,2495,2512,-1,2512,2495,2347,-1,2512,2347,2403,-1,2328,2286,2506,-1,2328,2506,2326,-1,2326,2506,2507,-1,2326,2507,2324,-1,2324,2507,2509,-1,2324,2509,2319,-1,2513,2500,2501,-1,2513,2501,2514,-1,2514,2501,2508,-1,2514,2508,2515,-1,2515,2508,2516,-1,2516,2508,2503,-1,2516,2503,2505,-1,2319,2509,2321,-1,2321,2509,2510,-1,2321,2510,2496,-1,2506,2286,2491,-1,2491,2286,2288,-1,2491,2288,2493,-1,2502,2293,2517,-1,2517,2293,2518,-1,2517,2518,2519,-1,2519,2518,2520,-1,2519,2520,2498,-1,2498,2520,2521,-1,2498,2521,2316,-1,2498,2500,2519,-1,2519,2500,2513,-1,2519,2513,2514,-1,2514,2515,2519,-1,2519,2515,2516,-1,2519,2516,2517,-1,2517,2516,2505,-1,2517,2505,2504,-1,2316,2521,2522,-1,2522,2521,2523,-1,2523,2521,2520,-1,2523,2520,2524,-1,2518,2525,2520,-1,2520,2525,2526,-1,2520,2526,2524,-1,2525,2518,2293,-1,2504,2502,2517,-1,2293,2292,2527,-1,2527,2292,2528,-1,2527,2528,2529,-1,2529,2528,2530,-1,2529,2530,2531,-1,2531,2530,2317,-1,2531,2317,2316,-1,2301,2528,2292,-1,2525,2293,2527,-1,2525,2527,2526,-1,2526,2527,2529,-1,2526,2529,2524,-1,2531,2522,2529,-1,2529,2522,2523,-1,2529,2523,2524,-1,2316,2522,2531,-1,2309,2307,2530,-1,2307,2305,2530,-1,2530,2305,2303,-1,2530,2303,2317,-1,2528,2301,2297,-1,2528,2297,2530,-1,2530,2297,2311,-1,2530,2311,2309,-1,2427,2532,2431,-1,2431,2532,2533,-1,2534,2535,2536,-1,2536,2535,2537,-1,2538,2537,2539,-1,2539,2537,2540,-1,2539,2540,2541,-1,2538,2542,2537,-1,2537,2542,2543,-1,2537,2543,2536,-1,2536,2543,2544,-1,2536,2544,2545,-1,2546,2547,2548,-1,2548,2547,2536,-1,2548,2536,2549,-1,2549,2536,2545,-1,2550,2551,2543,-1,2543,2551,2544,-1,2552,2553,2554,-1,2554,2553,2555,-1,2556,2555,2557,-1,2557,2555,2558,-1,2557,2558,2559,-1,2556,2560,2555,-1,2555,2560,2551,-1,2555,2551,2554,-1,2554,2551,2550,-1,2554,2550,2561,-1,2562,2563,2564,-1,2564,2563,2554,-1,2564,2554,2565,-1,2565,2554,2561,-1,2553,2552,2566,-1,2553,2566,2567,-1,2567,2566,2568,-1,2567,2568,2569,-1,2569,2568,2570,-1,2569,2570,2571,-1,2571,2570,2572,-1,2571,2572,2573,-1,2573,2572,2574,-1,2573,2574,2575,-1,2575,2574,2576,-1,2575,2576,2577,-1,2532,2577,2533,-1,2533,2577,2576,-1,2380,2578,2383,-1,2383,2578,2579,-1,2580,2579,2581,-1,2581,2579,2578,-1,2580,2581,2582,-1,2582,2581,2583,-1,2582,2583,2584,-1,2584,2583,2585,-1,2584,2585,2586,-1,2586,2585,2587,-1,2586,2587,2588,-1,2588,2587,2589,-1,2588,2589,2590,-1,2590,2589,2591,-1,2590,2591,2534,-1,2534,2591,2535,-1,2383,2579,2384,-1,2384,2579,2580,-1,2577,2532,2426,-1,2426,2532,2427,-1,2536,2555,2534,-1,2534,2555,2553,-1,2534,2553,2590,-1,2590,2553,2567,-1,2590,2567,2588,-1,2588,2567,2569,-1,2588,2569,2586,-1,2586,2569,2571,-1,2586,2571,2584,-1,2584,2571,2573,-1,2584,2573,2582,-1,2582,2573,2575,-1,2582,2575,2580,-1,2580,2575,2577,-1,2580,2577,2384,-1,2384,2577,2426,-1,2581,2578,2379,-1,2379,2578,2380,-1,2431,2533,2432,-1,2432,2533,2576,-1,2379,2432,2581,-1,2581,2432,2576,-1,2581,2576,2583,-1,2583,2576,2574,-1,2583,2574,2585,-1,2585,2574,2572,-1,2585,2572,2587,-1,2587,2572,2570,-1,2587,2570,2589,-1,2589,2570,2568,-1,2589,2568,2591,-1,2591,2568,2566,-1,2591,2566,2535,-1,2535,2566,2552,-1,2535,2552,2537,-1,2537,2552,2554,-1,2404,2413,2419,-1,2404,2419,2405,-1,2405,2419,2415,-1,2405,2415,2406,-1,2406,2415,2417,-1,2406,2417,2407,-1,2407,2417,2418,-1,2407,2418,2409,-1,2409,2418,2416,-1,2409,2416,2408,-1,2408,2416,2410,-1,2408,2410,2401,-1,2284,2285,2374,-1,2284,2374,2444,-1,2444,2374,2377,-1,2444,2377,2441,-1,2441,2377,2376,-1,2441,2376,2442,-1,2442,2376,2375,-1,2442,2375,2443,-1,2443,2375,2378,-1,2443,2378,2445,-1,2445,2378,2372,-1,2445,2372,2373,-1,2432,2379,2433,-1,2433,2379,2381,-1,2433,2381,2438,-1,2438,2381,2382,-1,2438,2382,2439,-1,2439,2382,2391,-1,2439,2391,2440,-1,2440,2391,2390,-1,2440,2390,2434,-1,2434,2390,2389,-1,2434,2389,2268,-1,2268,2389,2269,-1,2384,2426,2385,-1,2385,2426,2428,-1,2385,2428,2392,-1,2392,2428,2429,-1,2392,2429,2393,-1,2393,2429,2437,-1,2393,2437,2394,-1,2394,2437,2436,-1,2394,2436,2388,-1,2388,2436,2435,-1,2388,2435,2387,-1,2387,2435,2430,-1,2537,2554,2563,-1,2537,2563,2540,-1,2540,2563,2562,-1,2540,2562,2541,-1,2541,2562,2564,-1,2541,2564,2539,-1,2539,2564,2565,-1,2539,2565,2538,-1,2538,2565,2561,-1,2538,2561,2542,-1,2542,2561,2550,-1,2542,2550,2543,-1,2555,2536,2547,-1,2555,2547,2558,-1,2558,2547,2546,-1,2558,2546,2559,-1,2559,2546,2548,-1,2559,2548,2557,-1,2557,2548,2549,-1,2557,2549,2556,-1,2556,2549,2545,-1,2556,2545,2560,-1,2560,2545,2544,-1,2560,2544,2551,-1,
        ]
    }
}