#VRML V2.0 utf8
# 3D model generated by easyeda2kicad.py (https://github.com/uPesy/easyeda2kicad.py)

Shape{
    appearance Appearance {
        material  Material 	{
            diffuseColor 0.9686274509803922 0.8784313725490196 0.6
            specularColor 0.6784313725490196 0.615686274509804 0.4196078431372549
            ambientIntensity 0.2
            transparency 0
            shininess 0.5
        }
    }
    geometry IndexedFaceSet {
        ccw TRUE
        solid FALSE
        coord DEF co Coordinate {
            point [
                1.0335 3.2677 0.0, 0.9744 3.2677 0.0, 1.0335 3.2677 0.1181, 0.9744 3.2677 0.1181, 1.0466 3.2662 0.1181, 1.0466 3.2662 0.0, 1.0591 3.2619 0.1181, 1.0591 3.2619 0.0, 1.0703 3.2548 0.1181, 1.0703 3.2548 0.0, 1.0796 3.2455 0.1181, 1.0796 3.2455 0.0, 1.0867 3.2343 0.1181, 1.0867 3.2343 0.0, 1.091 3.2218 0.1181, 1.091 3.2218 0.0, 1.0925 3.2087 0.1181, 1.0925 3.2087 0.0, 1.0925 2.5 0.1969, 0.9154 2.5 0.1969, 0.9154 2.5058 0.1532, 1.0925 2.5049 0.153, 0.9154 2.5067 0.1459, 1.0925 2.5195 0.1114, 0.9154 2.5208 0.112, 0.9154 2.5264 0.0984, 1.0925 2.5429 0.0741, 0.9154 2.5443 0.0751, 1.0925 2.5741 0.0429, 0.9154 2.5577 0.0577, 0.9154 2.5751 0.0443, 1.0925 2.6114 0.0195, 0.9154 2.5984 0.0264, 0.9154 2.612 0.0208, 1.0925 2.653 0.0049, 0.9154 2.6459 0.0067, 0.9154 2.6532 0.0058, 0.9154 2.6969 0.0, 1.0925 2.6969 0.0, 0.9488 3.2619 0.0, 0.9592 3.2655 0.0, 0.9154 3.2087 0.0, 0.9168 3.2218 0.0, 0.9176 3.2239 0.0, 0.9212 3.2343 0.0, 0.9613 3.2662 0.0, 0.9235 3.238 0.0, 0.9282 3.2455 0.0, 0.9329 3.2502 0.0, 0.9376 3.2548 0.0, 0.9451 3.2595 0.0, 0.9591 3.2657 0.1181, 0.9449 3.2598 0.1181, 0.9327 3.2504 0.1181, 0.9233 3.2382 0.1181, 0.9174 3.2239 0.1181, 0.9154 3.2087 0.1181, 0.9154 2.6969 0.1181, 1.0925 2.6969 0.1181, 1.0925 2.6793 0.1201, 0.9154 2.6794 0.1204, 0.9154 2.6765 0.1208, 1.0925 2.6627 0.1259, 0.9154 2.6629 0.1264, 0.9154 2.6575 0.1287, 1.0925 2.6478 0.1353, 0.9154 2.6482 0.1358, 1.0925 2.6353 0.1478, 0.9154 2.6412 0.1412, 0.9154 2.6358 0.1482, 1.0925 2.6259 0.1627, 0.9154 2.6287 0.1575, 0.9154 2.6264 0.1629, 1.0925 2.6201 0.1793, 0.9154 2.6208 0.1765, 0.9154 2.6204 0.1794, 1.0925 2.6181 0.1969, 0.9154 2.6181 0.1969, 1.0925 2.6181 2.8937, 0.9154 2.6181 2.8937, 0.9154 2.5 2.8937, 1.0925 2.5 2.8937, 0.9154 2.5 2.9724, 0.9154 2.5 3.0741, 0.9154 2.519 3.063, 0.9154 2.5724 3.0198, 0.9154 2.5909 2.9916, 0.9154 2.5973 2.9817, 0.9154 2.6108 2.9444, 0.9154 2.6128 2.9389, 0.9154 2.5393 3.0512, 0.9154 2.5596 3.032, 0.9154 2.4704 2.9553, 0.9154 2.4554 2.9646, 0.9154 2.4388 2.9705, 0.9154 2.4213 2.9724, 0.9154 2.498 2.9112, 0.9154 2.4922 2.9279, 0.9154 2.4828 2.9428, 0.876 2.5 2.9724, 1.0925 2.5 2.9724, 1.1319 2.5 2.9724, 1.0925 2.4213 2.9724, 1.1319 1.9882 2.9724, 0.876 1.9882 2.9724, 1.0925 2.5724 3.0198, 1.0925 2.5596 3.032, 1.0925 2.5393 3.0512, 1.0925 2.519 3.063, 1.0925 2.5 3.0741, 1.0925 2.47 2.9547, 1.0925 2.4769 2.9494, 1.0925 2.6108 2.9444, 1.0925 2.6128 2.9389, 1.0925 2.5973 2.9817, 1.0925 2.5909 2.9916, 1.0925 2.4823 2.9424, 1.0925 2.4895 2.9331, 1.0925 2.4917 2.9277, 1.0925 2.4973 2.9141, 1.0925 2.4416 2.9698, 1.0925 2.4387 2.9701, 1.0925 2.4552 2.9641, 1.0925 2.4606 2.9619, 1.0925 2.4977 2.9112, 0.9154 2.4213 3.0906, 0.9154 2.4615 3.0864, 0.9154 2.5 3.0906, 0.9154 2.472 3.0831, 1.0925 2.4213 3.0906, 1.0925 2.4615 3.0864, 1.0925 2.472 3.0831, 1.0925 2.5 3.0906, 1.1319 1.9882 3.0906, 1.1319 2.5 3.0906, 0.876 1.9882 3.0906, 0.876 2.5 3.0906, -0.9744 3.2677 0.0, -1.0335 3.2677 0.0, -0.9744 3.2677 0.1181, -1.0335 3.2677 0.1181, -0.9613 3.2662 0.1181, -0.9613 3.2662 0.0, -0.9488 3.2619 0.1181, -0.9488 3.2619 0.0, -0.9376 3.2548 0.1181, -0.9376 3.2548 0.0, -0.9282 3.2455 0.1181, -0.9282 3.2455 0.0, -0.9212 3.2343 0.1181, -0.9212 3.2343 0.0, -0.9168 3.2218 0.1181, -0.9168 3.2218 0.0, -0.9154 3.2087 0.1181, -0.9154 3.2087 0.0, -0.9154 2.5 0.1969, -1.0925 2.5 0.1969, -1.0925 2.5058 0.1532, -0.9154 2.5049 0.153, -1.0925 2.5067 0.1459, -0.9154 2.5195 0.1114, -1.0925 2.5208 0.112, -1.0925 2.5264 0.0984, -0.9154 2.5429 0.0741, -1.0925 2.5443 0.0751, -0.9154 2.5741 0.0429, -1.0925 2.5577 0.0577, -1.0925 2.5751 0.0443, -0.9154 2.6114 0.0195, -1.0925 2.5984 0.0264, -1.0925 2.612 0.0208, -0.9154 2.653 0.0049, -1.0925 2.6459 0.0067, -1.0925 2.6532 0.0058, -1.0925 2.6969 0.0, -0.9154 2.6969 0.0, -1.0925 3.2087 0.0, -1.0466 3.2662 0.0, -1.091 3.2218 0.0, -1.0867 3.2343 0.0, -1.0796 3.2455 0.0, -1.0703 3.2548 0.0, -1.0591 3.2619 0.0, -1.063 3.2598 0.1181, -1.0589 3.2615 0.1181, -1.0466 3.266 0.1181, -1.0487 3.2657 0.1181, -1.07 3.2544 0.1181, -1.0752 3.2504 0.1181, -1.0792 3.2452 0.1181, -1.0846 3.2382 0.1181, -1.0863 3.2341 0.1181, -1.0905 3.2239 0.1181, -1.0908 3.2218 0.1181, -1.0925 3.2087 0.1181, -0.9154 2.6969 0.1181, -1.0925 2.6969 0.1181, -0.9154 2.6793 0.1201, -1.0925 2.6794 0.1204, -1.0925 2.6765 0.1208, -0.9154 2.6627 0.1259, -1.0925 2.6629 0.1264, -1.0925 2.6575 0.1287, -0.9154 2.6478 0.1353, -1.0925 2.6482 0.1358, -0.9154 2.6353 0.1478, -1.0925 2.6412 0.1412, -1.0925 2.6358 0.1482, -0.9154 2.6259 0.1627, -1.0925 2.6287 0.1575, -1.0925 2.6264 0.1629, -0.9154 2.6201 0.1793, -1.0925 2.6208 0.1765, -1.0925 2.6204 0.1794, -0.9154 2.6181 0.1969, -1.0925 2.6181 0.1969, -0.9154 2.6181 2.8937, -1.0925 2.6181 2.8937, -1.0925 2.5 2.8937, -0.9154 2.5 2.8937, -1.0925 2.4213 3.0906, -1.0925 2.4615 3.0864, -1.0925 2.5 3.0906, -1.0925 2.472 3.0831, -1.0925 2.5 3.0741, -0.9154 2.4213 3.0906, -0.9154 2.4615 3.0864, -0.9154 2.472 3.0831, -0.9154 2.5 3.0741, -1.0925 2.519 3.063, -0.9154 2.519 3.063, -1.0925 2.5393 3.0512, -0.9154 2.5393 3.0512, -1.0925 2.5596 3.032, -0.9154 2.5596 3.032, -1.0925 2.5724 3.0198, -0.9154 2.5724 3.0198, -1.0925 2.5909 2.9916, -0.9154 2.5909 2.9916, -1.0925 2.5973 2.9817, -0.9154 2.5973 2.9817, -1.0925 2.6108 2.9444, -0.9154 2.6108 2.9444, -1.0925 2.6128 2.9389, -0.9154 2.6128 2.9389, -0.9154 2.5 3.0906, -0.876 1.9882 2.9724, -0.876 2.5 2.9724, -0.876 1.9882 3.0906, -0.876 2.5 3.0906, -1.1319 1.9882 3.0906, -1.1319 1.9882 2.9724, -1.0925 2.5 2.9724, -1.0925 2.4704 2.9553, -1.0925 2.4554 2.9646, -1.0925 2.4388 2.9705, -1.0925 2.4213 2.9724, -1.0925 2.498 2.9112, -1.0925 2.4922 2.9279, -1.0925 2.4828 2.9428, -1.1319 2.5 2.9724, -0.9154 2.5 2.9724, -0.9154 2.4213 2.9724, -0.9154 2.47 2.9547, -0.9154 2.4769 2.9494, -0.9154 2.4823 2.9424, -0.9154 2.4895 2.9331, -0.9154 2.4917 2.9277, -0.9154 2.4973 2.9141, -0.9154 2.4416 2.9698, -0.9154 2.4387 2.9701, -0.9154 2.4552 2.9641, -0.9154 2.4606 2.9619, -0.9154 2.4977 2.9112, -1.1319 2.5 3.0906, 1.435 3.2677 0.0, 1.376 3.2677 0.0, 1.435 3.2677 0.1181, 1.376 3.2677 0.1181, 1.4482 3.2662 0.1181, 1.4482 3.2662 0.0, 1.4607 3.2619 0.1181, 1.4607 3.2619 0.0, 1.4719 3.2548 0.1181, 1.4719 3.2548 0.0, 1.4812 3.2455 0.1181, 1.4812 3.2455 0.0, 1.4882 3.2343 0.1181, 1.4882 3.2343 0.0, 1.4926 3.2218 0.1181, 1.4926 3.2218 0.0, 1.4941 3.2087 0.1181, 1.4941 3.2087 0.0, 1.4941 2.5 0.1969, 1.3169 2.5 0.1969, 1.3169 2.5058 0.1532, 1.4941 2.5049 0.153, 1.3169 2.5067 0.1459, 1.4941 2.5195 0.1114, 1.3169 2.5208 0.112, 1.3169 2.5264 0.0984, 1.4941 2.5429 0.0741, 1.3169 2.5443 0.0751, 1.4941 2.5741 0.0429, 1.3169 2.5577 0.0577, 1.3169 2.5751 0.0443, 1.4941 2.6114 0.0195, 1.3169 2.5984 0.0264, 1.3169 2.612 0.0208, 1.4941 2.653 0.0049, 1.3169 2.6459 0.0067, 1.3169 2.6532 0.0058, 1.3169 2.6969 0.0, 1.4941 2.6969 0.0, 1.3169 3.2087 0.0, 1.3504 3.2619 0.0, 1.3628 3.2662 0.0, 1.3184 3.2218 0.0, 1.3228 3.2343 0.0, 1.3298 3.2455 0.0, 1.3392 3.2548 0.0, 1.3465 3.2598 0.1181, 1.3505 3.2615 0.1181, 1.3629 3.266 0.1181, 1.3607 3.2657 0.1181, 1.3395 3.2544 0.1181, 1.3342 3.2504 0.1181, 1.3302 3.2452 0.1181, 1.3248 3.2382 0.1181, 1.3232 3.2341 0.1181, 1.3189 3.2239 0.1181, 1.3187 3.2218 0.1181, 1.3169 3.2087 0.1181, 1.4941 2.6969 0.1181, 1.3169 2.6969 0.1181, 1.4941 2.6793 0.1201, 1.3169 2.6794 0.1204, 1.3169 2.6765 0.1208, 1.4941 2.6627 0.1259, 1.3169 2.6629 0.1264, 1.3169 2.6575 0.1287, 1.4941 2.6478 0.1353, 1.3169 2.6482 0.1358, 1.4941 2.6353 0.1478, 1.3169 2.6412 0.1412, 1.3169 2.6358 0.1482, 1.4941 2.6259 0.1627, 1.3169 2.6287 0.1575, 1.3169 2.6264 0.1629, 1.4941 2.6201 0.1793, 1.3169 2.6208 0.1765, 1.3169 2.6204 0.1794, 1.4941 2.6181 0.1969, 1.3169 2.6181 0.1969, 1.4941 2.6181 2.8937, 1.3169 2.6181 2.8937, 1.3169 2.5 2.8937, 1.4941 2.5 2.8937, 1.5335 2.5 2.9724, 1.4941 2.5 2.9724, 1.5335 2.5 3.0906, 1.4941 2.5 3.0741, 1.4941 2.5 3.0906, 1.4941 2.4213 3.0906, 1.3169 2.5 3.0906, 1.2776 2.5 3.0906, 1.3169 2.4213 3.0906, 1.2776 1.9882 3.0906, 1.5335 1.9882 3.0906, 1.2776 2.5 2.9724, 1.2776 1.9882 2.9724, 1.5335 1.9882 2.9724, 1.4941 2.472 3.0831, 1.4941 2.4615 3.0864, 1.3169 2.4615 3.0864, 1.3169 2.472 3.0831, 1.3169 2.5 3.0741, 1.3169 2.519 3.063, 1.4941 2.519 3.063, 1.3169 2.5393 3.0512, 1.4941 2.5393 3.0512, 1.3169 2.5596 3.032, 1.4941 2.5596 3.032, 1.3169 2.5724 3.0198, 1.4941 2.5724 3.0198, 1.3169 2.5909 2.9916, 1.4941 2.5909 2.9916, 1.3169 2.5973 2.9817, 1.4941 2.5973 2.9817, 1.3169 2.6108 2.9444, 1.4941 2.6108 2.9444, 1.3169 2.6128 2.9389, 1.4941 2.6128 2.9389, 1.3169 2.4388 2.9705, 1.3169 2.4554 2.9646, 1.4941 2.4552 2.9641, 1.4941 2.4213 2.9724, 1.3169 2.4213 2.9724, 1.4941 2.4387 2.9701, 1.4941 2.4416 2.9698, 1.3169 2.4828 2.9428, 1.4941 2.4769 2.9494, 1.3169 2.4704 2.9553, 1.4941 2.47 2.9547, 1.4941 2.4606 2.9619, 1.3169 2.4922 2.9279, 1.4941 2.4895 2.9331, 1.4941 2.4823 2.9424, 1.3169 2.498 2.9112, 1.4941 2.4973 2.9141, 1.4941 2.4917 2.9277, 1.4941 2.4977 2.9112, 1.3169 2.5 2.9724, -1.376 3.2677 0.0, -1.435 3.2677 0.0, -1.376 3.2677 0.1181, -1.435 3.2677 0.1181, -1.3628 3.2662 0.1181, -1.3628 3.2662 0.0, -1.3504 3.2619 0.1181, -1.3504 3.2619 0.0, -1.3392 3.2548 0.1181, -1.3392 3.2548 0.0, -1.3298 3.2455 0.1181, -1.3298 3.2455 0.0, -1.3228 3.2343 0.1181, -1.3228 3.2343 0.0, -1.3184 3.2218 0.1181, -1.3184 3.2218 0.0, -1.3169 3.2087 0.1181, -1.3169 3.2087 0.0, -1.3169 2.5 0.1969, -1.4941 2.5 0.1969, -1.4941 2.5058 0.1532, -1.3169 2.5049 0.153, -1.4941 2.5067 0.1459, -1.3169 2.5195 0.1114, -1.4941 2.5208 0.112, -1.4941 2.5264 0.0984, -1.3169 2.5429 0.0741, -1.4941 2.5443 0.0751, -1.3169 2.5741 0.0429, -1.4941 2.5577 0.0577, -1.4941 2.5751 0.0443, -1.3169 2.6114 0.0195, -1.4941 2.5984 0.0264, -1.4941 2.612 0.0208, -1.3169 2.653 0.0049, -1.4941 2.6459 0.0067, -1.4941 2.6532 0.0058, -1.4941 2.6969 0.0, -1.3169 2.6969 0.0, -1.4941 3.2087 0.0, -1.4607 3.2619 0.0, -1.4482 3.2662 0.0, -1.4926 3.2218 0.0, -1.4882 3.2343 0.0, -1.4812 3.2455 0.0, -1.4719 3.2548 0.0, -1.4646 3.2598 0.1181, -1.4605 3.2615 0.1181, -1.4481 3.266 0.1181, -1.4503 3.2657 0.1181, -1.4716 3.2544 0.1181, -1.4768 3.2504 0.1181, -1.4808 3.2452 0.1181, -1.4862 3.2382 0.1181, -1.4879 3.2341 0.1181, -1.4921 3.2239 0.1181, -1.4924 3.2218 0.1181, -1.4941 3.2087 0.1181, -1.3169 2.6969 0.1181, -1.4941 2.6969 0.1181, -1.3169 2.6793 0.1201, -1.4941 2.6794 0.1204, -1.4941 2.6765 0.1208, -1.3169 2.6627 0.1259, -1.4941 2.6629 0.1264, -1.4941 2.6575 0.1287, -1.3169 2.6478 0.1353, -1.4941 2.6482 0.1358, -1.3169 2.6353 0.1478, -1.4941 2.6412 0.1412, -1.4941 2.6358 0.1482, -1.3169 2.6259 0.1627, -1.4941 2.6287 0.1575, -1.4941 2.6264 0.1629, -1.3169 2.6201 0.1793, -1.4941 2.6208 0.1765, -1.4941 2.6204 0.1794, -1.3169 2.6181 0.1969, -1.4941 2.6181 0.1969, -1.3169 2.6181 2.8937, -1.4941 2.6181 2.8937, -1.4941 2.5 2.8937, -1.3169 2.5 2.8937, -1.4941 2.5 2.9724, -1.4941 2.5 3.0741, -1.4941 2.519 3.063, -1.4941 2.5724 3.0198, -1.4941 2.5909 2.9916, -1.4941 2.5973 2.9817, -1.4941 2.6108 2.9444, -1.4941 2.6128 2.9389, -1.4941 2.5393 3.0512, -1.4941 2.5596 3.032, -1.4941 2.4704 2.9553, -1.4941 2.4554 2.9646, -1.4941 2.4388 2.9705, -1.4941 2.4213 2.9724, -1.4941 2.498 2.9112, -1.4941 2.4922 2.9279, -1.4941 2.4828 2.9428, -1.5335 2.5 2.9724, -1.3169 2.5 2.9724, -1.2776 2.5 2.9724, -1.3169 2.4213 2.9724, -1.2776 1.9882 2.9724, -1.5335 1.9882 2.9724, -1.3169 2.5724 3.0198, -1.3169 2.5596 3.032, -1.3169 2.5393 3.0512, -1.3169 2.519 3.063, -1.3169 2.5 3.0741, -1.3169 2.6108 2.9444, -1.3169 2.6128 2.9389, -1.3169 2.5973 2.9817, -1.3169 2.5909 2.9916, -1.3169 2.4554 2.9646, -1.3169 2.4388 2.9705, -1.3169 2.4922 2.9279, -1.3169 2.4828 2.9428, -1.3169 2.4704 2.9553, -1.3169 2.498 2.9112, -1.4941 2.4213 3.0906, -1.4941 2.4615 3.0864, -1.4941 2.5 3.0906, -1.4941 2.472 3.0831, -1.3169 2.4213 3.0906, -1.3169 2.4615 3.0864, -1.3169 2.472 3.0831, -1.3169 2.5 3.0906, -1.2776 1.9882 3.0906, -1.2776 2.5 3.0906, -1.5335 1.9882 3.0906, -1.5335 2.5 3.0906, -1.5335 2.5 3.0906
            ]
        }
        coordIndex [
            0,1,2,-1,2,1,3,-1,0,2,4,-1,0,4,5,-1,5,4,6,-1,5,6,7,-1,7,6,8,-1,7,8,9,-1,9,8,10,-1,9,10,11,-1,11,10,12,-1,11,12,13,-1,13,12,14,-1,13,14,15,-1,15,14,16,-1,15,16,17,-1,18,19,20,-1,18,20,21,-1,21,20,22,-1,21,22,23,-1,22,24,23,-1,23,24,25,-1,23,25,26,-1,26,25,27,-1,26,27,28,-1,27,29,28,-1,28,29,30,-1,28,30,31,-1,30,32,31,-1,31,32,33,-1,31,33,34,-1,34,33,35,-1,35,36,34,-1,34,36,37,-1,34,37,38,-1,39,40,17,-1,38,37,17,-1,17,37,41,-1,41,42,17,-1,17,42,43,-1,17,43,44,-1,40,45,17,-1,17,45,1,-1,17,1,0,-1,44,46,17,-1,17,46,47,-1,17,47,48,-1,48,49,17,-1,17,49,50,-1,17,50,39,-1,11,13,0,-1,0,13,15,-1,0,15,17,-1,5,7,0,-1,0,7,9,-1,0,9,11,-1,3,1,51,-1,51,1,45,-1,45,40,51,-1,51,40,39,-1,51,39,52,-1,39,50,52,-1,52,50,49,-1,52,49,53,-1,49,48,53,-1,53,48,47,-1,53,47,54,-1,47,46,54,-1,54,46,44,-1,54,44,55,-1,41,56,42,-1,42,56,55,-1,42,55,43,-1,43,55,44,-1,57,58,56,-1,56,58,16,-1,56,16,2,-1,14,12,16,-1,16,12,10,-1,16,10,8,-1,2,3,56,-1,56,3,51,-1,56,51,52,-1,8,6,16,-1,16,6,4,-1,16,4,2,-1,52,53,56,-1,56,53,54,-1,56,54,55,-1,59,58,57,-1,57,60,59,-1,59,60,61,-1,59,61,62,-1,61,63,62,-1,62,63,64,-1,62,64,65,-1,65,64,66,-1,65,66,67,-1,66,68,67,-1,67,68,69,-1,67,69,70,-1,69,71,70,-1,70,71,72,-1,70,72,73,-1,72,74,73,-1,73,74,75,-1,73,75,76,-1,76,75,77,-1,76,77,78,-1,78,77,79,-1,80,19,81,-1,81,19,18,-1,82,83,84,-1,85,86,82,-1,82,86,87,-1,87,88,82,-1,82,88,89,-1,82,89,79,-1,84,90,82,-1,82,90,91,-1,82,91,85,-1,92,93,82,-1,82,93,94,-1,82,94,95,-1,56,41,57,-1,57,41,37,-1,57,37,60,-1,60,37,36,-1,60,36,61,-1,61,36,35,-1,61,35,63,-1,63,35,33,-1,63,33,64,-1,64,33,32,-1,64,32,66,-1,66,32,30,-1,66,30,68,-1,68,30,29,-1,68,29,69,-1,69,29,27,-1,69,27,71,-1,71,27,25,-1,71,25,72,-1,72,25,24,-1,72,24,74,-1,74,24,22,-1,74,22,75,-1,75,22,20,-1,75,20,77,-1,77,20,19,-1,77,19,79,-1,79,19,80,-1,80,96,79,-1,79,96,97,-1,79,97,82,-1,82,97,98,-1,82,98,92,-1,99,82,95,-1,100,101,102,-1,102,101,103,-1,102,103,95,-1,95,103,104,-1,95,104,99,-1,105,106,100,-1,106,107,100,-1,100,107,108,-1,100,108,109,-1,110,111,100,-1,112,100,113,-1,113,100,78,-1,112,114,100,-1,100,114,115,-1,100,115,105,-1,111,116,100,-1,100,116,117,-1,100,117,78,-1,78,117,118,-1,78,118,119,-1,120,100,121,-1,121,100,102,-1,120,122,100,-1,100,122,123,-1,100,123,110,-1,119,124,78,-1,78,124,81,-1,78,81,76,-1,76,81,18,-1,76,18,73,-1,73,18,21,-1,73,21,70,-1,70,21,23,-1,70,23,67,-1,67,23,26,-1,67,26,65,-1,65,26,28,-1,65,28,62,-1,62,28,31,-1,62,31,59,-1,59,31,34,-1,59,34,58,-1,58,34,38,-1,58,38,16,-1,16,38,17,-1,94,93,122,-1,102,95,121,-1,121,95,94,-1,121,94,120,-1,120,94,122,-1,98,111,92,-1,92,111,110,-1,92,110,93,-1,93,110,123,-1,93,123,122,-1,97,117,98,-1,98,117,116,-1,98,116,111,-1,96,119,97,-1,97,119,118,-1,97,118,117,-1,80,81,96,-1,96,81,124,-1,96,124,119,-1,125,126,127,-1,127,126,128,-1,127,128,83,-1,125,129,126,-1,126,129,130,-1,126,130,128,-1,128,130,131,-1,128,131,83,-1,83,131,109,-1,83,109,84,-1,84,109,108,-1,84,108,90,-1,90,108,107,-1,90,107,91,-1,91,107,106,-1,91,106,85,-1,85,106,105,-1,85,105,86,-1,86,105,115,-1,86,115,87,-1,87,115,114,-1,87,114,88,-1,88,114,112,-1,88,112,89,-1,89,112,113,-1,89,113,79,-1,79,113,78,-1,109,131,132,-1,132,131,130,-1,132,130,129,-1,103,101,133,-1,133,101,134,-1,133,135,103,-1,103,135,104,-1,99,104,136,-1,136,104,135,-1,134,132,129,-1,127,136,125,-1,125,136,135,-1,125,135,129,-1,129,135,133,-1,129,133,134,-1,101,100,134,-1,134,100,109,-1,134,109,132,-1,82,99,83,-1,83,99,136,-1,83,136,127,-1,137,138,139,-1,139,138,140,-1,137,139,141,-1,137,141,142,-1,142,141,143,-1,142,143,144,-1,144,143,145,-1,144,145,146,-1,146,145,147,-1,146,147,148,-1,148,147,149,-1,148,149,150,-1,150,149,151,-1,150,151,152,-1,152,151,153,-1,152,153,154,-1,155,156,157,-1,155,157,158,-1,158,157,159,-1,158,159,160,-1,159,161,160,-1,160,161,162,-1,160,162,163,-1,163,162,164,-1,163,164,165,-1,164,166,165,-1,165,166,167,-1,165,167,168,-1,167,169,168,-1,168,169,170,-1,168,170,171,-1,171,170,172,-1,172,173,171,-1,171,173,174,-1,171,174,175,-1,138,137,176,-1,176,137,174,-1,175,174,154,-1,154,174,137,-1,154,137,152,-1,152,137,150,-1,137,142,144,-1,138,176,177,-1,177,176,178,-1,177,178,179,-1,144,146,137,-1,137,146,148,-1,137,148,150,-1,180,181,179,-1,179,181,182,-1,179,182,177,-1,183,184,182,-1,138,177,140,-1,140,177,185,-1,182,184,177,-1,177,184,186,-1,177,186,185,-1,183,182,187,-1,187,182,181,-1,187,181,188,-1,188,181,180,-1,188,180,189,-1,189,180,190,-1,190,180,179,-1,190,179,191,-1,191,179,192,-1,192,179,178,-1,192,178,193,-1,193,178,176,-1,193,176,194,-1,185,195,153,-1,185,186,195,-1,195,186,184,-1,195,184,183,-1,147,145,143,-1,183,187,195,-1,195,187,188,-1,195,188,189,-1,151,139,153,-1,153,139,140,-1,153,140,185,-1,151,149,139,-1,139,149,147,-1,139,147,141,-1,141,147,143,-1,189,190,195,-1,195,190,191,-1,195,191,192,-1,192,193,195,-1,195,193,194,-1,195,194,196,-1,197,195,196,-1,196,198,197,-1,197,198,199,-1,197,199,200,-1,199,201,200,-1,200,201,202,-1,200,202,203,-1,203,202,204,-1,203,204,205,-1,204,206,205,-1,205,206,207,-1,205,207,208,-1,207,209,208,-1,208,209,210,-1,208,210,211,-1,210,212,211,-1,211,212,213,-1,211,213,214,-1,214,213,215,-1,214,215,216,-1,216,215,217,-1,218,156,219,-1,219,156,155,-1,220,221,222,-1,222,221,223,-1,222,223,224,-1,220,225,221,-1,221,225,226,-1,221,226,223,-1,223,226,227,-1,223,227,224,-1,224,227,228,-1,224,228,229,-1,229,228,230,-1,229,230,231,-1,231,230,232,-1,231,232,233,-1,233,232,234,-1,233,234,235,-1,235,234,236,-1,235,236,237,-1,237,236,238,-1,237,238,239,-1,239,238,240,-1,239,240,241,-1,241,240,242,-1,241,242,243,-1,243,242,244,-1,243,244,217,-1,217,244,216,-1,228,227,245,-1,245,227,226,-1,245,226,225,-1,246,247,248,-1,248,247,249,-1,248,250,246,-1,246,250,251,-1,252,224,229,-1,235,237,252,-1,252,237,239,-1,239,241,252,-1,252,241,243,-1,252,243,217,-1,229,231,252,-1,252,231,233,-1,252,233,235,-1,194,176,196,-1,196,176,174,-1,196,174,198,-1,198,174,173,-1,198,173,199,-1,199,173,172,-1,199,172,201,-1,201,172,170,-1,201,170,202,-1,202,170,169,-1,202,169,204,-1,204,169,167,-1,204,167,206,-1,206,167,166,-1,206,166,207,-1,207,166,164,-1,207,164,209,-1,209,164,162,-1,209,162,210,-1,210,162,161,-1,210,161,212,-1,212,161,159,-1,212,159,213,-1,213,159,157,-1,213,157,215,-1,215,157,156,-1,215,156,217,-1,217,156,218,-1,253,254,252,-1,252,254,255,-1,252,255,256,-1,218,257,217,-1,217,257,258,-1,217,258,252,-1,252,258,259,-1,252,259,253,-1,260,252,256,-1,261,247,262,-1,262,247,246,-1,262,246,256,-1,256,246,251,-1,256,251,260,-1,236,234,261,-1,234,232,261,-1,261,232,230,-1,261,230,228,-1,263,264,261,-1,242,261,244,-1,244,261,216,-1,242,240,261,-1,261,240,238,-1,261,238,236,-1,264,265,261,-1,261,265,266,-1,261,266,216,-1,216,266,267,-1,216,267,268,-1,269,261,270,-1,270,261,262,-1,269,271,261,-1,261,271,272,-1,261,272,263,-1,268,273,216,-1,216,273,219,-1,216,219,214,-1,214,219,155,-1,214,155,211,-1,211,155,158,-1,211,158,208,-1,208,158,160,-1,208,160,205,-1,205,160,163,-1,205,163,203,-1,203,163,165,-1,203,165,200,-1,200,165,168,-1,200,168,197,-1,197,168,171,-1,197,171,195,-1,195,171,175,-1,195,175,153,-1,153,175,154,-1,255,254,271,-1,262,256,270,-1,270,256,255,-1,270,255,269,-1,269,255,271,-1,259,264,253,-1,253,264,263,-1,253,263,254,-1,254,263,272,-1,254,272,271,-1,258,266,259,-1,259,266,265,-1,259,265,264,-1,257,268,258,-1,258,268,267,-1,258,267,266,-1,218,219,257,-1,257,219,273,-1,257,273,268,-1,249,245,225,-1,222,274,220,-1,220,274,250,-1,220,250,225,-1,225,250,248,-1,225,248,249,-1,260,251,274,-1,274,251,250,-1,247,261,249,-1,249,261,228,-1,249,228,245,-1,252,260,224,-1,224,260,274,-1,224,274,222,-1,275,276,277,-1,277,276,278,-1,275,277,279,-1,275,279,280,-1,280,279,281,-1,280,281,282,-1,282,281,283,-1,282,283,284,-1,284,283,285,-1,284,285,286,-1,286,285,287,-1,286,287,288,-1,288,287,289,-1,288,289,290,-1,290,289,291,-1,290,291,292,-1,293,294,295,-1,293,295,296,-1,296,295,297,-1,296,297,298,-1,297,299,298,-1,298,299,300,-1,298,300,301,-1,301,300,302,-1,301,302,303,-1,302,304,303,-1,303,304,305,-1,303,305,306,-1,305,307,306,-1,306,307,308,-1,306,308,309,-1,309,308,310,-1,310,311,309,-1,309,311,312,-1,309,312,313,-1,314,275,312,-1,312,275,292,-1,312,292,313,-1,315,316,314,-1,314,316,276,-1,314,276,275,-1,280,282,275,-1,275,282,284,-1,275,284,286,-1,286,288,275,-1,275,288,290,-1,275,290,292,-1,314,317,318,-1,318,319,314,-1,314,319,320,-1,314,320,315,-1,321,322,315,-1,276,316,278,-1,278,316,323,-1,315,322,316,-1,316,322,324,-1,316,324,323,-1,321,315,325,-1,325,315,320,-1,325,320,326,-1,326,320,319,-1,326,319,327,-1,327,319,328,-1,328,319,318,-1,328,318,329,-1,329,318,330,-1,330,318,317,-1,330,317,331,-1,331,317,314,-1,331,314,332,-1,279,277,291,-1,279,291,281,-1,277,278,291,-1,291,278,323,-1,291,323,333,-1,323,324,333,-1,333,324,322,-1,333,322,321,-1,321,325,333,-1,333,325,326,-1,333,326,327,-1,291,289,287,-1,287,285,291,-1,291,285,283,-1,291,283,281,-1,327,328,333,-1,333,328,329,-1,333,329,330,-1,330,331,333,-1,333,331,332,-1,333,332,334,-1,335,333,334,-1,334,336,335,-1,335,336,337,-1,335,337,338,-1,337,339,338,-1,338,339,340,-1,338,340,341,-1,341,340,342,-1,341,342,343,-1,342,344,343,-1,343,344,345,-1,343,345,346,-1,345,347,346,-1,346,347,348,-1,346,348,349,-1,348,350,349,-1,349,350,351,-1,349,351,352,-1,352,351,353,-1,352,353,354,-1,354,353,355,-1,356,294,357,-1,357,294,293,-1,358,359,360,-1,360,359,361,-1,360,361,362,-1,360,362,363,-1,364,365,366,-1,366,365,367,-1,366,367,363,-1,363,367,368,-1,363,368,360,-1,369,370,365,-1,365,370,367,-1,368,367,371,-1,371,367,370,-1,371,358,368,-1,368,358,360,-1,361,372,362,-1,362,372,373,-1,362,373,363,-1,366,363,374,-1,374,363,373,-1,374,373,375,-1,375,373,372,-1,375,372,376,-1,376,372,361,-1,376,361,377,-1,377,361,378,-1,377,378,379,-1,379,378,380,-1,379,380,381,-1,381,380,382,-1,381,382,383,-1,383,382,384,-1,383,384,385,-1,385,384,386,-1,385,386,387,-1,387,386,388,-1,387,388,389,-1,389,388,390,-1,389,390,391,-1,391,390,392,-1,391,392,355,-1,355,392,354,-1,366,374,364,-1,364,374,375,-1,364,375,376,-1,393,394,395,-1,396,397,398,-1,398,397,393,-1,398,393,399,-1,399,393,395,-1,400,401,402,-1,402,401,403,-1,402,403,394,-1,394,403,404,-1,394,404,395,-1,405,406,400,-1,400,406,407,-1,400,407,401,-1,408,409,405,-1,405,409,410,-1,405,410,406,-1,356,357,408,-1,408,357,411,-1,408,411,409,-1,384,382,359,-1,382,380,359,-1,359,380,378,-1,359,378,361,-1,403,401,359,-1,390,359,392,-1,392,359,354,-1,390,388,359,-1,359,388,386,-1,359,386,384,-1,401,407,359,-1,359,407,406,-1,359,406,354,-1,354,406,410,-1,354,410,409,-1,399,359,398,-1,398,359,396,-1,399,395,359,-1,359,395,404,-1,359,404,403,-1,409,411,354,-1,354,411,357,-1,354,357,352,-1,352,357,293,-1,352,293,349,-1,349,293,296,-1,349,296,346,-1,346,296,298,-1,346,298,343,-1,343,298,301,-1,343,301,341,-1,341,301,303,-1,341,303,338,-1,338,303,306,-1,338,306,335,-1,335,306,309,-1,335,309,333,-1,333,309,313,-1,333,313,291,-1,291,313,292,-1,369,412,397,-1,359,358,396,-1,396,358,371,-1,396,371,397,-1,397,371,370,-1,397,370,369,-1,412,376,377,-1,383,385,412,-1,412,385,387,-1,387,389,412,-1,412,389,391,-1,412,391,355,-1,377,379,412,-1,412,379,381,-1,412,381,383,-1,332,314,334,-1,334,314,312,-1,334,312,336,-1,336,312,311,-1,336,311,337,-1,337,311,310,-1,337,310,339,-1,339,310,308,-1,339,308,340,-1,340,308,307,-1,340,307,342,-1,342,307,305,-1,342,305,344,-1,344,305,304,-1,344,304,345,-1,345,304,302,-1,345,302,347,-1,347,302,300,-1,347,300,348,-1,348,300,299,-1,348,299,350,-1,350,299,297,-1,350,297,351,-1,351,297,295,-1,351,295,353,-1,353,295,294,-1,353,294,355,-1,355,294,356,-1,402,394,412,-1,412,394,393,-1,412,393,397,-1,356,408,355,-1,355,408,405,-1,355,405,412,-1,412,405,400,-1,412,400,402,-1,412,369,376,-1,376,369,365,-1,376,365,364,-1,413,414,415,-1,415,414,416,-1,413,415,417,-1,413,417,418,-1,418,417,419,-1,418,419,420,-1,420,419,421,-1,420,421,422,-1,422,421,423,-1,422,423,424,-1,424,423,425,-1,424,425,426,-1,426,425,427,-1,426,427,428,-1,428,427,429,-1,428,429,430,-1,431,432,433,-1,431,433,434,-1,434,433,435,-1,434,435,436,-1,435,437,436,-1,436,437,438,-1,436,438,439,-1,439,438,440,-1,439,440,441,-1,440,442,441,-1,441,442,443,-1,441,443,444,-1,443,445,444,-1,444,445,446,-1,444,446,447,-1,447,446,448,-1,448,449,447,-1,447,449,450,-1,447,450,451,-1,413,450,452,-1,453,454,452,-1,452,454,414,-1,452,414,413,-1,451,450,430,-1,430,450,413,-1,430,413,428,-1,428,413,418,-1,428,418,420,-1,452,455,456,-1,422,424,420,-1,420,424,426,-1,420,426,428,-1,456,457,452,-1,452,457,458,-1,452,458,453,-1,459,460,453,-1,414,454,416,-1,416,454,461,-1,453,460,454,-1,454,460,462,-1,454,462,461,-1,459,453,463,-1,463,453,458,-1,463,458,464,-1,464,458,457,-1,464,457,465,-1,465,457,466,-1,466,457,456,-1,466,456,467,-1,467,456,468,-1,468,456,455,-1,468,455,469,-1,469,455,452,-1,469,452,470,-1,415,416,429,-1,429,416,461,-1,429,461,471,-1,461,462,471,-1,471,462,460,-1,471,460,459,-1,459,463,471,-1,471,463,464,-1,471,464,465,-1,427,425,429,-1,429,425,423,-1,429,423,421,-1,421,419,429,-1,429,419,417,-1,429,417,415,-1,465,466,471,-1,471,466,467,-1,471,467,468,-1,468,469,471,-1,471,469,470,-1,471,470,472,-1,473,471,472,-1,472,474,473,-1,473,474,475,-1,473,475,476,-1,475,477,476,-1,476,477,478,-1,476,478,479,-1,479,478,480,-1,479,480,481,-1,480,482,481,-1,481,482,483,-1,481,483,484,-1,483,485,484,-1,484,485,486,-1,484,486,487,-1,486,488,487,-1,487,488,489,-1,487,489,490,-1,490,489,491,-1,490,491,492,-1,492,491,493,-1,494,432,495,-1,495,432,431,-1,496,497,498,-1,499,500,496,-1,496,500,501,-1,501,502,496,-1,496,502,503,-1,496,503,493,-1,498,504,496,-1,496,504,505,-1,496,505,499,-1,470,452,472,-1,472,452,450,-1,472,450,474,-1,474,450,449,-1,474,449,475,-1,475,449,448,-1,475,448,477,-1,477,448,446,-1,477,446,478,-1,478,446,445,-1,478,445,480,-1,480,445,443,-1,480,443,482,-1,482,443,442,-1,482,442,483,-1,483,442,440,-1,483,440,485,-1,485,440,438,-1,485,438,486,-1,486,438,437,-1,486,437,488,-1,488,437,435,-1,488,435,489,-1,489,435,433,-1,489,433,491,-1,491,433,432,-1,491,432,493,-1,493,432,494,-1,506,507,496,-1,496,507,508,-1,496,508,509,-1,494,510,493,-1,493,510,511,-1,493,511,496,-1,496,511,512,-1,496,512,506,-1,513,496,509,-1,514,515,516,-1,516,515,517,-1,516,517,509,-1,509,517,518,-1,509,518,513,-1,519,520,514,-1,520,521,514,-1,514,521,522,-1,514,522,523,-1,524,514,525,-1,525,514,492,-1,524,526,514,-1,514,526,527,-1,514,527,519,-1,528,514,529,-1,529,514,516,-1,530,492,531,-1,531,492,514,-1,531,514,532,-1,532,514,528,-1,430,429,451,-1,451,429,471,-1,451,471,447,-1,447,471,473,-1,447,473,444,-1,444,473,476,-1,444,476,441,-1,441,476,479,-1,441,479,439,-1,439,479,481,-1,439,481,436,-1,436,481,484,-1,436,484,434,-1,434,484,487,-1,434,487,431,-1,431,487,490,-1,431,490,495,-1,495,490,492,-1,495,492,533,-1,533,492,530,-1,516,509,529,-1,529,509,508,-1,529,508,528,-1,528,508,507,-1,528,507,532,-1,532,507,506,-1,532,506,531,-1,531,506,512,-1,531,512,530,-1,530,512,511,-1,530,511,533,-1,533,511,510,-1,533,510,495,-1,495,510,494,-1,534,535,536,-1,536,535,537,-1,536,537,497,-1,534,538,535,-1,535,538,539,-1,535,539,537,-1,537,539,540,-1,537,540,497,-1,497,540,523,-1,497,523,498,-1,498,523,522,-1,498,522,504,-1,504,522,521,-1,504,521,505,-1,505,521,520,-1,505,520,499,-1,499,520,519,-1,499,519,500,-1,500,519,527,-1,500,527,501,-1,501,527,526,-1,501,526,502,-1,502,526,524,-1,502,524,503,-1,503,524,525,-1,503,525,493,-1,493,525,492,-1,523,540,541,-1,541,540,539,-1,541,539,538,-1,517,515,542,-1,542,515,543,-1,542,544,517,-1,517,544,518,-1,513,518,545,-1,545,518,544,-1,543,541,538,-1,536,545,534,-1,534,545,544,-1,534,544,538,-1,538,544,542,-1,538,542,543,-1,515,514,543,-1,543,514,523,-1,543,523,541,-1,496,513,497,-1,497,513,545,-1,497,545,536,-1,
        ]
    }
}
Shape{
    appearance Appearance {
        material  Material 	{
            diffuseColor 0.8509803921568627 0.8509803921568627 0.8509803921568627
            specularColor 0.4235294117647059 0.4235294117647059 0.4235294117647059
            ambientIntensity 0.2
            transparency 0
            shininess 0.5
        }
    }
    geometry IndexedFaceSet {
        ccw TRUE
        solid FALSE
        coord DEF co Coordinate {
            point [
                0.018 2.9724 0.5462, 0.0108 2.9724 0.5462, 0.0108 2.9724 1.4881, -0.1756 2.9724 1.3542, -0.1823 2.9724 1.3698, -0.1742 2.9724 1.391, 0.0677 2.9724 1.682, 0.0677 2.9724 1.6815, 0.018 2.9724 1.6815, 0.0227 2.9724 1.4912, 0.0227 2.9724 1.4904, 0.018 2.9724 1.4904, 0.5288 2.9724 1.4881, 0.4241 2.9724 1.4881, 0.4196 2.9724 1.4904, 0.7273 2.9724 1.5196, 0.7263 2.9724 1.5251, 1.7123 2.9724 1.5251, 0.2372 2.9724 1.5896, 0.2142 2.9724 1.5698, 0.1341 2.9724 1.6815, 0.1341 2.9724 1.5594, 0.3123 2.9724 1.6716, 0.2842 2.9724 1.6386, 0.2666 2.9724 1.6038, 0.2625 2.9724 1.6024, 0.3929 2.9724 1.7128, 0.3575 2.9724 1.7001, 0.1341 2.9724 1.7001, 0.3502 2.9724 1.6974, 0.3268 2.9724 1.6815, 0.4281 2.9724 1.7168, 0.1341 2.9724 3.2087, 0.4704 2.9724 1.7119, 1.7123 2.9724 3.2087, 0.5017 2.9724 1.7001, 1.7123 2.9724 1.7001, 0.5099 2.9724 1.697, 1.7123 2.9724 1.6815, 0.534 2.9724 1.6815, 0.5308 2.9724 1.6842, 0.622 2.9724 1.6448, 0.5883 2.9724 1.6488, 0.551 2.9724 1.6672, 0.5784 2.9724 1.6482, 0.5686 2.9724 1.6469, 0.6868 2.9724 1.6085, 0.681 2.9724 1.6139, 0.6537 2.9724 1.6328, 1.7123 2.9724 1.5594, 0.7213 2.9724 1.5516, 0.7178 2.9724 1.5594, 0.7075 2.9724 1.5823, 0.7276 2.9724 1.5114, 1.7123 2.9724 1.4904, 0.7251 2.9724 1.4904, 1.7123 2.9724 1.4881, 0.7249 2.9724 1.4881, 0.3538 2.9724 1.4228, 0.348 2.9724 1.425, 0.3376 2.9724 1.4736, 0.3591 2.9724 1.4191, 0.3413 2.9724 1.4258, 0.3405 2.9724 1.4258, 0.338 2.9724 1.4252, 0.368 2.9724 1.3996, 0.3678 2.9724 1.4029, 0.4576 2.9724 1.4113, 0.366 2.9724 1.4094, 0.3627 2.9724 1.4152, 0.6659 2.9724 1.3952, 0.6924 2.9724 1.4181, 1.7123 2.9724 0.5462, 0.7117 2.9724 1.446, 0.7237 2.9724 1.4779, 0.3482 2.9724 1.3737, 0.3539 2.9724 1.376, 0.4634 2.9724 1.3727, 0.3594 2.9724 1.38, 0.3613 2.9724 1.382, 0.365 2.9724 1.3874, 0.3672 2.9724 1.3932, 0.4582 2.9724 1.3937, 0.4576 2.9724 1.4028, 0.1979 2.9724 1.434, 0.2151 2.9724 1.4104, 0.1341 2.9724 0.5462, 0.567 2.9724 1.3213, 0.5867 2.9724 1.3297, 0.6033 2.9724 1.3424, 0.6159 2.9724 1.3582, 0.2535 2.9724 1.4458, 0.244 2.9724 1.459, 0.238 2.9724 1.4742, 0.3459 2.9724 1.4881, 0.6244 2.9724 1.3766, 0.6352 2.9724 1.3799, 0.4867 2.9724 1.3393, 0.5038 2.9724 1.3276, 0.3362 2.9724 1.4249, 0.2978 2.9724 1.4247, 0.2823 2.9724 1.4275, 0.2672 2.9724 1.4344, 0.2546 2.9724 1.4447, 0.2384 2.9724 1.3909, 0.2646 2.9724 1.3784, 0.293 2.9724 1.3725, 0.4737 2.9724 1.3537, 0.3434 2.9724 1.3729, 0.5229 2.9724 1.3204, 0.5436 2.9724 1.318, 0.5469 2.9724 1.318, 0.2362 2.9724 1.4881, 0.2359 2.9724 1.4904, 0.3473 2.9724 1.4904, 0.2359 2.9724 1.4908, 0.6702 2.9724 1.4904, 0.6728 2.9724 1.4994, 0.3637 2.9724 1.5191, 0.6738 2.9724 1.5127, 0.6722 2.9724 1.5251, 0.2362 2.9724 1.4985, 0.2402 2.9724 1.5149, 0.2456 2.9724 1.5251, 0.5115 2.9724 1.4837, 0.4935 2.9724 1.4738, 0.4786 2.9724 1.4601, 0.5818 2.9724 1.4801, 0.5629 2.9724 1.4872, 0.6696 2.9724 1.4881, 0.5555 2.9724 1.4881, 0.5424 2.9724 1.4896, 0.5321 2.9724 1.4889, 0.6668 2.9724 1.4785, 0.6136 2.9724 1.4521, 0.5993 2.9724 1.4681, 0.6569 2.9724 1.4613, 0.6417 2.9724 1.4454, 0.6231 2.9724 1.4338, 0.3088 2.9724 1.558, 0.6636 2.9724 1.5524, 0.6711 2.9724 1.5334, 0.302 2.9724 1.5579, 0.248 2.9724 1.5297, 0.2577 2.9724 1.5406, 0.2708 2.9724 1.5499, 0.2857 2.9724 1.5558, 0.327 2.9724 1.6095, 0.3461 2.9724 1.6327, 0.5426 2.9724 1.5844, 0.3481 2.9724 1.6345, 0.3719 2.9724 1.6513, 0.5294 2.9724 1.6113, 0.6586 2.9724 1.5594, 0.5485 2.9724 1.5877, 0.3091 2.9724 1.5594, 0.3139 2.9724 1.582, 0.5676 2.9724 1.5948, 0.5878 2.9724 1.5975, 0.5968 2.9724 1.5971, 0.51 2.9724 1.6341, 0.3986 2.9724 1.6618, 0.4871 2.9724 1.6506, 0.4276 2.9724 1.6656, 0.4591 2.9724 1.6617, 0.6179 2.9724 1.5922, 0.637 2.9724 1.5822, 0.6516 2.9724 1.5693, 0.187 2.9724 1.4609, 0.1341 2.9724 1.4881, 0.1833 2.9724 1.4881, 0.1341 2.9724 1.4904, 0.183 2.9724 1.4904, 0.1341 2.9724 1.5251, 0.1866 2.9724 1.5193, 0.1829 2.9724 1.4913, 0.2068 2.9724 1.5594, 0.1969 2.9724 1.5454, 0.1889 2.9724 1.5251, -0.3675 2.9724 1.3683, -0.3345 2.9724 1.3685, -0.3232 2.9724 0.5462, -0.547 2.9724 1.367, -2.6969 2.9724 0.5462, -0.5021 2.9724 1.4874, -2.6969 2.9724 1.4881, -0.4855 2.9724 1.4876, -0.5179 2.9724 1.4001, -0.4679 2.9724 1.4004, -0.5299 2.9724 1.3671, -0.4561 2.9724 1.3677, -0.4228 2.9724 1.3946, -0.4143 2.9724 1.3848, -0.439 2.9724 1.3678, -0.4015 2.9724 1.3758, -0.3877 2.9724 1.3706, -0.3896 2.9724 1.4858, -0.4039 2.9724 1.48, -0.4149 2.9724 1.4721, -0.4203 2.9724 1.4666, -0.4273 2.9724 1.4557, -0.4313 2.9724 1.4439, -0.4327 2.9724 1.4294, -0.4322 2.9724 1.4207, -0.429 2.9724 1.4069, -0.3354 2.9724 1.4881, -0.3354 2.9724 1.4886, -0.3232 2.9724 1.4904, -0.3696 2.9724 1.4884, -0.3719 2.9724 1.4881, -2.6969 2.9724 1.4904, 0.0227 2.9724 1.4881, 0.0228 2.9724 1.4773, 0.018 2.9724 1.4881, 0.0207 2.9724 1.3847, 0.0208 2.9724 1.371, 0.0695 2.9724 1.4255, 0.0698 2.9724 1.3851, 0.0265 2.9724 1.4252, 0.0265 2.9724 1.4389, 0.0694 2.9724 1.4392, 0.0691 2.9724 1.4777, 0.018 2.9724 1.5251, 0.0847 2.9724 1.5251, 0.0845 2.9724 1.4916, 0.0847 2.9724 1.4904, 0.0845 2.9724 1.4904, 0.0847 2.9724 1.4881, 0.0846 2.9724 1.4881, -0.3232 2.9724 1.6815, -0.3365 2.9724 1.6791, -0.3531 2.9724 1.679, -0.2899 2.9724 1.5594, -0.2899 2.9724 1.5594, -0.2868 2.9724 1.5594, -0.3232 2.9724 1.645, -0.3071 2.9724 1.5594, -0.307 2.9724 1.5592, -0.3232 2.9724 1.5251, -0.2868 2.9724 1.5251, -0.3232 2.9724 1.5594, -0.3232 2.9724 1.592, -0.3188 2.9724 1.592, -0.3688 2.9724 1.5917, -0.3806 2.9724 1.5594, -0.3808 2.9724 1.5587, -0.398 2.9724 1.5586, -2.6969 2.9724 1.5251, -0.3977 2.9724 1.5594, -2.6969 2.9724 1.5594, -2.6969 2.9724 1.6815, -0.1452 2.9724 1.6815, -0.1452 2.9724 1.6805, -0.1609 2.9724 1.6804, -0.1452 2.9724 1.6282, -0.1571 2.9724 1.6282, -0.1608 2.9724 1.6666, -0.1742 2.9724 1.6815, -0.1742 2.9724 1.5594, -0.157 2.9724 1.6144, -0.1452 2.9724 1.6667, -0.1144 2.9724 1.6669, -0.1142 2.9724 1.6285, -0.0982 2.9724 1.5607, -0.0906 2.9724 1.5594, -0.1452 2.9724 1.5594, -0.099 2.9724 1.6808, -0.0906 2.9724 1.6815, -0.1141 2.9724 1.6147, -0.1138 2.9724 1.5743, -0.1452 2.9724 1.6145, -0.1452 2.9724 1.5741, -0.1629 2.9724 1.574, -0.1628 2.9724 1.5603, -0.1452 2.9724 1.5604, -0.064 2.9724 1.6815, -0.075 2.9724 1.6781, -0.0749 2.9724 1.6619, -0.0743 2.9724 1.5807, -0.0742 2.9724 1.5659, -0.0721 2.9724 1.5649, -0.0592 2.9724 1.5607, -0.0495 2.9724 1.5731, -0.063 2.9724 1.5757, -0.0009 2.9724 1.619, -0.0009 2.9724 1.6201, -0.0119 2.9724 1.654, -0.0063 2.9724 1.6454, -0.0025 2.9724 1.6346, -0.0725 2.9724 1.6631, -0.0603 2.9724 1.6676, -0.0148 2.9724 1.5835, -0.0226 2.9724 1.5778, -0.0466 2.9724 1.6692, -0.0413 2.9724 1.669, -0.0309 2.9724 1.667, -0.0124 2.9724 1.5858, -0.0027 2.9724 1.6042, -0.0064 2.9724 1.5944, -0.0311 2.9724 1.5745, -0.0432 2.9724 1.5729, -0.0215 2.9724 1.6625, -0.0138 2.9724 1.6561, -0.0307 2.9724 1.6815, -0.0317 2.9724 1.6818, 0.0108 2.9724 1.7001, -0.0465 2.9724 1.6832, -0.0906 2.9724 1.7001, -0.0478 2.9724 1.6832, -0.0633 2.9724 1.6817, 0.0059 2.9724 1.6555, -0.0023 2.9724 1.6659, 0.0108 2.9724 1.6815, -0.0067 2.9724 1.6699, -0.0188 2.9724 1.6775, 0.018 2.9724 1.5594, 0.0108 2.9724 1.5594, 0.0108 2.9724 1.5937, 0.0119 2.9724 1.6424, 0.0108 2.9724 1.6448, 0.0132 2.9724 1.6, 0.0154 2.9724 1.6193, 0.015 2.9724 1.627, -0.0349 2.9724 1.5594, -0.0333 2.9724 1.5595, -0.0204 2.9724 1.5624, -0.0091 2.9724 1.5678, 0.0003 2.9724 1.5758, 0.0014 2.9724 1.5771, 0.0085 2.9724 1.5874, -0.0447 2.9724 1.5594, -0.0409 2.9724 1.5591, -0.0906 2.9724 1.5251, 0.0108 2.9724 1.5251, 0.0684 2.9724 1.5756, 0.0206 2.9724 1.5753, 0.0207 2.9724 1.5616, 0.0847 2.9724 1.5594, 0.084 2.9724 1.562, 0.0847 2.9724 1.6815, 0.0832 2.9724 1.6815, 0.0832 2.9724 1.6821, 0.0847 2.9724 1.7001, 0.018 2.9724 1.7001, -2.6969 2.9724 1.7001, -1.9454 2.9724 3.2317, -1.9291 2.9724 3.2192, -1.958 2.9724 3.248, -2.6596 2.9724 3.1072, -1.9658 2.9724 3.267, -2.643 2.9724 3.113, -2.6281 2.9724 3.1224, -2.6156 2.9724 3.1349, -2.6062 2.9724 3.1498, -2.6772 2.9724 3.1052, -2.6969 2.9724 3.1052, -2.5984 2.9724 3.2874, -1.9685 2.9724 3.2874, -2.5984 2.9724 3.184, -2.6004 2.9724 3.1664, 2.6156 2.9724 3.1349, 2.6281 2.9724 3.1224, 2.643 2.9724 3.113, 2.6062 2.9724 3.1498, 2.6004 2.9724 3.1664, 1.8898 2.9724 3.2087, 1.9073 2.9724 3.2106, 1.9239 2.9724 3.2165, 1.9389 2.9724 3.2258, 1.9513 2.9724 3.2383, 1.9665 2.9724 3.2699, 1.9685 2.9724 3.2874, 2.5984 2.9724 3.2874, 2.6596 2.9724 3.1072, 2.6969 2.9724 1.7001, 2.6772 2.9724 3.1052, 2.6969 2.9724 3.1052, 1.9607 2.9724 3.2532, 2.5984 2.9724 3.184, 0.0847 2.9724 3.2087, -1.9101 2.9724 3.2113, -1.8898 2.9724 3.2087, -0.3232 2.9724 1.7001, -0.3232 2.9724 3.2087, -0.2868 2.9724 1.7001, -0.2868 2.9724 3.2087, -0.2394 2.9724 1.7001, -0.2394 2.9724 3.2087, -0.1742 2.9724 1.7001, -0.1742 2.9724 3.2087, -0.1452 2.9724 1.7001, -0.1452 2.9724 3.2087, -0.0906 2.9724 3.2087, 0.0108 2.9724 3.2087, 0.018 2.9724 3.2087, -0.2868 2.9724 1.6815, -0.2394 2.9724 1.6815, -0.2406 2.9724 1.6774, -0.2799 2.9724 1.5985, -0.2737 2.9724 1.5862, -0.2831 2.9724 1.6123, -0.2394 2.9724 1.5624, -0.2394 2.9724 1.5594, -0.2524 2.9724 1.5674, -0.2652 2.9724 1.5764, -0.2548 2.9724 1.6716, -0.2659 2.9724 1.6637, -0.2712 2.9724 1.6582, -0.2783 2.9724 1.6473, -0.2823 2.9724 1.6355, -0.2837 2.9724 1.621, -0.2206 2.9724 1.68, -0.2394 2.9724 1.6775, -0.2386 2.9724 1.5621, -0.2185 2.9724 1.5599, -0.1855 2.9724 1.5601, -0.1863 2.9724 1.6802, -0.0357 2.9724 1.4456, -0.0306 2.9724 1.4462, -0.0224 2.9724 1.4217, -0.04 2.9724 1.3752, -0.0347 2.9724 1.3717, -0.0475 2.9724 1.3706, -0.0286 2.9724 1.3695, -0.0208 2.9724 1.3687, 0.0005 2.9724 1.4112, -0.0039 2.9724 1.4153, -0.0025 2.9724 1.436, -0.01 2.9724 1.4185, -0.0129 2.9724 1.4425, -0.0223 2.9724 1.4455, -0.083 2.9724 1.3888, -0.0629 2.9724 1.4256, -0.0829 2.9724 1.3733, -0.0625 2.9724 1.3704, -0.0321 2.9724 1.4584, -0.0427 2.9724 1.4572, -0.0889 2.9724 1.3852, -0.0906 2.9724 1.3845, -0.0906 2.9724 1.4164, -0.0118 2.9724 1.3698, -0.006 2.9724 1.372, -0.0026 2.9724 1.4506, -0.0069 2.9724 1.453, -0.0183 2.9724 1.457, -0.0476 2.9724 1.3838, -0.0472 2.9724 1.3838, -0.0448 2.9724 1.3803, -0.0841 2.9724 1.4271, -0.0615 2.9724 1.4384, -0.0835 2.9724 1.4329, -0.0887 2.9724 1.4472, -0.0487 2.9724 1.455, -0.0534 2.9724 1.4519, -0.0479 2.9724 1.4251, -0.0474 2.9724 1.4317, -0.0459 2.9724 1.4371, -0.0441 2.9724 1.4402, -0.001 2.9724 1.3756, 0.0007 2.9724 1.3773, 0.0038 2.9724 1.382, 0.0055 2.9724 1.3871, 0.0062 2.9724 1.3939, 0.0055 2.9724 1.4008, 0.0037 2.9724 1.4063, -0.0841 2.9724 1.4383, -0.0859 2.9724 1.4431, -0.0591 2.9724 1.4448, -0.0559 2.9724 1.4495, -0.0901 2.9724 1.4167, -0.0876 2.9724 1.4193, -0.0857 2.9724 1.4225, -0.0419 2.9724 1.4426, -0.0392 2.9724 1.4444, -0.0906 2.9724 0.5462, -0.0906 2.9724 1.3706, -0.1361 2.9724 1.4074, -0.1389 2.9724 1.4033, -0.1372 2.9724 1.4392, -0.1404 2.9724 1.3988, -0.141 2.9724 1.3932, -0.0932 2.9724 1.4512, -0.0968 2.9724 1.4533, -0.0906 2.9724 1.4881, -0.0906 2.9724 1.4488, -0.1049 2.9724 1.4564, -0.117 2.9724 1.4578, -0.1452 2.9724 1.4881, -0.1259 2.9724 1.4571, -0.1373 2.9724 1.4539, -0.1452 2.9724 0.5462, -0.1403 2.9724 1.3872, -0.1384 2.9724 1.3824, -0.1355 2.9724 1.3785, -0.1312 2.9724 1.3747, -0.1273 2.9724 1.3724, -0.1193 2.9724 1.3695, -0.1062 2.9724 1.3681, -0.0937 2.9724 1.3695, -0.1155 2.9724 1.4456, -0.111 2.9724 1.4453, -0.099 2.9724 1.4342, -0.107 2.9724 1.4443, -0.1036 2.9724 1.4425, -0.0991 2.9724 1.4322, -0.0997 2.9724 1.4298, -0.1007 2.9724 1.4278, -0.1022 2.9724 1.4262, -0.1075 2.9724 1.4228, -0.1254 2.9724 1.4444, -0.1168 2.9724 1.4187, -0.1338 2.9724 1.4412, -0.1226 2.9724 1.4163, -0.1325 2.9724 1.4107, -0.1013 2.9724 1.4405, -0.1 2.9724 1.4386, -0.0993 2.9724 1.4366, -0.0983 2.9724 1.3815, -0.1061 2.9724 1.4078, -0.0971 2.9724 1.412, -0.1077 2.9724 1.3804, -0.1084 2.9724 1.3804, -0.1159 2.9724 1.4036, -0.1161 2.9724 1.3812, -0.1256 2.9724 1.3919, -0.1254 2.9724 1.3937, -0.12 2.9724 1.3826, -0.1214 2.9724 1.3834, -0.1231 2.9724 1.3849, -0.1244 2.9724 1.3869, -0.1252 2.9724 1.389, -0.1248 2.9724 1.3961, -0.1236 2.9724 1.3981, -0.1217 2.9724 1.4001, -0.1742 2.9724 1.4318, -0.1881 2.9724 1.3909, -0.1921 2.9724 1.3907, -0.1742 2.9724 1.4881, -0.216 2.9724 1.4551, -0.2394 2.9724 1.4881, -0.2316 2.9724 1.455, -0.2394 2.9724 0.5462, -0.192 2.9724 1.3566, -0.1851 2.9724 1.3434, -0.1795 2.9724 1.3368, -0.1742 2.9724 0.5462, -0.1899 2.9724 1.3838, -0.1903 2.9724 1.3838, -0.191 2.9724 1.3867, -0.1493 2.9724 1.4556, -0.1661 2.9724 1.4555, -0.1785 2.9724 1.3358, -0.1742 2.9724 1.3329, -0.1732 2.9724 1.3322, -0.1516 2.9724 1.344, -0.1547 2.9724 1.343, -0.1673 2.9724 1.33, -0.1612 2.9724 1.3293, -0.1515 2.9724 1.3306, -0.1579 2.9724 1.3295, -0.167 2.9724 1.3438, -0.1698 2.9724 1.3457, -0.1637 2.9724 1.3426, -0.1601 2.9724 1.3422, -0.1726 2.9724 1.3489, -0.1742 2.9724 1.3516, -0.3099 2.9724 1.4888, -0.3099 2.9724 1.4881, -0.3232 2.9724 1.4881, -0.3098 2.9724 1.475, -0.3061 2.9724 1.4228, -0.3062 2.9724 1.4366, -0.2868 2.9724 1.4367, -0.2631 2.9724 1.4231, -0.2628 2.9724 1.3827, -0.2868 2.9724 1.423, -0.2868 2.9724 1.3825, -0.3119 2.9724 1.3824, -0.3118 2.9724 1.3687, -0.2868 2.9724 1.4751, -0.2635 2.9724 1.4753, -0.2632 2.9724 1.4369, -0.2868 2.9724 1.4904, -0.2868 2.9724 1.489, -0.2481 2.9724 1.4892, -0.2394 2.9724 1.4904, -0.2481 2.9724 1.4881, -0.2868 2.9724 0.5462, -0.2868 2.9724 1.3689, -0.2472 2.9724 1.3691, -0.2394 2.9724 1.5251, -0.1742 2.9724 1.5251, -0.1452 2.9724 1.5251, 0.0847 2.9724 1.4668, 0.0854 2.9724 1.3715, 0.0847 2.9724 1.3715, 0.0847 2.9724 0.5462, -0.1742 2.9724 1.4904, -0.1452 2.9724 1.4904, -0.0906 2.9724 1.4904, 0.0108 2.9724 1.4904, 2.6969 2.9724 1.6815, 2.6969 2.9724 1.5594, 2.6969 2.9724 1.5251, 2.6969 2.9724 1.4904, 2.6969 2.9724 1.4881, 2.6969 2.9724 0.5462, 2.6969 2.9724 0.5462
            ]
        }
        coordIndex [
            0,1,2,-1,3,4,5,-1,6,7,8,-1,9,10,11,-1,12,13,14,-1,15,16,17,-1,18,19,20,-1,20,19,21,-1,20,22,23,-1,23,24,20,-1,20,24,25,-1,20,25,18,-1,26,27,28,-1,28,27,29,-1,28,29,20,-1,20,29,30,-1,20,30,22,-1,31,32,33,-1,33,32,34,-1,33,34,35,-1,35,34,36,-1,35,36,37,-1,38,39,36,-1,36,39,40,-1,36,40,37,-1,38,41,39,-1,39,41,42,-1,39,42,43,-1,43,42,44,-1,43,44,45,-1,46,47,38,-1,38,47,48,-1,38,48,41,-1,17,16,49,-1,16,50,49,-1,49,50,51,-1,49,51,38,-1,38,51,52,-1,38,52,46,-1,15,17,53,-1,53,17,54,-1,53,54,55,-1,55,54,56,-1,55,56,57,-1,58,59,60,-1,58,60,61,-1,59,62,60,-1,60,62,63,-1,60,63,64,-1,65,66,67,-1,67,66,68,-1,67,68,60,-1,60,68,69,-1,60,69,61,-1,70,71,72,-1,72,71,73,-1,72,73,56,-1,56,73,74,-1,56,74,57,-1,75,76,77,-1,77,76,78,-1,77,78,79,-1,79,80,77,-1,77,80,81,-1,77,81,82,-1,82,81,65,-1,82,65,83,-1,83,65,67,-1,84,85,86,-1,87,88,72,-1,72,88,89,-1,72,89,90,-1,91,92,60,-1,60,92,93,-1,60,93,94,-1,90,95,72,-1,72,95,96,-1,72,96,70,-1,97,98,86,-1,64,99,60,-1,60,99,100,-1,60,100,101,-1,101,102,60,-1,60,102,103,-1,60,103,91,-1,85,104,86,-1,86,104,105,-1,86,105,106,-1,97,86,107,-1,107,86,106,-1,107,106,77,-1,77,106,108,-1,77,108,75,-1,98,109,86,-1,86,109,110,-1,86,110,72,-1,72,110,111,-1,72,111,87,-1,93,112,94,-1,94,112,113,-1,94,113,114,-1,114,113,115,-1,116,14,117,-1,117,14,118,-1,117,118,119,-1,119,118,120,-1,115,121,114,-1,114,121,122,-1,114,122,118,-1,118,122,123,-1,118,123,120,-1,12,124,13,-1,13,124,125,-1,13,125,126,-1,127,128,129,-1,129,128,130,-1,129,130,116,-1,116,130,131,-1,116,131,14,-1,14,131,132,-1,14,132,12,-1,133,134,129,-1,129,134,135,-1,129,135,127,-1,133,136,134,-1,134,136,137,-1,134,137,138,-1,139,140,141,-1,141,120,139,-1,139,120,123,-1,139,123,142,-1,142,123,143,-1,143,144,142,-1,142,144,145,-1,142,145,146,-1,147,148,149,-1,148,150,149,-1,149,150,151,-1,149,151,152,-1,153,149,154,-1,140,139,153,-1,153,139,155,-1,153,155,149,-1,149,155,156,-1,149,156,147,-1,154,157,153,-1,153,157,158,-1,153,158,159,-1,152,151,160,-1,160,151,161,-1,160,161,162,-1,162,161,163,-1,162,163,164,-1,165,166,159,-1,159,166,167,-1,159,167,153,-1,84,86,168,-1,168,86,169,-1,168,169,170,-1,170,169,171,-1,170,171,172,-1,173,174,171,-1,171,174,175,-1,171,175,172,-1,19,176,21,-1,21,176,177,-1,21,177,173,-1,173,177,178,-1,173,178,174,-1,179,180,181,-1,182,183,184,-1,184,183,185,-1,184,185,186,-1,187,188,189,-1,189,188,190,-1,191,192,193,-1,193,192,194,-1,193,194,195,-1,182,189,183,-1,183,189,190,-1,183,190,181,-1,181,190,193,-1,181,193,179,-1,179,193,195,-1,196,197,186,-1,186,197,198,-1,198,199,186,-1,186,199,200,-1,186,200,201,-1,201,202,186,-1,186,202,203,-1,186,203,193,-1,193,203,204,-1,193,204,191,-1,205,206,207,-1,207,206,208,-1,196,186,209,-1,209,186,185,-1,209,185,208,-1,208,185,210,-1,208,210,207,-1,211,212,213,-1,213,212,214,-1,213,214,215,-1,216,217,218,-1,218,217,214,-1,218,214,219,-1,219,214,212,-1,219,212,220,-1,220,212,221,-1,222,223,224,-1,224,223,225,-1,224,225,226,-1,226,225,227,-1,226,227,228,-1,229,230,231,-1,232,233,234,-1,234,233,235,-1,236,237,238,-1,238,237,239,-1,238,240,236,-1,236,240,241,-1,236,241,242,-1,243,241,244,-1,244,241,240,-1,244,240,245,-1,245,240,238,-1,245,238,246,-1,246,238,247,-1,246,247,248,-1,248,247,249,-1,248,249,231,-1,231,249,250,-1,231,250,229,-1,251,252,253,-1,254,255,256,-1,251,253,257,-1,257,253,256,-1,257,256,258,-1,258,256,255,-1,258,255,259,-1,256,260,254,-1,254,260,261,-1,254,261,262,-1,263,264,265,-1,252,251,266,-1,266,251,267,-1,266,267,263,-1,268,269,270,-1,270,269,271,-1,270,271,259,-1,259,271,272,-1,259,272,258,-1,258,272,273,-1,258,273,265,-1,265,273,274,-1,265,274,263,-1,275,276,267,-1,267,276,277,-1,278,279,264,-1,264,279,280,-1,264,280,281,-1,282,283,284,-1,284,283,278,-1,284,278,285,-1,286,287,278,-1,278,287,288,-1,278,288,285,-1,263,267,264,-1,264,267,277,-1,264,277,278,-1,278,277,289,-1,278,289,290,-1,284,291,292,-1,290,293,278,-1,278,293,294,-1,278,294,295,-1,291,284,296,-1,296,284,297,-1,296,297,298,-1,292,299,284,-1,284,299,300,-1,284,300,282,-1,295,301,278,-1,278,301,302,-1,278,302,286,-1,303,304,305,-1,305,304,306,-1,305,306,307,-1,307,306,308,-1,307,308,309,-1,310,311,312,-1,312,311,313,-1,312,313,314,-1,315,316,317,-1,8,318,312,-1,312,318,319,-1,312,319,310,-1,317,320,315,-1,315,320,321,-1,315,321,8,-1,8,321,322,-1,8,322,318,-1,316,323,324,-1,324,325,316,-1,316,325,326,-1,316,326,327,-1,327,328,316,-1,316,328,329,-1,316,329,317,-1,330,331,332,-1,332,331,333,-1,7,334,8,-1,8,334,335,-1,8,335,315,-1,315,335,336,-1,315,336,337,-1,337,336,338,-1,337,338,339,-1,338,340,339,-1,339,340,341,-1,339,341,342,-1,342,341,343,-1,344,345,346,-1,347,348,349,-1,349,348,350,-1,350,351,349,-1,349,351,352,-1,349,352,353,-1,347,345,348,-1,348,345,344,-1,348,344,354,-1,354,344,355,-1,356,357,358,-1,358,357,349,-1,358,349,359,-1,359,349,353,-1,360,361,36,-1,36,361,362,-1,360,36,363,-1,363,36,34,-1,363,34,364,-1,364,34,365,-1,364,365,366,-1,366,367,364,-1,364,367,368,-1,364,368,369,-1,370,371,372,-1,362,373,374,-1,374,373,375,-1,374,375,376,-1,369,377,364,-1,364,377,370,-1,364,370,378,-1,378,370,372,-1,31,26,32,-1,32,26,28,-1,32,28,379,-1,346,380,344,-1,344,380,381,-1,344,381,382,-1,382,381,383,-1,382,383,384,-1,384,383,385,-1,384,385,386,-1,386,385,387,-1,386,387,388,-1,388,387,389,-1,388,389,390,-1,390,389,391,-1,390,391,307,-1,307,391,392,-1,307,392,305,-1,305,392,393,-1,305,393,343,-1,343,393,394,-1,343,394,342,-1,342,394,379,-1,395,396,397,-1,398,399,234,-1,398,234,400,-1,401,402,403,-1,403,402,234,-1,403,234,404,-1,404,234,399,-1,397,405,395,-1,395,405,406,-1,395,406,407,-1,407,408,395,-1,395,408,409,-1,395,409,410,-1,230,229,235,-1,235,229,395,-1,235,395,234,-1,234,395,410,-1,234,410,400,-1,257,411,396,-1,396,411,412,-1,396,412,397,-1,401,413,402,-1,402,413,414,-1,402,414,258,-1,258,414,415,-1,258,415,257,-1,257,415,416,-1,257,416,411,-1,417,418,419,-1,420,421,422,-1,422,421,423,-1,422,423,424,-1,425,426,427,-1,427,426,428,-1,427,428,429,-1,429,428,419,-1,429,419,430,-1,430,419,418,-1,431,432,433,-1,433,432,434,-1,2,435,436,-1,437,438,439,-1,440,441,1,-1,427,442,2,-1,442,443,2,-1,2,443,444,-1,2,444,435,-1,445,446,422,-1,422,446,447,-1,422,447,420,-1,432,448,449,-1,449,448,450,-1,440,1,424,-1,451,452,453,-1,437,439,431,-1,454,455,419,-1,419,455,456,-1,419,456,457,-1,441,458,1,-1,1,458,459,-1,1,459,460,-1,460,461,1,-1,1,461,462,-1,1,462,2,-1,2,462,463,-1,2,463,427,-1,427,463,464,-1,427,464,425,-1,450,465,449,-1,449,465,466,-1,449,466,467,-1,467,466,451,-1,467,451,468,-1,468,451,453,-1,439,469,431,-1,431,469,470,-1,431,470,432,-1,432,470,471,-1,432,471,448,-1,457,472,419,-1,419,472,473,-1,419,473,417,-1,424,1,422,-1,422,1,474,-1,422,474,434,-1,434,474,475,-1,434,475,433,-1,476,477,478,-1,478,477,479,-1,478,479,480,-1,481,482,483,-1,436,452,2,-1,2,452,451,-1,2,451,483,-1,483,451,484,-1,483,484,481,-1,482,485,483,-1,483,485,486,-1,483,486,487,-1,487,486,488,-1,487,488,489,-1,489,478,487,-1,487,478,480,-1,487,480,490,-1,490,480,491,-1,490,491,474,-1,474,491,492,-1,474,492,493,-1,493,494,474,-1,474,494,495,-1,474,495,496,-1,496,497,474,-1,474,497,498,-1,474,498,475,-1,499,500,501,-1,501,500,502,-1,501,502,503,-1,501,504,499,-1,499,504,505,-1,499,505,506,-1,506,507,499,-1,499,507,508,-1,499,508,509,-1,509,508,510,-1,509,510,511,-1,511,510,512,-1,511,512,478,-1,478,512,513,-1,478,513,476,-1,514,515,503,-1,503,515,516,-1,503,516,501,-1,517,518,438,-1,438,518,519,-1,438,519,439,-1,517,520,518,-1,518,520,521,-1,518,521,522,-1,522,521,523,-1,522,524,525,-1,523,526,522,-1,522,526,527,-1,522,527,528,-1,528,529,522,-1,522,529,530,-1,522,530,524,-1,525,531,522,-1,522,531,532,-1,522,532,533,-1,534,535,536,-1,537,538,539,-1,539,538,540,-1,539,540,541,-1,541,540,542,-1,542,543,541,-1,541,543,544,-1,541,544,545,-1,546,547,535,-1,535,547,548,-1,535,548,536,-1,537,487,549,-1,536,538,534,-1,534,538,537,-1,534,537,550,-1,550,537,549,-1,544,551,545,-1,545,551,552,-1,545,552,553,-1,554,555,5,-1,553,556,545,-1,545,556,557,-1,545,557,490,-1,5,549,554,-1,554,549,487,-1,554,487,558,-1,558,487,490,-1,558,490,559,-1,559,490,557,-1,560,561,562,-1,562,561,563,-1,563,561,555,-1,555,561,564,-1,555,564,5,-1,5,564,565,-1,5,565,3,-1,566,567,568,-1,568,567,569,-1,570,568,571,-1,571,568,569,-1,571,569,572,-1,573,574,575,-1,575,574,576,-1,575,576,570,-1,570,576,577,-1,570,577,568,-1,568,577,578,-1,569,579,572,-1,572,579,580,-1,572,580,581,-1,180,205,568,-1,568,205,207,-1,568,207,566,-1,566,207,582,-1,566,582,583,-1,583,582,584,-1,584,582,585,-1,584,585,586,-1,180,568,181,-1,181,568,578,-1,181,578,587,-1,587,578,588,-1,587,588,541,-1,541,588,589,-1,541,589,539,-1,237,232,239,-1,239,232,234,-1,239,234,590,-1,590,234,402,-1,590,402,591,-1,591,402,258,-1,591,258,592,-1,592,258,265,-1,592,265,332,-1,332,265,264,-1,332,264,330,-1,330,264,281,-1,250,344,229,-1,229,344,382,-1,229,382,395,-1,395,382,384,-1,395,384,396,-1,396,384,386,-1,396,386,257,-1,257,386,388,-1,257,388,251,-1,251,388,390,-1,251,390,267,-1,267,390,307,-1,267,307,275,-1,275,307,309,-1,593,169,594,-1,594,169,86,-1,594,86,595,-1,595,86,596,-1,595,596,215,-1,215,596,0,-1,215,0,213,-1,213,0,2,-1,589,586,539,-1,539,586,585,-1,539,585,537,-1,537,585,597,-1,537,597,487,-1,487,597,598,-1,487,598,483,-1,483,598,599,-1,483,599,2,-1,2,599,600,-1,2,600,213,-1,213,600,11,-1,213,11,211,-1,211,11,10,-1,210,247,207,-1,207,247,238,-1,207,238,582,-1,582,238,239,-1,582,239,585,-1,585,239,590,-1,585,590,597,-1,597,590,591,-1,597,591,598,-1,598,591,592,-1,598,592,599,-1,599,592,332,-1,599,332,600,-1,600,332,333,-1,600,333,11,-1,11,333,222,-1,11,222,9,-1,9,222,224,-1,314,303,312,-1,312,303,305,-1,312,305,8,-1,8,305,343,-1,8,343,6,-1,6,343,341,-1,331,323,333,-1,333,323,316,-1,333,316,222,-1,222,316,315,-1,222,315,223,-1,223,315,337,-1,379,28,342,-1,342,28,20,-1,342,20,339,-1,339,20,21,-1,339,21,337,-1,337,21,173,-1,337,173,223,-1,223,173,171,-1,223,171,225,-1,225,171,169,-1,225,169,227,-1,227,169,593,-1,227,593,228,-1,362,374,36,-1,36,374,601,-1,36,601,38,-1,38,601,602,-1,38,602,49,-1,49,602,603,-1,49,603,17,-1,17,603,604,-1,17,604,54,-1,54,604,605,-1,54,605,56,-1,56,605,606,-1,56,606,72,-1,
        ]
    }
}
Shape{
    appearance Appearance {
        material  Material 	{
            diffuseColor 0.2235294117647059 0.2235294117647059 0.2235294117647059
            specularColor 0.11372549019607843 0.11372549019607843 0.11372549019607843
            ambientIntensity 0.2
            transparency 0
            shininess 0.5
        }
    }
    geometry IndexedFaceSet {
        ccw TRUE
        solid FALSE
        coord DEF co Coordinate {
            point [
                -0.2992 2.5 0.7874, -0.2992 2.5 1.3976, -0.2894 2.5 0.7874, -0.2894 2.5 1.3976, 0.1024 2.5 0.7874, 0.1024 2.5 1.3976, 0.1122 2.5 0.7874, 0.1122 2.5 1.3976, 0.5039 2.5 0.7874, 0.5039 2.5 1.3976, 0.5138 2.5 0.7874, 0.5138 2.5 1.3976, 0.5138 2.5 1.3976
            ]
        }
        coordIndex [
            0,1,2,-1,2,1,3,-1,4,5,6,-1,6,5,7,-1,8,9,10,-1,10,9,11,-1,
        ]
    }
}
Shape{
    appearance Appearance {
        material  Material 	{
            diffuseColor 0.9686274509803922 0.8784313725490196 0.6
            specularColor 0.6784313725490196 0.615686274509804 0.4196078431372549
            ambientIntensity 0.2
            transparency 0
            shininess 0.5
        }
    }
    geometry IndexedFaceSet {
        ccw TRUE
        solid FALSE
        coord DEF co Coordinate {
            point [
                -0.5138 2.5 1.3976, -0.5138 2.5 2.8937, -0.6909 2.5 1.3976, -0.6909 2.5 2.8937, -0.5728 3.2677 0.0, -0.6319 3.2677 0.0, -0.5728 3.2677 0.1181, -0.6319 3.2677 0.1181, -0.5597 3.2662 0.1181, -0.5597 3.2662 0.0, -0.5472 3.2619 0.1181, -0.5472 3.2619 0.0, -0.536 3.2548 0.1181, -0.536 3.2548 0.0, -0.5267 3.2455 0.1181, -0.5267 3.2455 0.0, -0.5196 3.2343 0.1181, -0.5196 3.2343 0.0, -0.5153 3.2218 0.1181, -0.5153 3.2218 0.0, -0.5138 3.2087 0.1181, -0.5138 3.2087 0.0, -0.5138 2.5 0.1969, -0.6909 2.5 0.1969, -0.6909 2.5058 0.1532, -0.5138 2.5049 0.153, -0.6909 2.5067 0.1459, -0.5138 2.5195 0.1114, -0.6909 2.5208 0.112, -0.6909 2.5264 0.0984, -0.5138 2.5429 0.0741, -0.6909 2.5443 0.0751, -0.5138 2.5741 0.0429, -0.6909 2.5577 0.0577, -0.6909 2.5751 0.0443, -0.5138 2.6114 0.0195, -0.6909 2.5984 0.0264, -0.6909 2.612 0.0208, -0.5138 2.653 0.0049, -0.6909 2.6459 0.0067, -0.6909 2.6532 0.0058, -0.6909 2.6969 0.0, -0.5138 2.6969 0.0, -0.6909 3.2087 0.0, -0.6575 3.2619 0.0, -0.645 3.2662 0.0, -0.6895 3.2218 0.0, -0.6851 3.2343 0.0, -0.6781 3.2455 0.0, -0.6687 3.2548 0.0, -0.6614 3.2598 0.1181, -0.6574 3.2615 0.1181, -0.645 3.266 0.1181, -0.6472 3.2657 0.1181, -0.6684 3.2544 0.1181, -0.6736 3.2504 0.1181, -0.6777 3.2452 0.1181, -0.683 3.2382 0.1181, -0.6847 3.2341 0.1181, -0.6889 3.2239 0.1181, -0.6892 3.2218 0.1181, -0.6909 3.2087 0.1181, -0.5138 2.6969 0.1181, -0.6909 2.6969 0.1181, -0.5138 2.6793 0.1201, -0.6909 2.6794 0.1204, -0.6909 2.6765 0.1208, -0.5138 2.6627 0.1259, -0.6909 2.6629 0.1264, -0.6909 2.6575 0.1287, -0.5138 2.6478 0.1353, -0.6909 2.6482 0.1358, -0.5138 2.6353 0.1478, -0.6909 2.6412 0.1412, -0.6909 2.6358 0.1482, -0.5138 2.6259 0.1627, -0.6909 2.6287 0.1575, -0.6909 2.6264 0.1629, -0.5138 2.6201 0.1793, -0.6909 2.6208 0.1765, -0.6909 2.6204 0.1794, -0.5138 2.6181 0.1969, -0.6909 2.6181 0.1969, -0.5138 2.6181 2.8937, -0.6909 2.6181 2.8937, -0.6909 2.5 0.7874, -0.5138 2.5 0.7874, -0.6909 2.5 2.9724, -0.6909 2.5 3.0741, -0.6909 2.519 3.063, -0.6909 2.5724 3.0198, -0.6909 2.5909 2.9916, -0.6909 2.5973 2.9817, -0.6909 2.6108 2.9444, -0.6909 2.6128 2.9389, -0.6909 2.5393 3.0512, -0.6909 2.5596 3.032, -0.6909 2.4704 2.9553, -0.6909 2.4554 2.9646, -0.6909 2.4388 2.9705, -0.6909 2.4213 2.9724, -0.6909 2.498 2.9112, -0.6909 2.4922 2.9279, -0.6909 2.4828 2.9428, -0.7303 2.5 2.9724, -0.5138 2.5 2.9724, -0.4744 2.5 2.9724, -0.5138 2.4213 2.9724, -0.4744 1.9882 2.9724, -0.7303 1.9882 2.9724, -0.5138 2.5724 3.0198, -0.5138 2.5596 3.032, -0.5138 2.5393 3.0512, -0.5138 2.519 3.063, -0.5138 2.5 3.0741, -0.5138 2.47 2.9547, -0.5138 2.4769 2.9494, -0.5138 2.6108 2.9444, -0.5138 2.6128 2.9389, -0.5138 2.5973 2.9817, -0.5138 2.5909 2.9916, -0.5138 2.4823 2.9424, -0.5138 2.4895 2.9331, -0.5138 2.4416 2.9698, -0.5138 2.4387 2.9701, -0.5138 2.4552 2.9641, -0.5138 2.4606 2.9619, -0.5138 2.4917 2.9277, -0.5138 2.4973 2.9141, -0.5138 2.4977 2.9112, -0.6909 2.4213 3.0906, -0.6909 2.4615 3.0864, -0.6909 2.5 3.0906, -0.6909 2.472 3.0831, -0.5138 2.4213 3.0906, -0.5138 2.4615 3.0864, -0.5138 2.472 3.0831, -0.5138 2.5 3.0906, -0.4744 1.9882 3.0906, -0.4744 2.5 3.0906, -0.7303 2.5 3.0906, -0.7303 1.9882 3.0906, -0.7303 1.9882 3.0906
            ]
        }
        coordIndex [
            0,1,2,-1,2,1,3,-1,4,5,6,-1,6,5,7,-1,4,6,8,-1,4,8,9,-1,9,8,10,-1,9,10,11,-1,11,10,12,-1,11,12,13,-1,13,12,14,-1,13,14,15,-1,15,14,16,-1,15,16,17,-1,17,16,18,-1,17,18,19,-1,19,18,20,-1,19,20,21,-1,22,23,24,-1,22,24,25,-1,25,24,26,-1,25,26,27,-1,26,28,27,-1,27,28,29,-1,27,29,30,-1,30,29,31,-1,30,31,32,-1,31,33,32,-1,32,33,34,-1,32,34,35,-1,34,36,35,-1,35,36,37,-1,35,37,38,-1,38,37,39,-1,39,40,38,-1,38,40,41,-1,38,41,42,-1,43,4,41,-1,41,4,21,-1,41,21,42,-1,44,45,43,-1,43,45,5,-1,43,5,4,-1,9,11,4,-1,4,11,13,-1,4,13,15,-1,15,17,4,-1,4,17,19,-1,4,19,21,-1,43,46,47,-1,47,48,43,-1,43,48,49,-1,43,49,44,-1,50,51,44,-1,5,45,7,-1,7,45,52,-1,44,51,45,-1,45,51,53,-1,45,53,52,-1,50,44,54,-1,54,44,49,-1,54,49,55,-1,55,49,48,-1,55,48,56,-1,56,48,57,-1,57,48,47,-1,57,47,58,-1,58,47,59,-1,59,47,46,-1,59,46,60,-1,60,46,43,-1,60,43,61,-1,8,6,20,-1,8,20,10,-1,6,7,20,-1,20,7,52,-1,20,52,62,-1,52,53,62,-1,62,53,51,-1,62,51,50,-1,50,54,62,-1,62,54,55,-1,62,55,56,-1,20,18,16,-1,16,14,20,-1,20,14,12,-1,20,12,10,-1,56,57,62,-1,62,57,58,-1,62,58,59,-1,59,60,62,-1,62,60,61,-1,62,61,63,-1,64,62,63,-1,63,65,64,-1,64,65,66,-1,64,66,67,-1,66,68,67,-1,67,68,69,-1,67,69,70,-1,70,69,71,-1,70,71,72,-1,71,73,72,-1,72,73,74,-1,72,74,75,-1,74,76,75,-1,75,76,77,-1,75,77,78,-1,77,79,78,-1,78,79,80,-1,78,80,81,-1,81,80,82,-1,81,82,83,-1,83,82,84,-1,85,23,86,-1,86,23,22,-1,87,88,89,-1,90,91,87,-1,87,91,92,-1,92,93,87,-1,87,93,94,-1,87,94,84,-1,89,95,87,-1,87,95,96,-1,87,96,90,-1,61,43,63,-1,63,43,41,-1,63,41,65,-1,65,41,40,-1,65,40,66,-1,66,40,39,-1,66,39,68,-1,68,39,37,-1,68,37,69,-1,69,37,36,-1,69,36,71,-1,71,36,34,-1,71,34,73,-1,73,34,33,-1,73,33,74,-1,74,33,31,-1,74,31,76,-1,76,31,29,-1,76,29,77,-1,77,29,28,-1,77,28,79,-1,79,28,26,-1,79,26,80,-1,80,26,24,-1,80,24,82,-1,82,24,23,-1,97,98,87,-1,87,98,99,-1,87,99,100,-1,3,84,2,-1,2,84,82,-1,2,82,85,-1,85,82,23,-1,3,101,84,-1,84,101,102,-1,84,102,87,-1,87,102,103,-1,87,103,97,-1,104,87,100,-1,105,106,107,-1,107,106,108,-1,107,108,100,-1,100,108,109,-1,100,109,104,-1,110,111,105,-1,111,112,105,-1,105,112,113,-1,105,113,114,-1,115,116,105,-1,117,105,118,-1,118,105,83,-1,117,119,105,-1,105,119,120,-1,105,120,110,-1,116,121,105,-1,105,121,122,-1,105,122,83,-1,123,105,124,-1,124,105,107,-1,123,125,105,-1,105,125,126,-1,105,126,115,-1,122,127,83,-1,83,127,128,-1,83,128,129,-1,21,20,42,-1,42,20,62,-1,42,62,38,-1,38,62,64,-1,38,64,35,-1,35,64,67,-1,35,67,32,-1,32,67,70,-1,32,70,30,-1,30,70,72,-1,30,72,27,-1,27,72,75,-1,27,75,25,-1,25,75,78,-1,25,78,22,-1,22,78,81,-1,129,1,83,-1,83,1,0,-1,83,0,81,-1,81,0,86,-1,81,86,22,-1,99,98,125,-1,107,100,124,-1,124,100,99,-1,124,99,123,-1,123,99,125,-1,103,116,97,-1,97,116,115,-1,97,115,98,-1,98,115,126,-1,98,126,125,-1,102,122,103,-1,103,122,121,-1,103,121,116,-1,101,128,102,-1,102,128,127,-1,102,127,122,-1,3,1,101,-1,101,1,129,-1,101,129,128,-1,130,131,132,-1,132,131,133,-1,132,133,88,-1,130,134,131,-1,131,134,135,-1,131,135,133,-1,133,135,136,-1,133,136,88,-1,88,136,114,-1,88,114,89,-1,89,114,113,-1,89,113,95,-1,95,113,112,-1,95,112,96,-1,96,112,111,-1,96,111,90,-1,90,111,110,-1,90,110,91,-1,91,110,120,-1,91,120,92,-1,92,120,119,-1,92,119,93,-1,93,119,117,-1,93,117,94,-1,94,117,118,-1,94,118,84,-1,84,118,83,-1,114,136,137,-1,137,136,135,-1,137,135,134,-1,108,106,138,-1,138,106,139,-1,104,109,140,-1,140,109,141,-1,139,137,134,-1,132,140,130,-1,130,140,141,-1,130,141,134,-1,134,141,138,-1,134,138,139,-1,106,105,139,-1,139,105,114,-1,139,114,137,-1,87,104,88,-1,88,104,140,-1,88,140,132,-1,
        ]
    }
}
Shape{
    appearance Appearance {
        material  Material 	{
            diffuseColor 0.2235294117647059 0.2235294117647059 0.2235294117647059
            specularColor 0.11372549019607843 0.11372549019607843 0.11372549019607843
            ambientIntensity 0.2
            transparency 0
            shininess 0.5
        }
    }
    geometry IndexedFaceSet {
        ccw TRUE
        solid FALSE
        coord DEF co Coordinate {
            point [
                -0.6909 2.5 0.7874, -0.7008 2.5 0.7874, -0.6909 2.5 1.3976, -0.7008 2.5 1.3976, 1.1122 1.5748 1.6088, 1.0827 1.5748 1.6088, 1.0827 1.5748 1.5355, -1.5138 1.5748 2.6378, -2.3228 1.5748 2.6378, -1.5138 1.5748 1.6088, -2.3228 1.5748 0.3346, 1.2795 1.5748 0.7874, 2.3228 1.5748 2.6378, 1.5138 1.5748 1.6088, 1.5138 1.5748 2.6378, 2.3228 1.5748 0.3346, 1.5748 1.5748 0.3346, 1.5748 1.5748 -0.0394, 1.2795 1.5748 -0.0394, 1.4843 1.5748 1.6088, 1.4843 1.5748 1.5355, -1.3268 1.5748 1.5355, -1.4843 1.5748 1.5355, -1.4843 1.5748 1.6088, 1.2972 1.5748 2.6378, 1.1122 1.5748 2.6378, 1.2972 1.5748 1.6088, 1.3268 1.5748 1.5355, 1.3268 1.5748 1.6088, -1.2795 1.5748 0.7874, 0.9252 1.5748 1.5355, 0.9252 1.5748 1.6088, 0.8957 1.5748 1.6088, 0.6811 1.5748 1.5355, 0.6811 1.5748 1.6088, 0.7106 1.5748 1.6088, 0.7106 1.5748 2.6378, 0.8957 1.5748 2.6378, 0.2795 1.5748 1.5355, 0.122 1.5748 1.5355, 0.5236 1.5748 1.6088, 0.4941 1.5748 1.6088, 0.5236 1.5748 1.5355, 0.2795 1.5748 1.6088, 0.3091 1.5748 1.6088, 0.3091 1.5748 2.6378, 0.4941 1.5748 2.6378, 0.122 1.5748 1.6088, 0.0925 1.5748 1.6088, -0.122 1.5748 1.5355, -0.122 1.5748 1.6088, -0.0925 1.5748 1.6088, -0.0925 1.5748 2.6378, 0.0925 1.5748 2.6378, -0.2795 1.5748 1.6088, -0.3091 1.5748 1.6088, -0.5236 1.5748 1.5355, -0.2795 1.5748 1.5355, -0.5236 1.5748 1.6088, -0.4941 1.5748 1.6088, -0.4941 1.5748 2.6378, -0.3091 1.5748 2.6378, -0.6811 1.5748 1.5355, -0.6811 1.5748 1.6088, -0.9252 1.5748 1.5355, -0.7106 1.5748 1.6088, -1.5748 1.5748 -0.0394, -1.2795 1.5748 -0.0394, -1.5748 1.5748 0.3346, -0.9252 1.5748 1.6088, -0.8957 1.5748 1.6088, -0.8957 1.5748 2.6378, -0.7106 1.5748 2.6378, -1.0827 1.5748 1.5355, -1.0827 1.5748 1.6088, -1.1122 1.5748 1.6088, -1.3268 1.5748 1.6088, -1.2972 1.5748 1.6088, -1.2972 1.5748 2.6378, -1.1122 1.5748 2.6378, -1.2972 -1.6929 2.9685, -1.3268 -1.5655 2.9685, -1.3268 -1.389 2.9685, -1.4843 -1.5655 2.9685, -1.5138 -1.6929 2.9685, -1.4843 -1.389 2.9685, -1.5138 1.9882 2.9685, -1.2972 1.9882 2.9685, -1.3355 1.9486 1.4345, -1.331 1.9426 1.4373, -1.2972 2.0276 1.3976, -1.3308 1.9419 1.4376, -1.3278 1.9347 1.4409, -1.3268 1.9264 1.4448, -1.3278 1.9344 1.4411, -1.3492 1.9584 1.4299, -1.3435 1.9556 1.4312, -1.5138 2.0276 1.3976, -1.4839 1.9311 1.4426, -1.483 1.9343 1.4411, -1.4816 1.9393 1.4388, -1.4801 1.9418 1.4376, -1.4771 1.9469 1.4353, -1.4755 1.9486 1.4345, -1.471 1.9531 1.4324, -1.4693 1.9542 1.4319, -1.4627 1.9583 1.4299, -1.4619 1.9585 1.4298, -1.454 1.9611 1.4286, -1.3417 1.9542 1.4318, -1.3367 1.9502 1.4337, -1.4843 1.9264 1.4448, -1.3609 1.9618 1.4283, -1.3574 1.961 1.4287, -1.3519 1.9597 1.4293, -1.4536 1.9612 1.4286, -1.4449 1.9621 1.4282, -1.3661 1.9621 1.4282, -0.8957 -1.6929 2.9685, -0.9252 -1.5655 2.9685, -0.9252 -1.389 2.9685, -1.0827 -1.5655 2.9685, -1.1122 -1.6929 2.9685, -1.0827 -1.389 2.9685, -1.1122 1.9882 2.9685, -0.8957 1.9882 2.9685, -0.934 1.9486 1.4345, -0.9295 1.9426 1.4373, -0.8957 2.0276 1.3976, -0.9292 1.9419 1.4376, -0.9263 1.9347 1.4409, -0.9252 1.9264 1.4448, -0.9262 1.9344 1.4411, -0.9476 1.9584 1.4299, -0.9419 1.9556 1.4312, -1.1122 2.0276 1.3976, -1.0823 1.9311 1.4426, -1.0814 1.9343 1.4411, -1.08 1.9393 1.4388, -1.0786 1.9418 1.4376, -1.0756 1.9469 1.4353, -1.0739 1.9486 1.4345, -1.0695 1.9531 1.4324, -1.0677 1.9542 1.4319, -1.0611 1.9583 1.4299, -1.0604 1.9585 1.4298, -1.0524 1.9611 1.4286, -0.9402 1.9542 1.4318, -0.9352 1.9502 1.4337, -1.0827 1.9264 1.4448, -0.9593 1.9618 1.4283, -0.9559 1.961 1.4287, -0.9503 1.9597 1.4293, -1.0521 1.9612 1.4286, -1.0433 1.9621 1.4282, -0.9646 1.9621 1.4282, -0.4941 -1.6929 2.9685, -0.5236 -1.5655 2.9685, -0.5236 -1.389 2.9685, -0.6811 -1.5655 2.9685, -0.7106 -1.6929 2.9685, -0.6811 -1.389 2.9685, -0.7106 1.9882 2.9685, -0.4941 1.9882 2.9685, -0.5324 1.9486 1.4345, -0.5279 1.9426 1.4373, -0.4941 2.0276 1.3976, -0.5276 1.9419 1.4376, -0.5247 1.9347 1.4409, -0.5236 1.9264 1.4448, -0.5247 1.9344 1.4411, -0.546 1.9584 1.4299, -0.5404 1.9556 1.4312, -0.7106 2.0276 1.3976, -0.6808 1.9311 1.4426, -0.6799 1.9343 1.4411, -0.6785 1.9393 1.4388, -0.677 1.9418 1.4376, -0.674 1.9469 1.4353, -0.6724 1.9486 1.4345, -0.6679 1.9531 1.4324, -0.6662 1.9542 1.4319, -0.6595 1.9583 1.4299, -0.6588 1.9585 1.4298, -0.6509 1.9611 1.4286, -0.5386 1.9542 1.4318, -0.5336 1.9502 1.4337, -0.6811 1.9264 1.4448, -0.5577 1.9618 1.4283, -0.5543 1.961 1.4287, -0.5488 1.9597 1.4293, -0.6505 1.9612 1.4286, -0.6417 1.9621 1.4282, -0.563 1.9621 1.4282, -0.0925 -1.6929 2.9685, -0.122 -1.5655 2.9685, -0.122 -1.389 2.9685, -0.2795 -1.5655 2.9685, -0.3091 -1.6929 2.9685, -0.2795 -1.389 2.9685, -0.3091 1.9882 2.9685, -0.0925 1.9882 2.9685, -0.1308 1.9486 1.4345, -0.1263 1.9426 1.4373, -0.0925 2.0276 1.3976, -0.126 1.9419 1.4376, -0.1231 1.9347 1.4409, -0.122 1.9264 1.4448, -0.1231 1.9344 1.4411, -0.1445 1.9584 1.4299, -0.1388 1.9556 1.4312, -0.3091 2.0276 1.3976, -0.2792 1.9311 1.4426, -0.2783 1.9343 1.4411, -0.2769 1.9393 1.4388, -0.2754 1.9418 1.4376, -0.2724 1.9469 1.4353, -0.2708 1.9486 1.4345, -0.2663 1.9531 1.4324, -0.2646 1.9542 1.4319, -0.258 1.9583 1.4299, -0.2572 1.9585 1.4298, -0.2493 1.9611 1.4286, -0.137 1.9542 1.4318, -0.132 1.9502 1.4337, -0.2795 1.9264 1.4448, -0.1562 1.9618 1.4283, -0.1527 1.961 1.4287, -0.1472 1.9597 1.4293, -0.2489 1.9612 1.4286, -0.2402 1.9621 1.4282, -0.1614 1.9621 1.4282, 0.3091 -1.6929 2.9685, 0.2795 -1.5655 2.9685, 0.2795 -1.389 2.9685, 0.122 -1.5655 2.9685, 0.0925 -1.6929 2.9685, 0.122 -1.389 2.9685, 0.0925 1.9882 2.9685, 0.3091 1.9882 2.9685, 0.2708 1.9486 1.4345, 0.2753 1.9426 1.4373, 0.3091 2.0276 1.3976, 0.2755 1.9419 1.4376, 0.2784 1.9347 1.4409, 0.2795 1.9264 1.4448, 0.2785 1.9344 1.4411, 0.2571 1.9584 1.4299, 0.2628 1.9556 1.4312, 0.0925 2.0276 1.3976, 0.1224 1.9311 1.4426, 0.1233 1.9343 1.4411, 0.1247 1.9393 1.4388, 0.1262 1.9418 1.4376, 0.1292 1.9469 1.4353, 0.1308 1.9486 1.4345, 0.1353 1.9531 1.4324, 0.137 1.9542 1.4319, 0.1436 1.9583 1.4299, 0.1444 1.9585 1.4298, 0.1523 1.9611 1.4286, 0.2646 1.9542 1.4318, 0.2696 1.9502 1.4337, 0.122 1.9264 1.4448, 0.2454 1.9618 1.4283, 0.2489 1.961 1.4287, 0.2544 1.9597 1.4293, 0.1527 1.9612 1.4286, 0.1614 1.9621 1.4282, 0.2402 1.9621 1.4282, 0.7106 -1.6929 2.9685, 0.6811 -1.5655 2.9685, 0.6811 -1.389 2.9685, 0.5236 -1.5655 2.9685, 0.4941 -1.6929 2.9685, 0.5236 -1.389 2.9685, 0.4941 1.9882 2.9685, 0.7106 1.9882 2.9685, 0.6723 1.9486 1.4345, 0.6768 1.9426 1.4373, 0.7106 2.0276 1.3976, 0.6771 1.9419 1.4376, 0.68 1.9347 1.4409, 0.6811 1.9264 1.4448, 0.6801 1.9344 1.4411, 0.6587 1.9584 1.4299, 0.6644 1.9556 1.4312, 0.4941 2.0276 1.3976, 0.524 1.9311 1.4426, 0.5249 1.9343 1.4411, 0.5263 1.9393 1.4388, 0.5277 1.9418 1.4376, 0.5307 1.9469 1.4353, 0.5324 1.9486 1.4345, 0.5368 1.9531 1.4324, 0.5386 1.9542 1.4319, 0.5452 1.9583 1.4299, 0.5459 1.9585 1.4298, 0.5539 1.9611 1.4286, 0.6661 1.9542 1.4318, 0.6711 1.9502 1.4337, 0.5236 1.9264 1.4448, 0.647 1.9618 1.4283, 0.6504 1.961 1.4287, 0.656 1.9597 1.4293, 0.5542 1.9612 1.4286, 0.563 1.9621 1.4282, 0.6417 1.9621 1.4282, 1.1122 -1.6929 2.9685, 1.0827 -1.5655 2.9685, 1.0827 -1.389 2.9685, 0.9252 -1.5655 2.9685, 0.8957 -1.6929 2.9685, 0.9252 -1.389 2.9685, 0.8957 1.9882 2.9685, 1.1122 1.9882 2.9685, 1.0739 1.9486 1.4345, 1.0784 1.9426 1.4373, 1.1122 2.0276 1.3976, 1.0787 1.9419 1.4376, 1.0816 1.9347 1.4409, 1.0827 1.9264 1.4448, 1.0816 1.9344 1.4411, 1.0603 1.9584 1.4299, 1.0659 1.9556 1.4312, 0.8957 2.0276 1.3976, 0.9255 1.9311 1.4426, 0.9264 1.9343 1.4411, 0.9278 1.9393 1.4388, 0.9293 1.9418 1.4376, 0.9323 1.9469 1.4353, 0.9339 1.9486 1.4345, 0.9384 1.9531 1.4324, 0.9401 1.9542 1.4319, 0.9468 1.9583 1.4299, 0.9475 1.9585 1.4298, 0.9554 1.9611 1.4286, 1.0677 1.9542 1.4318, 1.0727 1.9502 1.4337, 0.9252 1.9264 1.4448, 1.0486 1.9618 1.4283, 1.052 1.961 1.4287, 1.0575 1.9597 1.4293, 0.9558 1.9612 1.4286, 0.9646 1.9621 1.4282, 1.0433 1.9621 1.4282, 1.5138 -1.6929 2.9685, 1.4843 -1.5655 2.9685, 1.4843 -1.389 2.9685, 1.3268 -1.5655 2.9685, 1.2972 -1.6929 2.9685, 1.3268 -1.389 2.9685, 1.2972 1.9882 2.9685, 1.5138 1.9882 2.9685, 1.4755 1.9486 1.4345, 1.48 1.9426 1.4373, 1.5138 2.0276 1.3976, 1.4803 1.9419 1.4376, 1.4832 1.9347 1.4409, 1.4843 1.9264 1.4448, 1.4832 1.9344 1.4411, 1.4618 1.9584 1.4299, 1.4675 1.9556 1.4312, 1.2972 2.0276 1.3976, 1.3271 1.9311 1.4426, 1.328 1.9343 1.4411, 1.3294 1.9393 1.4388, 1.3309 1.9418 1.4376, 1.3339 1.9469 1.4353, 1.3355 1.9486 1.4345, 1.34 1.9531 1.4324, 1.3417 1.9542 1.4319, 1.3483 1.9583 1.4299, 1.3491 1.9585 1.4298, 1.357 1.9611 1.4286, 1.4693 1.9542 1.4318, 1.4743 1.9502 1.4337, 1.3268 1.9264 1.4448, 1.4501 1.9618 1.4283, 1.4536 1.961 1.4287, 1.4591 1.9597 1.4293, 1.3574 1.9612 1.4286, 1.3661 1.9621 1.4282, 1.4449 1.9621 1.4282, 1.4449 1.9621 1.4282
            ]
        }
        coordIndex [
            0,1,2,-1,2,1,3,-1,4,5,6,-1,7,8,9,-1,9,8,10,-1,11,12,13,-1,13,12,14,-1,15,12,16,-1,16,12,11,-1,16,11,17,-1,17,11,18,-1,13,19,20,-1,21,22,10,-1,10,22,23,-1,10,23,9,-1,24,25,26,-1,26,25,4,-1,4,6,26,-1,26,6,27,-1,26,27,28,-1,13,20,11,-1,11,20,27,-1,11,27,29,-1,29,27,6,-1,29,6,30,-1,31,32,33,-1,34,33,35,-1,35,33,32,-1,35,32,36,-1,36,32,37,-1,38,39,29,-1,40,41,38,-1,40,38,42,-1,42,38,29,-1,42,29,33,-1,33,29,30,-1,33,30,31,-1,43,38,44,-1,44,38,41,-1,44,41,45,-1,45,41,46,-1,47,48,49,-1,50,49,51,-1,51,49,48,-1,51,48,52,-1,52,48,53,-1,54,55,56,-1,54,56,57,-1,57,56,29,-1,57,29,49,-1,49,29,39,-1,49,39,47,-1,58,56,59,-1,59,56,55,-1,59,55,60,-1,60,55,61,-1,62,63,64,-1,64,63,65,-1,66,67,68,-1,68,67,29,-1,68,29,10,-1,69,64,70,-1,70,64,65,-1,70,65,71,-1,71,65,72,-1,56,62,29,-1,29,62,64,-1,29,64,10,-1,10,64,73,-1,10,73,21,-1,21,73,74,-1,21,74,75,-1,76,21,77,-1,77,21,75,-1,77,75,78,-1,78,75,79,-1,80,81,82,-1,81,80,83,-1,83,80,84,-1,83,84,85,-1,85,84,86,-1,85,86,82,-1,82,86,87,-1,82,87,80,-1,88,89,90,-1,90,89,91,-1,90,91,92,-1,76,77,93,-1,93,77,90,-1,93,90,94,-1,94,90,92,-1,95,96,90,-1,97,98,99,-1,99,100,97,-1,97,100,101,-1,97,101,102,-1,102,103,97,-1,97,103,104,-1,97,104,105,-1,105,106,97,-1,97,106,107,-1,97,107,108,-1,96,109,90,-1,90,109,110,-1,90,110,88,-1,98,97,111,-1,111,97,9,-1,111,9,23,-1,112,113,90,-1,90,113,114,-1,90,114,95,-1,108,115,97,-1,97,115,116,-1,97,116,90,-1,90,116,117,-1,90,117,112,-1,118,119,120,-1,119,118,121,-1,121,118,122,-1,121,122,123,-1,123,122,124,-1,123,124,120,-1,120,124,125,-1,120,125,118,-1,126,127,128,-1,128,127,129,-1,128,129,130,-1,69,70,131,-1,131,70,128,-1,131,128,132,-1,132,128,130,-1,133,134,128,-1,135,136,137,-1,137,138,135,-1,135,138,139,-1,135,139,140,-1,140,141,135,-1,135,141,142,-1,135,142,143,-1,143,144,135,-1,135,144,145,-1,135,145,146,-1,134,147,128,-1,128,147,148,-1,128,148,126,-1,136,135,149,-1,149,135,75,-1,149,75,74,-1,150,151,128,-1,128,151,152,-1,128,152,133,-1,146,153,135,-1,135,153,154,-1,135,154,128,-1,128,154,155,-1,128,155,150,-1,156,157,158,-1,157,156,159,-1,159,156,160,-1,159,160,161,-1,161,160,162,-1,161,162,158,-1,158,162,163,-1,158,163,156,-1,164,165,166,-1,166,165,167,-1,166,167,168,-1,58,59,169,-1,169,59,166,-1,169,166,170,-1,170,166,168,-1,171,172,166,-1,173,174,175,-1,175,176,173,-1,173,176,177,-1,173,177,178,-1,178,179,173,-1,173,179,180,-1,173,180,181,-1,181,182,173,-1,173,182,183,-1,173,183,184,-1,172,185,166,-1,166,185,186,-1,166,186,164,-1,174,173,187,-1,187,173,65,-1,187,65,63,-1,188,189,166,-1,166,189,190,-1,166,190,171,-1,184,191,173,-1,173,191,192,-1,173,192,166,-1,166,192,193,-1,166,193,188,-1,194,195,196,-1,195,194,197,-1,197,194,198,-1,197,198,199,-1,199,198,200,-1,199,200,196,-1,196,200,201,-1,196,201,194,-1,202,203,204,-1,204,203,205,-1,204,205,206,-1,50,51,207,-1,207,51,204,-1,207,204,208,-1,208,204,206,-1,209,210,204,-1,211,212,213,-1,213,214,211,-1,211,214,215,-1,211,215,216,-1,216,217,211,-1,211,217,218,-1,211,218,219,-1,219,220,211,-1,211,220,221,-1,211,221,222,-1,210,223,204,-1,204,223,224,-1,204,224,202,-1,212,211,225,-1,225,211,55,-1,225,55,54,-1,226,227,204,-1,204,227,228,-1,204,228,209,-1,222,229,211,-1,211,229,230,-1,211,230,204,-1,204,230,231,-1,204,231,226,-1,232,233,234,-1,233,232,235,-1,235,232,236,-1,235,236,237,-1,237,236,238,-1,237,238,234,-1,234,238,239,-1,234,239,232,-1,240,241,242,-1,242,241,243,-1,242,243,244,-1,43,44,245,-1,245,44,242,-1,245,242,246,-1,246,242,244,-1,247,248,242,-1,249,250,251,-1,251,252,249,-1,249,252,253,-1,249,253,254,-1,254,255,249,-1,249,255,256,-1,249,256,257,-1,257,258,249,-1,249,258,259,-1,249,259,260,-1,248,261,242,-1,242,261,262,-1,242,262,240,-1,250,249,263,-1,263,249,48,-1,263,48,47,-1,264,265,242,-1,242,265,266,-1,242,266,247,-1,260,267,249,-1,249,267,268,-1,249,268,242,-1,242,268,269,-1,242,269,264,-1,270,271,272,-1,271,270,273,-1,273,270,274,-1,273,274,275,-1,275,274,276,-1,275,276,272,-1,272,276,277,-1,272,277,270,-1,278,279,280,-1,280,279,281,-1,280,281,282,-1,34,35,283,-1,283,35,280,-1,283,280,284,-1,284,280,282,-1,285,286,280,-1,287,288,289,-1,289,290,287,-1,287,290,291,-1,287,291,292,-1,292,293,287,-1,287,293,294,-1,287,294,295,-1,295,296,287,-1,287,296,297,-1,287,297,298,-1,286,299,280,-1,280,299,300,-1,280,300,278,-1,288,287,301,-1,301,287,41,-1,301,41,40,-1,302,303,280,-1,280,303,304,-1,280,304,285,-1,298,305,287,-1,287,305,306,-1,287,306,280,-1,280,306,307,-1,280,307,302,-1,308,309,310,-1,309,308,311,-1,311,308,312,-1,311,312,313,-1,313,312,314,-1,313,314,310,-1,310,314,315,-1,310,315,308,-1,316,317,318,-1,318,317,319,-1,318,319,320,-1,5,4,321,-1,321,4,318,-1,321,318,322,-1,322,318,320,-1,323,324,318,-1,325,326,327,-1,327,328,325,-1,325,328,329,-1,325,329,330,-1,330,331,325,-1,325,331,332,-1,325,332,333,-1,333,334,325,-1,325,334,335,-1,325,335,336,-1,324,337,318,-1,318,337,338,-1,318,338,316,-1,326,325,339,-1,339,325,32,-1,339,32,31,-1,340,341,318,-1,318,341,342,-1,318,342,323,-1,336,343,325,-1,325,343,344,-1,325,344,318,-1,318,344,345,-1,318,345,340,-1,346,347,348,-1,347,346,349,-1,349,346,350,-1,349,350,351,-1,351,350,352,-1,351,352,348,-1,348,352,353,-1,348,353,346,-1,354,355,356,-1,356,355,357,-1,356,357,358,-1,19,13,359,-1,359,13,356,-1,359,356,360,-1,360,356,358,-1,361,362,356,-1,363,364,365,-1,365,366,363,-1,363,366,367,-1,363,367,368,-1,368,369,363,-1,363,369,370,-1,363,370,371,-1,371,372,363,-1,363,372,373,-1,363,373,374,-1,362,375,356,-1,356,375,376,-1,356,376,354,-1,364,363,377,-1,377,363,26,-1,377,26,28,-1,378,379,356,-1,356,379,380,-1,356,380,361,-1,374,381,363,-1,363,381,382,-1,363,382,356,-1,356,382,383,-1,356,383,378,-1,
        ]
    }
}
Shape{
    appearance Appearance {
        material  Material 	{
            diffuseColor 0.8509803921568627 0.8509803921568627 0.8509803921568627
            specularColor 0.4235294117647059 0.4235294117647059 0.4235294117647059
            ambientIntensity 0.2
            transparency 0
            shininess 0.5
        }
    }
    geometry IndexedFaceSet {
        ccw TRUE
        solid FALSE
        coord DEF co Coordinate {
            point [
                -2.6007 1.203 3.3268, -2.5984 1.2205 3.3268, -2.5984 -1.9094 3.3268, -2.6161 1.1718 3.3268, -2.609 1.1811 3.3268, -2.6067 1.1865 3.3268, -2.6011 1.2001 3.3268, -2.6432 1.15 3.3268, -2.6378 1.1523 3.3268, -2.6285 1.1594 3.3268, -2.6215 1.1648 3.3268, 2.6161 1.1718 3.3268, 2.6215 1.1648 3.3268, 2.5984 -1.9094 3.3268, 2.6285 1.1594 3.3268, 2.6378 1.1523 3.3268, 2.6432 1.15 3.3268, 2.6568 1.1444 3.3268, -2.6601 -2.0118 3.3268, -2.6684 -2.0089 3.3268, -2.6568 1.1444 3.3268, 2.6011 1.2001 3.3268, 2.6007 1.203 3.3268, 2.5984 1.2205 3.3268, 2.6067 1.1865 3.3268, 2.609 1.1811 3.3268, -2.6772 -2.0079 3.3268, -2.6772 1.1417 3.3268, -2.6597 1.144 3.3268, 2.6601 -2.0118 3.3268, 2.6526 -2.0165 3.3268, 2.5906 -1.9436 3.3268, 2.5965 -1.927 3.3268, 2.6684 -2.0089 3.3268, 2.6772 -2.0079 3.3268, 2.6597 1.144 3.3268, 2.6772 1.1417 3.3268, 2.6417 -2.0302 3.3268, 2.5538 -1.9804 3.3268, 2.6464 -2.0227 3.3268, 2.5688 -1.971 3.3268, 2.5812 -1.9585 3.3268, 2.5197 -1.9882 3.3268, -2.6378 -2.0472 3.3268, -2.5197 -1.9882 3.3268, -2.6388 -2.0385 3.3268, -2.5372 -1.9862 3.3268, -2.6417 -2.0302 3.3268, -2.5538 -1.9804 3.3268, 2.6378 -2.0866 3.3268, -2.6378 -2.0866 3.3268, 2.6378 -2.0472 3.3268, 2.6388 -2.0385 3.3268, 2.5372 -1.9862 3.3268, -2.5688 -1.971 3.3268, -2.6464 -2.0227 3.3268, -2.5812 -1.9585 3.3268, -2.6526 -2.0165 3.3268, -2.5906 -1.9436 3.3268, -2.5965 -1.927 3.3268, -1.9597 2.7906 3.3268, -1.957 2.7871 3.3268, -2.0079 2.7362 3.3268, 1.9535 2.7844 3.3268, 1.957 2.7871 3.3268, 2.0079 2.7362 3.3268, 1.9685 2.8543 3.3268, 2.5984 2.8543 3.3268, 1.9685 2.815 3.3268, 2.5984 2.7362 3.3268, 1.9674 2.8062 3.3268, 1.9672 2.8048 3.3268, -2.5984 2.8543 3.3268, -1.9685 2.8543 3.3268, -2.5984 2.7362 3.3268, -1.9685 2.815 3.3268, -1.9674 2.8062 3.3268, -1.9672 2.8048 3.3268, -1.9644 2.798 3.3268, -1.9632 2.7953 3.3268, 1.9597 2.7906 3.3268, 1.9632 2.7953 3.3268, 1.9644 2.798 3.3268, -1.9535 2.7844 3.3268, -1.9488 2.7809 3.3268, -2.0079 2.0276 3.3268, -1.9461 2.7797 3.3268, -1.9393 2.7769 3.3268, 1.9379 2.7767 3.3268, 1.9393 2.7769 3.3268, 2.0079 2.0276 3.3268, 1.9461 2.7797 3.3268, 1.9488 2.7809 3.3268, -1.9379 2.7767 3.3268, -1.9291 2.7756 3.3268, 1.9291 2.7756 3.3268, 2.815 2.8178 3.0852, 2.7362 2.8178 3.0852, 2.815 1.8964 2.2626, 2.7362 1.8964 2.2626, 2.7362 1.8701 2.2038, 2.815 1.8701 2.2038, 2.815 1.8718 2.2203, 2.7362 1.8718 2.2203, 2.815 1.877 2.236, 2.7362 1.877 2.236, 2.815 1.8853 2.2503, 2.7362 1.8853 2.2503, 2.7362 1.8701 0.6249, 2.815 1.8701 0.6249, 2.815 2.0669 1.9291, 2.815 2.0669 1.2992, 2.7362 2.0669 1.9291, 2.7362 2.0669 1.2992, 2.7362 2.1457 2.0079, 2.815 2.1457 2.0079, 2.7362 2.1282 2.0056, 2.815 2.1282 2.0056, 2.7362 2.1253 2.0052, 2.815 2.1253 2.0052, 2.7362 2.1117 1.9996, 2.815 2.1117 1.9996, 2.7362 2.1063 1.9973, 2.815 2.1063 1.9973, 2.7362 2.097 1.9902, 2.815 2.097 1.9902, 2.7362 2.09 1.9848, 2.815 2.09 1.9848, 2.7362 2.0846 1.9778, 2.815 2.0846 1.9778, 2.7362 2.0775 1.9685, 2.815 2.0775 1.9685, 2.7362 2.0752 1.9631, 2.815 2.0752 1.9631, 2.7362 2.0696 1.9495, 2.815 2.0696 1.9495, 2.7362 2.0692 1.9466, 2.815 2.0692 1.9466, 2.815 2.6378 2.0079, 2.7362 2.6378 2.0079, 2.7362 2.7146 1.9467, 2.7362 2.7165 1.9291, 2.815 2.7165 1.9291, 2.815 2.7142 1.9466, 2.815 2.7139 1.9495, 2.7362 2.7087 1.9633, 2.815 2.7082 1.9631, 2.815 2.706 1.9685, 2.7362 2.6994 1.9782, 2.815 2.6988 1.9778, 2.815 2.6935 1.9848, 2.7362 2.6869 1.9907, 2.815 2.6865 1.9902, 2.7362 2.672 2.0001, 2.815 2.6772 1.9973, 2.815 2.6717 1.9996, 2.7362 2.6553 2.0059, 2.815 2.6582 2.0052, 2.815 2.6553 2.0056, 2.7362 2.7165 1.2992, 2.815 2.7165 1.2992, 2.7362 2.6378 1.2205, 2.815 2.6378 1.2205, 2.7362 2.6553 1.2224, 2.815 2.6553 1.2224, 2.7362 2.672 1.2283, 2.815 2.672 1.2283, 2.7362 2.6869 1.2377, 2.815 2.6869 1.2377, 2.7362 2.6994 1.2501, 2.815 2.6994 1.2501, 2.7362 2.7087 1.265, 2.815 2.7087 1.265, 2.7362 2.7146 1.2817, 2.815 2.7146 1.2817, 2.815 2.1457 1.2205, 2.7362 2.1457 1.2205, 2.815 2.0689 1.2817, 2.815 2.0747 1.265, 2.7362 2.0752 1.2653, 2.7362 2.0692 1.2817, 2.7362 2.0696 1.2788, 2.815 2.0966 1.2377, 2.7362 2.09 1.2435, 2.815 2.0841 1.2501, 2.7362 2.0846 1.2505, 2.7362 2.0775 1.2598, 2.815 2.1115 1.2283, 2.7362 2.1063 1.231, 2.7362 2.097 1.2382, 2.815 2.1281 1.2224, 2.7362 2.1253 1.2232, 2.7362 2.1117 1.2288, 2.7362 2.1282 1.2228, 2.815 1.8721 0.6074, 2.7362 1.8721 0.6074, 2.815 1.873 0.6046, 2.7362 1.873 0.6046, 2.815 1.8779 0.5907, 2.7362 1.8779 0.5907, 2.815 1.881 0.5858, 2.7362 1.881 0.5858, 2.815 1.8873 0.5758, 2.7362 1.8873 0.5758, 2.815 1.8935 0.5696, 2.7362 1.8935 0.5696, 2.815 1.8997 0.5634, 2.7362 1.8997 0.5634, 2.815 1.9097 0.5571, 2.7362 1.9097 0.5571, 2.815 1.9147 0.554, 2.7362 1.9147 0.554, 2.815 1.9285 0.5491, 2.7362 1.9285 0.5491, 2.815 1.9313 0.5481, 2.7362 1.9313 0.5481, 2.815 1.9488 0.5462, 2.7362 1.9488 0.5462, 2.815 2.8543 3.1036, 2.815 2.8543 0.5462, 2.815 2.8513 3.1027, 2.815 2.8411 3.0997, 2.815 2.8288 3.0935, 2.815 2.8336 3.0959, 2.7362 2.8513 3.1029, 2.7362 2.8543 3.1036, 2.8147 2.8622 3.1048, 2.7352 2.8631 3.1049, 2.8139 2.8702 3.1052, 2.7329 2.8702 3.1052, 2.7362 2.8334 3.0961, 2.7362 2.8543 0.5462, -2.7352 2.8631 3.1049, -2.7329 2.8702 3.1052, -2.8139 2.8702 3.1052, -2.7362 2.8543 3.1036, -2.8147 2.8622 3.1048, -2.815 2.8543 3.1036, -2.7362 2.8513 3.1029, -2.815 2.8513 3.1027, -2.7362 2.8334 3.0961, -2.815 2.8411 3.0997, -2.815 2.8178 3.0852, -2.7362 2.8178 3.0852, -2.815 2.8288 3.0935, -2.815 2.8336 3.0959, -2.815 2.0846 1.2505, -2.815 2.09 1.2435, -2.815 1.8701 0.6249, -2.815 2.097 1.2382, -2.815 2.7056 1.2601, -2.815 2.7087 1.265, -2.815 2.8543 0.5462, -2.815 2.7136 1.2789, -2.815 2.7146 1.2817, -2.815 1.9488 0.5462, -2.815 1.9313 0.5481, -2.815 2.1253 1.2232, -2.815 1.9285 0.5491, -2.815 1.9147 0.554, -2.815 2.6769 1.2314, -2.815 2.6869 1.2377, -2.815 2.0696 1.2788, -2.815 2.0752 1.2653, -2.815 2.0775 1.2598, -2.815 1.9097 0.5571, -2.815 1.8997 0.5634, -2.815 1.8935 0.5696, -2.815 2.6931 1.2439, -2.815 2.6994 1.2501, -2.815 2.7165 1.2992, -2.815 2.7165 1.9291, -2.815 2.7146 1.9467, -2.815 2.7136 1.9494, -2.815 2.7087 1.9633, -2.815 2.7056 1.9683, -2.815 2.6994 1.9782, -2.815 2.0775 1.9685, -2.815 1.8701 2.2038, -2.815 2.0846 1.9778, -2.815 2.09 1.9848, -2.815 1.8873 0.5758, -2.815 1.881 0.5858, -2.815 1.8779 0.5907, -2.815 2.6553 1.2224, -2.815 2.6581 1.2234, -2.815 2.672 1.2283, -2.815 2.6931 1.9845, -2.815 2.6869 1.9907, -2.815 2.6769 1.997, -2.815 2.0752 1.9631, -2.815 2.0696 1.9495, -2.815 2.0692 1.9466, -2.815 2.672 2.0001, -2.815 2.6581 2.0049, -2.815 2.6553 2.0059, -2.815 1.8964 2.2626, -2.815 2.1253 2.0052, -2.815 2.1117 1.9996, -2.815 2.1063 1.9973, -2.815 2.097 1.9902, -2.815 1.8853 2.2503, -2.815 1.877 2.236, -2.815 2.0669 1.9291, -2.815 2.0669 1.2992, -2.815 2.0692 1.2817, -2.815 2.1063 1.231, -2.815 2.1117 1.2288, -2.815 1.8721 0.6074, -2.815 1.873 0.6046, -2.815 2.1282 1.2228, -2.815 2.1457 1.2205, -2.815 2.6378 1.2205, -2.815 2.6378 2.0079, -2.815 2.1457 2.0079, -2.815 2.1282 2.0056, -2.815 1.8718 2.2203, -2.7362 1.8701 0.6249, -2.7362 1.8721 0.6074, -2.7362 1.873 0.6046, -2.7362 1.8779 0.5907, -2.7362 1.881 0.5858, -2.7362 1.8873 0.5758, -2.7362 1.8935 0.5696, -2.7362 1.8997 0.5634, -2.7362 1.9097 0.5571, -2.7362 1.9147 0.554, -2.7362 1.9285 0.5491, -2.7362 1.9313 0.5481, -2.7362 1.9488 0.5462, -2.7362 2.6931 1.2439, -2.7362 2.6869 1.2377, -2.7362 2.8543 0.5462, -2.7362 2.6582 2.0052, -2.7362 2.6772 1.9973, -2.7362 2.6935 1.9848, -2.7362 2.706 1.9685, -2.7362 2.6769 1.2314, -2.7362 2.672 1.2283, -2.7362 2.6581 1.2234, -2.7362 2.1117 1.9996, -2.7362 2.1253 2.0052, -2.7362 1.8964 2.2626, -2.7362 2.1282 2.0056, -2.7362 1.8853 2.2503, -2.7362 2.097 1.9902, -2.7362 2.1063 1.9973, -2.7362 2.0692 1.9466, -2.7362 2.0696 1.9495, -2.7362 1.8701 2.2038, -2.7362 2.0752 1.9631, -2.7362 2.0775 1.9685, -2.7362 2.1457 2.0079, -2.7362 2.6378 2.0079, -2.7362 2.7139 1.9495, -2.7362 2.7165 1.9291, -2.7362 2.7165 1.2992, -2.7362 2.7146 1.2817, -2.7362 2.7136 1.2789, -2.7362 2.7087 1.265, -2.7362 2.7056 1.2601, -2.7362 2.6994 1.2501, -2.7362 2.6553 1.2224, -2.7362 2.6378 1.2205, -2.7362 2.0841 1.2501, -2.7362 2.0747 1.265, -2.7362 2.0846 1.9778, -2.7362 2.09 1.9848, -2.7362 1.8718 2.2203, -2.7362 1.877 2.236, -2.7362 2.1281 1.2224, -2.7362 2.1115 1.2283, -2.7362 2.0966 1.2377, -2.7362 2.1457 1.2205, -2.7362 2.0689 1.2817, -2.7362 2.0669 1.2992, -2.7362 2.0669 1.9291, 2.36 -2.126 -0.1358, 2.3767 -2.126 -0.13, 2.7165 -2.126 -1.0433, 2.3916 -2.126 -0.1206, 2.4041 -2.126 -0.1081, 2.4135 -2.126 -0.0932, 1.4567 -2.126 -0.1378, 2.3425 -2.126 -0.1378, 1.378 -2.126 -0.2165, 1.378 -2.126 -0.9646, 2.4213 -2.126 3.0033, 2.4606 -2.126 3.0715, 2.68 -2.126 3.1981, 2.423 -2.126 3.0196, 2.4281 -2.126 3.0353, 2.4193 -2.126 -0.0766, 2.4213 -2.126 -0.0591, 2.7165 -2.126 3.2086, 2.699 -2.126 3.206, 2.4363 -2.126 3.0496, 2.4473 -2.126 3.0618, 1.3799 -2.126 -0.199, 1.3858 -2.126 -0.1824, 1.3951 -2.126 -0.1674, 1.4076 -2.126 -0.155, 1.4225 -2.126 -0.1456, 1.4392 -2.126 -0.1398, 1.3951 -2.126 -1.0137, 1.4392 -2.126 -1.0413, 1.4076 -2.126 -1.0261, 1.4225 -2.126 -1.0355, 1.3858 -2.126 -0.9987, 1.3799 -2.126 -0.9821, 1.4567 -2.126 -1.0433, 1.4567 -2.2047 -1.0433, 1.4392 -2.2047 -1.0413, 1.4225 -2.2047 -1.0355, 1.4076 -2.2047 -1.0261, 1.3951 -2.2047 -1.0137, 1.3858 -2.2047 -0.9987, 1.3799 -2.2047 -0.9821, 1.378 -2.2047 -0.9646, 1.378 -2.2047 -0.2165, 1.3803 -2.2047 -0.1991, 1.3806 -2.2047 -0.1962, 1.3863 -2.2047 -0.1826, 1.3885 -2.2047 -0.1772, 1.3957 -2.2047 -0.1678, 1.401 -2.2047 -0.1609, 1.408 -2.2047 -0.1555, 1.4173 -2.2047 -0.1483, 1.4227 -2.2047 -0.1461, 1.4363 -2.2047 -0.1405, 1.4392 -2.2047 -0.1401, 1.4567 -2.2047 -0.1378, 2.3425 -2.2047 -0.1378, 2.36 -2.2047 -0.1358, 2.3767 -2.2047 -0.13, 2.3916 -2.2047 -0.1206, 2.4041 -2.2047 -0.1081, 2.4135 -2.2047 -0.0932, 2.4193 -2.2047 -0.0766, 2.4213 -2.2047 -0.0591, 2.4213 -2.2047 3.0033, 2.423 -2.2047 3.0196, 2.4281 -2.2047 3.0353, 2.4363 -2.2047 3.0496, 2.4473 -2.2047 3.0618, 2.4606 -2.2047 3.0715, 2.68 -2.2047 3.1981, 2.7165 -2.2047 -1.0433, 2.7165 -2.2047 3.2086, 2.699 -2.2047 3.2058, 2.6976 -2.2047 3.2056, 2.7174 2.5944 1.9094, 2.817 2.126 1.9094, 2.7174 2.5944 1.3189, 2.817 2.126 1.3189, 2.7165 2.6026 1.9094, 2.7165 2.6026 1.3189, 2.7399 2.1096 1.9094, 2.7165 2.2197 1.9094, 2.7399 2.1096 1.3189, 2.7165 2.2197 1.3189, 2.6306 -2.126 3.2874, -2.6306 -2.126 3.2874, 2.6342 -2.1255 3.2937, -2.6329 -2.1258 3.2911, 2.6344 -2.1254 3.2941, -2.6342 -2.1253 3.2942, 2.6351 -2.1249 3.2961, 2.6373 -2.122 3.3044, 2.6368 -2.123 3.302, -2.6368 -2.1231 3.302, 2.6365 -2.1239 3.2999, -2.6357 -2.1246 3.2976, -2.6351 -2.1249 3.2961, -2.6373 -2.1224 3.3038, -2.6373 -2.122 3.3045, 2.6376 -2.1211 3.3064, -2.6378 -2.1188 3.3101, 2.6378 -2.1188 3.3101, -2.6378 -2.1172 3.3118, -2.6378 -2.0954 3.3257, 2.6378 -2.0954 3.3257, -2.6378 -2.0959 3.3257, 2.6378 -2.0959 3.3257, -2.6378 -2.1037 3.3228, 2.6378 -2.1037 3.3228, -2.6378 -2.1047 3.3224, 2.6378 -2.1047 3.3224, -2.6378 -2.1111 3.318, 2.6378 -2.1111 3.318, -2.6378 -2.1125 3.3171, 2.6378 -2.1125 3.3171, 2.6378 -2.1172 3.3118, 2.6378 -2.2025 3.3101, 2.6303 -2.126 3.287, 2.6306 -2.2047 3.2874, 2.6344 -2.2045 3.2941, 2.6342 -2.1255 3.2937, 2.6369 -2.2038 3.3019, 2.6365 -2.1239 3.2999, 2.6303 -2.2047 3.287, 2.6248 -2.2047 3.2809, 2.6248 -2.126 3.2809, 2.6181 -2.2047 3.276, 2.6181 -2.126 3.276, -2.6369 -2.2038 3.3019, -2.6373 -2.1224 3.3038, -2.6378 -2.2025 3.3101, -2.6357 -2.1246 3.2976, -2.6344 -2.2045 3.2941, -2.6248 -2.126 3.2809, -2.6181 -2.126 3.276, -2.6248 -2.2047 3.2809, -2.6181 -2.2047 3.276, -2.6306 -2.2047 3.2874, -2.6303 -2.2047 3.287, -2.6302 -2.126 3.287, -2.625 -2.126 3.281, 2.3934 -2.126 3.1448, 2.3872 -2.126 3.1366, -2.3832 -2.126 3.1271, -2.3872 -2.126 3.1366, -2.3934 -2.126 3.1448, -2.4016 -2.126 3.151, 2.4016 -2.126 3.151, -2.3809 -2.126 2.7668, -2.3819 -2.126 2.7756, -2.3425 -2.126 2.7362, 2.3733 -2.126 2.751, 2.3819 -2.126 3.1169, 2.378 -2.126 2.7585, 2.3819 -2.126 2.7756, 2.3809 -2.126 2.7668, -2.378 -2.126 2.7585, -2.3596 -2.126 2.7401, -2.3671 -2.126 2.7448, -2.3733 -2.126 2.751, 2.3671 -2.126 2.7448, 2.3596 -2.126 2.7401, 2.3513 -2.126 2.7372, -2.3513 -2.126 2.7372, 2.3425 -2.126 2.7362, 2.3832 -2.126 3.1271, -2.3819 -2.126 3.1169, -2.3874 -2.2047 3.1365, -2.3853 -2.2047 3.1329, 2.3832 -2.2047 3.1271, 2.3819 -2.2047 3.1169, 2.3872 -2.2047 3.1366, 2.3934 -2.2047 3.1448, 2.4016 -2.2047 3.151, -2.3949 -2.2047 3.1462, -2.3935 -2.2047 3.1447, -2.3894 -2.2047 3.1401, -2.3809 -2.2047 2.7668, -2.378 -2.2047 2.7585, -2.3819 -2.2047 2.7756, -2.3819 -2.2047 3.1169, -2.4016 -2.2047 3.151, 2.3809 -2.2047 2.7668, 2.3819 -2.2047 2.7756, 2.3425 -2.2047 2.7362, -2.3733 -2.2047 2.751, -2.3671 -2.2047 2.7448, -2.3596 -2.2047 2.7401, 2.378 -2.2047 2.7585, -2.3513 -2.2047 2.7372, -2.3425 -2.2047 2.7362, 2.3513 -2.2047 2.7372, 2.3596 -2.2047 2.7401, -2.3834 -2.2047 3.1271, -2.3828 -2.2047 3.1251, 2.3671 -2.2047 2.7448, 2.3733 -2.2047 2.751, -2.8346 -0.3937 0.1575, -2.8346 0.3937 0.1575, -2.8366 -0.3937 0.14, -2.8366 0.3937 0.14, -2.8424 -0.3937 0.1233, -2.8424 0.3937 0.1233, -2.8518 -0.3937 0.1084, -2.8518 0.3937 0.1084, -2.8643 -0.3937 0.0959, -2.8643 0.3937 0.0959, -2.8792 -0.3937 0.0865, -2.8792 0.3937 0.0865, -2.8959 -0.3937 0.0807, -2.8959 0.3937 0.0807, -2.9134 -0.3937 0.0787, -2.9134 0.3937 0.0787, -3.1637 -0.2223 0.0787, -3.1654 -0.2264 0.0787, -2.9409 -0.3937 0.0787, -3.1654 0.1673 0.0787, -3.1637 0.1714 0.0787, -3.1595 0.1816 0.0787, -2.9409 0.3937 0.0787, -2.9603 0.3961 0.0787, -2.9784 0.4032 0.0787, -3.1592 0.1837 0.0787, -3.1575 0.1969 0.0787, -3.1708 0.1603 0.0787, -3.1748 0.1551 0.0787, -3.18 0.1511 0.0787, -3.1748 -0.2386 0.0787, -2.9942 -0.4145 0.0787, -3.1708 -0.2334 0.0787, -2.9784 -0.4032 0.0787, -2.9603 -0.3961 0.0787, -3.1657 0.2262 0.0787, -3.1633 0.2225 0.0787, -3.159 -0.1837 0.0787, -3.1575 -0.1969 0.0787, -3.18 -0.2426 0.0787, -3.187 -0.248 0.0787, -3.1633 -0.5698 0.0787, -3.1911 -0.2497 0.0787, -3.1597 0.2121 0.0787, -3.159 0.21 0.0787, -3.1592 -0.21 0.0787, -3.1595 -0.2121 0.0787, -3.4456 -0.2586 0.0787, -3.4592 -0.2642 0.0787, -3.4252 -0.5906 0.0787, -3.175 -0.1554 0.0787, -3.1704 -0.16 0.0787, -3.2013 0.1398 0.0787, -3.1657 -0.1675 0.0787, -3.1633 -0.1712 0.0787, -3.2013 -0.2539 0.0787, -3.2034 -0.2542 0.0787, -3.1791 -0.5811 0.0787, -3.2165 -0.2559 0.0787, -3.1972 -0.5881 0.0787, -3.2165 -0.5906 0.0787, -3.4252 -0.2559 0.0787, -3.4427 -0.2582 0.0787, -3.1597 -0.1816 0.0787, -3.1911 0.144 0.0787, -3.187 0.1457 0.0787, -3.2034 0.1395 0.0787, -3.2165 0.1378 0.0787, -3.2034 -0.1393 0.0787, -3.4646 -0.2665 0.0787, -3.4739 -0.2736 0.0787, -3.4809 -0.279 0.0787, -3.4456 0.5879 0.0787, -3.4592 0.5822 0.0787, -3.4252 0.2559 0.0787, -3.1972 0.5881 0.0787, -3.2165 0.2559 0.0787, -3.1791 0.5811 0.0787, -3.2034 0.2544 0.0787, -3.1633 0.5698 0.0787, -3.2013 0.2537 0.0787, -3.1909 0.2501 0.0787, -3.1872 0.2477 0.0787, -2.9942 0.4145 0.0787, -3.1797 0.243 0.0787, -3.175 0.2383 0.0787, -3.1704 0.2337 0.0787, -3.2756 0.1378 0.0787, -3.2756 -0.1378 0.0787, -3.2165 -0.1378 0.0787, -3.2013 -0.14 0.0787, -3.1909 -0.1436 0.0787, -3.1872 -0.146 0.0787, -3.1797 -0.1507 0.0787, -3.4862 -0.286 0.0787, -3.4934 -0.2953 0.0787, -3.4956 -0.3007 0.0787, -3.2165 0.5906 0.0787, -3.4252 0.5906 0.0787, -3.4427 0.5882 0.0787, -3.5013 -0.3143 0.0787, -3.5016 -0.3172 0.0787, -3.5039 -0.3346 0.0787, -3.4646 0.58 0.0787, -3.4739 0.5728 0.0787, -3.4809 0.5675 0.0787, -3.5039 -0.5118 0.0787, -3.5016 -0.5293 0.0787, -3.5013 -0.5322 0.0787, -3.4956 -0.5458 0.0787, -3.4934 -0.5512 0.0787, -3.4862 -0.5605 0.0787, -3.4862 0.5605 0.0787, -3.4934 0.5512 0.0787, -3.4956 0.5458 0.0787, -3.4739 -0.5728 0.0787, -3.4646 -0.58 0.0787, -3.4592 -0.5822 0.0787, -3.5013 0.5322 0.0787, -3.5016 0.5293 0.0787, -3.5039 0.5118 0.0787, -3.4809 -0.5675 0.0787, -3.4427 -0.5882 0.0787, -3.4456 -0.5879 0.0787, -3.5039 0.3346 0.0787, -3.5016 0.3172 0.0787, -3.5013 0.3143 0.0787, -3.4956 0.3007 0.0787, -3.4934 0.2953 0.0787, -3.4862 0.286 0.0787, -3.4739 0.2736 0.0787, -3.4646 0.2665 0.0787, -3.4592 0.2642 0.0787, -3.4809 0.279 0.0787, -3.4427 0.2582 0.0787, -3.4456 0.2586 0.0787, -2.9942 -0.4145 0.0, -2.9784 -0.4032 0.0, -2.9603 -0.3961 0.0, -2.9409 -0.3937 0.0, -3.18 0.1511 0.0, -3.1748 0.1551 0.0, -2.9134 -0.3937 -0.0, -3.1637 0.1714 0.0, -3.1595 0.1816 0.0, -2.9784 0.4032 0.0, -3.187 -0.248 -0.0, -3.18 -0.2426 0.0, -3.1654 -0.2264 -0.0, -3.1708 0.1603 0.0, -3.1654 0.1673 0.0, -2.9603 0.3961 0.0, -2.9409 0.3937 0.0, -2.9134 0.3937 0.0, -3.1708 -0.2334 0.0, -3.1748 -0.2386 -0.0, -3.1911 -0.2497 0.0, -3.1633 -0.5698 -0.0, -3.2013 -0.2539 -0.0, -3.2013 -0.14 0.0, -3.2034 -0.1393 -0.0, -3.2013 0.1398 0.0, -3.1637 -0.2223 0.0, -3.1595 -0.2121 -0.0, -3.1592 -0.21 0.0, -3.4456 -0.5879 -0.0, -3.4592 -0.5822 0.0, -3.2165 -0.2559 -0.0, -3.4646 -0.58 -0.0, -3.4739 -0.5728 0.0, -3.4809 -0.5675 -0.0, -3.4862 -0.5605 0.0, -3.175 -0.1554 0.0, -3.1797 -0.1507 -0.0, -3.1657 0.2262 0.0, -3.1704 0.2337 0.0, -3.175 0.2383 0.0, -2.9942 0.4145 0.0, -3.1909 0.2501 0.0, -3.1633 0.5698 0.0, -3.1872 0.2477 0.0, -3.1797 0.243 0.0, -3.4456 0.2586 0.0, -3.4592 0.2642 0.0, -3.2165 0.5906 0.0, -3.4646 0.2665 0.0, -3.4739 0.2736 0.0, -3.2034 -0.2542 0.0, -3.1791 -0.5811 -0.0, -3.1972 -0.5881 -0.0, -3.2165 -0.5906 -0.0, -3.1872 -0.146 0.0, -3.1909 -0.1436 -0.0, -3.2756 -0.1378 -0.0, -3.2756 0.1378 0.0, -3.2165 -0.1378 -0.0, -3.2165 0.1378 0.0, -3.2034 0.1395 0.0, -3.1911 0.144 0.0, -3.187 0.1457 0.0, -3.1592 0.1837 0.0, -3.1575 0.1969 0.0, -3.159 0.21 0.0, -3.2013 0.2537 0.0, -3.2034 0.2544 0.0, -3.1791 0.5811 0.0, -3.2165 0.2559 0.0, -3.1972 0.5881 0.0, -3.4252 0.2559 0.0, -3.4427 0.2582 0.0, -3.4809 0.279 0.0, -3.4862 0.286 0.0, -3.4934 0.2953 0.0, -3.4252 -0.5906 -0.0, -3.4427 -0.5882 0.0, -3.4934 -0.5512 -0.0, -3.4956 -0.5458 0.0, -3.5013 -0.5322 -0.0, -3.1597 0.2121 0.0, -3.1633 0.2225 0.0, -3.4956 0.3007 0.0, -3.5013 0.3143 0.0, -3.5016 0.3172 0.0, -3.5016 -0.5293 0.0, -3.5039 -0.5118 -0.0, -3.5039 -0.3346 -0.0, -3.1575 -0.1969 -0.0, -3.159 -0.1837 -0.0, -3.1597 -0.1816 0.0, -3.1633 -0.1712 -0.0, -3.1657 -0.1675 0.0, -3.1704 -0.16 -0.0, -3.5039 0.3346 0.0, -3.5039 0.5118 0.0, -3.4252 0.5906 0.0, -3.4594 -0.2637 -0.0, -3.4427 -0.2579 -0.0, -3.4252 -0.2559 -0.0, -3.502 -0.3171 -0.0, -3.4961 -0.3005 -0.0, -3.4594 0.5828 0.0, -3.4961 0.546 0.0, -3.4743 0.5734 0.0, -3.4868 0.5609 0.0, -3.502 0.5293 0.0, -3.4427 0.5886 0.0, -3.4868 -0.2856 -0.0, -3.4743 -0.2731 -0.0, -3.3543 0.1378 -0.2953, -3.4331 0.1378 -0.2953, -3.3543 0.1378 -0.0787, -3.4331 0.1378 -0.0787, -3.3524 0.1378 -0.0612, -3.4291 0.1378 -0.0437, -3.3465 0.1378 -0.0446, -3.4175 0.1378 -0.0104, -3.3372 0.1378 -0.0296, -3.3987 0.1378 0.0194, -3.3247 0.1378 -0.0172, -3.3738 0.1378 0.0444, -3.3098 0.1378 -0.0078, -3.3439 0.1378 0.0631, -3.2931 0.1378 -0.002, -3.3106 0.1378 0.0748, -3.3543 -0.1378 0.0576, -3.3435 -0.1378 0.0621, -3.3105 -0.1378 0.0741, -3.3163 -0.1378 0.0734, -3.373 -0.1378 0.0433, -3.3869 -0.1378 0.0326, -3.3977 -0.1378 0.0186, -3.412 -0.1378 0.0, -3.4165 -0.1378 -0.0108, -3.4277 -0.1378 -0.038, -3.4285 -0.1378 -0.0438, -3.4331 -0.1378 -0.0787, -3.2931 -0.1378 -0.0023, -3.296 -0.1378 -0.0027, -3.3095 -0.1378 -0.0083, -3.315 -0.1378 -0.0105, -3.3243 -0.1378 -0.0177, -3.3313 -0.1378 -0.0231, -3.3366 -0.1378 -0.03, -3.3438 -0.1378 -0.0394, -3.346 -0.1378 -0.0448, -3.3516 -0.1378 -0.0584, -3.352 -0.1378 -0.0613, -3.3543 -0.1378 -0.0787, -3.3543 -0.1378 -0.2953, -3.4331 -0.1378 -0.2953, -3.3543 0.1363 -0.3084, -3.3543 0.0787 -0.3543, -3.3543 -0.0787 -0.3543, -3.3543 -0.1363 -0.3084, -3.3543 0.1156 -0.3414, -3.3543 0.1044 -0.3485, -3.3543 0.0919 -0.3528, -3.3543 -0.0919 -0.3528, -3.3543 -0.1044 -0.3485, -3.3543 -0.1156 -0.3414, -3.3543 0.1249 -0.3321, -3.3543 0.1319 -0.3209, -3.3543 -0.1319 -0.3209, -3.3543 -0.1249 -0.3321, -3.4331 0.0787 -0.3543, -3.4331 0.0919 -0.3528, -3.4331 0.1044 -0.3485, -3.4331 0.1156 -0.3414, -3.4331 0.1249 -0.3321, -3.4331 0.1319 -0.3209, -3.4331 0.1363 -0.3084, -3.4331 -0.0918 -0.3526, -3.4331 -0.0787 -0.3543, -3.4331 -0.094 -0.3523, -3.4331 -0.1042 -0.3481, -3.4331 -0.1083 -0.3464, -3.4331 -0.1153 -0.3411, -3.4331 -0.1205 -0.337, -3.4331 -0.1245 -0.3318, -3.4331 -0.1316 -0.3207, -3.4331 -0.1358 -0.3106, -3.4331 -0.1361 -0.3084, -3.4331 -0.1299 -0.3248, -2.7559 -1.378 1.5354, -2.8346 -1.378 1.5354, -2.7559 -0.7874 1.5354, -2.8346 -0.7874 1.5354, -2.8346 -1.3954 1.5331, -2.7559 -1.3954 1.5331, -2.8346 -1.3983 1.5327, -2.7559 -1.3983 1.5327, -2.8346 -1.4119 1.5271, -2.7559 -1.4119 1.5271, -2.8346 -1.4173 1.5249, -2.7559 -1.4173 1.5249, -2.8346 -1.4266 1.5177, -2.7559 -1.4266 1.5177, -2.8346 -1.4336 1.5124, -2.7559 -1.4336 1.5124, -2.8346 -1.439 1.5054, -2.7559 -1.439 1.5054, -2.8346 -1.4461 1.4961, -2.7559 -1.4461 1.4961, -2.8346 -1.4484 1.4906, -2.7559 -1.4484 1.4906, -2.8346 -1.454 1.4771, -2.7559 -1.454 1.4771, -2.8346 -1.4544 1.4742, -2.7559 -1.4544 1.4742, -2.8346 -1.4567 1.4567, -2.7559 -1.4567 1.4567, -2.7559 -1.4567 -0.9646, -2.8346 -1.4567 -0.9646, -2.7559 -2.0472 3.2087, -2.8346 -2.0472 3.2087, -2.7559 -2.0866 3.2087, -2.8346 -2.0866 3.2087, -2.7548 -2.0954 3.2087, -2.8312 -2.1128 3.2087, -2.7547 -2.0963 3.2087, -2.8307 -2.1167 3.2087, -2.7518 -2.1036 3.2087, -2.8223 -2.1376 3.2087, -2.7511 -2.1055 3.2087, -2.8193 -2.1449 3.2087, -2.7471 -2.111 3.2087, -2.8081 -2.1597 3.2087, -2.7454 -2.1134 3.2087, -2.801 -2.1691 3.2087, -2.7409 -2.1172 3.2087, -2.7896 -2.1782 3.2087, -2.7378 -2.1197 3.2087, -2.7772 -2.1879 3.2087, -2.7335 -2.1218 3.2087, -2.7674 -2.1922 3.2087, -2.729 -2.124 3.2087, -2.7494 -2.2001 3.2087, -2.7252 -2.1247 3.2087, -2.7427 -2.2011 3.2087, -2.7194 -2.1259 3.2087, -2.7194 -2.2047 3.2087, -2.8346 -2.0385 3.2096, -2.7559 -2.0385 3.2096, -2.8346 -2.0371 3.2101, -2.7559 -2.0371 3.2101, -2.8346 -2.0302 3.2126, -2.7559 -2.0302 3.2126, -2.8346 -2.0277 3.2141, -2.7559 -2.0277 3.2141, -2.8346 -2.0227 3.2173, -2.7559 -2.0227 3.2173, -2.8346 -2.0196 3.2204, -2.7559 -2.0196 3.2204, -2.8346 -2.0165 3.2235, -2.7559 -2.0165 3.2235, -2.8346 -2.0133 3.2285, -2.7559 -2.0133 3.2285, -2.8346 -2.0118 3.2309, -2.7559 -2.0118 3.2309, -2.8346 -2.0093 3.2379, -2.7559 -2.0093 3.2379, -2.8346 -2.0089 3.2393, -2.7559 -2.0089 3.2393, -2.8346 -2.0079 3.248, -2.7559 -2.0079 3.248, -2.7165 -2.126 3.2086, -2.7165 -2.126 -1.0433, -2.7179 -2.126 3.2086, -2.7253 -2.1248 -1.0433, -2.7267 -2.1246 -1.0433, -2.7335 -2.1218 -1.0433, -2.7362 -2.1207 -1.0433, -2.7409 -2.1171 -1.0433, -2.7444 -2.1145 -1.0433, -2.7471 -2.111 -1.0433, -2.7506 -2.1063 -1.0433, -2.7518 -2.1036 -1.0433, -2.7546 -2.0968 -1.0433, -2.7548 -2.0954 -1.0433, -2.7559 -2.0866 -1.0433, -2.7559 -1.5354 -1.0433, -2.8346 -1.5354 -1.0433, -2.8346 -1.5179 -1.0413, -2.7559 -1.5179 -1.0413, -2.8346 -1.5013 -1.0355, -2.7559 -1.5013 -1.0355, -2.8346 -1.4863 -1.0261, -2.7559 -1.4863 -1.0261, -2.8346 -1.4739 -1.0137, -2.7559 -1.4739 -1.0137, -2.8346 -1.4645 -0.9987, -2.7559 -1.4645 -0.9987, -2.8346 -1.4587 -0.9821, -2.7559 -1.4587 -0.9821, -2.8346 -2.0866 -1.0433, -2.8312 -2.1128 -1.0433, -2.7165 -2.2047 3.2086, -2.7179 -2.2047 3.2086, -2.7165 -2.2047 -1.0433, -2.7428 -2.2013 -1.0433, -2.7471 -2.2007 -1.0433, -2.7675 -2.1923 -1.0433, -2.7756 -2.1889 -1.0433, -2.7896 -2.1782 -1.0433, -2.8001 -2.1701 -1.0433, -2.8081 -2.1597 -1.0433, -2.8188 -2.1457 -1.0433, -2.8222 -2.1375 -1.0433, -2.8306 -2.1172 -1.0433, -2.36 -2.2047 -0.1358, -2.3767 -2.2047 -0.13, -2.3425 -2.2047 -0.1378, -2.3916 -2.2047 -0.1206, -2.4041 -2.2047 -0.1081, -2.4135 -2.2047 -0.0932, -2.4606 -2.2047 3.0715, -2.68 -2.2047 3.1981, -2.4193 -2.2047 -0.0766, -2.4213 -2.2047 -0.0591, -2.6976 -2.2047 3.2056, -2.699 -2.2047 3.2058, -1.4567 -2.2047 -0.1378, -1.4567 -2.2047 -1.0433, -1.4392 -2.2047 -1.0413, -1.4364 -2.2047 -1.0404, -1.4225 -2.2047 -1.0355, -1.4176 -2.2047 -1.0324, -2.4213 -2.2047 3.0033, -2.423 -2.2047 3.0196, -2.4473 -2.2047 3.0618, -2.4281 -2.2047 3.0353, -2.4363 -2.2047 3.0496, -1.3803 -2.2047 -0.1991, -1.3806 -2.2047 -0.1962, -1.4076 -2.2047 -1.0261, -1.4014 -2.2047 -1.0199, -1.3951 -2.2047 -1.0137, -1.3863 -2.2047 -0.1826, -1.3885 -2.2047 -0.1772, -1.3957 -2.2047 -0.1678, -1.3889 -2.2047 -1.0037, -1.3858 -2.2047 -0.9987, -1.3809 -2.2047 -0.9849, -1.408 -2.2047 -0.1555, -1.4173 -2.2047 -0.1483, -1.4227 -2.2047 -0.1461, -1.3799 -2.2047 -0.9821, -1.378 -2.2047 -0.9646, -1.378 -2.2047 -0.2165, -1.401 -2.2047 -0.1609, -1.4392 -2.2047 -0.1401, -1.4363 -2.2047 -0.1405, -1.378 -2.126 -0.2165, -1.378 -2.126 -0.9646, -1.4567 -2.126 -0.1378, -1.4392 -2.126 -0.1398, -1.4225 -2.126 -0.1456, -1.4076 -2.126 -0.155, -1.3951 -2.126 -0.1674, -1.3858 -2.126 -0.1824, -1.3799 -2.126 -0.199, -2.3425 -2.126 -0.1378, -2.36 -2.126 -0.1358, -2.3767 -2.126 -0.13, -2.3916 -2.126 -0.1206, -2.4041 -2.126 -0.1081, -2.4135 -2.126 -0.0932, -2.4193 -2.126 -0.0766, -2.4213 -2.126 -0.0591, -2.4213 -2.126 3.0033, -2.4606 -2.126 3.0715, -2.4473 -2.126 3.0618, -2.4363 -2.126 3.0496, -2.4281 -2.126 3.0353, -2.423 -2.126 3.0196, -2.68 -2.126 3.1981, -2.699 -2.126 3.206, -1.4567 -2.126 -1.0433, -1.4363 -2.126 -1.0406, -1.4173 -2.126 -1.0328, -1.401 -2.126 -1.0202, -1.3885 -2.126 -1.0039, -1.3806 -2.126 -0.9849, -2.8346 0.7087 1.4567, -2.7559 0.7087 1.4567, -2.8346 0.7087 1.4173, -2.7559 0.7087 1.1758, -2.8346 0.7087 1.1758, -2.7559 0.7185 1.1588, -2.8346 0.7185 1.1588, -2.7559 0.7087 1.0577, -2.8346 0.7087 1.0577, -2.7559 0.7185 1.0997, -2.8346 0.7185 1.0997, -2.7559 0.7087 0.7291, -2.8346 0.7087 0.7291, -2.7559 0.7185 0.7121, -2.8346 0.7185 0.7121, -2.8346 0.7087 0.5512, -2.7559 0.7087 0.5512, -2.7559 0.7067 0.5337, -2.8346 0.7067 0.5337, -2.7559 0.7009 0.517, -2.8346 0.7009 0.517, -2.7559 0.6915 0.5021, -2.8346 0.6915 0.5021, -2.7559 0.679 0.4896, -2.8346 0.679 0.4896, -2.7559 0.6641 0.4802, -2.8346 0.6641 0.4802, -2.7559 0.6474 0.4744, -2.8346 0.6474 0.4744, -2.7559 0.6299 0.4724, -2.8346 0.6299 0.4724, -2.7559 0.5906 0.4724, -2.8346 0.5906 0.4724, -2.8346 0.5469 0.4667, -2.7559 0.5469 0.4667, -2.8346 0.5396 0.4657, -2.7559 0.5396 0.4657, -2.8346 0.5057 0.4517, -2.7559 0.5057 0.4517, -2.8346 0.4921 0.4461, -2.7559 0.4921 0.4461, -2.8346 0.4688 0.4282, -2.7559 0.4688 0.4282, -2.8346 0.4514 0.4148, -2.7559 0.4514 0.4148, -2.8346 0.438 0.3973, -2.7559 0.438 0.3973, -2.8346 0.4201 0.374, -2.7559 0.4201 0.374, -2.8346 0.4145 0.3605, -2.7559 0.4145 0.3605, -2.8346 0.4004 0.3265, -2.7559 0.4004 0.3265, -2.8346 0.3995 0.3193, -2.7559 0.3995 0.3193, -2.8346 0.3937 0.2756, -2.7559 0.3937 0.2756, -2.7559 0.3937 0.1575, -2.7599 0.3937 0.1224, -2.7715 0.3937 0.0892, -2.7903 0.3937 0.0593, -2.8152 0.3937 0.0344, -2.8451 0.3937 0.0156, -2.8783 0.3937 0.0039, -2.8783 -0.3937 0.0039, -2.8451 -0.3937 0.0156, -2.8152 -0.3937 0.0344, -2.7903 -0.3937 0.0593, -2.7715 -0.3937 0.0892, -2.7599 -0.3937 0.1224, -2.7559 -0.3937 0.1575, -2.8346 -0.3937 0.2756, -2.7559 -0.3937 0.2756, -2.8346 -0.398 0.3165, -2.7559 -0.4004 0.3265, -2.8346 -0.4012 0.3263, -2.8346 -0.4107 0.3557, -2.7559 -0.4201 0.374, -2.8346 -0.421 0.3735, -2.7559 -0.4514 0.4148, -2.8346 -0.452 0.4142, -2.8346 -0.4313 0.3913, -2.7559 -0.5906 0.4724, -2.8346 -0.5906 0.4724, -2.7559 -0.5396 0.4657, -2.8346 -0.5396 0.4657, -2.7559 -0.4921 0.4461, -2.8346 -0.4921 0.4461, -2.8346 -0.4588 0.4219, -2.7559 -0.6299 0.4724, -2.8346 -0.6299 0.4724, -2.7559 -0.7087 0.5512, -2.8346 -0.7087 0.5512, -2.8346 -0.7064 0.5337, -2.7559 -0.7067 0.5337, -2.8346 -0.706 0.5308, -2.7559 -0.7009 0.517, -2.8346 -0.7004 0.5172, -2.8346 -0.6981 0.5118, -2.7559 -0.6915 0.5021, -2.8346 -0.691 0.5025, -2.7559 -0.679 0.4896, -2.8346 -0.6856 0.4955, -2.8346 -0.6786 0.4901, -2.7559 -0.6641 0.4802, -2.8346 -0.6693 0.483, -2.8346 -0.6639 0.4807, -2.7559 -0.6474 0.4744, -2.8346 -0.6503 0.4751, -2.8346 -0.6474 0.4747, -2.8346 -0.7087 0.6504, -2.7559 -0.7087 0.6504, -2.7559 -0.7185 0.6989, -2.8346 -0.7185 0.6989, -2.7559 -0.7087 0.7291, -2.8346 -0.7087 0.7291, -2.7559 -0.7185 0.7121, -2.8346 -0.7185 0.7121, -2.8346 -0.7087 1.0577, -2.7559 -0.7087 1.0577, -2.7559 -0.7185 1.0997, -2.8346 -0.7185 1.0997, -2.7559 -0.7087 1.1758, -2.8346 -0.7087 1.1758, -2.7559 -0.7185 1.1588, -2.8346 -0.7185 1.1588, -2.8346 -0.7087 1.4173, -2.7559 -0.7087 1.4567, -2.8346 -0.7087 1.4567, -2.8346 -0.7106 1.4742, -2.7559 -0.711 1.4742, -2.7559 -0.7113 1.4771, -2.8346 -0.7165 1.4909, -2.7559 -0.717 1.4906, -2.7559 -0.7192 1.4961, -2.8346 -0.7258 1.5058, -2.7559 -0.7264 1.5054, -2.7559 -0.7317 1.5124, -2.8346 -0.7383 1.5183, -2.7559 -0.7387 1.5177, -2.8346 -0.7532 1.5276, -2.7559 -0.748 1.5249, -2.7559 -0.7534 1.5271, -2.8346 -0.7699 1.5335, -2.7559 -0.767 1.5327, -2.7559 -0.7699 1.5331, -2.7559 0.7087 0.6504, -2.8346 0.7087 0.6504, -2.7559 0.7185 0.6989, -2.8346 0.7185 0.6989, -2.7165 2.6026 1.9094, -2.7165 2.6026 1.3189, -2.7174 2.5944 1.9094, -2.7174 2.5944 1.3189, -2.817 2.126 1.9094, -2.817 2.126 1.3189, -2.7399 2.1096 1.3189, -2.7165 2.2197 1.3189, -2.7399 2.1096 1.9094, -2.7165 2.2197 1.9094, -2.7165 2.8346 0.5512, -2.6378 2.8346 0.5512, -2.7165 2.8327 0.5337, -2.6378 2.8327 0.5337, -2.7165 2.8317 0.5309, -2.6378 2.8317 0.5309, -2.7165 2.8268 0.517, -2.6378 2.8268 0.517, -2.7165 2.8237 0.512, -2.6378 2.8237 0.512, -2.7165 2.8175 0.5021, -2.6378 2.8175 0.5021, -2.7165 2.8112 0.4959, -2.6378 2.8112 0.4959, -2.7165 2.805 0.4896, -2.6378 2.805 0.4896, -2.7165 2.795 0.4834, -2.6378 2.795 0.4834, -2.7165 2.7901 0.4802, -2.6378 2.7901 0.4802, -2.7165 2.7762 0.4754, -2.6378 2.7762 0.4754, -2.7165 2.7734 0.4744, -2.6378 2.7734 0.4744, -2.7165 2.7559 0.4724, -2.6378 2.7559 0.4724, -2.7165 2.8346 2.9201, -2.6378 2.8346 2.9201, -2.7165 2.8331 2.9355, -2.6378 2.8331 2.9355, -2.7165 2.8287 2.9503, -2.6378 2.8287 2.9503, -2.7165 2.8214 2.9639, -2.6378 2.8214 2.9639, -2.7165 2.8116 2.9758, -2.6378 2.8116 2.9758, -2.6378 2.6215 3.1659, -2.7165 2.6215 3.1659, -2.7165 2.6092 3.1753, -2.6378 2.6092 3.1753, -2.6378 2.6052 3.1784, -2.7165 2.6052 3.1784, -2.6378 2.5957 3.1824, -2.7165 2.5957 3.1824, -2.6378 2.5862 3.1863, -2.7165 2.5862 3.1863, -2.6378 2.5811 3.187, -2.7165 2.5811 3.187, -2.7165 2.5658 3.189, -2.6378 2.5658 3.189, -2.6378 1.7025 0.4724, -2.6378 2.0866 1.3189, -2.6378 2.0866 1.9094, -2.6378 2.6026 1.3189, -2.6378 1.7025 3.189, -2.6378 2.6026 1.9094, -2.7165 2.0866 1.9094, -2.7165 2.0866 1.3189, -2.6404 2.578 1.3189, -2.6404 2.578 1.9094, -2.6724 1.6189 3.189, -2.6724 1.6189 0.4724, -2.6583 1.6373 0.4724, -2.6577 1.6368 3.189, -2.6536 1.6434 0.4724, -2.6468 1.6573 3.189, -2.6477 1.6577 0.4724, -2.6418 1.6719 0.4724, -2.6401 1.6794 3.189, -2.6408 1.6795 0.4724, -2.7165 1.7025 0.4724, -2.7165 1.7025 3.189, -2.8346 0.4921 1.4173, -2.8346 0.7264 1.5054, -2.8346 0.7192 1.4961, -2.8346 0.748 1.5249, -2.8346 0.7387 1.5177, -2.8346 0.7317 1.5124, -2.8346 -0.4921 1.4173, -2.8346 0.717 1.4906, -2.8346 0.7113 1.4771, -2.8346 0.711 1.4742, -2.8346 1.1715 3.2062, -2.8346 1.1723 3.2055, -2.8346 0.767 1.5327, -2.8346 1.2992 0.4724, -2.8346 1.2817 0.4747, -2.8346 1.2205 1.4567, -2.8346 1.2185 1.4742, -2.8346 1.2127 1.4909, -2.8346 1.5191 3.189, -2.8346 1.2033 1.5058, -2.8346 1.1908 1.5183, -2.8346 1.1863 3.1968, -2.8346 1.187 3.1965, -2.8346 1.203 3.191, -2.8346 1.5191 0.4724, -2.8346 1.1759 1.5276, -2.8346 1.1593 1.5335, -2.8346 1.2205 3.189, -2.8346 1.1417 1.5354, -2.8346 1.2033 3.1909, -2.8346 0.7874 1.5354, -2.8346 0.7699 1.5331, -2.8346 0.7534 1.5271, -2.8346 1.1442 3.248, -2.8346 1.1497 3.2336, -2.8346 1.1504 3.2319, -2.8346 1.159 3.2187, -2.8346 1.1598 3.2175, -2.8346 1.2788 0.4751, -2.8346 1.2653 0.4807, -2.8346 1.2598 0.483, -2.8346 1.2505 0.4901, -2.8346 1.2435 0.4955, -2.8346 1.2382 0.5025, -2.8346 1.2288 0.5172, -2.8346 1.2232 0.5308, -2.8346 1.2228 0.5337, -2.8346 1.231 0.5118, -2.8346 1.2205 0.5512, -2.7559 1.2205 3.189, -2.7559 1.5191 3.189, -2.8316 1.5421 3.189, -2.7549 1.5268 3.189, -2.8306 1.5497 3.189, -2.7546 1.5293 3.189, -2.8247 1.5639 3.189, -2.7526 1.5341 3.189, -2.8188 1.5782 3.189, -2.7506 1.5388 3.189, -2.8141 1.5843 3.189, -2.7491 1.5408 3.189, -2.8001 1.6026 3.189, -2.7444 1.547 3.189, -2.7281 1.6746 3.189, -2.7232 1.6806 3.189, -2.7195 1.6874 3.189, -2.7173 1.6948 3.189, -2.8147 1.5847 0.4724, -2.7506 1.5388 0.4724, -2.8257 1.5643 0.4724, -2.7526 1.5341 0.4724, -2.8324 1.5422 0.4724, -2.7559 1.2992 0.4724, -2.7559 1.5191 0.4724, -2.7549 1.5268 0.4724, -2.7546 1.5293 0.4724, -2.7195 1.6874 0.4724, -2.7232 1.6806 0.4724, -2.7281 1.6746 0.4724, -2.8001 1.6026 0.4724, -2.7444 1.547 0.4724, -2.7491 1.5408 0.4724, -2.7173 1.6948 0.4724, -2.6947 1.1417 3.3248, -2.6946 -2.0079 3.3245, -2.7113 1.1417 3.319, -2.6975 -2.0079 3.3241, -2.7111 -2.0079 3.3185, -2.7263 1.1417 3.3096, -2.7165 -2.0079 3.3162, -2.7259 -2.0079 3.3091, -2.7387 1.1417 3.2971, -2.7328 -2.0079 3.3037, -2.7382 -2.0079 3.2967, -2.7481 1.1417 3.2822, -2.7454 -2.0079 3.2874, -2.7476 -2.0079 3.282, -2.7534 1.1417 3.2677, -2.7538 1.1419 3.2655, -2.7532 -2.0079 3.2684, -2.7536 -2.0079 3.2655, -2.7553 1.1423 3.2579, -2.7559 1.1442 3.248, -2.7559 1.1437 3.2502, -2.7559 0.7534 1.5271, -2.7559 0.767 1.5327, -2.7559 1.2205 0.5512, -2.7559 1.2224 0.5337, -2.7559 1.2283 0.517, -2.7559 0.7264 1.5054, -2.7559 0.7317 1.5124, -2.7559 1.2028 1.5054, -2.7559 1.2099 1.4961, -2.7559 1.2122 1.4906, -2.7559 1.2178 1.4771, -2.7559 1.2205 1.4567, -2.7559 1.2377 0.5021, -2.7559 1.2501 0.4896, -2.7559 0.7387 1.5177, -2.7559 0.748 1.5249, -2.7559 1.1757 1.5271, -2.7559 1.1811 1.5249, -2.7559 1.203 3.191, -2.7559 1.1863 3.1968, -2.7559 1.1714 3.2062, -2.7559 1.1589 3.2186, -2.7559 1.1495 3.2336, -2.7559 1.1904 1.5177, -2.7559 1.1974 1.5124, -2.7559 0.7113 1.4771, -2.7559 0.717 1.4906, -2.7559 0.7192 1.4961, -2.7559 0.7874 1.5354, -2.7559 1.1417 1.5354, -2.7559 1.265 0.4802, -2.7559 1.2817 0.4744, -2.7559 1.1592 1.5331, -2.7559 1.1621 1.5327, -2.7559 0.711 1.4742, -2.7559 0.7699 1.5331, -2.7559 1.2182 1.4742, -2.8334 1.1417 3.2677, -2.8343 1.1424 3.2578, -2.8346 1.1438 3.2502, 2.8346 -0.7087 1.4567, 2.7559 -0.7087 1.4567, 2.8346 -0.7087 1.4173, 2.7559 -0.7087 1.1758, 2.8346 -0.7087 1.1758, 2.8346 -0.7185 1.1588, 2.7559 -0.7185 1.1588, 2.8346 -0.7087 1.0577, 2.8346 -0.7185 1.0997, 2.7559 -0.7087 1.0577, 2.7559 -0.7185 1.0997, 2.7559 -0.7087 0.7291, 2.8346 -0.7087 0.7291, 2.8346 -0.7185 0.7121, 2.7559 -0.7185 0.7121, 2.8346 -0.7087 0.5512, 2.7559 -0.7087 0.5512, 2.7559 -0.7064 0.5337, 2.8346 -0.7067 0.5337, 2.7559 -0.706 0.5308, 2.8346 -0.7009 0.517, 2.7559 -0.7004 0.5172, 2.7559 -0.6981 0.5118, 2.8346 -0.6915 0.5021, 2.7559 -0.691 0.5025, 2.8346 -0.679 0.4896, 2.7559 -0.6856 0.4955, 2.7559 -0.6786 0.4901, 2.8346 -0.6641 0.4802, 2.7559 -0.6693 0.483, 2.7559 -0.6639 0.4807, 2.8346 -0.6474 0.4744, 2.7559 -0.6503 0.4751, 2.7559 -0.6474 0.4747, 2.7559 -0.6299 0.4724, 2.8346 -0.6299 0.4724, 2.8346 -0.5906 0.4724, 2.7559 -0.5906 0.4724, 2.8346 -0.5469 0.4667, 2.7559 -0.5467 0.4675, 2.8346 -0.5396 0.4657, 2.8346 -0.5057 0.4517, 2.7559 -0.5051 0.4529, 2.8346 -0.4921 0.4461, 2.7559 -0.4678 0.4295, 2.8346 -0.4683 0.4288, 2.7559 -0.4366 0.3983, 2.7559 -0.4132 0.361, 2.8346 -0.4137 0.3607, 2.8346 -0.4313 0.3913, 2.8346 -0.4372 0.3978, 2.8346 -0.4588 0.4219, 2.7559 -0.3986 0.3194, 2.7559 -0.3937 0.2756, 2.8346 -0.3937 0.2756, 2.8346 -0.398 0.3165, 2.8346 -0.3989 0.3193, 2.8346 -0.4107 0.3557, 2.8346 0.3937 0.2756, 2.7559 0.3937 0.2756, 2.8346 0.3995 0.3193, 2.7559 0.3995 0.3193, 2.8346 0.4004 0.3265, 2.7559 0.4004 0.3265, 2.8346 0.4145 0.3605, 2.7559 0.4145 0.3605, 2.8346 0.4201 0.374, 2.7559 0.4201 0.374, 2.8346 0.438 0.3973, 2.7559 0.438 0.3973, 2.8346 0.4514 0.4148, 2.7559 0.4514 0.4148, 2.8346 0.4688 0.4282, 2.7559 0.4688 0.4282, 2.8346 0.4921 0.4461, 2.7559 0.4921 0.4461, 2.8346 0.5057 0.4517, 2.7559 0.5057 0.4517, 2.8346 0.5396 0.4657, 2.7559 0.5396 0.4657, 2.8346 0.5469 0.4667, 2.7559 0.5469 0.4667, 2.8346 0.5906 0.4724, 2.7559 0.5906 0.4724, 2.8346 0.6299 0.4724, 2.7559 0.6299 0.4724, 2.7559 0.7087 0.5512, 2.8346 0.7087 0.5512, 2.7559 0.7067 0.5337, 2.8346 0.7067 0.5337, 2.7559 0.7057 0.5309, 2.8346 0.7057 0.5309, 2.7559 0.7009 0.517, 2.8346 0.7009 0.517, 2.7559 0.6977 0.512, 2.8346 0.6977 0.512, 2.7559 0.6915 0.5021, 2.8346 0.6915 0.5021, 2.7559 0.6852 0.4959, 2.8346 0.6852 0.4959, 2.7559 0.679 0.4896, 2.8346 0.679 0.4896, 2.7559 0.6691 0.4834, 2.8346 0.6691 0.4834, 2.7559 0.6641 0.4802, 2.8346 0.6641 0.4802, 2.7559 0.6502 0.4754, 2.8346 0.6502 0.4754, 2.7559 0.6474 0.4744, 2.8346 0.6474 0.4744, 2.8346 0.7087 0.6504, 2.7559 0.7087 0.6504, 2.8346 0.7185 0.6989, 2.7559 0.7185 0.6989, 2.8346 0.7087 0.7291, 2.8346 0.7185 0.7121, 2.7559 0.7087 0.7291, 2.7559 0.7185 0.7121, 2.8346 0.7087 1.0577, 2.7559 0.7087 1.0577, 2.8346 0.7185 1.0997, 2.7559 0.7185 1.0997, 2.8346 0.7087 1.1758, 2.8346 0.7185 1.1588, 2.7559 0.7087 1.1758, 2.7559 0.7185 1.1588, 2.8346 0.7087 1.4173, 2.7559 0.7087 1.4567, 2.8346 0.7087 1.4567, 2.7559 -0.7087 0.6504, 2.8346 -0.7087 0.6504, 2.8346 -0.7185 0.6989, 2.7559 -0.7185 0.6989, 2.7559 0.7874 1.5354, 2.8346 0.7874 1.5354, 2.7559 0.7699 1.5331, 2.8346 0.7699 1.5331, 2.7559 0.767 1.5327, 2.8346 0.767 1.5327, 2.7559 0.7534 1.5271, 2.8346 0.7534 1.5271, 2.7559 0.748 1.5249, 2.8346 0.748 1.5249, 2.7559 0.7387 1.5177, 2.8346 0.7387 1.5177, 2.7559 0.7317 1.5124, 2.8346 0.7317 1.5124, 2.7559 0.7264 1.5054, 2.8346 0.7264 1.5054, 2.7559 0.7192 1.4961, 2.8346 0.7192 1.4961, 2.7559 0.717 1.4906, 2.8346 0.717 1.4906, 2.7559 0.7113 1.4771, 2.8346 0.7113 1.4771, 2.7559 0.711 1.4742, 2.8346 0.711 1.4742, 2.8346 1.1417 1.5354, 2.7559 1.1417 1.5354, 2.7559 1.2185 1.4742, 2.7559 1.2205 1.4567, 2.8346 1.2205 1.4567, 2.8346 1.2182 1.4742, 2.8346 1.2178 1.4771, 2.7559 1.2127 1.4909, 2.8346 1.2122 1.4906, 2.8346 1.2099 1.4961, 2.7559 1.2033 1.5058, 2.8346 1.2028 1.5054, 2.8346 1.1974 1.5124, 2.7559 1.1908 1.5183, 2.8346 1.1904 1.5177, 2.7559 1.1759 1.5276, 2.8346 1.1811 1.5249, 2.8346 1.1757 1.5271, 2.7559 1.1593 1.5335, 2.8346 1.1621 1.5327, 2.8346 1.1592 1.5331, 2.8346 1.2205 0.5512, 2.7559 1.2205 0.5512, 2.7559 1.2228 0.5337, 2.8346 1.2224 0.5337, 2.7559 1.2232 0.5308, 2.8346 1.2283 0.517, 2.7559 1.2288 0.5172, 2.7559 1.231 0.5118, 2.8346 1.2377 0.5021, 2.7559 1.2382 0.5025, 2.8346 1.2501 0.4896, 2.7559 1.2435 0.4955, 2.7559 1.2505 0.4901, 2.8346 1.265 0.4802, 2.7559 1.2598 0.483, 2.7559 1.2653 0.4807, 2.8346 1.2817 0.4744, 2.7559 1.2788 0.4751, 2.7559 1.2817 0.4747, 2.7559 1.2992 0.4724, 2.8346 1.2992 0.4724, 2.7232 1.6806 3.189, 2.7281 1.6746 3.189, 2.7281 1.6746 0.4724, 2.7234 1.6807 0.4724, 2.7218 1.6828 0.4724, 2.7195 1.6874 3.189, 2.7198 1.6875 0.4724, 2.7179 1.6923 0.4724, 2.7173 1.6948 3.189, 2.7175 1.6948 0.4724, 2.7165 1.7025 3.189, 2.7165 1.7025 0.4724, 2.8001 1.6026 3.189, 2.8001 1.6026 0.4724, 2.8346 1.5191 3.189, 2.8346 1.5191 0.4724, 2.8316 1.5421 0.4724, 2.8324 1.5422 3.189, 2.8306 1.5497 0.4724, 2.8257 1.5643 3.189, 2.8247 1.5639 0.4724, 2.8188 1.5782 0.4724, 2.8147 1.5847 3.189, 2.8141 1.5843 0.4724, 2.7539 1.1418 3.2656, 2.7534 1.1417 3.2677, 2.8334 1.1417 3.2677, 2.7554 1.1425 3.2568, 2.8343 1.1424 3.2578, 2.7559 1.1442 3.248, 2.8346 1.1442 3.248, 2.7559 1.1444 3.2473, 2.8346 1.1445 3.2474, 2.7559 1.1523 3.2283, 2.8346 1.1504 3.2319, 2.8346 1.1526 3.2285, 2.7559 1.1648 3.212, 2.8346 1.1598 3.2175, 2.8346 1.1651 3.2124, 2.8346 1.1723 3.2055, 2.7559 1.1811 3.1995, 2.8346 1.1813 3.1999, 2.8346 1.187 3.1965, 2.7559 1.2001 3.1917, 2.8346 1.2205 3.189, 2.7559 1.2205 3.189, 2.8346 1.2033 3.1909, 2.8346 1.2002 3.1919, 2.7444 1.547 3.189, 2.7444 1.547 0.4724, 2.7491 1.5408 3.189, 2.7491 1.5408 0.4724, 2.7506 1.5388 3.189, 2.7506 1.5388 0.4724, 2.7526 1.5341 3.189, 2.7526 1.5341 0.4724, 2.7546 1.5293 3.189, 2.7546 1.5293 0.4724, 2.7549 1.5268 3.189, 2.7549 1.5268 0.4724, 2.7559 1.5191 3.189, 2.7559 1.5191 0.4724, 2.8346 -0.3937 0.1575, 2.7559 -0.3937 0.1575, 2.8366 -0.3937 0.14, 2.7599 -0.3937 0.1224, 2.8424 -0.3937 0.1233, 2.7715 -0.3937 0.0892, 2.8518 -0.3937 0.1084, 2.7903 -0.3937 0.0593, 2.8643 -0.3937 0.0959, 2.8152 -0.3937 0.0344, 2.8792 -0.3937 0.0865, 2.8451 -0.3937 0.0156, 2.8959 -0.3937 0.0807, 2.8783 -0.3937 0.0039, 2.9134 -0.3937 0.0787, 2.9134 -0.3937 -0.0, 2.9409 -0.3937 0.0787, 2.9409 -0.3937 0.0, 2.9134 0.3937 0.0787, 2.8959 0.3937 0.0807, 2.8792 0.3937 0.0865, 2.8643 0.3937 0.0959, 2.8518 0.3937 0.1084, 2.8424 0.3937 0.1233, 2.8366 0.3937 0.14, 2.8346 0.3937 0.1575, 2.9409 0.3937 0.0787, 2.9409 0.3937 0.0, 2.9134 0.3937 0.0, 2.8783 0.3937 0.0039, 2.8451 0.3937 0.0156, 2.8152 0.3937 0.0344, 2.7903 0.3937 0.0593, 2.7715 0.3937 0.0892, 2.7599 0.3937 0.1224, 2.7559 0.3937 0.1575, 3.1657 0.2262 0.0, 3.1613 0.2178 0.0, 2.9784 0.4032 0.0, 2.9603 0.3961 0.0, 2.9603 -0.3961 -0.0, 3.2756 -0.1378 -0.0, 3.1613 0.1759 0.0, 3.1657 0.1675 0.0, 3.2024 -0.1395 -0.0, 3.2013 -0.1399 0.0, 3.1579 0.1897 0.0, 3.1891 -0.1446 -0.0, 3.1871 -0.1459 0.0, 3.1599 0.1817 0.0, 3.2165 -0.1378 -0.0, 3.1679 0.1633 0.0, 3.175 0.1553 0.0, 3.1774 0.1526 0.0, 3.1774 -0.1526 -0.0, 3.175 -0.1553 0.0, 3.1679 -0.1633 -0.0, 3.2165 0.5906 0.0, 3.4252 0.5906 0.0, 3.2165 0.2559 0.0, 2.9942 0.4145 0.0, 3.1891 0.2491 0.0, 3.1871 0.2478 0.0, 3.1871 0.1459 0.0, 3.1891 0.1446 0.0, 3.2013 0.1399 0.0, 3.2024 0.1395 0.0, 3.2165 0.1378 0.0, 3.2756 0.1378 0.0, 3.2013 0.2538 0.0, 3.1633 0.5698 0.0, 3.2024 0.2542 0.0, 3.1791 0.5811 0.0, 3.1972 0.5881 0.0, 3.4427 0.5886 0.0, 3.4455 0.5876 0.0, 3.4594 0.5828 0.0, 3.1774 0.2411 0.0, 3.175 0.2384 0.0, 3.1679 0.2304 0.0, 3.1579 -0.204 -0.0, 2.9784 -0.4032 -0.0, 3.1579 -0.1969 0.0, 3.1579 -0.1897 -0.0, 3.1599 0.212 0.0, 3.1579 0.204 0.0, 3.1579 0.1969 0.0, 3.1657 -0.1675 0.0, 3.1613 -0.1759 -0.0, 3.1599 -0.1817 0.0, 3.4643 0.5796 0.0, 3.4743 0.5734 0.0, 3.4805 0.5671 0.0, 3.1599 -0.212 0.0, 3.1613 -0.2178 -0.0, 3.1657 -0.2262 0.0, 3.5013 0.3143 0.0, 3.4956 0.3007 0.0, 3.4934 0.2953 0.0, 3.4868 0.5609 0.0, 3.493 0.5509 0.0, 3.4961 0.546 0.0, 3.4862 0.286 0.0, 3.4809 0.279 0.0, 3.4739 0.2736 0.0, 3.1774 -0.2411 -0.0, 2.9942 -0.4145 -0.0, 3.175 -0.2384 0.0, 3.1679 -0.2304 -0.0, 3.501 0.5321 0.0, 3.502 0.5293 0.0, 3.5039 0.5118 0.0, 3.5039 0.3346 0.0, 3.5016 0.3172 0.0, 3.4592 0.2642 0.0, 3.4456 0.2586 0.0, 3.4427 0.2582 0.0, 3.1871 -0.2478 0.0, 3.1891 -0.2491 -0.0, 3.1633 -0.5698 -0.0, 3.4646 0.2665 0.0, 3.4252 0.2559 0.0, 3.2013 -0.2538 0.0, 3.2024 -0.2542 -0.0, 3.1791 -0.5811 -0.0, 3.2165 -0.2559 -0.0, 3.4252 -0.2559 -0.0, 3.2165 -0.5906 -0.0, 3.1972 -0.5881 -0.0, 3.4427 -0.2579 -0.0, 3.4455 -0.2588 0.0, 3.4594 -0.2637 -0.0, 3.4643 -0.2668 0.0, 3.4743 -0.2731 -0.0, 3.4805 -0.2793 0.0, 3.5013 -0.5322 -0.0, 3.4956 -0.5458 0.0, 3.4934 -0.5512 -0.0, 3.4868 -0.2856 -0.0, 3.493 -0.2955 0.0, 3.4961 -0.3005 -0.0, 3.4862 -0.5605 0.0, 3.4809 -0.5675 -0.0, 3.4739 -0.5728 0.0, 3.501 -0.3144 0.0, 3.502 -0.3171 -0.0, 3.5039 -0.3346 -0.0, 3.5039 -0.5118 -0.0, 3.5016 -0.5293 0.0, 3.4592 -0.5822 0.0, 3.4456 -0.5879 -0.0, 3.4427 -0.5882 0.0, 3.4646 -0.58 -0.0, 3.4252 -0.5906 -0.0, 2.9603 -0.3961 0.0787, 2.9784 -0.4032 0.0787, 2.9942 -0.4145 0.0787, 2.9942 0.4145 0.0787, 2.9784 0.4032 0.0787, 3.2013 0.2538 0.0787, 3.2024 0.2542 0.0787, 3.2165 0.5906 0.0787, 3.2165 0.2559 0.0787, 3.1972 0.5881 0.0787, 3.175 0.2384 0.0787, 3.1774 0.2411 0.0787, 3.175 -0.1553 0.0787, 3.1774 -0.1526 0.0787, 3.2165 0.1378 0.0787, 3.2756 -0.1378 0.0787, 3.2756 0.1378 0.0787, 3.2165 -0.1378 0.0787, 3.2024 -0.1395 0.0787, 3.2013 -0.1399 0.0787, 3.1791 0.5811 0.0787, 3.1633 0.5698 0.0787, 2.9603 0.3961 0.0787, 3.1871 0.2478 0.0787, 3.1891 0.2491 0.0787, 3.4961 0.546 0.0787, 3.493 0.5509 0.0787, 3.1871 -0.1459 0.0787, 3.1891 -0.1446 0.0787, 3.1599 -0.1817 0.0787, 3.1613 -0.1759 0.0787, 3.1613 0.2178 0.0787, 3.1657 0.2262 0.0787, 3.1679 0.2304 0.0787, 3.4934 0.2953 0.0787, 3.4956 0.3007 0.0787, 3.5013 0.3143 0.0787, 3.5016 0.3172 0.0787, 3.5039 0.3346 0.0787, 3.5039 0.5118 0.0787, 3.502 0.5293 0.0787, 3.501 0.5321 0.0787, 3.1657 -0.1675 0.0787, 3.1679 -0.1633 0.0787, 3.1599 0.1817 0.0787, 3.1579 0.1897 0.0787, 3.4646 0.2665 0.0787, 3.4739 0.2736 0.0787, 3.1599 -0.212 0.0787, 3.1579 -0.204 0.0787, 3.1579 0.1969 0.0787, 3.1579 0.204 0.0787, 3.1599 0.212 0.0787, 3.4427 0.2582 0.0787, 3.4456 0.2586 0.0787, 3.4592 0.2642 0.0787, 3.4809 0.279 0.0787, 3.4862 0.286 0.0787, 3.4868 0.5609 0.0787, 3.4805 0.5671 0.0787, 3.4743 0.5734 0.0787, 3.4643 0.5796 0.0787, 3.4594 0.5828 0.0787, 3.4455 0.5876 0.0787, 3.4427 0.5886 0.0787, 3.4252 0.5906 0.0787, 3.1579 -0.1969 0.0787, 3.1579 -0.1897 0.0787, 3.175 0.1553 0.0787, 3.1679 0.1633 0.0787, 3.1657 0.1675 0.0787, 3.1613 0.1759 0.0787, 3.4252 0.2559 0.0787, 3.1679 -0.2304 0.0787, 3.1657 -0.2262 0.0787, 3.1613 -0.2178 0.0787, 3.1891 0.1446 0.0787, 3.1871 0.1459 0.0787, 3.1774 0.1526 0.0787, 3.1891 -0.2491 0.0787, 3.1871 -0.2478 0.0787, 3.1774 -0.2411 0.0787, 3.175 -0.2384 0.0787, 3.2024 0.1395 0.0787, 3.2013 0.1399 0.0787, 3.1972 -0.5881 0.0787, 3.2165 -0.2559 0.0787, 3.1791 -0.5811 0.0787, 3.2024 -0.2542 0.0787, 3.1633 -0.5698 0.0787, 3.2013 -0.2538 0.0787, 3.4961 -0.3005 0.0787, 3.493 -0.2955 0.0787, 3.4934 -0.5512 0.0787, 3.4956 -0.5458 0.0787, 3.5013 -0.5322 0.0787, 3.5016 -0.5293 0.0787, 3.5039 -0.5118 0.0787, 3.5039 -0.3346 0.0787, 3.502 -0.3171 0.0787, 3.501 -0.3144 0.0787, 3.4646 -0.58 0.0787, 3.4739 -0.5728 0.0787, 3.4427 -0.5882 0.0787, 3.4456 -0.5879 0.0787, 3.4592 -0.5822 0.0787, 3.4809 -0.5675 0.0787, 3.4862 -0.5605 0.0787, 3.4868 -0.2856 0.0787, 3.4805 -0.2793 0.0787, 3.4743 -0.2731 0.0787, 3.4643 -0.2668 0.0787, 3.4594 -0.2637 0.0787, 3.4455 -0.2588 0.0787, 3.4427 -0.2579 0.0787, 3.4252 -0.2559 0.0787, 3.4252 -0.5906 0.0787, 3.2165 -0.5906 0.0787, 3.2931 0.1378 -0.002, 3.3106 0.1378 0.0748, 3.3098 0.1378 -0.0078, 3.3439 0.1378 0.0631, 3.3247 0.1378 -0.0172, 3.3738 0.1378 0.0444, 3.3372 0.1378 -0.0296, 3.3987 0.1378 0.0194, 3.3465 0.1378 -0.0446, 3.4175 0.1378 -0.0104, 3.3524 0.1378 -0.0612, 3.4291 0.1378 -0.0437, 3.3543 0.1378 -0.0787, 3.4331 0.1378 -0.0787, 3.3543 0.1378 -0.2953, 3.4331 0.1378 -0.2953, 3.2931 -0.1378 -0.0023, 3.3243 -0.1378 -0.0177, 3.315 -0.1378 -0.0105, 3.3095 -0.1378 -0.0083, 3.296 -0.1378 -0.0027, 3.3438 -0.1378 -0.0394, 3.3366 -0.1378 -0.03, 3.3313 -0.1378 -0.0231, 3.3516 -0.1378 -0.0584, 3.346 -0.1378 -0.0448, 3.3543 -0.1378 -0.0787, 3.352 -0.1378 -0.0613, 3.3543 -0.1378 -0.2953, 3.4331 -0.1378 -0.2953, 3.4331 -0.1378 -0.0787, 3.4285 -0.1378 -0.0438, 3.4277 -0.1378 -0.038, 3.4165 -0.1378 -0.0108, 3.412 -0.1378 -0.0, 3.3977 -0.1378 0.0186, 3.3869 -0.1378 0.0326, 3.373 -0.1378 0.0433, 3.3543 -0.1378 0.0576, 3.3435 -0.1378 0.0621, 3.3163 -0.1378 0.0734, 3.3105 -0.1378 0.0741, 3.4331 0.0787 -0.3543, 3.4331 -0.0787 -0.3543, 3.4331 0.0919 -0.3528, 3.4331 0.1044 -0.3485, 3.4331 0.1156 -0.3414, 3.4331 -0.1363 -0.3084, 3.4331 -0.1319 -0.3209, 3.4331 -0.1249 -0.3321, 3.4331 0.1249 -0.3321, 3.4331 0.1319 -0.3209, 3.4331 0.1363 -0.3084, 3.4331 -0.1156 -0.3414, 3.4331 -0.1044 -0.3485, 3.4331 -0.0919 -0.3528, 3.3543 0.0787 -0.3543, 3.3543 0.0919 -0.3528, 3.3543 0.1044 -0.3485, 3.3543 0.1156 -0.3414, 3.3543 0.1249 -0.3321, 3.3543 0.1319 -0.3209, 3.3543 0.1363 -0.3084, 3.3543 -0.0918 -0.3526, 3.3543 -0.0787 -0.3543, 3.3543 -0.094 -0.3523, 3.3543 -0.1042 -0.3481, 3.3543 -0.1083 -0.3464, 3.3543 -0.1153 -0.3411, 3.3543 -0.1205 -0.337, 3.3543 -0.1245 -0.3318, 3.3543 -0.1316 -0.3207, 3.3543 -0.1358 -0.3106, 3.3543 -0.1361 -0.3084, 3.3543 -0.1299 -0.3248, 2.6378 -2.1603 3.3797, 2.6378 -2.179 3.361, 2.6378 -2.193 3.3386, 2.6378 -2.2018 3.3137, 2.6378 -2.1379 3.3938, 2.6378 -2.1129 3.4026, 2.6378 -2.0472 3.4055, 2.6378 -2.0866 3.4055, -2.6772 1.1417 3.4055, -2.7122 1.1417 3.4016, -2.7455 1.1417 3.3899, -2.7754 1.1417 3.3712, -2.8003 1.1417 3.3462, -2.8191 1.1417 3.3164, -2.8307 1.1417 3.2831, -2.6597 1.144 3.4055, -2.6568 1.1444 3.4055, -2.6432 1.15 3.4055, -2.6378 1.1523 3.4055, -2.6285 1.1594 3.4055, -2.6215 1.1648 3.4055, -2.6161 1.1718 3.4055, -2.609 1.1811 3.4055, -2.6067 1.1865 3.4055, -2.6011 1.2001 3.4055, -2.6007 1.203 3.4055, -2.5984 1.2205 3.4055, -2.6772 -2.0079 3.4055, -2.7122 -2.0079 3.4016, -2.7455 -2.0079 3.3899, -2.8003 -2.0079 3.3462, -2.8191 -2.0079 3.3164, -2.8307 -2.0079 3.2831, -2.7754 -2.0079 3.3712, -2.6684 -2.0089 3.4055, -2.6601 -2.0118 3.4055, -2.6526 -2.0165 3.4055, -2.6464 -2.0227 3.4055, -2.6417 -2.0302 3.4055, -2.6388 -2.0385 3.4055, -2.6378 -2.0472 3.4055, -2.8343 1.1424 3.2578, -1.9644 2.798 3.4055, -1.9672 2.8048 3.4055, -2.5984 2.8543 3.4055, 2.6161 1.1718 3.4055, 2.609 1.1811 3.4055, 2.667 -2.0092 3.4055, -1.9535 2.7844 3.4055, -1.957 2.7871 3.4055, -1.9674 2.8062 3.4055, -1.9685 2.815 3.4055, -1.9685 2.8543 3.4055, 2.6432 1.15 3.4055, 2.6378 1.1523 3.4055, 1.9685 2.8543 3.4055, 1.9685 2.815 3.4055, 2.5984 2.8543 3.4055, 1.9674 2.8062 3.4055, 1.9672 2.8048 3.4055, 2.6493 -2.0194 3.4055, 2.6528 -2.0167 3.4055, 2.6575 -2.0131 3.4055, -1.9597 2.7906 3.4055, -1.9632 2.7953 3.4055, 2.6285 1.1594 3.4055, 2.6215 1.1648 3.4055, 1.9644 2.798 3.4055, 1.9632 2.7953 3.4055, 2.5984 1.2205 3.4055, 1.9597 2.7906 3.4055, 1.957 2.7871 3.4055, 1.9461 2.7797 3.4055, 1.9393 2.7769 3.4055, 2.6389 -2.0385 3.4055, 2.6391 -2.0371 3.4055, 2.6466 -2.0229 3.4055, 2.6431 -2.0276 3.4055, 1.9535 2.7844 3.4055, 1.9488 2.7809 3.4055, -2.6378 -2.0866 3.4055, 2.6419 -2.0303 3.4055, 1.9379 2.7767 3.4055, 1.9291 2.7756 3.4055, 2.6602 -2.012 3.4055, -1.9291 2.7756 3.4055, -1.9379 2.7767 3.4055, -1.9393 2.7769 3.4055, -1.9461 2.7797 3.4055, -1.9488 2.7809 3.4055, 2.6772 -2.0079 3.4055, 2.6772 1.1417 3.4055, 2.6684 -2.009 3.4055, 2.6597 1.144 3.4055, 2.6568 1.1444 3.4055, 2.6067 1.1865 3.4055, 2.6011 1.2001 3.4055, 2.6007 1.203 3.4055, 2.8307 1.1417 3.2831, 2.7481 1.1417 3.2822, 2.6947 1.1417 3.3248, 2.7122 1.1417 3.4016, 2.7113 1.1417 3.319, 2.7455 1.1417 3.3899, 2.7263 1.1417 3.3096, 2.7754 1.1417 3.3712, 2.7387 1.1417 3.2971, 2.8003 1.1417 3.3462, 2.8191 1.1417 3.3164, -2.6378 -2.1603 3.3797, -2.6378 -2.1379 3.3938, -2.6378 -2.1129 3.4026, -2.6378 -2.179 3.361, -2.6378 -2.193 3.3386, -2.6378 -2.2018 3.3137, 2.6378 2.6215 3.1659, 2.6378 2.6092 3.1753, 2.7165 2.6215 3.1659, 2.7165 2.6092 3.1753, 2.7165 2.6052 3.1784, 2.6378 2.6052 3.1784, 2.7165 2.5957 3.1824, 2.6378 2.5957 3.1824, 2.7165 2.5862 3.1863, 2.6378 2.5862 3.1863, 2.7165 2.5811 3.187, 2.6378 2.5811 3.187, 2.6378 2.5658 3.189, 2.7165 2.5658 3.189, 2.6378 1.7025 0.4724, 2.6408 1.6795 0.4724, 2.6378 1.7025 3.189, 2.6408 1.6795 3.189, 2.6418 1.6719 3.189, 2.6418 1.6719 0.4724, 2.6477 1.6577 3.189, 2.6477 1.6577 0.4724, 2.6536 1.6434 3.189, 2.6536 1.6434 0.4724, 2.6583 1.6373 3.189, 2.6583 1.6373 0.4724, 2.6724 1.6189 0.4724, 2.6724 1.6189 3.189, 2.6378 2.7559 0.4724, 2.7165 2.7559 0.4724, 2.7165 2.7734 0.4744, 2.6378 2.7734 0.4744, 2.7165 2.7762 0.4754, 2.6378 2.7762 0.4754, 2.7165 2.7901 0.4802, 2.6378 2.7901 0.4802, 2.7165 2.795 0.4834, 2.6378 2.795 0.4834, 2.7165 2.805 0.4896, 2.6378 2.805 0.4896, 2.7165 2.8112 0.4959, 2.6378 2.8112 0.4959, 2.7165 2.8175 0.5021, 2.6378 2.8175 0.5021, 2.7165 2.8237 0.512, 2.6378 2.8237 0.512, 2.7165 2.8268 0.517, 2.6378 2.8268 0.517, 2.7165 2.8317 0.5309, 2.6378 2.8317 0.5309, 2.7165 2.8327 0.5337, 2.6378 2.8327 0.5337, 2.7165 2.8346 0.5512, 2.6378 2.8346 0.5512, 2.7165 2.8116 2.9758, 2.6378 2.8116 2.9758, 2.6378 2.6026 1.3189, 2.6378 2.6026 1.9094, 2.6378 2.0866 1.9094, 2.6378 2.8214 2.9639, 2.6378 2.0866 1.3189, 2.6378 2.8287 2.9503, 2.6378 2.8331 2.9355, 2.6378 2.8346 2.9201, 2.7165 2.0866 1.9094, 2.7165 2.0866 1.3189, 2.6404 2.578 1.3189, 2.6404 2.578 1.9094, 2.7165 2.8346 2.9201, 2.7165 2.8214 2.9639, 2.7165 2.8287 2.9503, 2.7165 2.8331 2.9355, 2.7559 -1.5354 -1.0433, 2.8346 -1.5354 -1.0433, 2.7559 -2.0866 -1.0433, 2.8346 -2.0866 -1.0433, 2.7548 -2.0954 -1.0433, 2.8312 -2.1128 -1.0433, 2.7546 -2.0968 -1.0433, 2.8306 -2.1172 -1.0433, 2.7518 -2.1036 -1.0433, 2.8222 -2.1375 -1.0433, 2.7506 -2.1063 -1.0433, 2.8188 -2.1457 -1.0433, 2.7471 -2.111 -1.0433, 2.8081 -2.1597 -1.0433, 2.7444 -2.1145 -1.0433, 2.8001 -2.1701 -1.0433, 2.7409 -2.1171 -1.0433, 2.7896 -2.1782 -1.0433, 2.7362 -2.1207 -1.0433, 2.7756 -2.1889 -1.0433, 2.7335 -2.1218 -1.0433, 2.7675 -2.1923 -1.0433, 2.7267 -2.1246 -1.0433, 2.7471 -2.2007 -1.0433, 2.7253 -2.1248 -1.0433, 2.7428 -2.2013 -1.0433, 2.7559 -1.5179 -1.0413, 2.8346 -1.5179 -1.0413, 2.7559 -1.5013 -1.0355, 2.8346 -1.5013 -1.0355, 2.7559 -1.4863 -1.0261, 2.8346 -1.4863 -1.0261, 2.7559 -1.4739 -1.0137, 2.8346 -1.4739 -1.0137, 2.7559 -1.4645 -0.9987, 2.8346 -1.4645 -0.9987, 2.7559 -1.4587 -0.9821, 2.8346 -1.4587 -0.9821, 2.7559 -1.4567 -0.9646, 2.8346 -1.4567 -0.9646, 2.8346 -1.4567 1.4567, 2.7559 -1.4567 1.4567, 2.7559 -1.378 1.5354, 2.8346 -1.378 1.5354, 2.7559 -1.3954 1.5331, 2.8346 -1.3954 1.5331, 2.7559 -1.3983 1.5327, 2.8346 -1.3983 1.5327, 2.7559 -1.4119 1.5271, 2.8346 -1.4119 1.5271, 2.7559 -1.4173 1.5249, 2.8346 -1.4173 1.5249, 2.7559 -1.4266 1.5177, 2.8346 -1.4266 1.5177, 2.7559 -1.4336 1.5124, 2.8346 -1.4336 1.5124, 2.7559 -1.439 1.5054, 2.8346 -1.439 1.5054, 2.7559 -1.4461 1.4961, 2.8346 -1.4461 1.4961, 2.7559 -1.4484 1.4906, 2.8346 -1.4484 1.4906, 2.7559 -1.454 1.4771, 2.8346 -1.454 1.4771, 2.7559 -1.4544 1.4742, 2.8346 -1.4544 1.4742, 2.8346 -0.7874 1.5354, 2.7559 -0.7874 1.5354, 2.7179 -2.2047 3.2086, 2.7194 -2.2047 3.2087, 2.7427 -2.2011 3.2087, 2.7494 -2.2001 3.2087, 2.7674 -2.1922 3.2087, 2.7772 -2.1879 3.2087, 2.7896 -2.1782 3.2087, 2.801 -2.1691 3.2087, 2.8081 -2.1597 3.2087, 2.8193 -2.1449 3.2087, 2.8223 -2.1376 3.2087, 2.8307 -2.1167 3.2087, 2.8312 -2.1128 3.2087, 2.8346 -2.0866 3.2087, 2.7194 -2.1259 3.2087, 2.7179 -2.126 3.2086, 2.7559 -2.0866 3.2087, 2.7548 -2.0954 3.2087, 2.7547 -2.0963 3.2087, 2.7518 -2.1036 3.2087, 2.7511 -2.1055 3.2087, 2.7471 -2.111 3.2087, 2.7454 -2.1134 3.2087, 2.7409 -2.1172 3.2087, 2.7378 -2.1197 3.2087, 2.7335 -2.1218 3.2087, 2.729 -2.124 3.2087, 2.7252 -2.1247 3.2087, 2.7559 -2.0079 3.248, 2.8346 -2.0079 3.248, 2.7536 -2.0079 3.2655, 2.8307 -2.0079 3.2831, 2.8191 -2.0079 3.3164, 2.7476 -2.0079 3.282, 2.7532 -2.0079 3.2684, 2.8003 -2.0079 3.3462, 2.7382 -2.0079 3.2967, 2.7454 -2.0079 3.2874, 2.7455 -2.0079 3.3899, 2.7122 -2.0079 3.4016, 2.6975 -2.0079 3.3241, 2.6946 -2.0079 3.3245, 2.7111 -2.0079 3.3185, 2.7165 -2.0079 3.3162, 2.7754 -2.0079 3.3712, 2.7259 -2.0079 3.3091, 2.7328 -2.0079 3.3037, 2.7559 -2.0089 3.2393, 2.7559 -2.0118 3.2309, 2.7559 -2.0093 3.2379, 2.7559 -2.0196 3.2204, 2.7559 -2.0165 3.2235, 2.7559 -2.0133 3.2285, 2.7559 -2.0472 3.2087, 2.7559 -2.0371 3.2101, 2.7559 -2.0302 3.2126, 2.7559 -2.0277 3.2141, 2.7559 -2.0227 3.2173, 2.7559 -0.7106 1.4742, 2.7559 -0.7258 1.5058, 2.7559 -0.7383 1.5183, 2.7559 -0.7532 1.5276, 2.7559 -0.7699 1.5335, 2.7559 -2.0385 3.2096, 2.7559 -0.7165 1.4909, 2.8346 -2.0472 3.2087, 2.8346 -2.0385 3.2096, 2.8346 -2.0371 3.2101, 2.8346 -2.0302 3.2126, 2.8346 -2.0277 3.2141, 2.8346 -2.0227 3.2173, 2.8346 -2.0196 3.2204, 2.8346 -2.0165 3.2235, 2.8346 -2.0133 3.2285, 2.8346 -2.0118 3.2309, 2.8346 -2.0093 3.2379, 2.8346 -2.0089 3.2393, 2.8346 -0.711 1.4742, 2.8346 -0.7113 1.4771, 2.8346 -0.717 1.4906, 2.8346 -0.7192 1.4961, 2.8346 -0.7264 1.5054, 2.8346 -0.7317 1.5124, 2.8346 -0.7387 1.5177, 2.8346 -0.748 1.5249, 2.8346 -0.7534 1.5271, 2.8346 -0.767 1.5327, 2.8346 -0.7699 1.5331, 2.8343 1.1424 3.2578, 2.8346 0.4921 1.4173, 2.8346 -0.4921 1.4173, -2.8147 2.8622 3.1048, -2.812 2.8806 0.5462, -2.7231 2.9693 3.1052, -2.6969 2.9724 3.1052, -2.6969 2.9724 1.7001, -2.6969 2.9724 1.5594, -2.6969 2.9724 1.5251, -2.7231 2.9695 0.5462, -2.6969 2.9724 1.6815, -2.6969 2.9724 1.4904, -2.6969 2.9724 1.4881, -2.6969 2.9724 0.5462, -2.7481 2.9607 0.5462, -2.7705 2.9467 0.5462, -2.7702 2.9462 3.1052, -2.7513 2.9592 3.1052, -2.748 2.9604 3.1052, -2.7249 2.9691 3.1052, -2.7892 2.928 0.5462, -2.8033 2.9056 0.5462, -2.8026 2.9052 3.1052, -2.7934 2.9223 3.1052, -2.7887 2.9275 3.1052, -2.7746 2.9433 3.1052, -2.8112 2.8804 3.1052, -2.8068 2.8975 3.1052, 2.6969 2.9724 1.7001, 2.6969 2.9724 3.1052, 2.7231 2.9693 3.1052, 2.8147 2.8622 3.1048, 2.812 2.8806 0.5462, 2.8112 2.8804 3.1052, 2.8033 2.9056 0.5462, 2.7892 2.928 0.5462, 2.7887 2.9275 3.1052, 2.7934 2.9223 3.1052, 2.8026 2.9052 3.1052, 2.8068 2.8975 3.1052, 2.7705 2.9467 0.5462, 2.7481 2.9607 0.5462, 2.748 2.9604 3.1052, 2.7513 2.9592 3.1052, 2.7702 2.9462 3.1052, 2.7746 2.9433 3.1052, 2.6969 2.9724 0.5462, 2.6969 2.9724 1.4881, 2.7231 2.9695 0.5462, 2.6969 2.9724 1.4904, 2.6969 2.9724 1.5251, 2.6969 2.9724 1.5594, 2.6969 2.9724 1.6815, 2.7249 2.9691 3.1052, 1.8898 2.8937 3.2087, 1.8898 2.9724 3.2087, 1.7123 2.9724 3.2087, 0.1341 2.9724 3.2087, 0.0847 2.9724 3.2087, -1.8898 2.8937 3.2087, 0.018 2.9724 3.2087, 0.0108 2.9724 3.2087, -0.1742 2.9724 3.2087, -0.2394 2.9724 3.2087, -0.0906 2.9724 3.2087, -0.1452 2.9724 3.2087, -0.2868 2.9724 3.2087, -0.3232 2.9724 3.2087, -1.8898 2.9724 3.2087, 2.6772 2.9724 3.1052, 2.6772 2.8937 3.1052, 2.6969 2.8937 3.1052, 2.7056 2.8927 3.1052, 2.7139 2.8898 3.1052, 2.7214 2.8851 3.1052, 2.7276 2.8789 3.1052, 2.7323 2.8714 3.1052, 2.6969 2.8937 0.5462, 2.7056 2.8927 0.5462, 2.7139 2.8898 0.5462, 2.7214 2.8851 0.5462, 2.7276 2.8789 0.5462, 2.7323 2.8714 0.5462, 2.7352 2.8631 0.5462, -2.7352 2.8631 0.5462, -2.7323 2.8714 0.5462, -2.7276 2.8789 0.5462, -2.7214 2.8851 0.5462, -2.7139 2.8898 0.5462, -2.7056 2.8927 0.5462, -2.6969 2.8937 0.5462, -0.3232 2.9724 0.5462, -0.2868 2.9724 0.5462, -0.2394 2.9724 0.5462, -0.1742 2.9724 0.5462, -0.1452 2.9724 0.5462, -0.0906 2.9724 0.5462, 0.0108 2.9724 0.5462, 0.018 2.9724 0.5462, 0.0847 2.9724 0.5462, 0.1341 2.9724 0.5462, 1.7123 2.9724 0.5462, -2.6969 2.8937 3.1052, -2.7056 2.8927 3.1052, -2.7139 2.8898 3.1052, -2.7214 2.8851 3.1052, -2.7276 2.8789 3.1052, -2.7323 2.8714 3.1052, -2.6772 2.8937 3.1052, -2.6772 2.9724 3.1052, 1.9685 2.8937 3.2874, 1.9685 2.9724 3.2874, 1.9665 2.8937 3.2699, 1.9665 2.9724 3.2699, 1.9607 2.8937 3.2532, 1.9607 2.9724 3.2532, 1.9513 2.8937 3.2383, 1.9513 2.9724 3.2383, 1.9389 2.8937 3.2258, 1.9389 2.9724 3.2258, 1.9239 2.8937 3.2165, 1.9239 2.9724 3.2165, 1.9073 2.8937 3.2106, 1.9073 2.9724 3.2106, -1.9658 2.9724 3.267, -1.9685 2.9724 3.2874, -1.9685 2.8937 3.2874, -1.9665 2.8937 3.2699, -1.9656 2.8937 3.2671, -1.958 2.9724 3.248, -1.9607 2.8937 3.2532, -1.9576 2.8937 3.2483, -1.9454 2.9724 3.2317, -1.9513 2.8937 3.2383, -1.9451 2.8937 3.2321, -1.9389 2.8937 3.2258, -1.9291 2.9724 3.2192, -1.9289 2.8937 3.2196, -1.9239 2.8937 3.2165, -1.9101 2.9724 3.2113, -1.9073 2.8937 3.2106, -1.9101 2.8937 3.2116, -1.9685 2.8924 3.2976, -1.9685 2.9684 3.318, -1.9685 2.8884 3.3071, -1.9685 2.9566 3.3465, -1.9685 2.8822 3.3152, -1.9685 2.9378 3.3709, -1.9685 2.874 3.3215, -1.9685 2.9134 3.3897, -1.9685 2.8645 3.3254, -1.9685 2.8849 3.4015, 1.9685 2.8927 3.2962, 1.9685 2.8898 3.3045, 1.9685 2.9607 3.3386, 1.9685 2.9695 3.3137, 1.9685 2.968 3.3178, 1.9685 2.8789 3.3182, 1.9685 2.8714 3.3229, 1.9685 2.913 3.3891, 1.9685 2.8631 3.3258, 1.9685 2.8848 3.4011, 1.9685 2.9056 3.3938, 1.9685 2.8806 3.4026, 1.9685 2.928 3.3797, 1.9685 2.9373 3.3704, 1.9685 2.8851 3.3119, 1.9685 2.9467 3.361, 1.9685 2.9561 3.3461, -2.5984 2.8631 3.3258, -2.5984 2.8645 3.3253, -2.5984 2.8714 3.3229, -2.5984 2.8739 3.3213, -2.5984 2.8789 3.3182, -2.5984 2.882 3.3151, -2.5984 2.8851 3.3119, -2.5984 2.8882 3.307, -2.5984 2.8898 3.3045, -2.5984 2.8922 3.2975, -2.5984 2.8927 3.2962, -2.5984 2.8937 3.2874, -2.5984 2.8937 3.184, -2.5984 2.9724 3.184, -2.6004 2.8937 3.1664, -2.6004 2.9724 3.1664, -2.6062 2.8937 3.1498, -2.6062 2.9724 3.1498, -2.6156 2.8937 3.1349, -2.6156 2.9724 3.1349, -2.6281 2.8937 3.1224, -2.6281 2.9724 3.1224, -2.643 2.8937 3.113, -2.643 2.9724 3.113, -2.6596 2.8937 3.1072, -2.6596 2.9724 3.1072, 2.5984 2.9684 3.318, 2.5984 2.9724 3.2874, 2.5984 2.9566 3.3465, 2.5984 2.9378 3.3709, 2.5984 2.9134 3.3897, 2.5984 2.8849 3.4015, 2.5984 2.9724 3.184, 2.5984 2.8937 3.184, 2.6004 2.9724 3.1664, 2.6004 2.8937 3.1664, 2.6062 2.9724 3.1498, 2.6062 2.8937 3.1498, 2.6156 2.9724 3.1349, 2.6156 2.8937 3.1349, 2.6281 2.9724 3.1224, 2.6281 2.8937 3.1224, 2.643 2.9724 3.113, 2.643 2.8937 3.113, 2.6596 2.9724 3.1072, 2.6596 2.8937 3.1072, 2.5984 2.8937 3.2874, 2.5984 2.8631 3.3256, 2.5984 2.8787 3.3179, 2.5984 2.874 3.3215, 2.5984 2.8713 3.3226, 2.5984 2.8645 3.3254, 2.5984 2.8895 3.3044, 2.5984 2.8884 3.3071, 2.5984 2.8848 3.3117, 2.5984 2.8822 3.3152, 2.5984 2.8925 3.2961, 2.5984 2.8924 3.2976, -2.5984 2.9724 3.2874, -2.5984 2.9695 3.3137, -2.5984 2.968 3.3178, -2.5984 2.9607 3.3386, -2.5984 2.9561 3.3461, -2.5984 2.9467 3.361, -2.5984 2.9373 3.3704, -2.5984 2.928 3.3797, -2.5984 2.913 3.3891, -2.5984 2.9056 3.3938, -2.5984 2.8806 3.4026, -2.5984 2.8848 3.4011, -2.5984 2.8848 3.4011
            ]
        }
        coordIndex [
            0,1,2,-1,3,4,2,-1,4,5,2,-1,2,5,6,-1,2,6,0,-1,7,8,2,-1,8,9,2,-1,2,9,10,-1,2,10,3,-1,11,12,13,-1,13,12,14,-1,14,15,13,-1,13,15,16,-1,13,16,17,-1,18,19,20,-1,21,13,22,-1,22,13,23,-1,21,24,13,-1,13,24,25,-1,13,25,11,-1,26,27,19,-1,19,27,28,-1,19,28,20,-1,29,30,31,-1,31,32,29,-1,29,32,13,-1,29,13,33,-1,33,13,17,-1,33,17,34,-1,34,17,35,-1,34,35,36,-1,37,38,39,-1,39,38,40,-1,39,40,30,-1,30,40,41,-1,30,41,31,-1,42,43,44,-1,44,43,45,-1,44,45,46,-1,46,45,47,-1,46,47,48,-1,49,50,51,-1,51,50,43,-1,51,43,52,-1,52,43,42,-1,52,42,37,-1,37,42,53,-1,37,53,38,-1,48,47,54,-1,54,47,55,-1,54,55,56,-1,56,55,57,-1,56,57,58,-1,58,57,59,-1,59,57,18,-1,59,18,2,-1,2,18,20,-1,2,20,7,-1,60,61,62,-1,63,64,65,-1,66,67,68,-1,68,67,69,-1,68,69,70,-1,70,69,71,-1,72,73,74,-1,74,73,75,-1,74,75,76,-1,76,77,74,-1,74,77,78,-1,74,78,62,-1,62,78,79,-1,62,79,60,-1,64,80,65,-1,65,80,81,-1,65,81,69,-1,69,81,82,-1,69,82,71,-1,61,83,62,-1,62,83,84,-1,62,84,85,-1,85,84,86,-1,85,86,87,-1,88,89,90,-1,90,89,91,-1,90,91,65,-1,65,91,92,-1,65,92,63,-1,87,93,85,-1,85,93,94,-1,85,94,90,-1,90,94,95,-1,90,95,88,-1,96,97,98,-1,98,97,99,-1,100,101,102,-1,100,102,103,-1,103,102,104,-1,103,104,105,-1,105,104,106,-1,105,106,107,-1,107,106,98,-1,107,98,99,-1,100,108,101,-1,101,108,109,-1,110,111,112,-1,112,111,113,-1,114,115,116,-1,116,115,117,-1,116,117,118,-1,118,117,119,-1,118,119,120,-1,120,119,121,-1,120,121,122,-1,122,121,123,-1,122,123,124,-1,124,123,125,-1,124,125,126,-1,126,125,127,-1,126,127,128,-1,128,127,129,-1,128,129,130,-1,130,129,131,-1,130,131,132,-1,132,131,133,-1,132,133,134,-1,134,133,135,-1,134,135,136,-1,136,135,137,-1,136,137,112,-1,112,137,110,-1,115,114,138,-1,138,114,139,-1,140,141,142,-1,142,143,140,-1,140,143,144,-1,140,144,145,-1,144,146,145,-1,145,146,147,-1,145,147,148,-1,147,149,148,-1,148,149,150,-1,148,150,151,-1,151,150,152,-1,151,152,153,-1,152,154,153,-1,153,154,155,-1,153,155,156,-1,155,157,156,-1,156,157,158,-1,156,158,139,-1,139,158,138,-1,141,159,142,-1,142,159,160,-1,161,162,163,-1,163,162,164,-1,163,164,165,-1,165,164,166,-1,165,166,167,-1,167,166,168,-1,167,168,169,-1,169,168,170,-1,169,170,171,-1,171,170,172,-1,171,172,173,-1,173,172,174,-1,173,174,159,-1,159,174,160,-1,162,161,175,-1,175,161,176,-1,177,178,179,-1,113,111,180,-1,180,111,177,-1,180,177,181,-1,181,177,179,-1,182,183,184,-1,184,183,185,-1,184,185,178,-1,178,185,186,-1,178,186,179,-1,187,188,182,-1,182,188,189,-1,182,189,183,-1,190,191,187,-1,187,191,192,-1,187,192,188,-1,175,176,190,-1,190,176,193,-1,190,193,191,-1,109,108,194,-1,194,108,195,-1,194,195,196,-1,196,195,197,-1,196,197,198,-1,198,197,199,-1,198,199,200,-1,200,199,201,-1,200,201,202,-1,202,201,203,-1,202,203,204,-1,204,203,205,-1,204,205,206,-1,206,205,207,-1,206,207,208,-1,208,207,209,-1,208,209,210,-1,210,209,211,-1,210,211,212,-1,212,211,213,-1,212,213,214,-1,214,213,215,-1,214,215,216,-1,216,215,217,-1,149,147,218,-1,218,147,146,-1,218,146,144,-1,155,154,218,-1,154,152,218,-1,218,152,150,-1,218,150,149,-1,219,174,172,-1,144,143,218,-1,218,143,142,-1,218,142,219,-1,219,142,160,-1,219,160,174,-1,172,170,219,-1,219,170,168,-1,219,168,166,-1,115,96,117,-1,117,96,98,-1,117,98,119,-1,119,98,121,-1,106,125,98,-1,98,125,123,-1,98,123,121,-1,137,135,101,-1,101,135,133,-1,101,133,131,-1,166,164,219,-1,219,164,162,-1,219,162,216,-1,155,218,157,-1,157,218,220,-1,157,220,221,-1,115,138,96,-1,96,138,158,-1,96,158,222,-1,222,158,157,-1,222,157,223,-1,223,157,221,-1,109,184,178,-1,131,129,101,-1,101,129,127,-1,101,127,102,-1,102,127,125,-1,102,125,104,-1,104,125,106,-1,190,187,109,-1,109,187,182,-1,109,182,184,-1,210,212,190,-1,162,175,216,-1,216,175,190,-1,216,190,214,-1,214,190,212,-1,178,177,109,-1,109,177,111,-1,109,111,101,-1,101,111,110,-1,101,110,137,-1,109,194,190,-1,190,194,196,-1,190,196,198,-1,198,200,190,-1,190,200,202,-1,190,202,204,-1,204,206,190,-1,190,206,208,-1,190,208,210,-1,224,218,225,-1,225,218,226,-1,225,226,227,-1,227,226,228,-1,227,228,229,-1,97,96,230,-1,230,96,222,-1,222,223,230,-1,230,223,221,-1,230,221,224,-1,224,221,220,-1,224,220,218,-1,165,167,231,-1,185,183,108,-1,108,183,189,-1,165,231,163,-1,217,215,191,-1,191,215,213,-1,191,213,211,-1,167,169,231,-1,231,169,171,-1,231,171,173,-1,181,179,108,-1,108,179,186,-1,108,186,185,-1,211,209,191,-1,191,209,207,-1,191,207,205,-1,145,148,225,-1,97,230,156,-1,156,230,224,-1,156,224,225,-1,173,159,231,-1,231,159,141,-1,231,141,225,-1,225,141,140,-1,225,140,145,-1,148,151,225,-1,225,151,153,-1,225,153,156,-1,130,100,128,-1,128,100,126,-1,205,203,191,-1,191,203,201,-1,191,201,199,-1,191,193,217,-1,217,193,176,-1,217,176,231,-1,231,176,161,-1,231,161,163,-1,130,132,100,-1,100,132,134,-1,100,134,136,-1,99,118,120,-1,136,112,100,-1,100,112,113,-1,100,113,108,-1,108,113,180,-1,108,180,181,-1,189,188,108,-1,108,188,192,-1,108,192,195,-1,195,192,191,-1,195,191,197,-1,197,191,199,-1,120,122,99,-1,99,122,124,-1,99,124,107,-1,107,124,105,-1,156,139,97,-1,97,139,114,-1,97,114,99,-1,99,114,116,-1,99,116,118,-1,126,100,124,-1,124,100,103,-1,124,103,105,-1,232,233,234,-1,232,234,235,-1,234,236,235,-1,235,236,237,-1,235,237,238,-1,238,237,239,-1,238,239,240,-1,240,239,241,-1,242,243,244,-1,244,243,240,-1,244,240,245,-1,245,240,241,-1,246,247,248,-1,248,247,249,-1,250,251,252,-1,252,251,253,-1,252,253,254,-1,255,256,257,-1,257,256,258,-1,257,258,259,-1,260,261,252,-1,262,263,248,-1,248,263,264,-1,248,264,246,-1,259,265,257,-1,257,265,266,-1,257,266,267,-1,261,268,252,-1,252,268,269,-1,252,269,250,-1,254,270,252,-1,252,270,271,-1,252,271,237,-1,237,271,272,-1,237,272,273,-1,273,274,237,-1,237,274,275,-1,237,275,276,-1,277,278,279,-1,279,278,280,-1,267,281,257,-1,257,281,282,-1,257,282,283,-1,284,285,252,-1,252,285,286,-1,252,286,260,-1,276,287,237,-1,237,287,288,-1,237,288,289,-1,277,290,278,-1,278,290,291,-1,278,291,292,-1,289,293,237,-1,237,293,294,-1,237,294,295,-1,244,245,295,-1,296,297,298,-1,298,299,296,-1,296,299,300,-1,296,300,301,-1,301,300,302,-1,292,303,278,-1,278,303,304,-1,278,304,248,-1,248,304,305,-1,248,305,262,-1,249,306,248,-1,248,306,307,-1,248,307,308,-1,308,307,257,-1,308,257,309,-1,309,257,283,-1,257,310,255,-1,255,310,311,-1,255,311,252,-1,252,311,312,-1,252,312,284,-1,244,295,242,-1,245,241,295,-1,295,241,239,-1,295,239,237,-1,295,313,242,-1,242,313,314,-1,242,314,296,-1,296,314,315,-1,296,315,297,-1,280,278,300,-1,300,278,316,-1,300,316,302,-1,317,248,318,-1,318,248,308,-1,318,308,319,-1,319,308,309,-1,319,309,320,-1,320,309,283,-1,320,283,321,-1,321,283,282,-1,321,282,322,-1,322,282,281,-1,322,281,323,-1,323,281,267,-1,323,267,324,-1,324,267,266,-1,324,266,325,-1,325,266,265,-1,325,265,326,-1,326,265,259,-1,326,259,327,-1,327,259,258,-1,327,258,328,-1,328,258,256,-1,328,256,329,-1,329,256,255,-1,330,331,332,-1,333,334,235,-1,235,334,335,-1,235,335,336,-1,331,337,332,-1,332,337,338,-1,332,338,339,-1,340,341,342,-1,342,341,343,-1,342,343,243,-1,344,345,342,-1,342,345,346,-1,342,346,340,-1,347,348,349,-1,349,348,350,-1,349,350,351,-1,343,352,243,-1,243,352,353,-1,243,353,240,-1,240,353,333,-1,240,333,238,-1,238,333,235,-1,336,354,235,-1,235,354,355,-1,235,355,332,-1,332,355,356,-1,356,357,332,-1,332,357,358,-1,332,358,359,-1,359,360,332,-1,332,360,361,-1,332,361,330,-1,339,362,332,-1,332,362,363,-1,332,363,329,-1,317,364,365,-1,351,366,349,-1,349,366,367,-1,349,367,368,-1,368,367,345,-1,368,345,369,-1,369,345,344,-1,370,371,317,-1,317,371,372,-1,317,372,364,-1,326,327,370,-1,363,373,329,-1,329,373,370,-1,329,370,328,-1,328,370,327,-1,317,318,370,-1,370,318,319,-1,370,319,320,-1,365,374,317,-1,317,374,375,-1,317,375,349,-1,349,375,376,-1,349,376,347,-1,320,321,370,-1,370,321,322,-1,370,322,323,-1,323,324,370,-1,370,324,325,-1,370,325,326,-1,370,373,311,-1,311,310,370,-1,370,310,257,-1,370,257,371,-1,257,307,371,-1,371,307,306,-1,371,306,372,-1,306,249,372,-1,372,249,247,-1,372,247,364,-1,364,247,246,-1,364,246,365,-1,246,264,365,-1,365,264,263,-1,365,263,374,-1,263,262,374,-1,374,262,305,-1,374,305,375,-1,375,305,304,-1,373,363,311,-1,311,363,312,-1,312,363,284,-1,284,363,362,-1,284,362,285,-1,285,362,339,-1,285,339,286,-1,286,339,338,-1,286,338,260,-1,260,338,337,-1,260,337,261,-1,261,337,331,-1,261,331,268,-1,268,331,330,-1,268,330,269,-1,269,330,361,-1,269,361,250,-1,250,361,360,-1,250,360,251,-1,251,360,359,-1,251,359,253,-1,253,359,358,-1,253,358,254,-1,254,358,357,-1,254,357,270,-1,270,357,356,-1,355,271,356,-1,356,271,270,-1,333,353,313,-1,313,295,333,-1,333,295,294,-1,333,294,334,-1,294,293,334,-1,334,293,289,-1,334,289,335,-1,335,289,288,-1,288,287,335,-1,335,287,276,-1,335,276,336,-1,276,275,336,-1,336,275,274,-1,336,274,354,-1,271,355,272,-1,272,355,354,-1,272,354,273,-1,273,354,274,-1,353,352,313,-1,313,352,314,-1,376,303,347,-1,347,303,292,-1,347,292,348,-1,348,292,291,-1,348,291,350,-1,350,291,290,-1,350,290,351,-1,351,290,277,-1,351,277,366,-1,366,277,279,-1,366,279,367,-1,367,279,280,-1,367,280,345,-1,345,280,300,-1,345,300,346,-1,346,300,299,-1,346,299,340,-1,340,299,298,-1,340,298,341,-1,341,298,297,-1,341,297,343,-1,343,297,315,-1,343,315,352,-1,352,315,314,-1,303,376,304,-1,304,376,375,-1,342,243,296,-1,296,243,242,-1,349,278,317,-1,317,278,248,-1,342,296,301,-1,342,301,344,-1,344,301,302,-1,344,302,369,-1,369,302,316,-1,369,316,368,-1,368,316,278,-1,368,278,349,-1,377,378,379,-1,378,380,379,-1,379,380,381,-1,379,381,382,-1,383,384,385,-1,385,384,386,-1,387,388,389,-1,387,390,391,-1,382,392,379,-1,379,392,393,-1,379,393,394,-1,394,393,387,-1,394,387,395,-1,395,387,389,-1,391,396,387,-1,387,396,397,-1,387,397,388,-1,385,398,383,-1,383,398,399,-1,383,399,400,-1,400,401,383,-1,383,401,402,-1,383,402,403,-1,404,405,406,-1,406,405,407,-1,404,408,405,-1,405,408,409,-1,405,409,410,-1,410,409,386,-1,410,386,379,-1,379,386,384,-1,379,384,377,-1,410,411,412,-1,410,412,405,-1,405,412,413,-1,405,413,407,-1,407,413,414,-1,407,414,406,-1,406,414,415,-1,406,415,404,-1,404,415,416,-1,404,416,408,-1,408,416,417,-1,408,417,409,-1,409,417,418,-1,409,418,386,-1,419,385,418,-1,418,385,386,-1,385,419,420,-1,385,420,398,-1,398,420,421,-1,398,421,399,-1,421,422,399,-1,399,422,423,-1,399,423,400,-1,423,424,400,-1,400,424,425,-1,400,425,401,-1,401,425,426,-1,401,426,402,-1,426,427,402,-1,402,427,428,-1,402,428,403,-1,403,428,429,-1,429,430,403,-1,403,430,431,-1,403,431,383,-1,432,384,431,-1,431,384,383,-1,384,432,377,-1,377,432,433,-1,377,433,378,-1,378,433,434,-1,378,434,380,-1,380,434,435,-1,380,435,381,-1,381,435,436,-1,381,436,382,-1,382,436,437,-1,382,437,392,-1,392,437,438,-1,392,438,393,-1,393,438,439,-1,440,387,439,-1,439,387,393,-1,387,440,441,-1,387,441,390,-1,390,441,442,-1,390,442,391,-1,391,442,443,-1,391,443,396,-1,396,443,444,-1,396,444,397,-1,397,444,445,-1,397,445,388,-1,446,389,445,-1,445,389,388,-1,437,436,447,-1,437,447,438,-1,436,435,447,-1,447,435,434,-1,447,434,433,-1,429,428,411,-1,433,432,447,-1,447,432,431,-1,447,431,411,-1,411,431,430,-1,411,430,429,-1,448,449,447,-1,447,449,439,-1,447,439,438,-1,428,427,411,-1,411,427,426,-1,411,426,425,-1,425,424,411,-1,411,424,423,-1,411,423,422,-1,450,446,449,-1,449,446,440,-1,449,440,439,-1,419,411,420,-1,420,411,422,-1,420,422,421,-1,446,445,440,-1,440,445,444,-1,440,444,441,-1,441,444,443,-1,441,443,442,-1,419,418,411,-1,411,418,417,-1,411,417,416,-1,416,415,411,-1,411,415,414,-1,411,414,412,-1,412,414,413,-1,451,452,453,-1,453,452,454,-1,451,453,455,-1,455,453,456,-1,457,452,458,-1,458,452,451,-1,458,451,455,-1,452,457,454,-1,454,457,459,-1,454,459,453,-1,453,459,460,-1,453,460,456,-1,461,462,463,-1,463,462,464,-1,463,464,465,-1,465,464,466,-1,465,466,467,-1,468,469,470,-1,470,469,471,-1,470,471,472,-1,472,471,467,-1,472,467,473,-1,473,467,466,-1,470,474,468,-1,468,474,475,-1,468,475,476,-1,476,475,477,-1,476,477,478,-1,478,477,479,-1,50,49,480,-1,480,49,481,-1,480,481,482,-1,482,481,483,-1,482,483,484,-1,484,483,485,-1,484,485,486,-1,486,485,487,-1,486,487,488,-1,488,487,489,-1,488,489,490,-1,490,489,491,-1,490,491,479,-1,479,491,492,-1,479,492,478,-1,476,478,493,-1,494,461,495,-1,495,461,496,-1,461,497,496,-1,496,497,465,-1,496,465,498,-1,498,465,467,-1,467,499,498,-1,498,499,469,-1,498,469,493,-1,493,469,468,-1,493,468,476,-1,495,500,494,-1,494,500,501,-1,494,501,502,-1,502,501,503,-1,502,503,504,-1,470,505,506,-1,506,505,507,-1,506,507,475,-1,475,507,477,-1,470,508,505,-1,505,508,473,-1,505,473,509,-1,510,511,512,-1,512,511,513,-1,473,466,509,-1,509,466,464,-1,509,464,514,-1,514,464,462,-1,514,462,515,-1,515,462,516,-1,515,516,512,-1,512,516,517,-1,512,517,510,-1,510,517,516,-1,518,519,520,-1,516,462,461,-1,521,522,461,-1,461,522,523,-1,461,523,516,-1,516,523,511,-1,516,511,510,-1,502,504,520,-1,520,504,524,-1,520,524,518,-1,525,526,527,-1,528,529,530,-1,530,529,531,-1,530,531,532,-1,521,461,520,-1,520,461,494,-1,520,494,502,-1,525,527,533,-1,534,535,536,-1,528,537,529,-1,529,537,538,-1,529,538,539,-1,533,527,536,-1,536,527,540,-1,536,540,534,-1,539,541,529,-1,529,541,527,-1,529,527,542,-1,542,527,526,-1,542,526,519,-1,519,526,543,-1,519,543,520,-1,544,545,546,-1,500,495,514,-1,546,545,547,-1,548,549,514,-1,514,549,550,-1,514,550,500,-1,500,550,503,-1,500,503,501,-1,551,552,546,-1,546,552,553,-1,546,553,544,-1,554,555,556,-1,556,555,557,-1,512,513,546,-1,546,513,558,-1,546,558,551,-1,559,560,561,-1,555,562,557,-1,557,562,563,-1,557,563,564,-1,548,514,546,-1,546,514,515,-1,546,515,512,-1,559,561,565,-1,564,566,557,-1,557,566,567,-1,557,567,561,-1,561,568,569,-1,547,545,560,-1,560,545,570,-1,560,570,561,-1,561,570,571,-1,561,571,557,-1,569,572,561,-1,561,572,573,-1,561,573,565,-1,550,524,503,-1,503,524,504,-1,558,513,523,-1,523,513,511,-1,557,543,556,-1,556,543,526,-1,558,523,551,-1,551,523,522,-1,551,522,552,-1,552,522,553,-1,553,522,521,-1,553,521,544,-1,520,543,557,-1,557,571,520,-1,520,571,570,-1,520,570,521,-1,521,570,545,-1,521,545,544,-1,547,529,546,-1,546,529,542,-1,546,542,548,-1,548,542,519,-1,548,519,549,-1,549,519,518,-1,549,518,550,-1,550,518,524,-1,547,560,529,-1,529,560,531,-1,561,541,539,-1,561,539,568,-1,568,539,538,-1,568,538,569,-1,569,538,537,-1,569,537,572,-1,572,537,528,-1,572,528,573,-1,573,528,530,-1,573,530,565,-1,565,530,532,-1,565,532,559,-1,559,532,531,-1,559,531,560,-1,541,561,527,-1,527,561,567,-1,527,567,566,-1,527,566,540,-1,540,566,564,-1,540,564,534,-1,534,564,563,-1,534,563,535,-1,535,563,562,-1,535,562,536,-1,536,562,555,-1,536,555,533,-1,533,555,554,-1,533,554,525,-1,525,554,556,-1,525,556,526,-1,574,575,576,-1,576,575,577,-1,576,577,578,-1,578,577,579,-1,578,579,580,-1,580,579,581,-1,580,581,582,-1,582,581,583,-1,582,583,584,-1,584,583,585,-1,584,585,586,-1,586,585,587,-1,586,587,588,-1,588,587,589,-1,590,591,588,-1,588,591,592,-1,593,588,594,-1,594,588,595,-1,589,596,588,-1,588,596,597,-1,588,597,595,-1,595,597,598,-1,595,598,599,-1,599,598,600,-1,593,601,588,-1,588,601,602,-1,588,602,603,-1,604,605,606,-1,606,605,607,-1,606,607,591,-1,591,607,608,-1,591,608,592,-1,609,610,598,-1,611,612,588,-1,604,613,605,-1,605,613,614,-1,605,614,615,-1,615,614,616,-1,610,617,598,-1,598,617,618,-1,598,618,600,-1,612,619,588,-1,588,619,620,-1,588,620,590,-1,621,622,623,-1,624,625,626,-1,626,625,627,-1,626,627,628,-1,616,629,615,-1,615,629,630,-1,615,630,631,-1,631,630,632,-1,631,632,633,-1,633,632,634,-1,634,632,635,-1,634,635,623,-1,623,635,636,-1,623,636,621,-1,628,637,626,-1,626,637,611,-1,626,611,638,-1,638,611,588,-1,638,588,639,-1,639,588,603,-1,640,641,642,-1,622,643,623,-1,623,643,644,-1,623,644,645,-1,646,647,648,-1,649,650,651,-1,651,650,652,-1,651,652,653,-1,653,652,654,-1,654,655,653,-1,653,655,656,-1,653,656,657,-1,656,658,657,-1,657,658,659,-1,657,659,598,-1,598,659,660,-1,598,660,609,-1,661,662,641,-1,641,662,663,-1,641,663,642,-1,640,642,626,-1,626,642,664,-1,626,664,665,-1,665,666,626,-1,626,666,667,-1,626,667,624,-1,645,668,623,-1,623,668,669,-1,623,669,670,-1,649,671,650,-1,650,671,672,-1,650,672,648,-1,648,672,673,-1,648,673,646,-1,670,674,623,-1,623,674,675,-1,623,675,676,-1,647,677,648,-1,648,677,678,-1,648,678,679,-1,676,680,623,-1,623,680,681,-1,623,681,682,-1,682,683,623,-1,623,683,684,-1,623,684,685,-1,679,686,648,-1,648,686,687,-1,648,687,688,-1,689,690,691,-1,688,692,648,-1,648,692,693,-1,648,693,694,-1,685,695,623,-1,623,695,689,-1,623,689,696,-1,696,689,691,-1,696,691,697,-1,694,698,648,-1,648,698,699,-1,648,699,700,-1,700,701,648,-1,648,701,702,-1,648,702,703,-1,704,705,706,-1,703,707,648,-1,648,707,704,-1,648,704,708,-1,708,704,706,-1,708,706,709,-1,605,710,607,-1,607,710,711,-1,607,711,608,-1,608,711,712,-1,608,712,592,-1,592,712,713,-1,714,715,716,-1,717,718,716,-1,716,718,719,-1,710,720,721,-1,722,716,713,-1,715,723,716,-1,716,723,724,-1,716,724,717,-1,719,725,716,-1,716,725,726,-1,716,726,727,-1,713,712,722,-1,722,712,711,-1,722,711,728,-1,728,711,710,-1,728,710,729,-1,729,710,721,-1,720,710,730,-1,730,710,731,-1,730,731,732,-1,733,734,735,-1,722,736,716,-1,716,736,737,-1,716,737,738,-1,739,740,741,-1,741,740,742,-1,742,743,741,-1,741,743,744,-1,741,744,745,-1,746,747,735,-1,748,749,719,-1,719,749,750,-1,719,750,751,-1,752,753,754,-1,754,753,751,-1,754,751,755,-1,755,751,750,-1,756,757,758,-1,758,757,759,-1,758,759,760,-1,732,731,761,-1,761,731,762,-1,761,762,741,-1,741,762,763,-1,741,763,764,-1,747,765,735,-1,735,765,766,-1,735,766,733,-1,767,768,769,-1,769,768,770,-1,769,770,734,-1,734,770,771,-1,734,771,735,-1,735,772,716,-1,716,772,773,-1,716,773,714,-1,718,774,719,-1,719,774,775,-1,719,775,776,-1,752,777,753,-1,753,777,778,-1,753,778,779,-1,779,778,780,-1,779,780,781,-1,781,780,782,-1,781,782,758,-1,758,782,783,-1,758,783,756,-1,760,784,758,-1,758,784,785,-1,758,785,786,-1,764,787,741,-1,741,787,788,-1,741,788,739,-1,745,789,741,-1,741,789,790,-1,741,790,791,-1,776,792,719,-1,719,792,793,-1,719,793,748,-1,786,794,758,-1,758,794,795,-1,758,795,796,-1,791,797,741,-1,741,797,798,-1,741,798,799,-1,738,800,716,-1,716,800,801,-1,716,801,735,-1,735,801,802,-1,735,802,803,-1,803,804,735,-1,735,804,805,-1,735,805,746,-1,796,806,758,-1,758,806,807,-1,758,807,808,-1,809,810,799,-1,799,810,811,-1,799,811,741,-1,799,812,813,-1,814,815,816,-1,816,815,817,-1,807,818,808,-1,808,818,815,-1,808,815,819,-1,819,815,814,-1,813,820,799,-1,799,820,821,-1,799,821,809,-1,596,726,597,-1,597,726,725,-1,597,725,598,-1,598,725,719,-1,598,719,657,-1,657,719,751,-1,657,751,653,-1,653,751,753,-1,653,753,779,-1,653,779,651,-1,651,779,781,-1,651,781,649,-1,649,781,758,-1,649,758,671,-1,671,758,672,-1,672,758,808,-1,679,678,816,-1,808,819,672,-1,672,819,673,-1,816,678,814,-1,678,677,814,-1,814,677,647,-1,814,647,819,-1,819,647,646,-1,819,646,673,-1,679,816,686,-1,686,816,817,-1,686,817,687,-1,687,817,815,-1,687,815,688,-1,688,815,692,-1,692,815,818,-1,692,818,693,-1,693,818,807,-1,693,807,694,-1,698,694,806,-1,806,694,807,-1,806,796,698,-1,698,796,699,-1,699,796,700,-1,700,796,795,-1,700,795,701,-1,701,795,794,-1,701,794,702,-1,702,794,786,-1,702,786,703,-1,703,786,785,-1,703,785,707,-1,707,785,784,-1,707,784,704,-1,704,784,760,-1,704,760,705,-1,705,760,759,-1,705,759,706,-1,706,759,757,-1,706,757,709,-1,709,757,756,-1,709,756,708,-1,756,783,708,-1,708,783,782,-1,708,782,648,-1,648,782,650,-1,650,782,780,-1,650,780,652,-1,652,780,778,-1,652,778,654,-1,654,778,777,-1,654,777,655,-1,655,777,752,-1,655,752,656,-1,656,752,754,-1,656,754,658,-1,658,754,755,-1,658,755,659,-1,659,755,750,-1,659,750,660,-1,660,750,749,-1,660,749,609,-1,609,749,748,-1,609,748,610,-1,610,748,793,-1,610,793,617,-1,617,793,792,-1,617,792,618,-1,618,792,776,-1,618,776,600,-1,600,776,775,-1,600,775,599,-1,599,775,774,-1,599,774,595,-1,595,774,718,-1,595,718,594,-1,594,718,717,-1,594,717,593,-1,593,717,724,-1,593,724,601,-1,601,724,723,-1,601,723,602,-1,602,723,715,-1,602,715,603,-1,603,715,714,-1,603,714,639,-1,639,714,773,-1,639,773,638,-1,638,773,772,-1,638,772,626,-1,626,772,735,-1,626,735,640,-1,640,735,771,-1,640,771,641,-1,641,771,770,-1,822,823,824,-1,824,823,825,-1,824,825,826,-1,826,825,827,-1,826,827,828,-1,828,827,829,-1,828,829,830,-1,830,829,831,-1,830,831,832,-1,832,831,833,-1,832,833,834,-1,834,833,835,-1,834,835,836,-1,836,835,837,-1,836,837,768,-1,768,837,661,-1,768,661,770,-1,770,661,641,-1,838,839,835,-1,661,837,662,-1,662,837,840,-1,835,839,837,-1,837,839,841,-1,837,841,840,-1,838,835,842,-1,842,835,833,-1,842,833,843,-1,843,833,831,-1,843,831,844,-1,844,831,845,-1,845,831,829,-1,845,829,846,-1,846,829,847,-1,847,829,827,-1,847,827,848,-1,848,827,825,-1,848,825,849,-1,769,663,767,-1,767,663,662,-1,767,662,850,-1,850,662,840,-1,850,840,851,-1,851,840,841,-1,851,841,852,-1,852,841,839,-1,852,839,853,-1,853,839,838,-1,853,838,854,-1,854,838,842,-1,854,842,855,-1,855,842,843,-1,855,843,856,-1,856,843,844,-1,856,844,857,-1,857,844,845,-1,857,845,858,-1,858,845,846,-1,858,846,859,-1,859,846,847,-1,859,847,860,-1,860,847,848,-1,860,848,861,-1,861,848,849,-1,861,849,862,-1,862,849,863,-1,663,769,642,-1,642,769,734,-1,642,734,664,-1,664,734,733,-1,664,733,665,-1,665,733,766,-1,665,766,666,-1,666,766,765,-1,666,765,667,-1,667,765,747,-1,667,747,624,-1,624,747,746,-1,624,746,625,-1,625,746,805,-1,625,805,627,-1,627,805,804,-1,627,804,628,-1,628,804,803,-1,628,803,637,-1,637,803,802,-1,637,802,611,-1,611,802,801,-1,611,801,612,-1,612,801,800,-1,612,800,619,-1,619,800,738,-1,619,738,620,-1,620,738,737,-1,620,737,590,-1,590,737,736,-1,590,736,591,-1,591,736,722,-1,591,722,606,-1,606,722,728,-1,606,728,604,-1,604,728,729,-1,604,729,613,-1,613,729,721,-1,613,721,614,-1,614,721,720,-1,614,720,616,-1,616,720,730,-1,616,730,629,-1,629,730,732,-1,629,732,630,-1,630,732,761,-1,630,761,632,-1,632,761,741,-1,632,741,635,-1,635,741,811,-1,645,644,821,-1,811,810,635,-1,635,810,636,-1,821,644,809,-1,644,643,809,-1,809,643,622,-1,809,622,810,-1,810,622,621,-1,810,621,636,-1,645,821,668,-1,668,821,820,-1,668,820,669,-1,669,820,813,-1,669,813,670,-1,670,813,674,-1,674,813,812,-1,674,812,675,-1,675,812,799,-1,675,799,676,-1,680,676,798,-1,798,676,799,-1,798,797,680,-1,680,797,681,-1,681,797,682,-1,682,797,791,-1,682,791,683,-1,683,791,790,-1,683,790,684,-1,684,790,789,-1,684,789,685,-1,685,789,745,-1,685,745,695,-1,695,745,744,-1,695,744,689,-1,689,744,743,-1,689,743,690,-1,690,743,742,-1,690,742,691,-1,691,742,740,-1,691,740,697,-1,697,740,739,-1,697,739,696,-1,739,788,696,-1,696,788,787,-1,696,787,623,-1,623,787,634,-1,634,787,764,-1,634,764,763,-1,634,763,633,-1,633,763,762,-1,633,762,631,-1,631,762,731,-1,631,731,615,-1,615,731,605,-1,605,731,710,-1,861,824,860,-1,860,824,826,-1,828,830,856,-1,856,857,828,-1,828,857,858,-1,828,858,826,-1,826,858,859,-1,826,859,860,-1,834,853,832,-1,832,853,854,-1,832,854,830,-1,830,854,855,-1,830,855,856,-1,836,851,834,-1,834,851,852,-1,834,852,853,-1,768,767,836,-1,836,767,850,-1,836,850,851,-1,864,822,865,-1,865,822,824,-1,865,824,866,-1,824,861,866,-1,866,861,862,-1,866,862,867,-1,868,865,869,-1,869,865,870,-1,871,866,872,-1,872,866,873,-1,868,874,865,-1,865,874,875,-1,865,875,864,-1,867,876,866,-1,866,876,877,-1,866,877,873,-1,865,878,879,-1,865,879,870,-1,870,879,880,-1,870,880,869,-1,869,880,881,-1,869,881,868,-1,868,881,882,-1,868,882,874,-1,874,882,883,-1,874,883,875,-1,875,883,884,-1,875,884,864,-1,864,884,823,-1,864,823,822,-1,849,825,885,-1,885,825,823,-1,885,823,886,-1,886,823,878,-1,885,887,849,-1,849,887,888,-1,849,888,889,-1,889,890,849,-1,849,890,891,-1,849,891,892,-1,893,894,895,-1,884,880,823,-1,823,880,879,-1,823,879,878,-1,884,883,880,-1,880,883,882,-1,880,882,881,-1,892,896,849,-1,849,896,893,-1,849,893,863,-1,863,893,895,-1,889,888,872,-1,866,871,886,-1,886,871,885,-1,872,888,871,-1,871,888,887,-1,871,887,885,-1,889,872,890,-1,890,872,873,-1,890,873,891,-1,891,873,877,-1,891,877,892,-1,892,877,896,-1,896,877,876,-1,896,876,893,-1,893,876,894,-1,894,876,867,-1,894,867,895,-1,895,867,862,-1,895,862,863,-1,865,866,878,-1,878,866,886,-1,897,898,899,-1,899,898,900,-1,898,897,901,-1,901,897,902,-1,901,902,903,-1,903,902,904,-1,903,904,905,-1,905,904,906,-1,905,906,907,-1,907,906,908,-1,907,908,909,-1,909,908,910,-1,909,910,911,-1,911,910,912,-1,911,912,913,-1,913,912,914,-1,913,914,915,-1,915,914,916,-1,915,916,917,-1,917,916,918,-1,917,918,919,-1,919,918,920,-1,919,920,921,-1,921,920,922,-1,921,922,923,-1,923,922,924,-1,925,926,924,-1,924,926,923,-1,927,928,929,-1,929,928,930,-1,929,930,931,-1,931,930,932,-1,931,932,933,-1,933,932,934,-1,933,934,935,-1,935,934,936,-1,935,936,937,-1,937,936,938,-1,937,938,939,-1,939,938,940,-1,939,940,941,-1,941,940,942,-1,941,942,943,-1,943,942,944,-1,943,944,945,-1,945,944,946,-1,945,946,947,-1,947,946,948,-1,947,948,949,-1,949,948,950,-1,949,950,951,-1,951,950,952,-1,951,952,953,-1,953,952,954,-1,928,927,955,-1,955,927,956,-1,955,956,957,-1,957,956,958,-1,957,958,959,-1,959,958,960,-1,959,960,961,-1,961,960,962,-1,961,962,963,-1,963,962,964,-1,963,964,965,-1,965,964,966,-1,965,966,967,-1,967,966,968,-1,967,968,969,-1,969,968,970,-1,969,970,971,-1,971,970,972,-1,971,972,973,-1,973,972,974,-1,973,974,975,-1,975,974,976,-1,975,976,977,-1,977,976,978,-1,979,980,981,-1,981,980,982,-1,981,982,953,-1,947,949,982,-1,982,949,951,-1,982,951,953,-1,982,983,947,-1,947,983,984,-1,947,984,945,-1,945,984,985,-1,945,985,943,-1,943,985,986,-1,943,986,941,-1,941,986,987,-1,941,987,939,-1,939,987,988,-1,939,988,937,-1,937,988,989,-1,937,989,935,-1,935,989,990,-1,935,990,933,-1,933,990,991,-1,933,991,931,-1,931,991,992,-1,931,992,929,-1,929,992,993,-1,994,995,996,-1,994,996,997,-1,997,996,998,-1,997,998,999,-1,999,998,1000,-1,999,1000,1001,-1,1001,1000,1002,-1,1001,1002,1003,-1,1003,1002,1004,-1,1003,1004,1005,-1,1005,1004,1006,-1,1005,1006,1007,-1,1007,1006,926,-1,1007,926,925,-1,930,1008,1009,-1,1010,1011,1012,-1,1012,1011,1013,-1,1011,954,1013,-1,1013,954,952,-1,1013,952,1014,-1,1014,952,950,-1,1014,950,1015,-1,1015,950,948,-1,1015,948,1016,-1,1016,948,946,-1,1016,946,1017,-1,1017,946,944,-1,1017,944,1018,-1,1018,944,942,-1,1018,942,1019,-1,1019,942,940,-1,1019,940,1020,-1,1020,940,938,-1,1020,938,1021,-1,1021,938,936,-1,1021,936,1022,-1,1022,936,934,-1,1022,934,1009,-1,1009,934,932,-1,1009,932,930,-1,1023,1024,1012,-1,1023,1012,1025,-1,1024,1026,1012,-1,1012,1026,1027,-1,1012,1027,1028,-1,1012,1029,1030,-1,1028,1031,1012,-1,1012,1031,1032,-1,1012,1032,1029,-1,1030,1033,1012,-1,1012,1033,1034,-1,1012,1034,1010,-1,1025,1012,1035,-1,1035,1012,1036,-1,1035,1036,1037,-1,1037,1038,1035,-1,1035,1038,1039,-1,1035,1039,1040,-1,1032,1041,1029,-1,1029,1041,1042,-1,1029,1042,1043,-1,1043,1042,1044,-1,1043,1044,1045,-1,1035,1046,1047,-1,1040,1048,1035,-1,1035,1048,1049,-1,1035,1049,1050,-1,1047,1051,1035,-1,1035,1051,1052,-1,1035,1052,1053,-1,1050,1054,1035,-1,1035,1054,1055,-1,1035,1055,1056,-1,1057,1058,1059,-1,1056,1060,1061,-1,1056,1061,1035,-1,1035,1061,1062,-1,1035,1062,1046,-1,1053,1063,1035,-1,1035,1063,1057,-1,1035,1057,1064,-1,1064,1057,1059,-1,1064,1059,1065,-1,1062,1061,1066,-1,1066,1061,1067,-1,1068,1035,1064,-1,1068,1064,1069,-1,1069,1064,1065,-1,1069,1065,1070,-1,1065,1059,1070,-1,1070,1059,1058,-1,1070,1058,1071,-1,1058,1057,1071,-1,1071,1057,1063,-1,1071,1063,1072,-1,1072,1063,1053,-1,1072,1053,1073,-1,1053,1052,1073,-1,1073,1052,1051,-1,1073,1051,1074,-1,1074,1051,1047,-1,1047,1046,1074,-1,1074,1046,1062,-1,1074,1062,1066,-1,1035,1068,1025,-1,1025,1068,1075,-1,1025,1075,1023,-1,1023,1075,1076,-1,1023,1076,1024,-1,1024,1076,1077,-1,1024,1077,1026,-1,1026,1077,1078,-1,1026,1078,1027,-1,1027,1078,1079,-1,1027,1079,1028,-1,1028,1079,1080,-1,1028,1080,1031,-1,1031,1080,1081,-1,1031,1081,1032,-1,1032,1081,1082,-1,1041,1032,1083,-1,1083,1032,1082,-1,1084,1029,1043,-1,1084,1043,1085,-1,1085,1043,1045,-1,1085,1045,1086,-1,1086,1045,1044,-1,1086,1044,1087,-1,1087,1044,1042,-1,1087,1042,1088,-1,1088,1042,1041,-1,1088,1041,1083,-1,1030,1029,1089,-1,1089,1029,1084,-1,981,953,954,-1,1090,979,1010,-1,981,954,979,-1,979,954,1011,-1,979,1011,1010,-1,1030,1089,1033,-1,1033,1089,1090,-1,1033,1090,1034,-1,1034,1090,1010,-1,1091,1036,980,-1,980,1036,1012,-1,980,1012,982,-1,982,1012,1013,-1,982,1013,983,-1,983,1013,1014,-1,983,1014,984,-1,984,1014,1015,-1,984,1015,985,-1,985,1015,1016,-1,985,1016,986,-1,986,1016,1017,-1,986,1017,987,-1,987,1017,1018,-1,987,1018,988,-1,988,1018,1019,-1,988,1019,989,-1,989,1019,1020,-1,989,1020,990,-1,990,1020,1021,-1,990,1021,991,-1,991,1021,1022,-1,991,1022,992,-1,992,1022,1009,-1,992,1009,993,-1,993,1009,1008,-1,993,1008,994,-1,994,1008,995,-1,1036,1091,1037,-1,1037,1091,1092,-1,1037,1092,1038,-1,1038,1092,1039,-1,1039,1092,1093,-1,1039,1093,1040,-1,1040,1093,1048,-1,1048,1093,1094,-1,1048,1094,1049,-1,1095,1054,1094,-1,1094,1054,1050,-1,1094,1050,1049,-1,1096,1067,1061,-1,1061,1060,1096,-1,1096,1060,1056,-1,1096,1056,1095,-1,1095,1056,1055,-1,1095,1055,1054,-1,980,1076,1075,-1,1082,980,1084,-1,1082,1081,980,-1,980,1081,1080,-1,980,1080,1079,-1,1091,1066,1067,-1,979,1090,980,-1,980,1090,1089,-1,980,1089,1084,-1,1079,1078,980,-1,980,1078,1077,-1,980,1077,1076,-1,1068,1072,1073,-1,1068,1069,1072,-1,1072,1069,1070,-1,1072,1070,1071,-1,1073,1074,1068,-1,1068,1074,1066,-1,1068,1066,1075,-1,1075,1066,1091,-1,1075,1091,980,-1,1086,1087,1085,-1,1085,1087,1088,-1,1085,1088,1084,-1,1084,1088,1083,-1,1084,1083,1082,-1,1094,1067,1095,-1,1095,1067,1096,-1,1094,1093,1067,-1,1067,1093,1092,-1,1067,1092,1091,-1,1097,1098,1099,-1,1099,1098,1100,-1,1099,1100,1101,-1,1102,1103,1100,-1,1100,1103,1101,-1,1104,1105,1106,-1,1106,1105,1107,-1,1104,1108,1105,-1,1105,1108,1109,-1,1110,1111,1108,-1,1108,1111,1109,-1,1112,1113,1114,-1,1112,1114,1115,-1,1115,1114,1116,-1,1115,1116,1117,-1,1117,1116,1118,-1,1117,1118,1119,-1,1119,1118,1120,-1,1119,1120,1121,-1,1121,1120,1122,-1,1121,1122,1123,-1,1123,1122,1124,-1,1123,1124,1125,-1,1125,1124,1126,-1,1125,1126,1127,-1,1128,1129,1126,-1,1126,1129,1127,-1,1129,1128,1130,-1,1130,1128,1131,-1,1130,1131,1132,-1,1132,1131,1133,-1,1132,1133,1134,-1,1134,1133,1135,-1,1134,1135,1136,-1,1136,1135,1137,-1,1136,1137,1138,-1,1138,1137,1139,-1,1138,1139,1140,-1,1140,1139,1141,-1,1140,1141,1142,-1,1142,1141,1143,-1,1142,1143,1144,-1,1144,1143,1145,-1,1144,1145,1146,-1,1146,1145,1147,-1,1146,1147,1148,-1,1148,1147,1149,-1,1148,1149,1150,-1,1150,1149,1151,-1,1150,1151,1152,-1,1152,1151,1153,-1,1152,1153,575,-1,575,1153,1154,-1,575,1154,577,-1,577,1154,1155,-1,577,1155,579,-1,579,1155,1156,-1,579,1156,581,-1,581,1156,1157,-1,581,1157,583,-1,583,1157,1158,-1,583,1158,585,-1,585,1158,1159,-1,585,1159,587,-1,587,1159,1160,-1,587,1160,589,-1,589,1160,727,-1,589,727,596,-1,596,727,726,-1,716,727,1160,-1,716,1160,1161,-1,1161,1160,1159,-1,1161,1159,1162,-1,1162,1159,1158,-1,1162,1158,1163,-1,1163,1158,1157,-1,1163,1157,1164,-1,1164,1157,1156,-1,1164,1156,1165,-1,1165,1156,1155,-1,1165,1155,1166,-1,1166,1155,1154,-1,1166,1154,1167,-1,592,713,588,-1,588,713,716,-1,588,716,586,-1,586,716,1161,-1,586,1161,584,-1,584,1161,1162,-1,584,1162,582,-1,582,1162,1163,-1,582,1163,580,-1,580,1163,1164,-1,580,1164,578,-1,578,1164,1165,-1,578,1165,576,-1,576,1165,1166,-1,576,1166,574,-1,574,1166,1167,-1,574,1167,1168,-1,1168,1167,1169,-1,1168,1169,1170,-1,1170,1169,1171,-1,1170,1171,1172,-1,1172,1171,1173,-1,1173,1171,1174,-1,1173,1174,1175,-1,1176,1177,1174,-1,1174,1177,1178,-1,1174,1178,1175,-1,1179,1180,1181,-1,1181,1180,1182,-1,1181,1182,1183,-1,1183,1182,1184,-1,1183,1184,1176,-1,1176,1184,1185,-1,1176,1185,1177,-1,1179,1186,1180,-1,1180,1186,1187,-1,1188,1189,1190,-1,1188,1190,1191,-1,1191,1190,1192,-1,1191,1192,1193,-1,1192,1194,1193,-1,1193,1194,1195,-1,1193,1195,1196,-1,1196,1195,1197,-1,1196,1197,1198,-1,1197,1199,1198,-1,1198,1199,1200,-1,1198,1200,1201,-1,1200,1202,1201,-1,1201,1202,1203,-1,1201,1203,1204,-1,1204,1203,1205,-1,1205,1206,1204,-1,1204,1206,1187,-1,1204,1187,1186,-1,1207,1189,1208,-1,1208,1189,1188,-1,1209,1210,1208,-1,1208,1210,1207,-1,1211,1212,1213,-1,1213,1212,1214,-1,1215,1212,1216,-1,1216,1212,1211,-1,1217,1218,1216,-1,1216,1218,1215,-1,1219,1220,1221,-1,1221,1220,1222,-1,1220,1219,1223,-1,1223,1219,1224,-1,1223,1224,1225,-1,1226,1225,1224,-1,1224,1227,1226,-1,1226,1227,1228,-1,1226,1228,1229,-1,1228,1230,1229,-1,1229,1230,1231,-1,1229,1231,1232,-1,1231,1233,1232,-1,1232,1233,1234,-1,1232,1234,1235,-1,1235,1234,1236,-1,1235,1236,1237,-1,1236,1238,1237,-1,1237,1238,1239,-1,1237,1239,1240,-1,1239,1241,1240,-1,1240,1241,1242,-1,1240,1242,900,-1,900,1242,899,-1,1243,1113,1244,-1,1244,1113,1112,-1,1243,1244,1245,-1,1245,1244,1246,-1,1247,1248,1249,-1,1249,1248,1250,-1,1249,1250,1251,-1,1251,1250,1252,-1,1253,1252,1254,-1,1254,1252,1250,-1,1254,1250,1248,-1,1251,1252,1255,-1,1255,1252,1253,-1,1251,1255,1249,-1,1249,1255,1256,-1,1249,1256,1247,-1,1257,1258,1259,-1,1259,1258,1260,-1,1259,1260,1261,-1,1261,1260,1262,-1,1261,1262,1263,-1,1263,1262,1264,-1,1263,1264,1265,-1,1265,1264,1266,-1,1265,1266,1267,-1,1267,1266,1268,-1,1267,1268,1269,-1,1269,1268,1270,-1,1269,1270,1271,-1,1271,1270,1272,-1,1271,1272,1273,-1,1273,1272,1274,-1,1273,1274,1275,-1,1275,1274,1276,-1,1275,1276,1277,-1,1277,1276,1278,-1,1277,1278,1279,-1,1279,1278,1280,-1,1279,1280,1281,-1,1281,1280,1282,-1,1283,1284,1257,-1,1257,1284,1258,-1,1284,1283,1285,-1,1284,1285,1286,-1,1286,1285,1287,-1,1286,1287,1288,-1,1288,1287,1289,-1,1288,1289,1290,-1,1290,1289,1291,-1,1290,1291,1292,-1,1293,1292,1294,-1,1294,1292,1291,-1,1294,1295,1293,-1,1293,1295,1296,-1,1296,1295,1297,-1,1297,1295,1298,-1,1297,1298,1299,-1,1299,1298,1300,-1,1299,1300,1301,-1,1301,1300,1302,-1,1301,1302,1303,-1,1302,1304,1303,-1,1303,1304,1305,-1,1303,1305,1306,-1,1307,1308,1309,-1,1308,1307,1310,-1,1310,1307,1282,-1,1310,1282,1280,-1,1280,1278,1310,-1,1310,1278,1276,-1,1310,1276,1274,-1,1293,1296,1309,-1,1309,1296,1297,-1,1297,1299,1309,-1,1309,1299,1301,-1,1309,1301,1303,-1,1303,1306,1309,-1,1309,1306,1311,-1,1309,1311,1307,-1,1274,1272,1310,-1,1310,1272,1270,-1,1310,1270,1268,-1,1268,1266,1310,-1,1310,1266,1264,-1,1310,1264,1262,-1,1262,1260,1310,-1,1310,1260,1258,-1,1310,1258,1312,-1,1312,1258,1284,-1,1312,1284,1309,-1,1309,1284,1286,-1,1309,1286,1288,-1,1288,1290,1309,-1,1309,1290,1292,-1,1309,1292,1293,-1,1313,1309,1314,-1,1314,1309,1308,-1,1315,1310,1316,-1,1316,1310,1312,-1,1310,1315,1308,-1,1308,1315,1254,-1,1308,1254,1314,-1,1313,1256,1309,-1,1309,1256,1316,-1,1309,1316,1312,-1,1315,1316,1254,-1,1254,1316,1256,-1,1254,1256,1253,-1,1253,1256,1255,-1,1317,1318,1319,-1,1317,1319,1320,-1,1320,1319,1321,-1,1320,1321,1322,-1,1321,1323,1322,-1,1322,1323,1324,-1,1322,1324,1325,-1,1324,1326,1325,-1,1325,1326,1307,-1,1325,1307,1311,-1,1314,1327,1313,-1,1313,1327,1328,-1,1313,1328,1256,-1,1259,1261,1327,-1,1328,1305,1256,-1,1256,1305,1304,-1,1256,1304,1302,-1,1302,1300,1256,-1,1256,1300,1298,-1,1256,1298,1295,-1,1259,1327,1257,-1,1295,1294,1256,-1,1256,1294,1291,-1,1256,1291,1289,-1,1261,1263,1327,-1,1327,1263,1265,-1,1327,1265,1267,-1,1247,1257,1248,-1,1248,1257,1327,-1,1248,1327,1254,-1,1254,1327,1314,-1,1267,1269,1327,-1,1327,1269,1271,-1,1327,1271,1273,-1,1273,1275,1327,-1,1327,1275,1277,-1,1327,1277,1281,-1,1281,1277,1279,-1,1289,1287,1256,-1,1256,1287,1285,-1,1256,1285,1247,-1,1247,1285,1283,-1,1247,1283,1257,-1,1097,1099,1329,-1,1330,1331,977,-1,1185,1184,1148,-1,1332,1333,977,-1,977,1333,1334,-1,977,1334,1330,-1,1329,1136,1335,-1,1335,1136,1138,-1,1335,1138,1140,-1,913,915,930,-1,930,915,917,-1,930,917,919,-1,1331,1336,977,-1,977,1336,1337,-1,977,1337,1329,-1,1329,1337,1338,-1,1329,1338,1097,-1,1185,1148,1177,-1,907,909,930,-1,930,909,911,-1,930,911,913,-1,1140,1142,1335,-1,1335,1142,1144,-1,1335,1144,1184,-1,1184,1144,1146,-1,1184,1146,1148,-1,1150,1152,1170,-1,1226,1229,1329,-1,1004,1002,995,-1,1339,1340,1341,-1,1240,900,977,-1,977,900,898,-1,969,971,903,-1,903,971,973,-1,1342,1343,1344,-1,1345,1346,1347,-1,1347,1346,1348,-1,1347,1348,1349,-1,1340,1350,1341,-1,1341,1350,1351,-1,1341,1351,1352,-1,575,574,1152,-1,1152,574,1168,-1,1152,1168,1170,-1,1150,1170,1148,-1,1148,1170,1172,-1,1148,1172,1173,-1,1173,1175,1148,-1,1148,1175,1178,-1,1148,1178,1177,-1,1229,1232,1329,-1,1329,1232,1235,-1,1329,1235,977,-1,977,1235,1237,-1,977,1237,1240,-1,973,975,903,-1,903,975,977,-1,903,977,901,-1,901,977,898,-1,961,963,903,-1,919,921,930,-1,930,921,923,-1,930,923,1008,-1,1008,923,926,-1,1008,926,995,-1,995,926,1006,-1,995,1006,1004,-1,1002,1000,995,-1,995,1000,998,-1,995,998,996,-1,1345,1347,1344,-1,1344,1347,1353,-1,1344,1353,1342,-1,1349,1354,1347,-1,1347,1354,1355,-1,1347,1355,1356,-1,1356,1355,1357,-1,1356,1357,1358,-1,1358,1357,1359,-1,1358,1359,1352,-1,1352,1359,1360,-1,1352,1360,1341,-1,1226,1329,1225,-1,1225,1329,1335,-1,1225,1335,1223,-1,963,965,903,-1,903,965,967,-1,903,967,969,-1,1332,977,1361,-1,1361,977,1362,-1,1361,1362,1341,-1,1341,1362,1363,-1,1341,1363,1364,-1,1364,1365,1341,-1,1341,1365,1366,-1,1341,1366,1339,-1,1343,1367,1344,-1,1344,1367,1368,-1,1344,1368,1369,-1,1369,1370,1344,-1,1344,1370,1371,-1,1344,1371,1372,-1,1373,1374,1375,-1,930,928,907,-1,907,928,955,-1,907,955,905,-1,905,955,957,-1,905,957,903,-1,903,957,959,-1,903,959,961,-1,1372,1376,1344,-1,1344,1376,1373,-1,1344,1373,1377,-1,1377,1373,1375,-1,1356,1378,1347,-1,1347,1378,1379,-1,1347,1379,1380,-1,1380,1379,1381,-1,1380,1381,1382,-1,1382,1381,1383,-1,1382,1383,1384,-1,1384,1383,1385,-1,1384,1385,1386,-1,1386,1385,1387,-1,1386,1387,1388,-1,1388,1387,1389,-1,1388,1389,1390,-1,1390,1389,1391,-1,1390,1391,1392,-1,1392,1391,1317,-1,1392,1317,1393,-1,1393,1317,1320,-1,1393,1320,1394,-1,1394,1320,1322,-1,1394,1322,1395,-1,1395,1322,1325,-1,1395,1325,1328,-1,1328,1325,1311,-1,1328,1311,1305,-1,1305,1311,1306,-1,1396,1397,1398,-1,1398,1397,1399,-1,1398,1399,1400,-1,1401,1342,1402,-1,1402,1342,1353,-1,1402,1353,1403,-1,1403,1353,1400,-1,1403,1400,1404,-1,1404,1400,1399,-1,1405,1321,1406,-1,1406,1321,1319,-1,1406,1319,1407,-1,1407,1319,1318,-1,1407,1318,1408,-1,1408,1318,1409,-1,1408,1409,1396,-1,1396,1409,1410,-1,1396,1410,1397,-1,1411,1324,1405,-1,1405,1324,1323,-1,1405,1323,1321,-1,1281,1282,1327,-1,1327,1282,1307,-1,1327,1307,1411,-1,1411,1307,1326,-1,1411,1326,1324,-1,1317,1391,1318,-1,1318,1391,1409,-1,1379,1402,1381,-1,1381,1402,1403,-1,1381,1403,1383,-1,1383,1403,1404,-1,1383,1404,1385,-1,1385,1404,1399,-1,1385,1399,1387,-1,1387,1399,1397,-1,1387,1397,1389,-1,1389,1397,1410,-1,1389,1410,1391,-1,1391,1410,1409,-1,27,26,1412,-1,1412,26,1413,-1,1412,1413,1414,-1,1413,1415,1414,-1,1414,1415,1416,-1,1414,1416,1417,-1,1416,1418,1417,-1,1417,1418,1419,-1,1417,1419,1420,-1,1419,1421,1420,-1,1420,1421,1422,-1,1420,1422,1423,-1,1422,1424,1423,-1,1423,1424,1425,-1,1423,1425,1426,-1,1426,1425,1427,-1,1425,1428,1427,-1,1427,1428,1429,-1,1427,1429,1430,-1,978,1431,1429,-1,1429,1431,1432,-1,1429,1432,1430,-1,1181,1183,1100,-1,1108,1176,1174,-1,1176,1108,1183,-1,1433,1434,1228,-1,1435,1436,1437,-1,1221,1217,1100,-1,1100,1217,1216,-1,1100,1216,1211,-1,1137,1135,1243,-1,1243,1135,1133,-1,1243,1133,1131,-1,1102,1100,1106,-1,1106,1100,1183,-1,1106,1183,1104,-1,1104,1183,1108,-1,1236,1234,1431,-1,1438,1439,1228,-1,1143,1141,1171,-1,1171,1141,1139,-1,1139,1137,1171,-1,1171,1137,1243,-1,1171,1243,1174,-1,1174,1243,1245,-1,1174,1245,1108,-1,1108,1245,1110,-1,1131,1128,1243,-1,1243,1128,1126,-1,1243,1126,1113,-1,1113,1126,1114,-1,1211,1213,1100,-1,1100,1213,1209,-1,1100,1209,1208,-1,1204,1186,1191,-1,1440,1441,1379,-1,1379,1441,1442,-1,1379,1442,1443,-1,1435,1437,1444,-1,1444,1437,1445,-1,1444,1445,1446,-1,1439,1447,1228,-1,1228,1447,1448,-1,1228,1448,1433,-1,1449,1450,1379,-1,1149,1147,1171,-1,1171,1147,1145,-1,1171,1145,1143,-1,1181,1100,1179,-1,1179,1100,1208,-1,1179,1208,1186,-1,1186,1208,1188,-1,1186,1188,1191,-1,1241,1239,1431,-1,1431,1239,1238,-1,1431,1238,1236,-1,1451,1452,1231,-1,1231,1452,1453,-1,1231,1453,1233,-1,1233,1453,1454,-1,1233,1454,1234,-1,1234,1454,1455,-1,1234,1455,1431,-1,1450,1456,1379,-1,1379,1456,1457,-1,1379,1457,1440,-1,1458,1459,1228,-1,1228,1459,1460,-1,1228,1460,1438,-1,1461,1462,1379,-1,1446,1463,1444,-1,1444,1463,1464,-1,1444,1464,1401,-1,1167,1154,1169,-1,1169,1154,1153,-1,1169,1153,1171,-1,1171,1153,1151,-1,1171,1151,1149,-1,1120,1126,1122,-1,1122,1126,1124,-1,1120,1118,1126,-1,1126,1118,1116,-1,1126,1116,1114,-1,978,904,902,-1,1462,1465,1379,-1,1379,1465,1466,-1,1379,1466,1449,-1,1098,1224,1100,-1,1100,1224,1219,-1,1100,1219,1221,-1,1228,1227,1458,-1,1458,1227,1224,-1,1458,1224,1467,-1,1467,1224,1098,-1,1191,1193,1204,-1,1204,1193,1196,-1,1204,1196,1201,-1,1201,1196,1198,-1,918,916,929,-1,956,927,908,-1,908,927,929,-1,908,929,910,-1,916,914,929,-1,929,914,912,-1,929,912,910,-1,904,978,906,-1,902,897,978,-1,978,897,899,-1,978,899,1431,-1,1431,899,1242,-1,1431,1242,1241,-1,1434,1468,1228,-1,1228,1468,1461,-1,1228,1461,1230,-1,1230,1461,1379,-1,1230,1379,1231,-1,1231,1379,1378,-1,1231,1378,1451,-1,1443,1469,1379,-1,1379,1469,1444,-1,1379,1444,1402,-1,1402,1444,1401,-1,929,993,994,-1,924,922,929,-1,929,922,920,-1,929,920,918,-1,962,960,908,-1,908,960,958,-1,908,958,956,-1,906,978,908,-1,908,978,976,-1,908,976,974,-1,974,972,908,-1,908,972,970,-1,908,970,968,-1,968,966,908,-1,908,966,964,-1,908,964,962,-1,1001,1003,1005,-1,924,929,925,-1,925,929,994,-1,925,994,997,-1,997,999,925,-1,925,999,1001,-1,925,1001,1007,-1,1007,1001,1005,-1,1451,1378,1356,-1,1356,1358,1451,-1,1451,1358,1352,-1,1451,1352,1452,-1,1352,1351,1452,-1,1452,1351,1350,-1,1452,1350,1453,-1,1350,1340,1453,-1,1453,1340,1339,-1,1453,1339,1454,-1,1339,1366,1454,-1,1454,1366,1365,-1,1454,1365,1455,-1,1365,1364,1455,-1,1455,1364,1363,-1,1455,1363,1431,-1,1431,1363,1362,-1,1431,1362,1432,-1,1426,1427,1470,-1,1470,1427,1430,-1,1470,1430,1471,-1,1471,1430,1432,-1,1471,1432,1472,-1,1472,1432,1362,-1,1371,1370,1446,-1,1401,1464,1342,-1,1342,1464,1343,-1,1446,1370,1463,-1,1370,1369,1463,-1,1463,1369,1368,-1,1463,1368,1464,-1,1464,1368,1367,-1,1464,1367,1343,-1,1371,1446,1372,-1,1372,1446,1445,-1,1372,1445,1376,-1,1376,1445,1437,-1,1376,1437,1373,-1,1373,1437,1374,-1,1374,1437,1436,-1,1374,1436,1375,-1,1375,1436,1435,-1,1375,1435,1377,-1,1408,1396,1390,-1,1390,1396,1388,-1,1388,1396,1386,-1,1386,1396,1398,-1,1386,1398,1384,-1,1384,1398,1382,-1,1382,1398,1400,-1,1382,1400,1380,-1,1380,1400,1353,-1,1380,1353,1347,-1,1390,1392,1408,-1,1408,1392,1407,-1,1328,1327,1395,-1,1395,1327,1411,-1,1395,1411,1394,-1,1394,1411,1405,-1,1394,1405,1393,-1,1393,1405,1406,-1,1393,1406,1392,-1,1392,1406,1407,-1,1359,1461,1360,-1,1360,1461,1468,-1,1360,1468,1341,-1,1341,1468,1434,-1,1341,1434,1361,-1,1361,1434,1433,-1,1361,1433,1332,-1,1332,1433,1448,-1,1332,1448,1333,-1,1333,1448,1447,-1,1333,1447,1334,-1,1334,1447,1439,-1,1334,1439,1330,-1,1330,1439,1438,-1,1330,1438,1331,-1,1331,1438,1460,-1,1331,1460,1336,-1,1336,1460,1459,-1,1336,1459,1337,-1,1337,1459,1458,-1,1337,1458,1338,-1,1338,1458,1467,-1,1338,1467,1097,-1,1097,1467,1098,-1,1461,1359,1462,-1,1462,1359,1357,-1,1345,1344,1444,-1,1444,1469,1345,-1,1345,1469,1443,-1,1345,1443,1346,-1,1443,1442,1346,-1,1346,1442,1441,-1,1346,1441,1348,-1,1441,1440,1348,-1,1348,1440,1457,-1,1348,1457,1349,-1,1349,1457,1456,-1,1349,1456,1354,-1,1456,1450,1354,-1,1354,1450,1449,-1,1354,1449,1355,-1,1449,1466,1355,-1,1355,1466,1465,-1,1355,1465,1357,-1,1357,1465,1462,-1,1444,1344,1435,-1,1435,1344,1377,-1,1473,1474,1475,-1,1475,1474,1476,-1,1475,1476,1477,-1,1478,1477,1479,-1,1479,1477,1476,-1,1480,1481,1482,-1,1482,1481,1483,-1,1482,1484,1480,-1,1480,1484,1485,-1,1486,1485,1487,-1,1487,1485,1484,-1,1488,1489,1490,-1,1488,1490,1491,-1,1491,1490,1492,-1,1491,1492,1493,-1,1492,1494,1493,-1,1493,1494,1495,-1,1493,1495,1496,-1,1496,1495,1497,-1,1496,1497,1498,-1,1497,1499,1498,-1,1498,1499,1500,-1,1498,1500,1501,-1,1500,1502,1501,-1,1501,1502,1503,-1,1501,1503,1504,-1,1504,1503,1505,-1,1505,1506,1504,-1,1504,1506,1507,-1,1504,1507,1508,-1,1508,1507,1509,-1,1509,1507,1510,-1,1509,1510,1511,-1,1511,1510,1512,-1,1511,1512,1513,-1,1513,1512,1514,-1,1514,1512,1515,-1,1514,1515,1516,-1,1516,1515,1517,-1,1516,1517,1518,-1,1519,1520,1521,-1,1521,1522,1519,-1,1519,1522,1523,-1,1519,1523,1517,-1,1517,1523,1524,-1,1517,1524,1518,-1,1525,1526,1527,-1,1527,1528,1525,-1,1525,1528,1529,-1,1525,1529,1520,-1,1520,1529,1530,-1,1520,1530,1521,-1,1531,1532,1533,-1,1533,1532,1534,-1,1533,1534,1535,-1,1535,1534,1536,-1,1535,1536,1537,-1,1537,1536,1538,-1,1537,1538,1539,-1,1539,1538,1540,-1,1539,1540,1541,-1,1541,1540,1542,-1,1541,1542,1543,-1,1543,1542,1544,-1,1543,1544,1545,-1,1545,1544,1546,-1,1545,1546,1547,-1,1547,1546,1548,-1,1547,1548,1549,-1,1549,1548,1550,-1,1549,1550,1551,-1,1551,1550,1552,-1,1551,1552,1553,-1,1553,1552,1554,-1,1553,1554,1555,-1,1555,1554,1556,-1,1557,1555,1558,-1,1558,1555,1556,-1,1559,1560,1561,-1,1561,1560,1562,-1,1561,1562,1563,-1,1563,1562,1564,-1,1563,1564,1565,-1,1565,1564,1566,-1,1565,1566,1567,-1,1567,1566,1568,-1,1567,1568,1569,-1,1569,1568,1570,-1,1569,1570,1571,-1,1571,1570,1572,-1,1571,1572,1573,-1,1573,1572,1574,-1,1573,1574,1575,-1,1575,1574,1576,-1,1575,1576,1577,-1,1577,1576,1578,-1,1577,1578,1579,-1,1579,1578,1580,-1,1579,1580,1581,-1,1581,1580,1582,-1,1581,1582,1558,-1,1558,1582,1557,-1,1583,1560,1584,-1,1584,1560,1559,-1,1585,1583,1586,-1,1586,1583,1584,-1,1587,1588,1589,-1,1589,1588,1590,-1,1591,1587,1592,-1,1592,1587,1589,-1,1593,1591,1594,-1,1594,1591,1592,-1,1595,1596,1597,-1,1597,1596,1598,-1,1595,1597,1599,-1,1599,1597,1600,-1,1599,1600,1601,-1,1602,1489,1603,-1,1603,1489,1488,-1,1603,1604,1602,-1,1602,1604,1605,-1,1606,1607,1608,-1,1608,1607,1609,-1,1608,1609,1610,-1,1610,1609,1611,-1,1610,1611,1612,-1,1612,1611,1613,-1,1612,1613,1614,-1,1614,1613,1615,-1,1614,1615,1616,-1,1616,1615,1617,-1,1616,1617,1618,-1,1618,1617,1619,-1,1618,1619,1620,-1,1620,1619,1621,-1,1620,1621,1622,-1,1622,1621,1623,-1,1622,1623,1624,-1,1624,1623,1625,-1,1624,1625,1626,-1,1626,1625,1627,-1,1626,1627,1628,-1,1628,1627,1629,-1,1628,1629,1600,-1,1600,1629,1601,-1,1607,1606,1630,-1,1630,1606,1631,-1,1632,1633,1634,-1,1634,1635,1632,-1,1632,1635,1636,-1,1632,1636,1637,-1,1636,1638,1637,-1,1637,1638,1639,-1,1637,1639,1640,-1,1639,1641,1640,-1,1640,1641,1642,-1,1640,1642,1643,-1,1643,1642,1644,-1,1643,1644,1645,-1,1644,1646,1645,-1,1645,1646,1647,-1,1645,1647,1648,-1,1647,1649,1648,-1,1648,1649,1650,-1,1648,1650,1631,-1,1631,1650,1630,-1,1634,1633,1651,-1,1651,1633,1652,-1,1651,1652,1653,-1,1651,1653,1654,-1,1654,1653,1655,-1,1654,1655,1656,-1,1655,1657,1656,-1,1656,1657,1658,-1,1656,1658,1659,-1,1659,1658,1660,-1,1659,1660,1661,-1,1660,1662,1661,-1,1661,1662,1663,-1,1661,1663,1664,-1,1663,1665,1664,-1,1664,1665,1666,-1,1664,1666,1667,-1,1667,1666,1668,-1,1668,1669,1667,-1,1667,1669,1670,-1,1667,1670,1671,-1,1672,1673,1674,-1,1674,1675,1672,-1,1672,1675,1676,-1,1672,1676,1677,-1,1676,1678,1677,-1,1677,1678,1679,-1,1677,1679,1680,-1,1680,1679,1681,-1,1680,1681,1682,-1,1682,1681,1683,-1,1684,1685,1673,-1,1673,1685,1674,-1,1686,1687,1688,-1,1686,1688,1689,-1,1689,1688,1690,-1,1689,1690,1691,-1,1690,1692,1691,-1,1691,1692,1693,-1,1691,1693,1694,-1,1693,1695,1694,-1,1694,1695,1685,-1,1694,1685,1684,-1,1696,1697,1698,-1,1696,1698,1699,-1,1699,1698,1700,-1,1699,1700,1701,-1,1701,1700,1702,-1,1701,1702,1703,-1,1703,1702,1704,-1,1703,1704,1705,-1,1704,1706,1705,-1,1705,1706,1707,-1,1705,1707,1708,-1,1708,1707,1709,-1,1709,1710,1708,-1,1708,1710,1711,-1,1708,1711,1712,-1,1711,1713,1712,-1,1712,1713,1714,-1,1712,1714,1715,-1,1716,1717,1718,-1,1718,1717,1715,-1,1718,1715,1719,-1,1719,1715,1714,-1,1720,1721,1722,-1,1722,1721,1723,-1,1722,1723,1724,-1,1724,1723,1725,-1,1724,1725,1726,-1,1726,1725,1727,-1,1726,1727,1728,-1,1728,1727,1729,-1,1728,1729,1730,-1,1730,1729,1731,-1,1730,1731,1732,-1,1732,1731,1733,-1,1527,1526,1734,-1,1734,1526,1735,-1,1734,1735,1736,-1,1736,1735,1737,-1,1736,1737,1738,-1,1738,1737,1739,-1,1738,1739,1740,-1,1740,1739,1741,-1,1740,1741,1742,-1,1742,1741,1743,-1,1742,1743,1744,-1,1744,1743,1745,-1,1744,1745,1746,-1,1746,1745,1747,-1,1746,1747,1748,-1,1748,1747,1749,-1,1748,1749,1750,-1,1750,1749,1751,-1,1748,1752,1746,-1,1746,1752,1753,-1,1746,1753,1744,-1,1744,1753,1754,-1,1744,1754,1742,-1,1742,1754,1755,-1,1742,1755,1740,-1,1740,1755,1756,-1,1740,1756,1738,-1,1738,1756,1757,-1,1738,1757,1736,-1,1736,1757,1758,-1,1736,1758,1734,-1,1734,1758,1759,-1,1760,1761,1752,-1,1752,1761,1762,-1,1752,1762,1753,-1,1753,1762,1763,-1,1753,1763,1754,-1,1754,1763,1764,-1,1754,1764,1755,-1,1755,1764,1765,-1,1755,1765,1756,-1,1756,1765,1766,-1,1756,1766,1757,-1,1757,1766,1767,-1,1757,1767,1758,-1,1758,1767,1768,-1,1758,1768,1759,-1,1759,1768,1769,-1,1759,1769,1531,-1,1531,1769,1532,-1,1735,1769,1768,-1,1735,1768,1737,-1,1737,1768,1767,-1,1737,1767,1739,-1,1739,1767,1766,-1,1739,1766,1741,-1,1741,1766,1765,-1,1741,1765,1743,-1,1743,1765,1764,-1,1743,1764,1745,-1,1745,1764,1763,-1,1745,1763,1747,-1,1747,1763,1762,-1,1747,1762,1749,-1,1770,1771,1772,-1,1773,1774,1751,-1,1772,1771,1773,-1,1775,1776,1777,-1,1778,1779,1780,-1,1780,1779,1781,-1,1780,1781,1782,-1,1780,1783,1778,-1,1778,1783,1776,-1,1778,1776,1784,-1,1784,1776,1775,-1,1777,1785,1775,-1,1775,1785,1786,-1,1775,1786,1787,-1,1782,1788,1780,-1,1780,1788,1789,-1,1780,1789,1790,-1,1749,1762,1751,-1,1751,1762,1761,-1,1751,1761,1773,-1,1791,1792,1793,-1,1794,1795,1796,-1,1787,1797,1775,-1,1775,1797,1798,-1,1775,1798,1799,-1,1799,1800,1775,-1,1775,1800,1801,-1,1775,1801,1802,-1,1795,1794,1803,-1,1803,1794,1804,-1,1803,1804,1805,-1,1805,1804,1806,-1,1805,1806,1793,-1,1793,1806,1807,-1,1793,1807,1791,-1,1792,1808,1793,-1,1793,1808,1809,-1,1793,1809,1810,-1,1796,1811,1794,-1,1794,1811,1812,-1,1794,1812,1772,-1,1772,1812,1813,-1,1772,1813,1770,-1,1814,1815,1816,-1,1816,1815,1817,-1,1774,1773,1815,-1,1815,1773,1771,-1,1815,1771,1818,-1,1818,1819,1815,-1,1815,1819,1820,-1,1815,1820,1780,-1,1790,1821,1780,-1,1780,1821,1822,-1,1780,1822,1815,-1,1815,1822,1823,-1,1815,1823,1817,-1,1810,1824,1793,-1,1793,1824,1825,-1,1793,1825,1826,-1,1814,1827,1815,-1,1815,1827,1828,-1,1815,1828,1829,-1,1830,1831,1793,-1,1793,1831,1832,-1,1826,1833,1793,-1,1793,1833,1834,-1,1793,1834,1835,-1,1832,1836,1793,-1,1793,1836,1837,-1,1793,1837,1838,-1,1839,1840,1841,-1,1841,1840,1815,-1,1841,1815,1842,-1,1842,1815,1829,-1,1835,1843,1793,-1,1793,1843,1844,-1,1793,1844,1845,-1,1845,1846,1793,-1,1793,1846,1847,-1,1793,1847,1830,-1,1848,1849,1850,-1,1839,1851,1840,-1,1840,1851,1852,-1,1840,1852,1853,-1,1838,1854,1793,-1,1793,1854,1848,-1,1793,1848,1855,-1,1855,1848,1850,-1,1852,1856,1853,-1,1853,1856,1857,-1,1853,1857,1858,-1,1858,1857,1859,-1,1860,1861,1859,-1,1859,1861,1862,-1,1859,1862,1858,-1,1860,1863,1861,-1,1861,1863,1864,-1,1861,1864,1865,-1,1865,1866,1861,-1,1861,1866,1867,-1,1861,1867,1868,-1,1869,1870,1861,-1,1861,1870,1871,-1,1868,1872,1861,-1,1861,1872,1873,-1,1861,1873,1874,-1,1871,1875,1861,-1,1861,1875,1876,-1,1861,1876,1877,-1,1874,1878,1861,-1,1861,1878,1879,-1,1861,1879,1880,-1,1880,1881,1861,-1,1861,1881,1882,-1,1861,1882,1869,-1,1883,1884,1885,-1,1877,1886,1861,-1,1861,1886,1883,-1,1861,1883,1887,-1,1887,1883,1885,-1,1750,1751,1888,-1,1888,1751,1774,-1,1888,1774,1889,-1,1889,1774,1815,-1,1889,1815,1890,-1,1890,1815,1840,-1,1891,1892,1888,-1,1893,1894,1895,-1,1895,1894,1896,-1,1888,1895,1897,-1,1760,1752,1748,-1,1898,1899,1895,-1,1900,1901,1902,-1,1903,1904,1905,-1,1905,1904,1902,-1,1905,1902,1906,-1,1906,1902,1907,-1,1897,1908,1888,-1,1888,1908,1909,-1,1888,1909,1891,-1,1892,1910,1888,-1,1888,1910,1760,-1,1888,1760,1750,-1,1750,1760,1748,-1,1899,1911,1895,-1,1895,1911,1912,-1,1895,1912,1893,-1,1913,1914,1896,-1,1901,1915,1902,-1,1902,1915,1916,-1,1902,1916,1907,-1,1917,1918,1889,-1,1919,1920,1895,-1,1895,1920,1921,-1,1895,1921,1898,-1,1922,1923,1896,-1,1896,1923,1924,-1,1924,1925,1896,-1,1896,1925,1926,-1,1896,1926,1927,-1,1927,1928,1896,-1,1896,1928,1929,-1,1896,1929,1913,-1,1918,1930,1902,-1,1902,1930,1931,-1,1902,1931,1900,-1,1932,1933,1888,-1,1934,1935,1896,-1,1936,1937,1889,-1,1933,1938,1888,-1,1888,1938,1939,-1,1888,1939,1895,-1,1895,1939,1940,-1,1895,1940,1919,-1,1941,1942,1943,-1,1935,1944,1896,-1,1896,1944,1945,-1,1896,1945,1922,-1,1914,1946,1896,-1,1896,1946,1947,-1,1896,1947,1948,-1,1948,1949,1896,-1,1896,1949,1950,-1,1896,1950,1951,-1,1951,1952,1896,-1,1896,1952,1953,-1,1896,1953,1895,-1,1937,1954,1889,-1,1889,1954,1955,-1,1889,1955,1917,-1,1956,1957,1888,-1,1957,1958,1888,-1,1888,1958,1959,-1,1888,1959,1932,-1,1934,1896,1943,-1,1943,1896,1960,-1,1943,1960,1941,-1,1961,1962,1889,-1,1889,1962,1963,-1,1889,1963,1936,-1,1964,1965,1888,-1,1888,1965,1966,-1,1888,1966,1956,-1,1967,1968,1890,-1,1890,1968,1969,-1,1890,1969,1889,-1,1889,1969,1970,-1,1889,1970,1961,-1,1918,1902,1889,-1,1889,1902,1971,-1,1889,1971,1888,-1,1888,1971,1972,-1,1888,1972,1964,-1,1973,1974,1975,-1,1975,1974,1976,-1,1975,1976,1977,-1,1977,1976,1890,-1,1890,1976,1978,-1,1890,1978,1967,-1,1979,1980,1973,-1,1981,1982,1973,-1,1973,1982,1983,-1,1983,1984,1973,-1,1973,1984,1985,-1,1973,1985,1986,-1,1986,1987,1973,-1,1973,1987,1988,-1,1973,1988,1979,-1,1989,1990,1973,-1,1991,1992,1993,-1,1990,1994,1973,-1,1973,1994,1995,-1,1973,1995,1981,-1,1980,1996,1973,-1,1973,1996,1997,-1,1973,1997,1998,-1,1998,1999,1973,-1,1973,1999,2000,-1,1973,2000,2001,-1,2001,2002,1973,-1,1973,2002,2003,-1,1973,2003,1974,-1,1991,1993,2004,-1,1989,1973,1993,-1,1993,1973,2005,-1,1993,2005,2004,-1,1891,1794,1892,-1,1892,1794,1772,-1,1892,1772,1910,-1,1910,1772,1773,-1,1910,1773,1760,-1,1760,1773,1761,-1,1927,1845,1928,-1,1928,1845,1844,-1,1928,1844,1929,-1,1929,1844,1843,-1,1929,1843,1913,-1,1913,1843,1835,-1,1913,1835,1914,-1,1914,1835,1834,-1,1914,1834,1946,-1,1946,1834,1833,-1,1946,1833,1947,-1,1947,1833,1826,-1,1947,1826,1948,-1,1948,1826,1825,-1,1948,1825,1949,-1,1949,1825,1824,-1,1949,1824,1950,-1,1950,1824,1810,-1,1950,1810,1951,-1,1951,1810,1809,-1,1951,1809,1952,-1,1952,1809,1808,-1,1952,1808,1953,-1,1953,1808,1792,-1,1927,1926,1845,-1,1845,1926,1846,-1,1855,1850,1960,-1,1960,1850,1941,-1,1941,1850,1942,-1,1942,1850,1849,-1,1942,1849,1943,-1,1943,1849,1848,-1,1943,1848,1934,-1,1934,1848,1854,-1,1934,1854,1935,-1,1935,1854,1838,-1,1935,1838,1944,-1,1944,1838,1837,-1,1944,1837,1945,-1,1945,1837,1836,-1,1945,1836,1922,-1,1922,1836,1832,-1,1922,1832,1923,-1,1923,1832,1831,-1,1923,1831,1924,-1,1924,1831,1830,-1,1924,1830,1925,-1,1830,1847,1925,-1,1925,1847,1846,-1,1925,1846,1926,-1,1896,1793,1960,-1,1960,1793,1855,-1,1902,1801,1971,-1,1971,1801,1800,-1,1971,1800,1972,-1,1972,1800,1799,-1,1972,1799,1964,-1,1964,1799,1798,-1,1964,1798,1965,-1,1965,1798,1797,-1,1965,1797,1966,-1,1966,1797,1787,-1,1966,1787,1956,-1,1956,1787,1786,-1,1956,1786,1957,-1,1957,1786,1785,-1,1957,1785,1958,-1,1958,1785,1777,-1,1958,1777,1959,-1,1959,1777,1776,-1,1959,1776,1932,-1,1932,1776,1783,-1,1932,1783,1933,-1,1933,1783,1780,-1,1933,1780,1938,-1,1938,1780,1820,-1,1938,1820,1939,-1,1939,1820,1819,-1,1939,1819,1940,-1,1940,1819,1818,-1,1940,1818,1919,-1,1919,1818,1771,-1,1919,1771,1920,-1,1920,1771,1770,-1,1920,1770,1921,-1,1921,1770,1813,-1,1921,1813,1898,-1,1898,1813,1812,-1,1898,1812,1899,-1,1899,1812,1811,-1,1899,1811,1911,-1,1911,1811,1796,-1,1911,1796,1912,-1,1912,1796,1795,-1,1912,1795,1893,-1,1893,1795,1803,-1,1893,1803,1894,-1,1894,1803,1805,-1,1894,1805,1896,-1,1896,1805,1793,-1,1801,1902,1802,-1,1802,1902,1904,-1,1802,1904,2006,-1,2006,1904,2007,-1,2006,2007,2008,-1,2008,2007,2009,-1,2008,2009,2010,-1,2010,2009,2011,-1,2010,2011,2012,-1,2012,2011,2013,-1,2012,2013,2014,-1,2014,2013,2015,-1,2014,2015,2016,-1,2016,2015,2017,-1,2016,2017,2018,-1,2018,2017,2019,-1,2018,2019,2020,-1,2020,2019,2021,-1,1775,1802,2022,-1,2022,1802,2006,-1,2008,2010,2023,-1,2023,2024,2008,-1,2008,2024,2025,-1,2008,2025,2006,-1,2006,2025,2026,-1,2006,2026,2022,-1,2014,2027,2012,-1,2012,2027,2028,-1,2012,2028,2010,-1,2010,2028,2029,-1,2010,2029,2023,-1,2016,2030,2014,-1,2014,2030,2031,-1,2014,2031,2027,-1,2018,2032,2016,-1,2016,2032,2033,-1,2016,2033,2030,-1,2034,2035,2032,-1,2032,2035,2036,-1,2032,2036,2033,-1,2033,2036,2037,-1,2033,2037,2030,-1,2030,2037,2038,-1,2030,2038,2031,-1,2031,2038,2039,-1,2031,2039,2027,-1,2027,2039,2040,-1,2027,2040,2028,-1,2028,2040,2041,-1,2028,2041,2029,-1,2029,2041,2042,-1,2029,2042,2023,-1,2023,2042,2043,-1,2023,2043,2024,-1,2024,2043,2044,-1,2024,2044,2025,-1,2025,2044,2045,-1,2025,2045,2026,-1,2026,2045,2046,-1,2026,2046,2022,-1,2022,2046,2047,-1,2022,2047,1775,-1,1775,2047,1903,-1,1775,1903,1784,-1,1784,1903,1905,-1,1974,1859,1976,-1,1976,1859,1857,-1,1976,1857,1978,-1,1978,1857,1856,-1,1978,1856,1967,-1,1967,1856,1852,-1,1967,1852,1968,-1,1968,1852,1851,-1,1968,1851,1969,-1,1969,1851,1839,-1,1969,1839,1970,-1,1970,1839,1841,-1,1970,1841,1961,-1,1961,1841,1842,-1,1961,1842,1962,-1,1962,1842,1829,-1,1962,1829,1963,-1,1963,1829,1828,-1,1963,1828,1936,-1,1936,1828,1827,-1,1936,1827,1937,-1,1937,1827,1814,-1,1937,1814,1954,-1,1954,1814,1816,-1,1954,1816,1955,-1,1955,1816,1817,-1,1955,1817,1917,-1,1917,1817,1823,-1,1917,1823,1918,-1,1918,1823,1822,-1,1918,1822,1930,-1,1930,1822,1821,-1,1930,1821,1931,-1,1931,1821,1790,-1,1931,1790,1900,-1,1900,1790,1789,-1,1900,1789,1901,-1,1901,1789,1788,-1,1901,1788,1915,-1,1915,1788,1782,-1,1915,1782,1916,-1,1916,1782,1781,-1,1916,1781,1907,-1,1907,1781,1779,-1,1907,1779,1906,-1,1906,1779,1778,-1,1906,1778,1905,-1,1905,1778,1784,-1,2003,1860,1974,-1,1974,1860,1859,-1,1986,1880,1987,-1,1987,1880,1879,-1,1987,1879,1988,-1,1988,1879,1878,-1,1988,1878,1979,-1,1979,1878,1874,-1,1979,1874,1980,-1,1980,1874,1873,-1,1980,1873,1996,-1,1996,1873,1872,-1,1996,1872,1997,-1,1997,1872,1868,-1,1997,1868,1998,-1,1998,1868,1867,-1,1998,1867,1999,-1,1999,1867,1866,-1,1999,1866,2000,-1,2000,1866,1865,-1,2000,1865,2001,-1,2001,1865,1864,-1,2001,1864,2002,-1,2002,1864,1863,-1,2002,1863,2003,-1,2003,1863,1860,-1,1986,1985,1880,-1,1880,1985,1881,-1,1887,1885,2004,-1,2004,1885,1991,-1,1991,1885,1992,-1,1992,1885,1884,-1,1992,1884,1993,-1,1993,1884,1883,-1,1993,1883,1989,-1,1989,1883,1886,-1,1989,1886,1990,-1,1990,1886,1877,-1,1990,1877,1994,-1,1994,1877,1876,-1,1994,1876,1995,-1,1995,1876,1875,-1,1995,1875,1981,-1,1981,1875,1871,-1,1981,1871,1982,-1,1982,1871,1870,-1,1982,1870,1983,-1,1983,1870,1869,-1,1983,1869,1984,-1,1869,1882,1984,-1,1984,1882,1881,-1,1984,1881,1985,-1,2005,1861,2004,-1,2004,1861,1887,-1,1977,1853,1858,-1,1977,1858,1975,-1,1975,1858,1862,-1,1975,1862,1973,-1,1973,1862,1861,-1,1973,1861,2005,-1,1890,1840,1977,-1,1977,1840,1853,-1,1909,1804,1891,-1,1891,1804,1794,-1,1895,1791,1807,-1,1895,1807,1897,-1,1897,1807,1806,-1,1897,1806,1908,-1,1908,1806,1804,-1,1908,1804,1909,-1,1953,1792,1895,-1,1895,1792,1791,-1,2040,2039,2015,-1,2019,2017,2036,-1,2036,2017,2037,-1,2015,2039,2017,-1,2017,2039,2038,-1,2017,2038,2037,-1,2040,2015,2041,-1,2041,2015,2013,-1,2041,2013,2042,-1,2042,2013,2011,-1,2042,2011,2043,-1,2043,2011,2044,-1,2044,2011,2009,-1,2044,2009,2045,-1,2045,2009,2046,-1,2046,2009,2007,-1,2046,2007,2047,-1,2047,2007,1904,-1,2047,1904,1903,-1,2021,2019,2048,-1,2048,2019,2049,-1,2049,2019,2036,-1,2049,2036,2035,-1,2048,2050,2021,-1,2021,2050,2051,-1,2021,2051,2052,-1,2035,2053,2049,-1,2049,2053,2054,-1,2049,2054,2055,-1,2052,2056,2021,-1,2021,2056,2057,-1,2021,2057,2058,-1,2055,2059,2049,-1,2049,2059,2060,-1,2049,2060,2061,-1,2048,2062,2063,-1,2048,2063,2050,-1,2050,2063,2064,-1,2050,2064,2051,-1,2051,2064,2065,-1,2051,2065,2052,-1,2052,2065,2066,-1,2052,2066,2056,-1,2056,2066,2067,-1,2056,2067,2057,-1,2057,2067,2068,-1,2057,2068,2058,-1,2058,2068,2020,-1,2058,2020,2021,-1,2063,2062,2020,-1,2032,2018,2069,-1,2069,2018,2020,-1,2069,2020,2070,-1,2070,2020,2062,-1,2069,2071,2032,-1,2032,2071,2072,-1,2032,2072,2073,-1,2073,2074,2032,-1,2032,2074,2075,-1,2032,2075,2076,-1,2066,2020,2067,-1,2067,2020,2068,-1,2066,2065,2020,-1,2020,2065,2064,-1,2020,2064,2063,-1,2077,2078,2079,-1,2076,2080,2032,-1,2032,2080,2077,-1,2032,2077,2034,-1,2034,2077,2079,-1,2075,2074,2059,-1,2049,2061,2070,-1,2070,2061,2069,-1,2059,2074,2060,-1,2074,2073,2060,-1,2060,2073,2072,-1,2060,2072,2061,-1,2061,2072,2071,-1,2061,2071,2069,-1,2075,2059,2076,-1,2076,2059,2055,-1,2076,2055,2080,-1,2080,2055,2054,-1,2080,2054,2077,-1,2077,2054,2078,-1,2078,2054,2053,-1,2078,2053,2079,-1,2079,2053,2035,-1,2079,2035,2034,-1,2048,2049,2062,-1,2062,2049,2070,-1,2081,2082,492,-1,492,2082,2083,-1,492,2083,478,-1,478,2083,2084,-1,478,2084,493,-1,492,491,2081,-1,2081,491,489,-1,2081,489,2085,-1,489,487,2085,-1,2085,487,485,-1,2085,485,2086,-1,51,2087,49,-1,49,2087,2088,-1,49,2088,481,-1,481,2088,2086,-1,481,2086,483,-1,483,2086,485,-1,2089,27,2090,-1,2090,27,1412,-1,2090,1412,2091,-1,2091,1412,1414,-1,2091,1414,2092,-1,2092,1414,1417,-1,2092,1417,2093,-1,2093,1417,1420,-1,2093,1420,2094,-1,2094,1420,1423,-1,2094,1423,2095,-1,2095,1423,1426,-1,2095,1426,1470,-1,27,2089,28,-1,28,2089,2096,-1,28,2096,20,-1,20,2096,2097,-1,20,2097,7,-1,7,2097,2098,-1,7,2098,8,-1,8,2098,2099,-1,8,2099,9,-1,9,2099,2100,-1,9,2100,10,-1,10,2100,2101,-1,10,2101,3,-1,3,2101,2102,-1,3,2102,4,-1,4,2102,2103,-1,4,2103,5,-1,5,2103,2104,-1,5,2104,6,-1,6,2104,2105,-1,6,2105,0,-1,0,2105,2106,-1,0,2106,1,-1,1,2106,2107,-1,26,2108,1413,-1,1413,2108,2109,-1,2110,1416,2109,-1,2109,1416,1415,-1,2109,1415,1413,-1,2111,2112,1424,-1,2113,977,978,-1,1424,1422,2111,-1,2111,1422,1421,-1,2111,1421,2114,-1,2114,1421,1419,-1,2114,1419,2110,-1,2110,1419,1418,-1,2110,1418,1416,-1,978,1429,2113,-1,2113,1429,1428,-1,2113,1428,2112,-1,2112,1428,1425,-1,2112,1425,1424,-1,2108,26,2115,-1,2115,26,19,-1,2115,19,2116,-1,2116,19,18,-1,2116,18,2117,-1,2117,18,57,-1,2117,57,2118,-1,2118,57,55,-1,2118,55,2119,-1,2119,55,47,-1,2119,47,2120,-1,2120,47,45,-1,2120,45,2121,-1,2121,45,43,-1,2095,1470,977,-1,1470,2122,977,-1,977,2122,1472,-1,977,1472,1362,-1,977,2113,2095,-1,2095,2113,2112,-1,2095,2112,2094,-1,2094,2112,2111,-1,2094,2111,2093,-1,2093,2111,2114,-1,2093,2114,2092,-1,2092,2114,2110,-1,2092,2110,2091,-1,2091,2110,2109,-1,2091,2109,2090,-1,2090,2109,2108,-1,2090,2108,2089,-1,2123,2124,2125,-1,2126,2127,2128,-1,2129,2130,2125,-1,2124,2131,2125,-1,2125,2131,2132,-1,2125,2132,2133,-1,2134,2135,2128,-1,2136,2137,2138,-1,2138,2137,2139,-1,2138,2139,2140,-1,2107,2141,2125,-1,2125,2141,2142,-1,2125,2142,2143,-1,2130,2144,2125,-1,2125,2144,2145,-1,2125,2145,2123,-1,2135,2146,2128,-1,2128,2146,2147,-1,2128,2147,2126,-1,2140,2148,2138,-1,2138,2148,2149,-1,2138,2149,2150,-1,2150,2149,2151,-1,2150,2151,2152,-1,2153,2154,2128,-1,2087,2155,2120,-1,2120,2155,2156,-1,2120,2156,2119,-1,2107,2106,2141,-1,2141,2106,2105,-1,2141,2105,2157,-1,2157,2105,2104,-1,2157,2104,2158,-1,2158,2104,2103,-1,2152,2159,2150,-1,2150,2159,2160,-1,2150,2160,2153,-1,2087,2120,2088,-1,2088,2120,2121,-1,2088,2121,2161,-1,2103,2102,2158,-1,2158,2102,2101,-1,2158,2101,2100,-1,2100,2099,2158,-1,2158,2099,2098,-1,2158,2098,2097,-1,2097,2096,2158,-1,2158,2096,2089,-1,2158,2089,2162,-1,2162,2089,2108,-1,2162,2108,2156,-1,2156,2108,2115,-1,2156,2115,2116,-1,2154,2163,2128,-1,2128,2163,2164,-1,2128,2164,2165,-1,2165,2164,2166,-1,2165,2166,2143,-1,2143,2166,2167,-1,2167,2168,2143,-1,2143,2168,2169,-1,2143,2169,2125,-1,2125,2169,2170,-1,2125,2170,2129,-1,2171,2172,2173,-1,2173,2172,2174,-1,2173,2174,2128,-1,2128,2174,2175,-1,2128,2175,2134,-1,2116,2117,2156,-1,2156,2117,2118,-1,2156,2118,2119,-1,2127,2176,2128,-1,2128,2176,2177,-1,2128,2177,2153,-1,2153,2177,2178,-1,2153,2178,2150,-1,33,34,2171,-1,2171,2173,33,-1,33,2173,2128,-1,33,2128,29,-1,2128,2165,29,-1,29,2165,2143,-1,29,2143,30,-1,30,2143,2142,-1,30,2142,39,-1,2142,2141,39,-1,39,2141,2157,-1,39,2157,37,-1,2157,2158,37,-1,37,2158,2162,-1,37,2162,52,-1,2162,2156,52,-1,52,2156,2155,-1,52,2155,51,-1,51,2155,2087,-1,1698,1697,2179,-1,2179,1697,2180,-1,36,2172,2181,-1,2181,2172,2182,-1,2181,2182,2183,-1,2183,2182,2184,-1,2183,2184,2185,-1,2185,2184,2186,-1,2185,2186,2187,-1,2187,2186,2188,-1,2187,2188,2180,-1,2180,2188,2189,-1,2180,2189,2179,-1,23,2150,22,-1,22,2150,2178,-1,22,2178,21,-1,21,2178,2177,-1,21,2177,24,-1,24,2177,2176,-1,24,2176,25,-1,25,2176,2127,-1,25,2127,11,-1,11,2127,2126,-1,11,2126,12,-1,12,2126,2147,-1,12,2147,14,-1,14,2147,2146,-1,14,2146,15,-1,15,2146,2135,-1,15,2135,16,-1,16,2135,2134,-1,16,2134,17,-1,17,2134,2175,-1,17,2175,35,-1,35,2175,2174,-1,35,2174,36,-1,36,2174,2172,-1,2190,2191,486,-1,2192,482,2191,-1,2191,482,484,-1,2191,484,486,-1,486,488,2190,-1,2190,488,490,-1,2190,490,2193,-1,2193,490,479,-1,2193,479,2194,-1,2194,479,477,-1,2194,477,2195,-1,2195,477,507,-1,2121,43,2161,-1,2161,43,50,-1,2161,50,2192,-1,2192,50,480,-1,2192,480,482,-1,514,495,509,-1,509,495,496,-1,496,498,509,-1,509,498,493,-1,509,493,505,-1,505,493,507,-1,507,493,2084,-1,507,2084,2195,-1,2195,2084,2083,-1,2195,2083,2194,-1,2194,2083,2082,-1,2194,2082,2193,-1,2193,2082,2081,-1,2193,2081,2190,-1,2190,2081,2085,-1,2190,2085,2191,-1,2191,2085,2086,-1,2191,2086,2192,-1,2192,2086,2088,-1,2192,2088,2161,-1,95,2164,88,-1,88,2164,2163,-1,88,2163,89,-1,89,2163,2154,-1,89,2154,91,-1,91,2154,2153,-1,91,2153,92,-1,92,2153,2160,-1,92,2160,63,-1,63,2160,2159,-1,63,2159,64,-1,64,2159,2152,-1,64,2152,80,-1,80,2152,2151,-1,80,2151,81,-1,81,2151,2149,-1,81,2149,82,-1,82,2149,2148,-1,82,2148,71,-1,71,2148,2140,-1,71,2140,70,-1,70,2140,2139,-1,70,2139,68,-1,68,2139,2137,-1,2164,95,2166,-1,2166,95,94,-1,75,2132,76,-1,76,2132,2131,-1,76,2131,77,-1,77,2131,2124,-1,77,2124,78,-1,78,2124,2123,-1,78,2123,79,-1,79,2123,2145,-1,79,2145,60,-1,60,2145,2144,-1,60,2144,61,-1,61,2144,2130,-1,61,2130,83,-1,83,2130,2129,-1,83,2129,84,-1,84,2129,2170,-1,84,2170,86,-1,86,2170,2169,-1,86,2169,87,-1,87,2169,2168,-1,87,2168,93,-1,93,2168,2167,-1,93,2167,94,-1,94,2167,2166,-1,2196,2197,2198,-1,2198,2197,2199,-1,2199,2197,2200,-1,2200,2197,2201,-1,2200,2201,2202,-1,2202,2201,2203,-1,2202,2203,2204,-1,2204,2203,2205,-1,2204,2205,2206,-1,2205,2207,2206,-1,2206,2207,2208,-1,2206,2208,2209,-1,2210,2211,2212,-1,2212,2211,2213,-1,2213,2211,2214,-1,2214,2211,2215,-1,2214,2215,2216,-1,2216,2215,2217,-1,2216,2217,2218,-1,2218,2217,2219,-1,2218,2219,2220,-1,2219,2221,2220,-1,2220,2221,2222,-1,2220,2222,2223,-1,1720,2223,1721,-1,1721,2223,2222,-1,2224,2225,2210,-1,2210,2225,1683,-1,2210,1683,2211,-1,2211,1683,1681,-1,2211,1681,2215,-1,2215,1681,1679,-1,2215,1679,2217,-1,2217,1679,1678,-1,2217,1678,2219,-1,2219,1678,1676,-1,2219,1676,2221,-1,2221,1676,1675,-1,2221,1675,2222,-1,2222,1675,1674,-1,2222,1674,1721,-1,1721,1674,1685,-1,1721,1685,1723,-1,1723,1685,1695,-1,1723,1695,1725,-1,1725,1695,1693,-1,1725,1693,1727,-1,1727,1693,1692,-1,1727,1692,1729,-1,1729,1692,1690,-1,1729,1690,1731,-1,1731,1690,1688,-1,1731,1688,1733,-1,1733,1688,1687,-1,1733,1687,1670,-1,1670,1687,1671,-1,2225,2224,2226,-1,2226,2224,2227,-1,2226,2227,2228,-1,2228,2227,2229,-1,2228,2229,2230,-1,2230,2229,2231,-1,2230,2231,2232,-1,2232,2231,2233,-1,2232,2233,2234,-1,2234,2233,2235,-1,2234,2235,2236,-1,2236,2235,2237,-1,2236,2237,2238,-1,2238,2237,2239,-1,2238,2239,2240,-1,2240,2239,2241,-1,2240,2241,2242,-1,2242,2241,2243,-1,2242,2243,2244,-1,2244,2243,2245,-1,2244,2245,2246,-1,2246,2245,2247,-1,2246,2247,2248,-1,2248,2247,2249,-1,2250,2251,2198,-1,2198,2251,2196,-1,2249,2252,2253,-1,2247,2245,2210,-1,2208,2207,2254,-1,2254,2207,2205,-1,2205,2203,2254,-1,2254,2203,2201,-1,2254,2201,2197,-1,2247,2210,2249,-1,2197,2196,2254,-1,2254,2196,2251,-1,2254,2251,2255,-1,2252,2249,2256,-1,2256,2249,2210,-1,2256,2210,2254,-1,2254,2210,2212,-1,2254,2212,2208,-1,2245,2243,2210,-1,2210,2243,2241,-1,2210,2241,2239,-1,2239,2237,2210,-1,2210,2237,2235,-1,2210,2235,2233,-1,2255,2257,2254,-1,2254,2257,2258,-1,2254,2258,2253,-1,2253,2258,2259,-1,2253,2259,2249,-1,2233,2231,2210,-1,2210,2231,2229,-1,2210,2229,2224,-1,2224,2229,2227,-1,2260,2261,2254,-1,2254,2261,2256,-1,2252,2262,2253,-1,2253,2262,2263,-1,2253,2263,2254,-1,2254,2263,458,-1,2254,458,2260,-1,2261,460,2256,-1,2256,460,2262,-1,2256,2262,2252,-1,459,457,460,-1,460,457,458,-1,460,458,2262,-1,2262,458,2263,-1,2264,2248,2259,-1,2259,2248,2249,-1,2251,2250,2265,-1,2251,2265,2255,-1,2255,2265,2266,-1,2255,2266,2257,-1,2257,2266,2267,-1,2257,2267,2258,-1,2258,2267,2264,-1,2258,2264,2259,-1,1694,1724,1691,-1,1691,1724,1726,-1,1691,1726,1689,-1,1717,1716,1732,-1,1732,1716,1686,-1,1732,1686,1730,-1,1730,1686,1689,-1,1730,1689,1728,-1,1728,1689,1726,-1,1677,1680,2214,-1,2209,2208,1682,-1,1682,2208,2212,-1,1682,2212,1680,-1,1680,2212,2213,-1,1680,2213,2214,-1,2214,2216,1677,-1,1677,2216,2218,-1,1677,2218,1672,-1,1672,2218,2220,-1,1672,2220,1673,-1,1673,2220,2223,-1,1673,2223,1684,-1,1684,2223,1720,-1,1684,1720,1694,-1,1694,1720,1722,-1,1694,1722,1724,-1,460,2261,1683,-1,1683,2261,2260,-1,2226,2228,456,-1,456,2228,2230,-1,456,2230,2232,-1,458,2209,2260,-1,2260,2209,1682,-1,2260,1682,1683,-1,460,1683,456,-1,456,1683,2225,-1,456,2225,2226,-1,2198,2199,458,-1,458,2199,2200,-1,458,2200,2202,-1,2202,2204,458,-1,458,2204,2206,-1,458,2206,2209,-1,2232,2234,456,-1,456,2234,2236,-1,456,2236,2238,-1,2238,2240,456,-1,456,2240,2242,-1,456,2242,2244,-1,2266,2265,458,-1,458,2265,2250,-1,458,2250,2198,-1,2244,2246,456,-1,456,2246,2248,-1,456,2248,455,-1,455,2248,2264,-1,455,2264,458,-1,458,2264,2267,-1,458,2267,2266,-1,2268,2269,2270,-1,2270,2269,2271,-1,2270,2271,2272,-1,2272,2271,2273,-1,2272,2273,2274,-1,2274,2273,2275,-1,2274,2275,2276,-1,2276,2275,2277,-1,2276,2277,2278,-1,2278,2277,2279,-1,2278,2279,2280,-1,2280,2279,2281,-1,2280,2281,2282,-1,2282,2281,2283,-1,2282,2283,2284,-1,2284,2283,2285,-1,2284,2285,2286,-1,2286,2285,2287,-1,2286,2287,2288,-1,2288,2287,2289,-1,2288,2289,2290,-1,2290,2289,2291,-1,2290,2291,2292,-1,2292,2291,2293,-1,2292,2293,379,-1,379,2293,447,-1,379,447,410,-1,410,447,411,-1,2269,2268,2294,-1,2269,2294,2295,-1,2295,2294,2296,-1,2295,2296,2297,-1,2297,2296,2298,-1,2297,2298,2299,-1,2299,2298,2300,-1,2299,2300,2301,-1,2301,2300,2302,-1,2301,2302,2303,-1,2303,2302,2304,-1,2303,2304,2305,-1,2305,2304,2306,-1,2305,2306,2307,-1,2307,2306,2308,-1,2308,2306,2309,-1,2310,2311,2312,-1,2312,2311,2313,-1,2312,2313,2314,-1,2314,2313,2315,-1,2314,2315,2316,-1,2316,2315,2317,-1,2316,2317,2318,-1,2318,2317,2319,-1,2318,2319,2320,-1,2320,2319,2321,-1,2320,2321,2322,-1,2322,2321,2323,-1,2322,2323,2324,-1,2324,2323,2325,-1,2324,2325,2326,-1,2326,2325,2327,-1,2326,2327,2328,-1,2328,2327,2329,-1,2328,2329,2330,-1,2330,2329,2331,-1,2330,2331,2332,-1,2332,2331,2333,-1,2332,2333,2309,-1,2309,2333,2308,-1,2311,2310,2334,-1,2334,2310,2335,-1,448,447,2336,-1,2336,447,2293,-1,2336,2293,2337,-1,2337,2293,2338,-1,2338,2293,2339,-1,2339,2293,2291,-1,2339,2291,2340,-1,2340,2291,2289,-1,2340,2289,2341,-1,2341,2289,2287,-1,2341,2287,2342,-1,2342,2287,2285,-1,2342,2285,2343,-1,2343,2285,2283,-1,2343,2283,2344,-1,2344,2283,2281,-1,2344,2281,2345,-1,2345,2281,2279,-1,2345,2279,2346,-1,2346,2279,2277,-1,2346,2277,2347,-1,2347,2277,2275,-1,2347,2275,2348,-1,2275,2273,2348,-1,2348,2273,2271,-1,2348,2271,2349,-1,2337,2350,2351,-1,2337,2351,2336,-1,2336,2351,394,-1,2336,394,448,-1,448,394,395,-1,448,395,449,-1,389,446,395,-1,395,446,450,-1,395,450,449,-1,394,2351,379,-1,379,2351,2292,-1,2352,2270,2353,-1,2353,2270,2272,-1,2353,2272,2354,-1,2354,2272,2274,-1,2354,2274,2355,-1,2355,2274,2276,-1,2355,2276,2356,-1,2356,2276,2278,-1,2356,2278,2357,-1,2357,2278,2280,-1,2357,2280,2358,-1,2358,2280,2282,-1,2358,2282,2359,-1,2359,2282,2284,-1,2359,2284,2360,-1,2360,2284,2286,-1,2360,2286,2361,-1,2361,2286,2288,-1,2361,2288,2362,-1,2362,2288,2290,-1,2362,2290,2363,-1,2363,2290,2292,-1,2363,2292,2350,-1,2350,2292,2351,-1,2364,2365,2366,-1,2366,2365,2367,-1,2368,2369,2367,-1,2367,2369,2370,-1,2367,2370,2366,-1,2371,2372,2368,-1,2368,2372,2373,-1,2368,2373,2369,-1,2374,2375,2376,-1,2171,34,2375,-1,2375,34,2377,-1,2375,2377,2376,-1,2376,2378,2374,-1,2374,2378,2379,-1,2374,2379,2380,-1,2380,2379,2381,-1,2380,2381,2371,-1,2371,2381,2382,-1,2371,2382,2372,-1,1479,1476,1483,-1,1483,1476,1482,-1,1542,1540,1517,-1,1597,1598,1484,-1,1484,1598,1594,-1,1484,1594,1592,-1,2383,2364,1701,-1,1589,1517,1592,-1,1592,1517,1515,-1,1592,1515,1484,-1,1484,1515,1512,-1,1554,1552,1584,-1,1548,1546,1517,-1,1517,1546,1544,-1,1517,1544,1542,-1,1536,1525,1520,-1,2384,2385,1705,-1,1705,2385,2383,-1,1705,2383,1703,-1,1703,2383,1701,-1,2324,2326,2352,-1,2352,2326,2328,-1,2352,2328,2330,-1,1584,1552,1586,-1,1532,1769,1735,-1,1540,1538,1517,-1,1517,1538,1536,-1,1517,1536,1519,-1,1519,1536,1520,-1,1507,1506,1602,-1,1536,1534,1525,-1,1525,1534,1532,-1,1525,1532,1526,-1,1526,1532,1735,-1,2386,2387,1705,-1,1705,2387,2388,-1,1705,2388,2384,-1,1612,1614,2389,-1,1614,1616,2389,-1,2389,1616,1618,-1,2389,1618,2352,-1,2316,2318,2352,-1,2330,2332,2352,-1,2352,2332,2309,-1,2352,2309,2270,-1,2270,2309,2306,-1,2270,2306,2268,-1,1632,1637,1732,-1,1732,1637,1640,-1,1732,1640,1643,-1,1643,1645,1732,-1,1732,1645,1648,-1,1732,1648,1717,-1,1717,1648,1631,-1,1717,1631,1715,-1,1715,1631,1606,-1,1715,1606,1608,-1,1487,1484,1605,-1,1605,1484,1512,-1,1605,1512,1602,-1,1602,1512,1510,-1,1602,1510,1507,-1,1548,1517,1550,-1,1550,1517,1589,-1,1550,1589,1552,-1,1552,1589,1590,-1,1552,1590,1586,-1,1561,1563,1556,-1,1608,1610,1715,-1,1715,1610,1612,-1,1715,1612,1712,-1,1712,1612,2389,-1,1712,2389,1708,-1,2318,2320,2352,-1,2352,2320,2322,-1,2352,2322,2324,-1,2390,2391,1705,-1,2391,2392,1705,-1,1705,2392,2393,-1,1705,2393,2386,-1,2335,2310,2352,-1,1628,1600,2394,-1,2395,2396,1626,-1,2396,2397,1626,-1,1626,2397,2398,-1,1626,2398,2335,-1,2306,2304,2268,-1,2268,2304,2302,-1,2268,2302,2300,-1,1670,1669,1633,-1,1506,1505,1602,-1,1602,1505,1503,-1,1602,1503,1502,-1,1554,1584,1556,-1,1556,1584,1559,-1,1556,1559,1561,-1,1708,2389,1705,-1,1705,2389,2399,-1,1705,2399,2390,-1,2310,2312,2352,-1,2352,2312,2314,-1,2352,2314,2316,-1,1628,2394,1626,-1,1626,2394,2400,-1,1626,2400,2395,-1,1632,1732,1633,-1,1633,1732,1733,-1,1633,1733,1670,-1,1502,1500,1602,-1,1602,1500,1499,-1,1602,1499,1497,-1,1563,1565,1556,-1,1556,1565,1567,-1,1556,1567,1569,-1,2300,2298,2268,-1,2268,2298,2296,-1,2268,2296,2294,-1,1494,1492,1490,-1,1569,1571,1556,-1,1556,1571,1573,-1,1556,1573,1575,-1,1618,1620,2352,-1,2352,1620,1622,-1,2352,1622,2335,-1,2335,1622,1624,-1,2335,1624,1626,-1,1669,1668,1633,-1,1633,1668,1666,-1,1633,1666,1665,-1,1497,1495,1602,-1,1602,1495,1494,-1,1602,1494,1489,-1,1489,1494,1490,-1,1575,1577,1556,-1,1556,1577,1579,-1,1556,1579,1558,-1,1558,1579,1581,-1,1484,1482,1597,-1,1597,1482,1476,-1,1597,1476,1600,-1,1600,1476,1474,-1,1600,1474,2394,-1,1665,1663,1633,-1,1633,1663,1662,-1,1633,1662,1660,-1,1657,1655,1653,-1,1660,1658,1633,-1,1633,1658,1657,-1,1633,1657,1652,-1,1652,1657,1653,-1,2366,2370,2180,-1,2180,2370,2369,-1,2180,2369,2187,-1,2369,2373,2187,-1,2187,2373,2372,-1,2187,2372,2185,-1,2372,2382,2185,-1,2185,2382,2381,-1,2185,2381,2183,-1,2381,2379,2183,-1,2183,2379,2378,-1,2183,2378,2181,-1,34,36,2377,-1,2377,36,2181,-1,2377,2181,2376,-1,2376,2181,2378,-1,2180,1697,2366,-1,2366,1697,1696,-1,2366,1696,2364,-1,2364,1696,1699,-1,2364,1699,1701,-1,2389,2401,2399,-1,2399,2401,2402,-1,2399,2402,2390,-1,2390,2402,2403,-1,2390,2403,2391,-1,2391,2403,2404,-1,2391,2404,2392,-1,2392,2404,2405,-1,2392,2405,2393,-1,2393,2405,2406,-1,2393,2406,2386,-1,2386,2406,2407,-1,2386,2407,2387,-1,2387,2407,2408,-1,2387,2408,2388,-1,2388,2408,2409,-1,2388,2409,2384,-1,2384,2409,2410,-1,2384,2410,2385,-1,2385,2410,2411,-1,2385,2411,2383,-1,2383,2411,2412,-1,2383,2412,2364,-1,2364,2412,2365,-1,2350,2337,2363,-1,2363,2337,2338,-1,2363,2338,2362,-1,2362,2338,2339,-1,2362,2339,2361,-1,2361,2339,2340,-1,2361,2340,2360,-1,2360,2340,2341,-1,2360,2341,2359,-1,2359,2341,2342,-1,2359,2342,2358,-1,2358,2342,2343,-1,2358,2343,2357,-1,2357,2343,2344,-1,2357,2344,2356,-1,2356,2344,2345,-1,2356,2345,2355,-1,2355,2345,2346,-1,2355,2346,2354,-1,2354,2346,2347,-1,2354,2347,2353,-1,2353,2347,2348,-1,2353,2348,2352,-1,2352,2348,2349,-1,2352,2349,2389,-1,2389,2349,2401,-1,2394,1474,1473,-1,1473,2413,2394,-1,2394,2413,2414,-1,2394,2414,2400,-1,2414,2415,2400,-1,2400,2415,2416,-1,2400,2416,2395,-1,2416,2417,2395,-1,2395,2417,2418,-1,2395,2418,2396,-1,2396,2418,2419,-1,2396,2419,2397,-1,2419,2420,2397,-1,2397,2420,2421,-1,2397,2421,2398,-1,2421,2422,2398,-1,2398,2422,2423,-1,2398,2423,2335,-1,2335,2423,2334,-1,2367,2189,2368,-1,2368,2189,2188,-1,2368,2188,2371,-1,2371,2188,2186,-1,2371,2186,2380,-1,2380,2186,2184,-1,2380,2184,2374,-1,2374,2184,2182,-1,2374,2182,2375,-1,2375,2182,2172,-1,2375,2172,2171,-1,2365,1702,2367,-1,2367,1702,2424,-1,2424,1698,2367,-1,2367,1698,2179,-1,2367,2179,2189,-1,1638,1636,1686,-1,2415,2414,2425,-1,1651,1654,1656,-1,1644,1642,1686,-1,2419,2418,2425,-1,2414,2413,2425,-1,2425,2413,1473,-1,2425,1473,2426,-1,2426,1473,1475,-1,2426,1539,1541,-1,1547,2425,1545,-1,1545,2425,2426,-1,1545,2426,1543,-1,1543,2426,1541,-1,1642,1641,1686,-1,1686,1641,1639,-1,1686,1639,1638,-1,1651,1656,1634,-1,1634,1656,1659,-1,1634,1659,1661,-1,2418,2417,2425,-1,2425,2417,2416,-1,2425,2416,2415,-1,1649,1647,1686,-1,1686,1647,1646,-1,1686,1646,1644,-1,2401,2349,2319,-1,1521,1530,1535,-1,1535,1530,1529,-1,1535,1529,1528,-1,1617,1615,2365,-1,1719,1714,1611,-1,1661,1664,1634,-1,1634,1664,1667,-1,1634,1667,1671,-1,2319,2349,2321,-1,2419,2425,2420,-1,2420,2425,2365,-1,2420,2365,2421,-1,1734,1759,1527,-1,1527,1759,1531,-1,1527,1531,1528,-1,1528,1531,1533,-1,1528,1533,1535,-1,2365,1615,1702,-1,2313,2311,2365,-1,2365,2311,2334,-1,1539,2426,1537,-1,1537,2426,1516,-1,1537,1516,1535,-1,1535,1516,1518,-1,1535,1518,1524,-1,1524,1523,1535,-1,1535,1523,1522,-1,1535,1522,1521,-1,1625,1623,2365,-1,2329,2327,2349,-1,2334,2423,2365,-1,2365,2423,2422,-1,2365,2422,2421,-1,1623,1621,2365,-1,2365,1621,1619,-1,2365,1619,1617,-1,1719,1611,1718,-1,1714,1713,1611,-1,1611,1713,1711,-1,1611,1711,1710,-1,1636,1635,1686,-1,1686,1635,1634,-1,1686,1634,1687,-1,1687,1634,1671,-1,2327,2325,2349,-1,2349,2325,2323,-1,2349,2323,2321,-1,2407,2406,2315,-1,1611,1609,1718,-1,1718,1609,1607,-1,1718,1607,1716,-1,1716,1607,1630,-1,1716,1630,1686,-1,1686,1630,1650,-1,1686,1650,1649,-1,1710,1709,1611,-1,1611,1709,1707,-1,1611,1707,1706,-1,1615,1613,1702,-1,1702,1613,1611,-1,1702,1611,1704,-1,1704,1611,1706,-1,2406,2405,2315,-1,2315,2405,2404,-1,2315,2404,2317,-1,2317,2404,2403,-1,2317,2403,2319,-1,2319,2403,2402,-1,2319,2402,2401,-1,2349,2271,2269,-1,2308,2333,2349,-1,2349,2333,2331,-1,2349,2331,2329,-1,1599,1601,2425,-1,2425,1601,1629,-1,2425,1629,2365,-1,2365,1629,1627,-1,2365,1627,1625,-1,2411,2410,2315,-1,2410,2409,2315,-1,2315,2409,2408,-1,2315,2408,2407,-1,2313,2365,2315,-1,2315,2365,2412,-1,2315,2412,2411,-1,2308,2349,2307,-1,2307,2349,2269,-1,2307,2269,2305,-1,2305,2269,2295,-1,2305,2295,2297,-1,2297,2299,2305,-1,2305,2299,2301,-1,2305,2301,2303,-1,237,2427,252,-1,252,2427,2428,-1,2429,2430,2431,-1,2432,2433,2434,-1,2429,2431,2434,-1,2434,2431,2435,-1,2434,2435,2432,-1,2433,2436,2434,-1,2434,2436,2437,-1,2434,2437,2438,-1,2439,2440,2441,-1,2441,2442,2439,-1,2439,2442,2443,-1,2439,2443,2434,-1,2434,2443,2444,-1,2434,2444,2429,-1,2445,2446,2447,-1,2447,2448,2445,-1,2445,2448,2449,-1,2445,2449,2440,-1,2440,2449,2450,-1,2440,2450,2441,-1,2427,234,2428,-1,2428,234,2451,-1,2428,2451,2446,-1,2446,2451,2452,-1,2446,2452,2447,-1,2453,2454,2455,-1,218,219,2456,-1,2456,219,2457,-1,2456,2457,228,-1,228,2457,2458,-1,2459,2460,2461,-1,2461,2462,2459,-1,2459,2462,2463,-1,2459,2463,2457,-1,2457,2463,2464,-1,2457,2464,2458,-1,2465,2466,2467,-1,2467,2468,2465,-1,2465,2468,2469,-1,2465,2469,2460,-1,2460,2469,2470,-1,2460,2470,2461,-1,2471,2472,2473,-1,2473,2472,2474,-1,2474,2475,2473,-1,2473,2475,2476,-1,2473,2476,2477,-1,2477,2453,2473,-1,2473,2453,2455,-1,2473,2455,2466,-1,2466,2455,2478,-1,2466,2478,2467,-1,2479,2480,2481,-1,2481,2482,2479,-1,2479,2482,2483,-1,2479,2483,2484,-1,2484,2483,2485,-1,2484,2485,2486,-1,2484,2487,2488,-1,2486,2489,2484,-1,2484,2489,2490,-1,2484,2490,2487,-1,2488,2491,2484,-1,2484,2491,2492,-1,2484,2492,2493,-1,2494,2495,2454,-1,2454,2495,2496,-1,2454,2496,2455,-1,2455,2496,2497,-1,2455,2497,2478,-1,2478,2497,2498,-1,2499,2468,2498,-1,2498,2468,2467,-1,2498,2467,2478,-1,2500,2470,2499,-1,2499,2470,2469,-1,2499,2469,2468,-1,2501,2462,2500,-1,2500,2462,2461,-1,2500,2461,2470,-1,228,2458,229,-1,229,2458,2464,-1,229,2464,2501,-1,2501,2464,2463,-1,2501,2463,2462,-1,2496,2502,2497,-1,2497,2502,2503,-1,2497,2503,2498,-1,2498,2503,2504,-1,2498,2504,2499,-1,2499,2504,2505,-1,2499,2505,2500,-1,2500,2505,2506,-1,2500,2506,2501,-1,2501,2506,2507,-1,2501,2507,229,-1,229,2507,2508,-1,229,2508,227,-1,227,2508,231,-1,227,231,225,-1,329,255,332,-1,332,255,252,-1,332,252,2509,-1,2509,252,2428,-1,2509,2428,2510,-1,2510,2428,2446,-1,2510,2446,2511,-1,2511,2446,2445,-1,2511,2445,2512,-1,2512,2445,2440,-1,2512,2440,2513,-1,2513,2440,2439,-1,2513,2439,2514,-1,2514,2439,2434,-1,2514,2434,2515,-1,2515,2434,2438,-1,2502,2471,2503,-1,2503,2471,2473,-1,2503,2473,2504,-1,2504,2473,2466,-1,2504,2466,2505,-1,2505,2466,2465,-1,2505,2465,2506,-1,2506,2465,2460,-1,2506,2460,2507,-1,2507,2460,2459,-1,2507,2459,2508,-1,2508,2459,2457,-1,2508,2457,231,-1,231,2457,219,-1,231,219,217,-1,217,219,216,-1,2438,2516,2515,-1,2515,2516,2517,-1,2515,2517,2502,-1,2502,2517,2518,-1,2518,2519,2502,-1,2502,2519,2520,-1,2502,2520,2521,-1,2521,2522,2502,-1,2502,2522,2523,-1,2502,2523,2524,-1,2524,2525,2502,-1,2502,2525,2526,-1,2502,2526,2471,-1,235,332,2509,-1,2510,233,2509,-1,2509,233,232,-1,2509,232,235,-1,2515,2527,2514,-1,2514,2527,2528,-1,2514,2528,2513,-1,2513,2528,2529,-1,2513,2529,2512,-1,2512,2529,2530,-1,2512,2530,2511,-1,2511,2530,2531,-1,2511,2531,2510,-1,2510,2531,2532,-1,2510,2532,233,-1,2531,2530,2450,-1,2529,2442,2530,-1,2530,2442,2441,-1,2530,2441,2450,-1,2532,2452,233,-1,233,2452,2451,-1,233,2451,234,-1,2450,2449,2531,-1,2531,2449,2448,-1,2531,2448,2532,-1,2532,2448,2447,-1,2532,2447,2452,-1,2528,2444,2529,-1,2529,2444,2443,-1,2529,2443,2442,-1,2533,2534,2527,-1,2527,2534,2430,-1,2527,2430,2528,-1,2528,2430,2429,-1,2528,2429,2444,-1,2535,2536,2537,-1,2537,2536,2538,-1,2537,2538,2539,-1,2539,2538,2540,-1,2539,2540,2541,-1,2541,2540,2542,-1,2541,2542,2543,-1,2543,2542,2544,-1,2543,2544,2545,-1,2545,2544,2546,-1,2545,2546,2547,-1,2547,2546,2548,-1,2547,2548,2479,-1,2479,2548,2480,-1,2549,2550,2551,-1,2551,2552,2549,-1,2549,2552,2553,-1,2549,2553,2554,-1,2553,2555,2554,-1,2554,2555,2556,-1,2554,2556,2557,-1,2557,2556,2558,-1,2558,2559,2557,-1,2557,2559,2560,-1,2557,2560,2561,-1,2560,2562,2561,-1,2561,2562,2563,-1,2561,2563,2564,-1,2484,2493,2565,-1,2565,2493,2564,-1,2565,2564,2566,-1,2566,2564,2563,-1,2551,2550,2567,-1,2567,2550,2568,-1,2567,2568,2569,-1,2569,2568,2570,-1,2569,2570,2571,-1,2571,2570,2572,-1,2571,2572,2573,-1,2573,2572,2574,-1,2573,2574,2575,-1,2575,2574,2576,-1,2575,2576,73,-1,73,2576,2133,-1,73,2133,75,-1,75,2133,2132,-1,2577,2578,2579,-1,2536,2535,2580,-1,2580,2535,2577,-1,2580,2577,2581,-1,2581,2577,2579,-1,2582,2583,2584,-1,2585,2586,2583,-1,2583,2586,2587,-1,2583,2587,2584,-1,68,2137,66,-1,66,2137,2136,-1,66,2136,2585,-1,2585,2136,2588,-1,2585,2588,2586,-1,2584,2589,2582,-1,2582,2589,2590,-1,2582,2590,2591,-1,2591,2590,2592,-1,2591,2592,2578,-1,2578,2592,2593,-1,2578,2593,2579,-1,2575,73,72,-1,72,2594,2575,-1,2575,2594,2595,-1,2575,2595,2573,-1,2595,2596,2573,-1,2573,2596,2597,-1,2573,2597,2571,-1,2571,2597,2598,-1,2598,2599,2571,-1,2571,2599,2600,-1,2571,2600,2569,-1,2569,2600,2601,-1,2569,2601,2567,-1,2601,2602,2567,-1,2567,2602,2603,-1,2567,2603,2551,-1,2551,2603,2604,-1,2551,2604,2605,-1,2606,2607,2608,-1,2608,2607,2609,-1,2608,2609,2610,-1,2610,2609,2611,-1,2610,2611,2612,-1,2612,2611,2613,-1,2612,2613,2614,-1,2614,2613,2615,-1,2614,2615,2616,-1,2616,2615,2617,-1,2616,2617,2618,-1,2618,2617,2619,-1,2618,2619,2533,-1,2533,2619,2534,-1,2620,2621,2536,-1,2536,2580,2620,-1,2620,2580,2581,-1,2620,2581,2622,-1,2581,2579,2622,-1,2622,2579,2593,-1,2622,2593,2623,-1,2623,2593,2592,-1,2592,2590,2623,-1,2623,2590,2589,-1,2623,2589,2624,-1,2589,2584,2624,-1,2624,2584,2587,-1,2624,2587,2625,-1,2136,2138,2588,-1,2588,2138,2625,-1,2588,2625,2586,-1,2586,2625,2587,-1,2626,2627,2628,-1,2628,2627,2629,-1,2628,2629,2630,-1,2630,2629,2631,-1,2630,2631,2632,-1,2632,2631,2633,-1,2632,2633,2634,-1,2634,2633,2635,-1,2634,2635,2636,-1,2636,2635,2637,-1,2636,2637,2638,-1,2638,2637,2639,-1,2638,2639,2494,-1,2494,2639,2495,-1,2527,2515,2533,-1,2533,2515,2618,-1,2502,2496,2495,-1,2566,2563,2515,-1,2515,2563,2562,-1,2635,2515,2637,-1,2637,2515,2502,-1,2637,2502,2639,-1,2639,2502,2495,-1,2635,2633,2515,-1,2515,2633,2631,-1,2515,2631,2629,-1,2640,2535,2627,-1,2627,2535,2537,-1,2627,2537,2629,-1,2629,2537,2539,-1,2629,2539,2541,-1,2556,2555,2618,-1,2547,2479,2629,-1,2629,2479,2484,-1,2629,2484,2515,-1,2515,2484,2565,-1,2515,2565,2566,-1,2541,2543,2629,-1,2629,2543,2545,-1,2629,2545,2547,-1,2562,2560,2515,-1,2515,2560,2559,-1,2515,2559,2618,-1,2618,2559,2558,-1,2618,2558,2556,-1,2553,2552,2608,-1,2551,2605,2552,-1,2552,2605,2606,-1,2552,2606,2608,-1,2553,2608,2555,-1,2555,2608,2610,-1,2555,2610,2612,-1,2612,2614,2555,-1,2555,2614,2616,-1,2555,2616,2618,-1,67,66,2641,-1,2641,66,2585,-1,2583,2582,2642,-1,2642,2643,2583,-1,2583,2643,2644,-1,2583,2644,2585,-1,2585,2644,2645,-1,2585,2645,2641,-1,2591,2578,2646,-1,2646,2647,2591,-1,2591,2647,2648,-1,2591,2648,2582,-1,2582,2648,2649,-1,2582,2649,2642,-1,2535,2640,2577,-1,2577,2640,2650,-1,2577,2650,2578,-1,2578,2650,2651,-1,2578,2651,2646,-1,2620,2622,2646,-1,2627,2626,2640,-1,2640,2626,2621,-1,2640,2621,2650,-1,2650,2621,2620,-1,2650,2620,2651,-1,2651,2620,2646,-1,2643,2642,2624,-1,2624,2642,2623,-1,2642,2649,2623,-1,2623,2649,2648,-1,2623,2648,2622,-1,2622,2648,2647,-1,2622,2647,2646,-1,2643,2624,2644,-1,2644,2624,2625,-1,2644,2625,2645,-1,2138,2150,23,-1,23,69,2138,-1,2138,69,67,-1,2138,67,2625,-1,2625,67,2641,-1,2625,2641,2645,-1,2568,2550,2652,-1,2652,2653,2568,-1,2568,2653,2654,-1,2568,2654,2570,-1,2654,2655,2570,-1,2570,2655,2656,-1,2570,2656,2572,-1,2572,2656,2657,-1,2657,2658,2572,-1,2572,2658,2659,-1,2572,2659,2574,-1,2659,2660,2574,-1,2574,2660,2661,-1,2574,2661,2576,-1,2125,2133,2662,-1,2662,2133,2576,-1,2662,2576,2663,-1,2663,2576,2661,-1,2607,2606,2652,-1,2652,2606,2605,-1,2652,2605,2653,-1,2653,2605,2604,-1,2653,2604,2654,-1,2654,2604,2603,-1,2654,2603,2655,-1,2655,2603,2602,-1,2655,2602,2656,-1,2656,2602,2601,-1,2656,2601,2657,-1,2657,2601,2600,-1,2657,2600,2658,-1,2658,2600,2599,-1,2658,2599,2659,-1,2125,2662,2594,-1,2594,2662,2663,-1,2594,2663,2595,-1,2595,2663,2661,-1,2595,2661,2596,-1,2596,2661,2660,-1,2596,2660,2597,-1,2597,2660,2659,-1,2597,2659,2598,-1,2598,2659,2599,-1,1,2107,74,-1,74,2107,2125,-1,74,2125,72,-1,72,2125,2594,-1,
        ]
    }
}
Shape{
    appearance Appearance {
        material  Material 	{
            diffuseColor 0.2235294117647059 0.2235294117647059 0.2235294117647059
            specularColor 0.11372549019607843 0.11372549019607843 0.11372549019607843
            ambientIntensity 0.2
            transparency 0
            shininess 0.5
        }
    }
    geometry IndexedFaceSet {
        ccw TRUE
        solid FALSE
        coord DEF co Coordinate {
            point [
                -2.8346 0.7185 1.1588, -2.8346 0.7185 1.4173, -2.8346 0.7087 1.1758, -2.8346 0.7087 1.4173, -2.8346 0.5057 0.4517, -2.8346 0.4921 0.4461, -2.8346 0.4921 0.3937, -2.8346 0.7009 0.517, -2.8346 0.6915 0.5021, -2.8346 0.7185 0.3937, -2.8346 0.7185 0.6989, -2.8346 0.7087 0.6504, -2.8346 0.7087 0.5512, -2.8346 0.7067 0.5337, -2.8346 0.679 0.4896, -2.8346 0.6641 0.4802, -2.8346 0.6474 0.4744, -2.8346 0.5396 0.4657, -2.8346 0.6299 0.4724, -2.8346 0.5906 0.4724, -2.8346 0.5469 0.4667, -2.8346 -0.5906 0.4724, -2.8346 -0.6299 0.4724, -2.8346 -0.7185 0.3937, -2.8346 -0.6474 0.4747, -2.8346 -0.6503 0.4751, -2.8346 -0.6639 0.4807, -2.8346 -0.6693 0.483, -2.8346 -0.5396 0.4657, -2.8346 -0.4921 0.3937, -2.8346 -0.4921 0.4461, -2.8346 -0.6786 0.4901, -2.8346 -0.6856 0.4955, -2.8346 -0.691 0.5025, -2.8346 -0.6981 0.5118, -2.8346 -0.7004 0.5172, -2.8346 -0.706 0.5308, -2.8346 -0.7087 0.6504, -2.8346 -0.7185 0.6989, -2.8346 -0.7087 0.5512, -2.8346 -0.7064 0.5337, -2.8346 -0.7185 1.0997, -2.8346 -0.7185 0.7121, -2.8346 -0.7087 1.0577, -2.8346 -0.7087 0.7291, 2.8346 -0.7185 1.1588, 2.8346 -0.7185 1.4173, 2.8346 -0.7087 1.1758, 2.8346 -0.7087 1.4173, 2.8346 -0.5057 0.4517, 2.8346 -0.4921 0.4461, 2.8346 -0.4921 0.3937, 2.8346 -0.5396 0.4657, 2.8346 -0.7067 0.5337, 2.8346 -0.7009 0.517, 2.8346 -0.7185 0.3937, 2.8346 -0.6915 0.5021, 2.8346 -0.679 0.4896, 2.8346 -0.6641 0.4802, 2.8346 -0.6474 0.4744, 2.8346 -0.7087 0.5512, 2.8346 -0.7185 0.6989, 2.8346 -0.7087 0.6504, 2.8346 -0.6299 0.4724, 2.8346 -0.5906 0.4724, 2.8346 -0.5469 0.4667, 2.8346 0.6299 0.4724, 2.8346 0.6474 0.4744, 2.8346 0.7185 0.3937, 2.8346 0.4921 0.3937, 2.8346 0.4921 0.4461, 2.8346 0.5057 0.4517, 2.8346 0.6502 0.4754, 2.8346 0.6641 0.4802, 2.8346 0.6691 0.4834, 2.8346 0.679 0.4896, 2.8346 0.6852 0.4959, 2.8346 0.6915 0.5021, 2.8346 0.5396 0.4657, 2.8346 0.5469 0.4667, 2.8346 0.5906 0.4724, 2.8346 0.6977 0.512, 2.8346 0.7009 0.517, 2.8346 0.7057 0.5309, 2.8346 0.7087 0.6504, 2.8346 0.7185 0.6989, 2.8346 0.7087 0.5512, 2.8346 0.7067 0.5337, 2.8346 0.7185 1.0997, 2.8346 0.7185 0.7121, 2.8346 0.7087 1.0577, 2.8346 0.7087 0.7291, 1.2972 -1.6929 2.9685, 1.5138 -1.6929 2.9685, 1.2972 -1.6929 2.6378, 1.5138 -1.6929 2.6378, -2.3228 -2.0276 2.6378, -2.3228 1.5748 2.6378, -1.5138 1.5748 2.6378, -1.5138 -1.6929 2.6378, -1.2972 -1.6929 2.6378, 2.3228 -2.0276 2.6378, -0.8957 -1.6929 2.6378, -0.8957 1.5748 2.6378, -0.7106 1.5748 2.6378, -0.7106 -1.6929 2.6378, -0.4941 -1.6929 2.6378, -1.1122 -1.6929 2.6378, -1.1122 1.5748 2.6378, -1.2972 1.5748 2.6378, -0.0925 -1.6929 2.6378, -0.0925 1.5748 2.6378, 0.0925 1.5748 2.6378, 0.0925 -1.6929 2.6378, 0.3091 -1.6929 2.6378, -0.3091 -1.6929 2.6378, -0.3091 1.5748 2.6378, -0.4941 1.5748 2.6378, 0.7106 -1.6929 2.6378, 0.7106 1.5748 2.6378, 0.8957 1.5748 2.6378, 0.8957 -1.6929 2.6378, 1.1122 -1.6929 2.6378, 0.4941 -1.6929 2.6378, 0.4941 1.5748 2.6378, 0.3091 1.5748 2.6378, 1.5138 1.5748 2.6378, 2.3228 1.5748 2.6378, 1.2972 1.5748 2.6378, 1.1122 1.5748 2.6378, -2.6288 1.2008 3.322, -2.6181 1.2008 3.3251, -2.6181 1.2008 0.4331, -2.6446 1.2008 3.3174, -2.6886 1.2008 3.2849, -2.6814 1.2008 3.2916, -2.6685 1.2008 3.3037, -2.6571 1.2008 3.3102, -2.7122 1.2008 3.2391, -2.7038 1.2008 3.2619, -2.7002 1.2008 3.2674, -3.248 1.2008 0.4331, -3.248 1.2008 1.4173, -2.7165 1.2008 1.4173, -2.7165 1.2008 3.2087, -2.7133 1.2008 3.236, -2.7165 0.9843 0.0394, -2.7165 -0.9843 0.0394, -2.7165 -0.7185 0.3937, -2.7165 -0.9843 0.3937, -2.7165 0.9843 0.3937, -2.7165 0.7185 0.3937, -2.7165 0.7185 1.4173, -2.7165 -0.7185 1.4173, -2.7165 -1.9094 3.2087, -2.7165 -1.4173 1.4173, -2.7165 -1.9094 -1.122, -2.7165 -1.4173 0.0394, -2.7165 -1.4173 -1.122, -2.7116 -1.9533 3.2087, -2.7136 -1.9094 3.2349, -2.7087 -1.9526 3.2349, -2.7002 -1.9506 3.2599, -2.6865 -1.9475 3.2823, -2.6908 -1.9094 3.2823, -2.7002 -1.9094 3.2674, -2.7048 -1.9094 3.2599, -2.7121 -1.9094 3.2391, -2.6464 -1.9384 3.3151, -2.6571 -1.9094 3.3104, -2.6682 -1.9434 3.301, -2.6721 -1.9094 3.301, -2.6814 -1.9094 3.2917, -2.6221 -1.9328 3.3238, -2.6289 -1.9094 3.3224, -2.6497 -1.9094 3.3151, -2.5965 -1.927 3.3268, -2.5984 -1.9094 3.3268, -2.6247 -1.9094 3.3238, -2.697 -1.9949 3.2087, -2.6944 -1.9936 3.2349, -2.6865 -1.9898 3.2599, -2.6738 -1.9837 3.2823, -2.657 -1.9756 3.301, -2.6368 -1.9658 3.3151, -2.6143 -1.955 3.3238, -2.5906 -1.9436 3.3268, -2.6736 -2.0322 3.2087, -2.6713 -2.0303 3.2349, -2.6644 -2.0249 3.2599, -2.6534 -2.0161 3.2823, -2.6388 -2.0045 3.301, -2.6213 -1.9905 3.3151, -2.6018 -1.9749 3.3238, -2.5812 -1.9585 3.3268, -2.6424 -2.0634 3.2087, -2.6406 -2.061 3.2349, -2.6351 -2.0542 3.2599, -2.6264 -2.0432 3.2823, -2.6147 -2.0286 3.301, -2.6007 -2.0111 3.3151, -2.5852 -1.9916 3.3238, -2.5688 -1.971 3.3268, -2.6051 -2.0868 3.2087, -2.6038 -2.0841 3.2349, -2.6 -2.0763 3.2599, -2.5939 -2.0636 3.2823, -2.5858 -2.0467 3.301, -2.5761 -2.0266 3.3151, -2.5653 -2.0041 3.3238, -2.5538 -1.9804 3.3268, -2.5635 -2.1014 3.2087, -2.5628 -2.0985 3.2349, -2.5609 -2.09 3.2599, -2.5578 -2.0762 3.2823, -2.5536 -2.058 3.301, -2.5486 -2.0362 3.3151, -2.5431 -2.0118 3.3238, -2.5372 -1.9862 3.3268, -2.5197 -2.1063 3.2087, -2.5197 -2.1033 3.2349, -2.5197 -2.0946 3.2599, -2.5197 -2.0805 3.2823, -2.5197 -2.0618 3.301, -2.5197 -2.0394 3.3151, -2.5197 -2.0145 3.3238, -2.5197 -1.9882 3.3268, 2.0079 1.7913 0.0394, 2.0276 1.7913 0.0394, 2.0276 1.7913 -1.122, -2.0079 1.7913 0.7874, -1.2795 1.7913 0.7874, -2.0079 1.7913 0.0394, -1.2795 1.7913 -0.689, 1.2795 1.7913 -0.689, 1.2795 1.7913 0.7874, 2.0079 1.7913 0.7874, -2.0276 1.7913 -1.122, -2.0276 1.7913 0.0394, -2.6181 1.8307 0.0394, -3.248 1.8307 0.0394, -2.6181 1.8307 0.4331, -3.248 1.8307 0.4331, 2.5197 -2.1063 3.2087, 2.5635 -2.1014 3.2087, 2.5197 -2.1033 3.2349, 2.5628 -2.0985 3.2349, 2.5197 -2.0946 3.2599, 2.5609 -2.09 3.2599, 2.5197 -2.0805 3.2823, 2.5578 -2.0762 3.2823, 2.5197 -2.0618 3.301, 2.5536 -2.058 3.301, 2.5197 -2.0394 3.3151, 2.5486 -2.0362 3.3151, 2.5197 -2.0145 3.3238, 2.5431 -2.0118 3.3238, 2.5197 -1.9882 3.3268, 2.5372 -1.9862 3.3268, 2.6051 -2.0868 3.2087, 2.6038 -2.0841 3.2349, 2.6 -2.0763 3.2599, 2.5939 -2.0636 3.2823, 2.5858 -2.0467 3.301, 2.5761 -2.0266 3.3151, 2.5653 -2.0041 3.3238, 2.5538 -1.9804 3.3268, 2.6424 -2.0634 3.2087, 2.6406 -2.061 3.2349, 2.6351 -2.0542 3.2599, 2.6264 -2.0432 3.2823, 2.6147 -2.0286 3.301, 2.6007 -2.0111 3.3151, 2.5852 -1.9916 3.3238, 2.5688 -1.971 3.3268, 2.6736 -2.0322 3.2087, 2.6713 -2.0303 3.2349, 2.6644 -2.0249 3.2599, 2.6534 -2.0161 3.2823, 2.6388 -2.0045 3.301, 2.6213 -1.9905 3.3151, 2.6018 -1.9749 3.3238, 2.5812 -1.9585 3.3268, 2.697 -1.9949 3.2087, 2.6944 -1.9936 3.2349, 2.6865 -1.9898 3.2599, 2.6738 -1.9837 3.2823, 2.657 -1.9756 3.301, 2.6368 -1.9658 3.3151, 2.6143 -1.955 3.3238, 2.5906 -1.9436 3.3268, 2.7116 -1.9533 3.2087, 2.7087 -1.9526 3.2349, 2.7002 -1.9506 3.2599, 2.6865 -1.9475 3.2823, 2.6682 -1.9434 3.301, 2.6464 -1.9384 3.3151, 2.6221 -1.9328 3.3238, 2.5965 -1.927 3.3268, 2.7165 -1.9094 3.2087, 2.7136 -1.9094 3.2349, 2.7048 -1.9094 3.2599, 2.6908 -1.9094 3.2823, 2.6721 -1.9094 3.301, 2.6497 -1.9094 3.3151, 2.6247 -1.9094 3.3238, 2.5984 -1.9094 3.3268, 2.7165 -0.7185 0.3937, 2.7165 -0.9843 0.3937, 2.7165 -0.9843 0.0394, 2.7165 -1.4173 -1.122, 2.7165 -1.4173 0.0394, 2.7165 -1.9094 -1.122, 2.7165 -1.4173 1.4173, 2.7165 -0.7185 1.4173, 2.7165 1.2008 3.2087, 2.7165 0.9843 0.0394, 2.7165 0.9843 0.3937, 2.7165 0.7185 0.3937, 2.7165 1.2008 1.4173, 2.7165 0.7185 1.4173, 3.248 1.2008 1.4173, 3.248 1.2008 0.4331, 2.7048 1.2008 3.2599, 2.7136 1.2008 3.2349, 2.6181 1.2008 0.4331, 2.6181 1.2008 3.3251, 2.6247 1.2008 3.3238, 2.6497 1.2008 3.3151, 2.6721 1.2008 3.301, 2.6908 1.2008 3.2823, 2.6181 1.8307 0.4331, 3.248 1.8307 0.4331, 2.6181 1.8307 0.0394, 3.248 1.8307 0.0394, 1.2795 1.5748 -0.0394, 1.2795 1.5748 0.7874, 1.2795 0.4724 -1.122, 1.2795 -1.4961 -1.122, 1.2795 0.4724 -0.689, 1.2795 -1.4961 -0.689, 1.2795 -2.0276 -0.0394, 1.2795 -2.0276 -0.689, -1.2795 1.5748 -0.0394, -1.2795 -2.0276 -0.0394, -1.2795 -1.4961 -0.689, -1.2795 -2.0276 -0.689, -1.2795 1.5748 0.7874, -1.2795 0.4724 -0.689, -1.2795 0.4724 -1.122, -1.2795 -1.4961 -1.122, 0.8957 -1.6929 2.9685, 1.1122 -1.6929 2.9685, 0.4941 -1.6929 2.9685, 0.7106 -1.6929 2.9685, 0.0925 -1.6929 2.9685, 0.3091 -1.6929 2.9685, -0.3091 -1.6929 2.9685, -0.0925 -1.6929 2.9685, -0.7106 -1.6929 2.9685, -0.4941 -1.6929 2.9685, -1.1122 -1.6929 2.9685, -0.8957 -1.6929 2.9685, -1.5138 -1.6929 2.9685, -1.2972 -1.6929 2.9685, -1.4843 1.9264 1.4448, -1.4843 1.9515 1.5039, -1.4839 1.9311 1.4426, -1.4831 1.9595 1.5005, -1.483 1.9343 1.4411, -1.4829 1.9609 1.4999, -1.4816 1.9393 1.4388, -1.4801 1.9671 1.4972, -1.4801 1.9418 1.4376, -1.479 1.9696 1.4962, -1.4771 1.9469 1.4353, -1.4754 1.9739 1.4944, -1.4755 1.9486 1.4345, -1.471 1.9531 1.4324, -1.4727 1.9771 1.493, -1.4693 1.9542 1.4319, -1.4692 1.9796 1.492, -1.4627 1.9583 1.4299, -1.4646 1.9829 1.4906, -1.4619 1.9585 1.4298, -1.4619 1.9839 1.4901, -1.454 1.9611 1.4286, -1.4551 1.9865 1.489, -1.4536 1.9612 1.4286, -1.4536 1.9867 1.4889, -1.4449 1.9877 1.4885, -1.4449 1.9621 1.4282, -1.3661 1.9877 1.4885, -1.3661 1.9621 1.4282, -1.3609 1.9618 1.4283, -1.3574 1.9867 1.4889, -1.3574 1.961 1.4287, -1.356 1.9865 1.489, -1.3519 1.9597 1.4293, -1.3492 1.9839 1.4901, -1.3492 1.9584 1.4299, -1.3465 1.9829 1.4906, -1.3435 1.9556 1.4312, -1.3418 1.9796 1.492, -1.3417 1.9542 1.4318, -1.3367 1.9502 1.4337, -1.3383 1.9771 1.493, -1.3355 1.9486 1.4345, -1.3356 1.9739 1.4944, -1.331 1.9426 1.4373, -1.332 1.9696 1.4962, -1.3308 1.9419 1.4376, -1.3309 1.9671 1.4972, -1.3278 1.9347 1.4409, -1.3281 1.9609 1.4999, -1.3278 1.9344 1.4411, -1.3279 1.9595 1.5005, -1.3268 1.9515 1.5039, -1.3268 1.9264 1.4448, -1.0827 1.9264 1.4448, -1.0827 1.9515 1.5039, -1.0823 1.9311 1.4426, -1.0815 1.9595 1.5005, -1.0814 1.9343 1.4411, -1.0813 1.9609 1.4999, -1.08 1.9393 1.4388, -1.0785 1.9671 1.4972, -1.0786 1.9418 1.4376, -1.0774 1.9696 1.4962, -1.0756 1.9469 1.4353, -1.0738 1.9739 1.4944, -1.0739 1.9486 1.4345, -1.0695 1.9531 1.4324, -1.0711 1.9771 1.493, -1.0677 1.9542 1.4319, -1.0677 1.9796 1.492, -1.0611 1.9583 1.4299, -1.063 1.9829 1.4906, -1.0604 1.9585 1.4298, -1.0603 1.9839 1.4901, -1.0524 1.9611 1.4286, -1.0535 1.9865 1.489, -1.0521 1.9612 1.4286, -1.052 1.9867 1.4889, -1.0433 1.9877 1.4885, -1.0433 1.9621 1.4282, -0.9646 1.9877 1.4885, -0.9646 1.9621 1.4282, -0.9593 1.9618 1.4283, -0.9558 1.9867 1.4889, -0.9559 1.961 1.4287, -0.9544 1.9865 1.489, -0.9503 1.9597 1.4293, -0.9476 1.9839 1.4901, -0.9476 1.9584 1.4299, -0.9449 1.9829 1.4906, -0.9419 1.9556 1.4312, -0.9402 1.9796 1.492, -0.9402 1.9542 1.4318, -0.9352 1.9502 1.4337, -0.9367 1.9771 1.493, -0.934 1.9486 1.4345, -0.934 1.9739 1.4944, -0.9295 1.9426 1.4373, -0.9305 1.9696 1.4962, -0.9292 1.9419 1.4376, -0.9293 1.9671 1.4972, -0.9263 1.9347 1.4409, -0.9265 1.9609 1.4999, -0.9262 1.9344 1.4411, -0.9263 1.9595 1.5005, -0.9252 1.9515 1.5039, -0.9252 1.9264 1.4448, -0.6811 1.9264 1.4448, -0.6811 1.9515 1.5039, -0.6808 1.9311 1.4426, -0.68 1.9595 1.5005, -0.6799 1.9343 1.4411, -0.6798 1.9609 1.4999, -0.6785 1.9393 1.4388, -0.6769 1.9671 1.4972, -0.677 1.9418 1.4376, -0.6758 1.9696 1.4962, -0.674 1.9469 1.4353, -0.6723 1.9739 1.4944, -0.6724 1.9486 1.4345, -0.6679 1.9531 1.4324, -0.6696 1.9771 1.493, -0.6662 1.9542 1.4319, -0.6661 1.9796 1.492, -0.6595 1.9583 1.4299, -0.6614 1.9829 1.4906, -0.6588 1.9585 1.4298, -0.6587 1.9839 1.4901, -0.6509 1.9611 1.4286, -0.6519 1.9865 1.489, -0.6505 1.9612 1.4286, -0.6505 1.9867 1.4889, -0.6417 1.9877 1.4885, -0.6417 1.9621 1.4282, -0.563 1.9877 1.4885, -0.563 1.9621 1.4282, -0.5577 1.9618 1.4283, -0.5543 1.9867 1.4889, -0.5543 1.961 1.4287, -0.5528 1.9865 1.489, -0.5488 1.9597 1.4293, -0.546 1.9839 1.4901, -0.546 1.9584 1.4299, -0.5433 1.9829 1.4906, -0.5404 1.9556 1.4312, -0.5386 1.9796 1.492, -0.5386 1.9542 1.4318, -0.5336 1.9502 1.4337, -0.5352 1.9771 1.493, -0.5324 1.9486 1.4345, -0.5325 1.9739 1.4944, -0.5279 1.9426 1.4373, -0.5289 1.9696 1.4962, -0.5276 1.9419 1.4376, -0.5278 1.9671 1.4972, -0.5247 1.9347 1.4409, -0.525 1.9609 1.4999, -0.5247 1.9344 1.4411, -0.5248 1.9595 1.5005, -0.5236 1.9515 1.5039, -0.5236 1.9264 1.4448, -0.2795 1.9264 1.4448, -0.2795 1.9515 1.5039, -0.2792 1.9311 1.4426, -0.2784 1.9595 1.5005, -0.2783 1.9343 1.4411, -0.2782 1.9609 1.4999, -0.2769 1.9393 1.4388, -0.2754 1.9671 1.4972, -0.2754 1.9418 1.4376, -0.2743 1.9696 1.4962, -0.2724 1.9469 1.4353, -0.2707 1.9739 1.4944, -0.2708 1.9486 1.4345, -0.2663 1.9531 1.4324, -0.268 1.9771 1.493, -0.2646 1.9542 1.4319, -0.2645 1.9796 1.492, -0.258 1.9583 1.4299, -0.2598 1.9829 1.4906, -0.2572 1.9585 1.4298, -0.2571 1.9839 1.4901, -0.2493 1.9611 1.4286, -0.2503 1.9865 1.489, -0.2489 1.9612 1.4286, -0.2489 1.9867 1.4889, -0.2402 1.9877 1.4885, -0.2402 1.9621 1.4282, -0.1614 1.9877 1.4885, -0.1614 1.9621 1.4282, -0.1562 1.9618 1.4283, -0.1527 1.9867 1.4889, -0.1527 1.961 1.4287, -0.1512 1.9865 1.489, -0.1472 1.9597 1.4293, -0.1444 1.9839 1.4901, -0.1445 1.9584 1.4299, -0.1417 1.9829 1.4906, -0.1388 1.9556 1.4312, -0.1371 1.9796 1.492, -0.137 1.9542 1.4318, -0.132 1.9502 1.4337, -0.1336 1.9771 1.493, -0.1308 1.9486 1.4345, -0.1309 1.9739 1.4944, -0.1263 1.9426 1.4373, -0.1273 1.9696 1.4962, -0.126 1.9419 1.4376, -0.1262 1.9671 1.4972, -0.1231 1.9347 1.4409, -0.1234 1.9609 1.4999, -0.1231 1.9344 1.4411, -0.1232 1.9595 1.5005, -0.122 1.9515 1.5039, -0.122 1.9264 1.4448, 0.122 1.9264 1.4448, 0.122 1.9515 1.5039, 0.1224 1.9311 1.4426, 0.1232 1.9595 1.5005, 0.1233 1.9343 1.4411, 0.1234 1.9609 1.4999, 0.1247 1.9393 1.4388, 0.1262 1.9671 1.4972, 0.1262 1.9418 1.4376, 0.1273 1.9696 1.4962, 0.1292 1.9469 1.4353, 0.1309 1.9739 1.4944, 0.1308 1.9486 1.4345, 0.1353 1.9531 1.4324, 0.1336 1.9771 1.493, 0.137 1.9542 1.4319, 0.1371 1.9796 1.492, 0.1436 1.9583 1.4299, 0.1417 1.9829 1.4906, 0.1444 1.9585 1.4298, 0.1444 1.9839 1.4901, 0.1523 1.9611 1.4286, 0.1512 1.9865 1.489, 0.1527 1.9612 1.4286, 0.1527 1.9867 1.4889, 0.1614 1.9877 1.4885, 0.1614 1.9621 1.4282, 0.2402 1.9877 1.4885, 0.2402 1.9621 1.4282, 0.2454 1.9618 1.4283, 0.2489 1.9867 1.4889, 0.2489 1.961 1.4287, 0.2503 1.9865 1.489, 0.2544 1.9597 1.4293, 0.2571 1.9839 1.4901, 0.2571 1.9584 1.4299, 0.2598 1.9829 1.4906, 0.2628 1.9556 1.4312, 0.2645 1.9796 1.492, 0.2646 1.9542 1.4318, 0.2696 1.9502 1.4337, 0.268 1.9771 1.493, 0.2708 1.9486 1.4345, 0.2707 1.9739 1.4944, 0.2753 1.9426 1.4373, 0.2743 1.9696 1.4962, 0.2755 1.9419 1.4376, 0.2754 1.9671 1.4972, 0.2784 1.9347 1.4409, 0.2782 1.9609 1.4999, 0.2785 1.9344 1.4411, 0.2784 1.9595 1.5005, 0.2795 1.9515 1.5039, 0.2795 1.9264 1.4448, 0.5236 1.9264 1.4448, 0.5236 1.9515 1.5039, 0.524 1.9311 1.4426, 0.5248 1.9595 1.5005, 0.5249 1.9343 1.4411, 0.525 1.9609 1.4999, 0.5263 1.9393 1.4388, 0.5278 1.9671 1.4972, 0.5277 1.9418 1.4376, 0.5289 1.9696 1.4962, 0.5307 1.9469 1.4353, 0.5325 1.9739 1.4944, 0.5324 1.9486 1.4345, 0.5368 1.9531 1.4324, 0.5352 1.9771 1.493, 0.5386 1.9542 1.4319, 0.5386 1.9796 1.492, 0.5452 1.9583 1.4299, 0.5433 1.9829 1.4906, 0.5459 1.9585 1.4298, 0.546 1.9839 1.4901, 0.5539 1.9611 1.4286, 0.5528 1.9865 1.489, 0.5542 1.9612 1.4286, 0.5543 1.9867 1.4889, 0.563 1.9877 1.4885, 0.563 1.9621 1.4282, 0.6417 1.9877 1.4885, 0.6417 1.9621 1.4282, 0.647 1.9618 1.4283, 0.6505 1.9867 1.4889, 0.6504 1.961 1.4287, 0.6519 1.9865 1.489, 0.656 1.9597 1.4293, 0.6587 1.9839 1.4901, 0.6587 1.9584 1.4299, 0.6614 1.9829 1.4906, 0.6644 1.9556 1.4312, 0.6661 1.9796 1.492, 0.6661 1.9542 1.4318, 0.6711 1.9502 1.4337, 0.6696 1.9771 1.493, 0.6723 1.9486 1.4345, 0.6723 1.9739 1.4944, 0.6768 1.9426 1.4373, 0.6758 1.9696 1.4962, 0.6771 1.9419 1.4376, 0.6769 1.9671 1.4972, 0.68 1.9347 1.4409, 0.6798 1.9609 1.4999, 0.6801 1.9344 1.4411, 0.68 1.9595 1.5005, 0.6811 1.9515 1.5039, 0.6811 1.9264 1.4448, 0.9252 1.9264 1.4448, 0.9252 1.9515 1.5039, 0.9255 1.9311 1.4426, 0.9263 1.9595 1.5005, 0.9264 1.9343 1.4411, 0.9265 1.9609 1.4999, 0.9278 1.9393 1.4388, 0.9293 1.9671 1.4972, 0.9293 1.9418 1.4376, 0.9305 1.9696 1.4962, 0.9323 1.9469 1.4353, 0.934 1.9739 1.4944, 0.9339 1.9486 1.4345, 0.9384 1.9531 1.4324, 0.9367 1.9771 1.493, 0.9401 1.9542 1.4319, 0.9402 1.9796 1.492, 0.9468 1.9583 1.4299, 0.9449 1.9829 1.4906, 0.9475 1.9585 1.4298, 0.9476 1.9839 1.4901, 0.9554 1.9611 1.4286, 0.9544 1.9865 1.489, 0.9558 1.9612 1.4286, 0.9558 1.9867 1.4889, 0.9646 1.9877 1.4885, 0.9646 1.9621 1.4282, 1.0433 1.9877 1.4885, 1.0433 1.9621 1.4282, 1.0486 1.9618 1.4283, 1.052 1.9867 1.4889, 1.052 1.961 1.4287, 1.0535 1.9865 1.489, 1.0575 1.9597 1.4293, 1.0603 1.9839 1.4901, 1.0603 1.9584 1.4299, 1.063 1.9829 1.4906, 1.0659 1.9556 1.4312, 1.0677 1.9796 1.492, 1.0677 1.9542 1.4318, 1.0727 1.9502 1.4337, 1.0711 1.9771 1.493, 1.0739 1.9486 1.4345, 1.0738 1.9739 1.4944, 1.0784 1.9426 1.4373, 1.0774 1.9696 1.4962, 1.0787 1.9419 1.4376, 1.0785 1.9671 1.4972, 1.0816 1.9347 1.4409, 1.0813 1.9609 1.4999, 1.0816 1.9344 1.4411, 1.0815 1.9595 1.5005, 1.0827 1.9515 1.5039, 1.0827 1.9264 1.4448, 1.3268 1.9264 1.4448, 1.3268 1.9515 1.5039, 1.3271 1.9311 1.4426, 1.3279 1.9595 1.5005, 1.328 1.9343 1.4411, 1.3281 1.9609 1.4999, 1.3294 1.9393 1.4388, 1.3309 1.9671 1.4972, 1.3309 1.9418 1.4376, 1.332 1.9696 1.4962, 1.3339 1.9469 1.4353, 1.3356 1.9739 1.4944, 1.3355 1.9486 1.4345, 1.34 1.9531 1.4324, 1.3383 1.9771 1.493, 1.3417 1.9542 1.4319, 1.3418 1.9796 1.492, 1.3483 1.9583 1.4299, 1.3465 1.9829 1.4906, 1.3491 1.9585 1.4298, 1.3492 1.9839 1.4901, 1.357 1.9611 1.4286, 1.356 1.9865 1.489, 1.3574 1.9612 1.4286, 1.3574 1.9867 1.4889, 1.3661 1.9877 1.4885, 1.3661 1.9621 1.4282, 1.4449 1.9877 1.4885, 1.4449 1.9621 1.4282, 1.4501 1.9618 1.4283, 1.4536 1.9867 1.4889, 1.4536 1.961 1.4287, 1.4551 1.9865 1.489, 1.4591 1.9597 1.4293, 1.4619 1.9839 1.4901, 1.4618 1.9584 1.4299, 1.4646 1.9829 1.4906, 1.4675 1.9556 1.4312, 1.4692 1.9796 1.492, 1.4693 1.9542 1.4318, 1.4743 1.9502 1.4337, 1.4727 1.9771 1.493, 1.4755 1.9486 1.4345, 1.4754 1.9739 1.4944, 1.48 1.9426 1.4373, 1.479 1.9696 1.4962, 1.4803 1.9419 1.4376, 1.4801 1.9671 1.4972, 1.4832 1.9347 1.4409, 1.4829 1.9609 1.4999, 1.4832 1.9344 1.4411, 1.4831 1.9595 1.5005, 1.4843 1.9515 1.5039, 1.4843 1.9264 1.4448, -2.3228 1.7122 0.0394, -2.2822 1.729 0.0394, -2.2838 1.7329 -1.122, -2.159 1.7765 -1.122, -2.1586 1.7741 0.0394, -2.1804 1.7712 0.0394, -2.3927 1.6586 0.0394, -2.3958 1.6625 -1.122, -2.4451 1.6184 0.0394, -2.4893 1.569 -1.122, -2.4853 1.566 0.0394, -2.539 1.4961 0.0394, -2.5596 1.457 -1.122, -2.5558 1.4554 0.0394, -2.598 1.3536 0.0394, -2.6033 1.3322 -1.122, -2.6009 1.3319 0.0394, -2.6181 1.2008 -1.122, -2.6181 1.2008 0.0394, -2.6181 -1.4173 0.0394, -2.6181 -1.4173 -1.122, -3.248 -1.4173 0.0394, -3.248 -1.4173 1.4173, -3.248 -0.9843 0.0394, -3.248 -0.9843 0.3937, -3.248 -0.689 0.3937, -3.248 -0.689 1.4173, -3.248 0.9843 0.3937, -3.248 0.9843 0.0394, -3.248 0.689 0.3937, -3.248 0.689 1.4173, 3.248 0.9843 0.0394, 3.248 0.9843 0.3937, 3.248 0.689 0.3937, 3.248 0.689 1.4173, 3.248 -0.9843 0.3937, 3.248 -0.9843 0.0394, 3.248 -0.689 0.3937, 3.248 -0.689 1.4173, 3.248 -1.4173 1.4173, 3.248 -1.4173 0.0394, 2.6181 -1.4173 0.0394, 2.6181 -1.4173 -1.122, 2.6181 1.2008 0.0394, 2.6181 1.2008 -1.122, 2.6033 1.3322 0.0394, 2.598 1.3536 -1.122, 2.596 1.353 0.0394, 2.5596 1.457 0.0394, 2.539 1.4961 -1.122, 2.5362 1.4943 0.0394, 2.4893 1.569 0.0394, 2.4451 1.6184 -1.122, 2.4425 1.6157 0.0394, 2.3958 1.6625 0.0394, 2.3228 1.7122 -1.122, 2.3211 1.7094 0.0394, 2.2838 1.7329 0.0394, 2.1804 1.7712 -1.122, 2.1797 1.7693 0.0394, 2.159 1.7765 0.0394, -2.2028 -1.6515 -1.122, -2.1814 -1.6794 -1.122, -2.1534 -1.7008 -1.122, -2.1161 -1.7295 -1.122, 2.1814 -1.6794 -1.122, 2.2314 -1.6142 -1.122, 0.7874 -2.1063 -1.122, 0.7874 -1.4961 -1.122, 2.5197 -2.1063 -1.122, -2.2644 -1.5266 -1.122, -2.2629 -1.5382 -1.122, -2.2404 -1.5925 -1.122, -2.2314 -1.6142 -1.122, 1.939 1.378 -1.122, 1.8689 1.3701 -1.122, 2.2629 -1.5382 -1.122, 2.2736 -1.4567 -1.122, -2.0945 -1.7384 -1.122, -2.0402 -1.7609 -1.122, -2.5197 -2.1063 -1.122, -0.7874 -1.4961 -1.122, -0.7874 -2.1063 -1.122, -1.8689 1.3701 -1.122, -1.939 1.378 -1.122, -1.9587 1.378 -1.122, -2.2736 1.063 -1.122, -2.2736 -1.4567 -1.122, 2.2736 1.063 -1.122, 2.2657 1.1331 -1.122, 2.2424 1.1996 -1.122, 2.2049 1.2594 -1.122, 2.155 1.3092 -1.122, 2.0953 1.3468 -1.122, 2.0287 1.3701 -1.122, 1.9587 1.378 -1.122, 1.939 -1.7717 -1.122, 1.9587 -1.7717 -1.122, 2.0402 -1.7609 -1.122, 2.1161 -1.7295 -1.122, 2.7108 -1.9531 -1.122, 2.7098 -1.9604 -1.122, 2.6958 -1.9943 -1.122, -1.6927 -1.6531 -1.122, -1.6552 -1.5933 -1.122, -2.2619 1.1441 -1.122, -2.2657 1.1331 -1.122, 1.6358 1.1441 -1.122, 1.6319 1.1331 -1.122, 1.624 1.063 -1.122, 1.624 -1.4567 -1.122, 1.6319 -1.5268 -1.122, 1.6552 -1.5933 -1.122, 1.6927 -1.6531 -1.122, 1.6927 1.2594 -1.122, 1.7177 1.2843 -1.122, 1.7426 1.3092 -1.122, -1.6927 1.2594 -1.122, -1.7426 1.3092 -1.122, -2.0286 -1.7624 -1.122, -1.9587 -1.7717 -1.122, -1.939 -1.7717 -1.122, -2.0287 1.3701 -1.122, -2.0398 1.3662 -1.122, 2.6902 -2.0079 -1.122, 2.6723 -2.0312 -1.122, 2.6589 -2.0486 -1.122, 1.8578 1.3662 -1.122, 1.8023 1.3468 -1.122, 1.7824 1.3343 -1.122, -2.5706 -2.0996 -1.122, -2.6046 -2.0855 -1.122, -2.6181 -2.0799 -1.122, -2.6414 -2.062 -1.122, -2.6589 -2.0486 -1.122, -2.6723 -2.0312 -1.122, -2.0953 1.3468 -1.122, -2.1152 1.3343 -1.122, -2.155 1.3092 -1.122, -2.18 1.2843 -1.122, -2.2049 1.2594 -1.122, -2.2299 1.2195 -1.122, -2.2424 1.1996 -1.122, 1.7426 -1.7029 -1.122, 1.8023 -1.7405 -1.122, 1.8689 -1.7638 -1.122, 2.6414 -2.062 -1.122, 2.6181 -2.0799 -1.122, 2.6046 -2.0855 -1.122, -1.6319 1.1331 -1.122, -1.6552 1.1996 -1.122, 1.6552 1.1996 -1.122, -1.8023 1.3468 -1.122, -2.5634 -2.1005 -1.122, -1.6319 -1.5268 -1.122, -1.624 -1.4567 -1.122, 2.5706 -2.0996 -1.122, 2.5634 -2.1005 -1.122, -2.6902 -2.0079 -1.122, -2.6958 -1.9943 -1.122, -2.7098 -1.9604 -1.122, -1.8689 -1.7638 -1.122, -1.8023 -1.7405 -1.122, -1.7426 -1.7029 -1.122, 1.6677 1.2195 -1.122, -1.624 1.063 -1.122, -2.7108 -1.9531 -1.122, -2.9774 0.5359 1.4173, -2.9724 0.4921 1.4173, -2.8346 0.4921 1.4173, -2.9798 0.5428 1.4173, -2.9919 0.5775 1.4173, -3.1255 0.684 1.4173, -3.1693 0.689 1.4173, -3.0466 0.646 1.4173, -3.031 0.6304 1.4173, -3.0154 0.6149 1.4173, -2.9997 0.59 1.4173, -3.1186 0.6816 1.4173, -3.0839 0.6695 1.4173, -3.0715 0.6617 1.4173, -2.9782 -0.5358 0.3937, -2.9724 -0.4921 0.3937, -3.0476 -0.6447 0.3937, -3.0301 -0.6313 0.3937, -3.0167 -0.6139 0.3937, -2.9988 -0.5906 0.3937, -2.9932 -0.577 0.3937, -2.9791 -0.5431 0.3937, -3.1693 -0.689 0.3937, -3.1256 -0.6832 0.3937, -3.1183 -0.6823 0.3937, -3.0844 -0.6682 0.3937, -3.0709 -0.6626 0.3937, -2.7559 -0.7185 0.6989, -2.7559 -0.7185 0.7121, -2.8346 -0.7185 1.1588, -2.8346 -0.7185 1.4173, -2.7559 -0.7185 1.1588, -2.7559 -0.7185 1.0997, -2.9791 -0.5431 1.4173, -2.8346 -0.7087 1.4173, -2.9782 -0.5358 1.4173, -2.8346 -0.4921 1.4173, -2.9724 -0.4921 1.4173, -2.9932 -0.577 1.4173, -2.9988 -0.5906 1.4173, -3.0167 -0.6139 1.4173, -3.0844 -0.6682 1.4173, -3.1183 -0.6823 1.4173, -3.0301 -0.6313 1.4173, -3.0476 -0.6447 1.4173, -3.0709 -0.6626 1.4173, -3.1256 -0.6832 1.4173, -3.1693 -0.689 1.4173, -2.7559 0.7185 1.1588, -2.7559 0.7185 1.0997, -2.7559 0.7185 0.6989, -2.7559 0.7185 0.7121, -2.8346 0.7185 0.7121, -2.8346 0.7185 1.0997, -3.1693 0.689 0.3937, -3.1255 0.684 0.3937, -3.031 0.6304 0.3937, -3.0466 0.646 0.3937, -3.0715 0.6617 0.3937, -3.0839 0.6695 0.3937, -3.1186 0.6816 0.3937, -2.9724 0.4921 0.3937, -2.9774 0.5359 0.3937, -2.9919 0.5775 0.3937, -2.9997 0.59 0.3937, -3.0154 0.6149 0.3937, -2.9798 0.5428 0.3937, 2.9988 -0.5906 1.4173, 2.9932 -0.577 1.4173, 2.9791 -0.5431 1.4173, 2.8346 -0.4921 1.4173, 2.9782 -0.5358 1.4173, 2.9724 -0.4921 1.4173, 3.0844 -0.6682 1.4173, 3.0709 -0.6626 1.4173, 3.0167 -0.6139 1.4173, 3.0301 -0.6313 1.4173, 3.1693 -0.689 1.4173, 3.0476 -0.6447 1.4173, 3.1256 -0.6832 1.4173, 3.1183 -0.6823 1.4173, 2.7559 -0.7185 1.1588, 2.7559 -0.7185 1.0997, 2.7559 -0.7185 0.6989, 2.7559 -0.7185 0.7121, 2.8346 -0.7185 0.7121, 2.8346 -0.7185 1.0997, 3.0301 -0.6313 0.3937, 3.0167 -0.6139 0.3937, 2.9988 -0.5906 0.3937, 2.9724 -0.4921 0.3937, 2.9782 -0.5358 0.3937, 2.9791 -0.5431 0.3937, 2.9932 -0.577 0.3937, 3.0476 -0.6447 0.3937, 3.0709 -0.6626 0.3937, 3.0844 -0.6682 0.3937, 3.1183 -0.6823 0.3937, 3.1256 -0.6832 0.3937, 3.1693 -0.689 0.3937, 3.1693 0.689 0.3937, 2.9997 0.59 0.3937, 2.9919 0.5775 0.3937, 2.9798 0.5428 0.3937, 2.9774 0.5359 0.3937, 2.9724 0.4921 0.3937, 3.0715 0.6617 0.3937, 3.0466 0.646 0.3937, 3.1255 0.684 0.3937, 3.1186 0.6816 0.3937, 3.0839 0.6695 0.3937, 3.031 0.6304 0.3937, 3.0154 0.6149 0.3937, 2.7559 0.7185 0.6989, 2.7559 0.7185 0.7121, 2.8346 0.7185 1.1588, 2.8346 0.7185 1.4173, 2.7559 0.7185 1.1588, 2.7559 0.7185 1.0997, 3.1693 0.689 1.4173, 2.8346 0.7087 1.4173, 2.8346 0.4921 1.4173, 2.9724 0.4921 1.4173, 3.0709 0.6626 1.4173, 3.1183 0.6823 1.4173, 2.9791 0.5431 1.4173, 2.9988 0.5906 1.4173, 3.0301 0.6313 1.4173, 1.3583 -2.1063 -0.7677, 1.3583 -2.1063 -0.1181, 1.5748 1.5748 -0.0394, 1.5748 0.9646 -0.0394, 2.3228 0.9646 -0.0394, 2.3228 -2.0276 -0.0394, 0.7874 -1.4961 -0.689, 0.7874 -2.0276 -0.689, -2.3228 1.5748 0.3346, -2.3228 0.9646 0.3346, -2.3228 0.9646 -0.0394, -2.3228 -2.0276 -0.0394, -1.5748 1.5748 0.3346, -1.5748 0.9646 0.3346, -1.5748 0.9646 -0.0394, -1.5748 1.5748 -0.0394, 1.5748 1.5748 0.3346, 1.5748 0.9646 0.3346, 2.3228 1.5748 0.3346, 2.3228 0.9646 0.3346, -1.3583 -2.1063 -0.1181, -1.3583 -2.1063 -0.7677, -0.7874 -1.4961 -0.689, -0.7874 -2.0276 -0.689, 2.4016 -2.1063 2.7165, -2.4016 -2.1063 2.7165, -1.3268 -0.6139 2.5928, -1.4843 -0.6139 2.5928, -0.9252 -0.6139 2.5928, -1.0827 -0.6139 2.5928, -0.5236 -0.6139 2.5928, -0.6811 -0.6139 2.5928, -0.122 -0.6139 2.5928, -0.2795 -0.6139 2.5928, 0.2795 -0.6139 2.5928, 0.122 -0.6139 2.5928, 0.6811 -0.6139 2.5928, 0.525 1.9609 1.4999, 0.5236 -0.6139 2.5928, 1.0827 -0.6139 2.5928, 0.9252 -0.6139 2.5928, 1.4843 -0.6139 2.5928, 1.3268 -0.6139 2.5928, -0.7874 -2.1063 -0.7677, 2.4016 -2.1063 -0.1181, -2.4016 -2.1063 -0.1181, 0.7874 -2.1063 -0.7677, 1.939 -1.7717 -0.5315, 1.8691 -1.7624 -0.5315, 1.7442 -1.7008 -0.5315, 1.7815 -1.7295 -0.5315, 1.8032 -1.7384 -0.5315, 1.8575 -1.7609 -0.5315, 1.6662 -1.6142 -0.5315, 1.6948 -1.6515 -0.5315, 1.7163 -1.6794 -0.5315, 1.6347 -1.5382 -0.5315, 1.6572 -1.5925 -0.5315, 1.624 -1.4567 -0.5315, 1.6332 -1.5266 -0.5315, 1.9587 -1.7717 -0.5315, 2.2736 -1.4567 -0.5315, 2.2629 -1.5382 -0.5315, 2.2314 -1.6142 -0.5315, 2.1814 -1.6794 -0.5315, 2.1161 -1.7295 -0.5315, 2.0402 -1.7609 -0.5315, 2.2736 1.063 -0.5315, 1.9587 1.378 -0.5315, 2.0287 1.3701 -0.5315, 2.0953 1.3468 -0.5315, 2.155 1.3092 -0.5315, 2.2049 1.2594 -0.5315, 2.2424 1.1996 -0.5315, 2.2657 1.1331 -0.5315, 1.939 1.378 -0.5315, 1.624 1.063 -0.5315, 1.6347 1.1445 -0.5315, 1.6662 1.2205 -0.5315, 1.7163 1.2857 -0.5315, 1.7815 1.3358 -0.5315, 1.8575 1.3672 -0.5315, -1.624 -1.4567 -0.5315, -1.6332 -1.5266 -0.5315, -1.6948 -1.6515 -0.5315, -1.6662 -1.6142 -0.5315, -1.6572 -1.5925 -0.5315, -1.6347 -1.5382 -0.5315, -1.7815 -1.7295 -0.5315, -1.7442 -1.7008 -0.5315, -1.7163 -1.6794 -0.5315, -1.8575 -1.7609 -0.5315, -1.8032 -1.7384 -0.5315, -1.939 -1.7717 -0.5315, -1.8691 -1.7624 -0.5315, -1.624 1.063 -0.5315, -1.939 1.378 -0.5315, -1.8689 1.3701 -0.5315, -1.8023 1.3468 -0.5315, -1.7426 1.3092 -0.5315, -1.6927 1.2594 -0.5315, -1.6552 1.1996 -0.5315, -1.6319 1.1331 -0.5315, -1.9587 1.378 -0.5315, -2.2736 1.063 -0.5315, -2.2629 1.1445 -0.5315, -2.2314 1.2205 -0.5315, -2.1814 1.2857 -0.5315, -2.1161 1.3358 -0.5315, -2.0402 1.3672 -0.5315, -2.2736 -1.4567 -0.5315, -1.9587 -1.7717 -0.5315, -2.0286 -1.7624 -0.5315, -2.0402 -1.7609 -0.5315, -2.0945 -1.7384 -0.5315, -2.1161 -1.7295 -0.5315, -2.1534 -1.7008 -0.5315, -2.1814 -1.6794 -0.5315, -2.2028 -1.6515 -0.5315, -2.2314 -1.6142 -0.5315, -2.2404 -1.5925 -0.5315, -2.2629 -1.5382 -0.5315, -2.2644 -1.5266 -0.5315, -2.8346 0.7087 0.7291, -2.8346 0.7087 1.0577, -2.8346 -0.7087 1.1758, 2.8346 -0.7087 0.7291, 2.8346 -0.7087 1.0577, 2.8346 0.7087 1.1758, 1.2717 1.9882 2.9685, 1.2717 1.9882 3.0945, 1.2972 1.9882 2.9685, 1.5394 1.9882 3.0945, 1.5138 1.9882 2.9685, 1.5394 1.9882 2.9685, 0.8701 1.9882 2.9685, 0.8701 1.9882 3.0945, 0.8957 1.9882 2.9685, 1.1378 1.9882 3.0945, 1.1122 1.9882 2.9685, 1.1378 1.9882 2.9685, 0.4744 1.9882 2.9724, 0.4685 1.9882 2.9685, 0.4744 1.9882 3.0906, 0.4685 1.9882 3.0945, 0.7303 1.9882 3.0906, 0.7362 1.9882 3.0945, 0.7303 1.9882 2.9724, 0.7362 1.9882 2.9685, 0.7106 1.9882 2.9685, 0.4941 1.9882 2.9685, 0.0728 1.9882 2.9724, 0.0669 1.9882 2.9685, 0.0728 1.9882 3.0906, 0.0669 1.9882 3.0945, 0.3287 1.9882 3.0906, 0.3346 1.9882 3.0945, 0.3287 1.9882 2.9724, 0.3346 1.9882 2.9685, 0.3091 1.9882 2.9685, 0.0925 1.9882 2.9685, -0.3287 1.9882 2.9724, -0.3346 1.9882 2.9685, -0.3287 1.9882 3.0906, -0.3346 1.9882 3.0945, -0.0728 1.9882 3.0906, -0.0669 1.9882 3.0945, -0.0728 1.9882 2.9724, -0.0669 1.9882 2.9685, -0.0925 1.9882 2.9685, -0.3091 1.9882 2.9685, -0.7303 1.9882 2.9724, -0.7362 1.9882 2.9685, -0.7303 1.9882 3.0906, -0.7362 1.9882 3.0945, -0.4744 1.9882 3.0906, -0.4685 1.9882 3.0945, -0.4744 1.9882 2.9724, -0.4685 1.9882 2.9685, -0.4941 1.9882 2.9685, -0.7106 1.9882 2.9685, -1.1378 1.9882 2.9685, -1.1378 1.9882 3.0945, -1.1122 1.9882 2.9685, -0.8701 1.9882 3.0945, -0.8957 1.9882 2.9685, -0.8701 1.9882 2.9685, -1.5394 1.9882 2.9685, -1.5394 1.9882 3.0945, -1.5138 1.9882 2.9685, -1.2717 1.9882 3.0945, -1.2972 1.9882 2.9685, -1.2717 1.9882 2.9685, -0.9055 2.6181 1.3976, -0.9055 2.6181 0.7874, -0.9055 2.5 1.3976, -0.9055 2.5 0.7874, -0.8373 2.7362 1.3976, -0.8373 2.7362 0.7874, -0.769 2.7362 1.3976, -0.769 2.7362 0.7874, -0.7008 2.6181 1.3976, -0.7008 2.6181 0.7874, -0.7008 2.5 1.3976, -0.7008 2.5 0.7874, 0.2992 2.6181 1.3976, 0.2992 2.6181 0.7874, 0.2992 2.5 1.3976, 0.2992 2.5 0.7874, 0.3674 2.7362 1.3976, 0.3674 2.7362 0.7874, 0.4357 2.7362 1.3976, 0.4357 2.7362 0.7874, 0.5039 2.6181 1.3976, 0.5039 2.6181 0.7874, 0.5039 2.5 1.3976, 0.5039 2.5 0.7874, -1.5039 2.6181 1.3976, -1.5039 2.6181 0.7874, -1.5721 2.7362 1.3976, -1.5721 2.7362 0.7874, -1.5039 2.5 1.3976, -1.5039 2.5 0.7874, -2.0079 2.7362 1.3976, -2.0079 2.7362 0.7874, -2.5984 2.7362 3.3268, -2.0079 2.7362 3.3268, -2.6083 2.7461 3.3264, -2.0079 2.7668 3.3227, -2.6181 2.7559 3.3251, -2.0079 2.8543 3.2087, -2.6181 2.8543 3.2087, -2.0079 2.8503 3.2392, -2.6181 2.8511 3.236, -2.6181 2.85 3.2391, -2.6181 2.8416 3.2619, -2.0079 2.8385 3.2677, -2.6181 2.838 3.2674, -2.6181 2.8264 3.2849, -2.0079 2.8197 3.2922, -2.6181 2.8192 3.2916, -2.6181 2.8063 3.3037, -2.0079 2.7953 3.3109, -2.6181 2.7949 3.3102, -2.6181 2.7824 3.3174, -2.6181 2.7666 3.322, -2.6181 2.8543 0.0394, -2.0665 2.8543 0.0394, -2.0079 2.8543 0.0394, 1.5787 2.0276 2.9291, 1.5138 2.0276 2.9291, 1.5787 2.0276 3.1339, 1.2323 2.0276 3.1339, 1.2323 2.0276 2.9291, 1.2972 2.0276 2.9291, 1.2972 1.5748 1.6088, 1.2972 2.0276 1.3976, 1.5138 2.0276 1.3976, 1.5138 1.5748 1.6088, 1.1122 2.0276 1.3976, 1.1122 1.5748 1.6088, 1.1122 2.0276 2.9291, 1.1772 2.0276 2.9291, 1.1772 2.0276 3.1339, 0.8307 2.0276 3.1339, 0.8307 2.0276 2.9291, 0.8957 2.0276 2.9291, 0.8957 1.5748 1.6088, 0.8957 2.0276 1.3976, 0.7106 2.0276 1.3976, 0.7106 1.5748 1.6088, 0.7106 2.0276 2.9291, 0.7756 2.0276 2.9291, 0.7756 2.0276 3.1339, 0.4291 2.0276 3.1339, 0.4291 2.0276 2.9291, 0.4941 2.0276 2.9291, 0.4941 1.5748 1.6088, 0.4941 2.0276 1.3976, 0.3091 2.0276 1.3976, 0.3091 1.5748 1.6088, 0.3091 2.0276 2.9291, 0.374 2.0276 2.9291, 0.374 2.0276 3.1339, 0.0276 2.0276 3.1339, 0.0276 2.0276 2.9291, 0.0925 2.0276 2.9291, 0.0925 1.5748 1.6088, 0.0925 2.0276 1.3976, -0.0925 2.0276 1.3976, -0.0925 1.5748 1.6088, -0.0925 2.0276 2.9291, -0.0276 2.0276 2.9291, -0.0276 2.0276 3.1339, -0.374 2.0276 3.1339, -0.374 2.0276 2.9291, -0.3091 2.0276 2.9291, -0.3091 1.5748 1.6088, -0.3091 2.0276 1.3976, -0.4941 2.0276 1.3976, -0.4941 1.5748 1.6088, -0.4941 2.0276 2.9291, -0.4291 2.0276 2.9291, -0.4291 2.0276 3.1339, -0.7756 2.0276 3.1339, -0.7756 2.0276 2.9291, -0.7106 2.0276 2.9291, -0.7106 1.5748 1.6088, -0.7106 2.0276 1.3976, -0.8957 2.0276 1.3976, -0.8957 1.5748 1.6088, -0.8957 2.0276 2.9291, -0.8307 2.0276 2.9291, -0.8307 2.0276 3.1339, -1.1772 2.0276 3.1339, -1.1772 2.0276 2.9291, -1.1122 2.0276 2.9291, -1.1122 1.5748 1.6088, -1.1122 2.0276 1.3976, -1.2972 2.0276 1.3976, -1.2972 1.5748 1.6088, -1.2972 2.0276 2.9291, -1.2323 2.0276 2.9291, -1.2323 2.0276 3.1339, -1.5787 2.0276 3.1339, -1.5787 2.0276 2.9291, -1.5138 2.0276 2.9291, -1.5138 1.5748 1.6088, -1.5138 2.0276 1.3976, -2.2892 2.9256 -0.2756, -2.4073 2.4277 -0.2756, -2.4614 2.4466 -0.2756, -2.3504 2.4213 -0.2756, -2.2315 2.9038 -0.2756, -2.1807 2.8687 -0.2756, -2.5099 2.4771 -0.2756, -2.5505 2.5176 -0.2756, -2.581 2.5661 -0.2756, -2.1398 2.8225 -0.2756, -2.1111 2.7679 -0.2756, -2.2892 2.4287 -0.2756, -2.2315 2.4506 -0.2756, -2.0964 2.708 -0.2756, -2.0964 2.6463 -0.2756, -2.5999 2.6202 -0.2756, -2.6063 2.6772 -0.2756, -2.3504 2.9331 -0.2756, -2.4166 2.9244 -0.2756, -2.1111 2.5864 -0.2756, -2.1398 2.5318 -0.2756, -2.1807 2.4856 -0.2756, -2.5976 2.7434 -0.2756, -2.572 2.8051 -0.2756, -2.4783 2.8988 -0.2756, -2.5313 2.8581 -0.2756, -2.3504 2.9506 -0.2736, -2.285 2.9426 -0.2736, -2.3504 2.9672 -0.2678, -2.281 2.9588 -0.2678, -2.3504 2.9822 -0.2584, -2.2774 2.9733 -0.2584, -2.3504 2.9946 -0.2459, -2.2744 2.9854 -0.2459, -2.3504 3.004 -0.231, -2.2722 2.9945 -0.231, -2.3504 3.0098 -0.2144, -2.2708 3.0002 -0.2144, -2.3504 3.0118 -0.1969, -2.2703 3.0021 -0.1969, -2.1949 2.9735 -0.1969, -2.1958 2.9717 -0.2144, -2.1285 2.9277 -0.1969, -2.1298 2.9262 -0.2144, -2.075 2.8673 -0.1969, -2.0766 2.8661 -0.2144, -2.0375 2.7958 -0.1969, -2.0393 2.7951 -0.2144, -2.0182 2.7175 -0.1969, -2.0201 2.7173 -0.2144, -2.0182 2.6368 -0.1969, -2.0201 2.6371 -0.2144, -2.0375 2.5585 -0.1969, -2.0393 2.5592 -0.2144, -2.075 2.4871 -0.1969, -2.0766 2.4882 -0.2144, -2.1285 2.4267 -0.1969, -2.1298 2.4282 -0.2144, -2.1949 2.3809 -0.1969, -2.1958 2.3826 -0.2144, -2.2703 2.3522 -0.1969, -2.2708 2.3542 -0.2144, -2.3504 2.3425 -0.1969, -2.3504 2.3445 -0.2144, -2.1985 2.9666 -0.231, -2.1337 2.9218 -0.231, -2.0814 2.8628 -0.231, -2.0448 2.7931 -0.231, -2.0259 2.7166 -0.231, -2.0259 2.6378 -0.231, -2.0448 2.5613 -0.231, -2.0814 2.4915 -0.231, -2.1337 2.4325 -0.231, -2.1985 2.3878 -0.231, -2.2722 2.3598 -0.231, -2.3504 2.3503 -0.231, -2.2029 2.9583 -0.2459, -2.1399 2.9148 -0.2459, -2.0891 2.8575 -0.2459, -2.0536 2.7897 -0.2459, -2.0352 2.7154 -0.2459, -2.0352 2.6389 -0.2459, -2.0536 2.5646 -0.2459, -2.0891 2.4968 -0.2459, -2.1399 2.4395 -0.2459, -2.2029 2.3961 -0.2459, -2.2744 2.3689 -0.2459, -2.3504 2.3597 -0.2459, -2.2087 2.9472 -0.2584, -2.1481 2.9055 -0.2584, -2.0994 2.8504 -0.2584, -2.0652 2.7853 -0.2584, -2.0476 2.7139 -0.2584, -2.0476 2.6404 -0.2584, -2.0652 2.569 -0.2584, -2.0994 2.5039 -0.2584, -2.1481 2.4489 -0.2584, -2.2087 2.4071 -0.2584, -2.2774 2.381 -0.2584, -2.3504 2.3722 -0.2584, -2.2156 2.934 -0.2678, -2.158 2.8943 -0.2678, -2.1117 2.8419 -0.2678, -2.0792 2.78 -0.2678, -2.0624 2.7121 -0.2678, -2.0624 2.6422 -0.2678, -2.0792 2.5743 -0.2678, -2.1117 2.5124 -0.2678, -2.158 2.46 -0.2678, -2.2156 2.4203 -0.2678, -2.281 2.3955 -0.2678, -2.3504 2.3871 -0.2678, -2.2233 2.9193 -0.2736, -2.1691 2.8818 -0.2736, -2.1254 2.8325 -0.2736, -2.0947 2.7741 -0.2736, -2.079 2.7101 -0.2736, -2.079 2.6442 -0.2736, -2.0947 2.5802 -0.2736, -2.1254 2.5218 -0.2736, -2.1691 2.4725 -0.2736, -2.2233 2.4351 -0.2736, -2.285 2.4117 -0.2736, -2.3504 2.4037 -0.2736, -2.6805 2.6371 -0.1969, -2.685 2.6772 -0.1969, -2.6831 2.6772 -0.2144, -2.6614 2.5592 -0.1969, -2.6766 2.6027 -0.1969, -2.6747 2.6031 -0.2144, -2.6243 2.488 -0.1969, -2.6519 2.532 -0.1969, -2.6501 2.5328 -0.2144, -2.5712 2.4277 -0.1969, -2.612 2.4685 -0.1969, -2.6105 2.4697 -0.2144, -2.5053 2.3818 -0.1969, -2.559 2.4155 -0.1969, -2.5578 2.4171 -0.2144, -2.4303 2.3528 -0.1969, -2.4956 2.3757 -0.1969, -2.4947 2.3774 -0.2144, -2.4249 2.3509 -0.1969, -2.4244 2.3528 -0.2144, -2.4231 2.3585 -0.231, -2.421 2.3677 -0.2459, -2.4183 2.3798 -0.2584, -2.4149 2.3944 -0.2678, -2.4112 2.4106 -0.2736, -2.4922 2.3827 -0.231, -2.4881 2.3911 -0.2459, -2.4827 2.4024 -0.2584, -2.4762 2.4158 -0.2678, -2.469 2.4308 -0.2736, -2.5542 2.4216 -0.231, -2.5483 2.429 -0.2459, -2.5406 2.4387 -0.2584, -2.5312 2.4504 -0.2678, -2.5209 2.4634 -0.2736, -2.6059 2.4734 -0.231, -2.5986 2.4792 -0.2459, -2.5889 2.487 -0.2584, -2.5772 2.4963 -0.2678, -2.5642 2.5067 -0.2736, -2.6449 2.5354 -0.231, -2.6364 2.5394 -0.2459, -2.6252 2.5448 -0.2584, -2.6117 2.5513 -0.2678, -2.5967 2.5585 -0.2736, -2.669 2.6044 -0.231, -2.6599 2.6065 -0.2459, -2.6477 2.6093 -0.2584, -2.6332 2.6126 -0.2678, -2.617 2.6163 -0.2736, -2.6772 2.6772 -0.231, -2.6679 2.6772 -0.2459, -2.6554 2.6772 -0.2584, -2.6405 2.6772 -0.2678, -2.6238 2.6772 -0.2736, -2.6291 2.8624 0.0394, -2.6181 2.4764 0.0394, -2.6626 2.7955 0.0394, -2.6658 2.789 0.0394, -2.6817 2.7173 0.0394, -2.6246 2.4877 0.0394, -2.6621 2.5588 0.0394, -2.659 2.5476 0.0394, -2.1881 2.9698 0.0394, -2.1952 2.9727 0.0394, -2.3504 3.0118 0.0394, -2.4305 3.0019 0.0394, -2.4319 3.0017 0.0394, -2.2666 3.0011 0.0394, -2.2704 3.0016 0.0394, -2.5058 2.9732 0.0394, -2.5085 2.9721 0.0394, -2.572 2.9272 0.0394, -2.0762 2.8663 0.0394, -2.5756 2.9247 0.0394, -2.6253 2.8668 0.0394, -2.6835 2.7088 0.0394, -2.6815 2.6369 0.0394, -2.6812 2.6267 0.0394, -2.1199 2.9198 0.0394, -2.1292 2.9266 0.0394, -2.3504 2.3425 0.0394, -2.4273 2.3515 0.0394, -2.4304 2.3526 0.0394, -2.5001 2.3778 0.0394, -2.5055 2.3814 0.0394, -2.5648 2.4202 0.0394, -2.5716 2.4274 0.0394, -2.6798 2.7171 -0.1969, -2.6736 2.7638 -0.1969, -2.6608 2.7948 -0.1969, -2.6402 2.8445 -0.1969, -2.6239 2.8658 -0.1969, -2.587 2.9138 -0.1969, -2.5711 2.926 -0.1969, -2.5177 2.967 -0.1969, -2.5053 2.9721 -0.1969, -2.437 3.0004 -0.1969, -2.4304 3.0013 -0.1969, -2.0387 2.7953 0.0394, -2.0329 2.7829 0.0394, -2.0194 2.7173 0.0394, -2.017 2.7055 0.0394, -2.0192 2.6369 0.0394, -2.0196 2.6266 0.0394, -2.0384 2.5587 0.0394, -2.0406 2.5505 0.0394, -2.0756 2.4874 0.0394, -2.079 2.4814 0.0394, -2.1289 2.4271 0.0394, -2.1324 2.4233 0.0394, -2.1951 2.3812 0.0394, -2.1979 2.3793 0.0394, -2.272 2.3518 0.0394, -2.2704 2.3524 0.0394, 2.0079 2.0276 1.3976, 2.0079 2.0276 3.3268, -2.0079 2.0276 3.3268, -2.0079 2.0276 1.3976, -2.5984 1.2205 3.3268, 0.2894 2.5 1.3976, 0.2894 2.5 0.7874, -1.3071 2.5 0.7874, -1.3071 2.5 1.3976, -1.1024 2.5 1.3976, -1.1024 2.5 0.7874, -1.3071 2.6181 1.3976, -1.3071 2.6181 0.7874, -1.2389 2.7362 1.3976, -1.2389 2.7362 0.7874, -1.1706 2.7362 1.3976, -1.1706 2.7362 0.7874, -1.1024 2.6181 1.3976, -1.1024 2.6181 0.7874, -0.1024 2.6181 1.3976, -0.1024 2.6181 0.7874, -0.1024 2.5 1.3976, -0.1024 2.5 0.7874, -0.0342 2.7362 1.3976, -0.0342 2.7362 0.7874, 0.0342 2.7362 1.3976, 0.0342 2.7362 0.7874, 0.1024 2.6181 1.3976, 0.1024 2.6181 0.7874, 0.1024 2.5 1.3976, 0.1024 2.5 0.7874, 1.3071 2.5 1.3976, 1.5039 2.5 1.3976, 1.3071 2.5 0.7874, 1.5039 2.5 0.7874, 2.3504 2.9331 -0.2756, 2.4073 2.9267 -0.2756, 2.2892 2.4287 -0.2756, 2.4614 2.9077 -0.2756, 2.5099 2.8772 -0.2756, 2.5505 2.8367 -0.2756, 2.581 2.7882 -0.2756, 2.5999 2.7341 -0.2756, 2.6063 2.6772 -0.2756, 2.3504 2.4213 -0.2756, 2.5976 2.6109 -0.2756, 2.2315 2.9038 -0.2756, 2.1807 2.4856 -0.2756, 2.1807 2.8687 -0.2756, 2.1398 2.8225 -0.2756, 2.2315 2.4506 -0.2756, 2.2892 2.9256 -0.2756, 2.0964 2.6463 -0.2756, 2.1111 2.5864 -0.2756, 2.1398 2.5318 -0.2756, 2.0964 2.708 -0.2756, 2.1111 2.7679 -0.2756, 2.572 2.5492 -0.2756, 2.5313 2.4962 -0.2756, 2.4166 2.43 -0.2756, 2.4783 2.4555 -0.2756, 2.6798 2.6372 -0.1969, 2.6736 2.5906 -0.1969, 2.6717 2.5911 -0.2144, 2.6608 2.5595 -0.1969, 2.6402 2.5098 -0.1969, 2.6385 2.5108 -0.2144, 2.6239 2.4885 -0.1969, 2.587 2.4405 -0.1969, 2.5856 2.4419 -0.2144, 2.5711 2.4283 -0.1969, 2.5177 2.3874 -0.1969, 2.5167 2.3891 -0.2144, 2.5053 2.3822 -0.1969, 2.437 2.3539 -0.1969, 2.4365 2.3558 -0.2144, 2.4304 2.353 -0.1969, 2.3504 2.3425 -0.1969, 2.3504 2.3445 -0.2144, 2.435 2.3615 -0.231, 2.3504 2.3503 -0.231, 2.4326 2.3705 -0.2459, 2.3504 2.3597 -0.2459, 2.4293 2.3826 -0.2584, 2.3504 2.3722 -0.2584, 2.4255 2.397 -0.2678, 2.3504 2.3871 -0.2678, 2.4212 2.4131 -0.2736, 2.3504 2.4037 -0.2736, 2.5138 2.3941 -0.231, 2.5091 2.4022 -0.2459, 2.5029 2.413 -0.2584, 2.4954 2.426 -0.2678, 2.4871 2.4404 -0.2736, 2.5815 2.446 -0.231, 2.5749 2.4527 -0.2459, 2.5661 2.4615 -0.2584, 2.5555 2.4721 -0.2678, 2.5437 2.4838 -0.2736, 2.6335 2.5137 -0.231, 2.6253 2.5184 -0.2459, 2.6145 2.5247 -0.2584, 2.6016 2.5321 -0.2678, 2.5872 2.5405 -0.2736, 2.6661 2.5926 -0.231, 2.657 2.595 -0.2459, 2.645 2.5982 -0.2584, 2.6306 2.6021 -0.2678, 2.6145 2.6064 -0.2736, 2.685 2.6772 -0.1969, 2.6831 2.6772 -0.2144, 2.6772 2.6772 -0.231, 2.6679 2.6772 -0.2459, 2.6554 2.6772 -0.2584, 2.6405 2.6772 -0.2678, 2.6238 2.6772 -0.2736, 2.3504 3.0118 -0.1969, 2.3504 3.0098 -0.2144, 2.2708 3.0002 -0.2144, 2.3504 3.004 -0.231, 2.2722 2.9945 -0.231, 2.3504 2.9946 -0.2459, 2.2744 2.9854 -0.2459, 2.3504 2.9822 -0.2584, 2.2774 2.9733 -0.2584, 2.3504 2.9672 -0.2678, 2.281 2.9588 -0.2678, 2.3504 2.9506 -0.2736, 2.285 2.9426 -0.2736, 2.2233 2.9193 -0.2736, 2.1691 2.8818 -0.2736, 2.1254 2.8325 -0.2736, 2.0947 2.7741 -0.2736, 2.079 2.7101 -0.2736, 2.079 2.6442 -0.2736, 2.0947 2.5802 -0.2736, 2.1254 2.5218 -0.2736, 2.1691 2.4725 -0.2736, 2.2233 2.4351 -0.2736, 2.285 2.4117 -0.2736, 2.2156 2.934 -0.2678, 2.158 2.8943 -0.2678, 2.1117 2.8419 -0.2678, 2.0792 2.78 -0.2678, 2.0624 2.7121 -0.2678, 2.0624 2.6422 -0.2678, 2.0792 2.5743 -0.2678, 2.1117 2.5124 -0.2678, 2.158 2.46 -0.2678, 2.2156 2.4203 -0.2678, 2.281 2.3955 -0.2678, 2.2087 2.9472 -0.2584, 2.1481 2.9055 -0.2584, 2.0994 2.8504 -0.2584, 2.0652 2.7853 -0.2584, 2.0476 2.7139 -0.2584, 2.0476 2.6404 -0.2584, 2.0652 2.569 -0.2584, 2.0994 2.5039 -0.2584, 2.1481 2.4489 -0.2584, 2.2087 2.4071 -0.2584, 2.2774 2.381 -0.2584, 2.2029 2.9583 -0.2459, 2.1399 2.9148 -0.2459, 2.0891 2.8575 -0.2459, 2.0536 2.7897 -0.2459, 2.0352 2.7154 -0.2459, 2.0352 2.6389 -0.2459, 2.0536 2.5646 -0.2459, 2.0891 2.4968 -0.2459, 2.1399 2.4395 -0.2459, 2.2029 2.3961 -0.2459, 2.2744 2.3689 -0.2459, 2.1985 2.9666 -0.231, 2.1337 2.9218 -0.231, 2.0814 2.8628 -0.231, 2.0448 2.7931 -0.231, 2.0259 2.7166 -0.231, 2.0259 2.6378 -0.231, 2.0448 2.5613 -0.231, 2.0814 2.4915 -0.231, 2.1337 2.4325 -0.231, 2.1985 2.3878 -0.231, 2.2722 2.3598 -0.231, 2.1958 2.9717 -0.2144, 2.1298 2.9262 -0.2144, 2.0766 2.8661 -0.2144, 2.0393 2.7951 -0.2144, 2.0201 2.7173 -0.2144, 2.0201 2.6371 -0.2144, 2.0393 2.5592 -0.2144, 2.0766 2.4882 -0.2144, 2.1298 2.4282 -0.2144, 2.1958 2.3826 -0.2144, 2.2708 2.3542 -0.2144, 2.2703 3.0021 -0.1969, 2.1949 2.9735 -0.1969, 2.1285 2.9277 -0.1969, 2.075 2.8673 -0.1969, 2.0375 2.7958 -0.1969, 2.0182 2.7175 -0.1969, 2.0182 2.6368 -0.1969, 2.0375 2.5585 -0.1969, 2.075 2.4871 -0.1969, 2.1285 2.4267 -0.1969, 2.1949 2.3809 -0.1969, 2.2703 2.3522 -0.1969, 2.3504 2.3425 0.0394, 2.4273 2.3515 0.0394, 2.4304 2.3526 0.0394, 2.5001 2.3778 0.0394, 2.5055 2.3814 0.0394, 2.5648 2.4202 0.0394, 2.5716 2.4274 0.0394, 2.6181 2.4764 0.0394, 2.6246 2.4877 0.0394, 2.659 2.5476 0.0394, 2.6621 2.5588 0.0394, 2.6812 2.6267 0.0394, 2.6815 2.6369 0.0394, 2.6835 2.7088 0.0394, 2.6805 2.7173 -0.1969, 2.6817 2.7173 0.0394, 2.6766 2.7516 -0.1969, 2.6658 2.789 0.0394, 2.6614 2.7952 -0.1969, 2.6626 2.7955 0.0394, 2.6519 2.8224 -0.1969, 2.6291 2.8624 0.0394, 2.6243 2.8663 -0.1969, 2.6253 2.8668 0.0394, 2.612 2.8858 -0.1969, 2.5756 2.9247 0.0394, 2.5712 2.9266 -0.1969, 2.572 2.9272 0.0394, 2.559 2.9388 -0.1969, 2.5085 2.9721 0.0394, 2.5053 2.9726 -0.1969, 2.5058 2.9732 0.0394, 2.4956 2.9787 -0.1969, 2.4319 3.0017 0.0394, 2.4303 3.0015 -0.1969, 2.4305 3.0019 0.0394, 2.4249 3.0034 -0.1969, 2.3504 3.0118 0.0394, 2.272 2.3518 0.0394, 2.2704 2.3524 0.0394, 2.1979 2.3793 0.0394, 2.1951 2.3812 0.0394, 2.1324 2.4233 0.0394, 2.1289 2.4271 0.0394, 2.079 2.4814 0.0394, 2.0756 2.4874 0.0394, 2.0406 2.5505 0.0394, 2.0384 2.5587 0.0394, 2.0196 2.6266 0.0394, 2.0192 2.6369 0.0394, 2.017 2.7055 0.0394, 2.0194 2.7173 0.0394, 2.0329 2.7829 0.0394, 2.0387 2.7953 0.0394, 2.0665 2.8543 0.0394, 2.0762 2.8663 0.0394, 2.1199 2.9198 0.0394, 2.1292 2.9266 0.0394, 2.1881 2.9698 0.0394, 2.1952 2.9727 0.0394, 2.2666 3.0011 0.0394, 2.2704 3.0016 0.0394, 1.5039 2.6181 1.3976, 1.5039 2.6181 0.7874, 1.5721 2.7362 1.3976, 1.5721 2.7362 0.7874, 2.0079 2.7362 1.3976, 2.0079 2.7362 0.7874, 2.0079 2.8543 0.0394, 2.0079 2.8543 3.2087, 2.6181 2.8543 3.2087, 2.6181 2.8543 0.0394, 2.6181 2.7559 3.3251, 2.6181 2.7666 3.322, 2.6083 2.7461 3.3264, 2.0079 2.7625 3.3238, 2.5984 2.7362 3.3268, 2.0079 2.7362 3.3268, 2.6181 2.8511 3.236, 2.0079 2.8514 3.2349, 2.6181 2.85 3.2391, 2.0079 2.8499 3.2391, 2.6181 2.8416 3.2619, 2.0079 2.8426 3.2599, 2.6181 2.838 3.2674, 2.0079 2.8379 3.2674, 2.6181 2.8264 3.2849, 2.0079 2.8286 3.2823, 2.6181 2.8192 3.2916, 2.0079 2.8192 3.2917, 2.6181 2.8063 3.3037, 2.0079 2.8099 3.301, 2.6181 2.7949 3.3102, 2.0079 2.7949 3.3104, 2.6181 2.7824 3.3174, 2.0079 2.7875 3.3151, 2.0079 2.7667 3.3224, 2.5984 1.2205 3.3268, 0.9055 2.5 1.3976, 1.1024 2.5 1.3976, 0.9055 2.5 0.7874, 1.1024 2.5 0.7874, 1.1024 2.6181 1.3976, 1.1024 2.6181 0.7874, 1.1706 2.7362 1.3976, 1.1706 2.7362 0.7874, 1.2389 2.7362 1.3976, 1.2389 2.7362 0.7874, 1.3071 2.6181 1.3976, 1.3071 2.6181 0.7874, -0.5138 2.5 1.3976, -0.5039 2.5 1.3976, -0.5138 2.5 0.7874, -0.5039 2.5 0.7874, -0.1122 2.5 1.3976, -0.1122 2.5 0.7874, -0.5039 2.6181 1.3976, -0.5039 2.6181 0.7874, -0.4357 2.7362 1.3976, -0.4357 2.7362 0.7874, -0.3674 2.7362 1.3976, -0.3674 2.7362 0.7874, -0.2992 2.6181 1.3976, -0.2992 2.6181 0.7874, -0.2992 2.5 1.3976, -0.2992 2.5 0.7874, 0.7008 2.5 1.3976, 0.7008 2.5 0.7874, 0.6909 2.5 1.3976, 0.6909 2.5 0.7874, 0.7008 2.6181 1.3976, 0.7008 2.6181 0.7874, 0.769 2.7362 1.3976, 0.769 2.7362 0.7874, 0.8373 2.7362 1.3976, 0.8373 2.7362 0.7874, 0.9055 2.6181 1.3976, 0.9055 2.6181 0.7874, -0.6909 2.5 1.3976, 0.5138 2.5 1.3976, 0.1122 2.5 1.3976, -0.2894 2.5 1.3976, -0.6909 2.5 0.7874, -0.2894 2.5 0.7874, 0.1122 2.5 0.7874, 0.5138 2.5 0.7874, 2.4947 2.9769 -0.2144, 2.5578 2.9373 -0.2144, 2.6105 2.8846 -0.2144, 2.6501 2.8215 -0.2144, 2.6747 2.7512 -0.2144, 2.669 2.7499 -0.231, 2.6599 2.7478 -0.2459, 2.6477 2.745 -0.2584, 2.6332 2.7417 -0.2678, 2.617 2.738 -0.2736, 2.6449 2.819 -0.231, 2.6364 2.8149 -0.2459, 2.6252 2.8095 -0.2584, 2.6117 2.803 -0.2678, 2.5967 2.7958 -0.2736, 2.6059 2.881 -0.231, 2.5986 2.8751 -0.2459, 2.5889 2.8673 -0.2584, 2.5772 2.858 -0.2678, 2.5642 2.8476 -0.2736, 2.5542 2.9327 -0.231, 2.5483 2.9254 -0.2459, 2.5406 2.9156 -0.2584, 2.5312 2.904 -0.2678, 2.5209 2.8909 -0.2736, 2.4922 2.9716 -0.231, 2.4881 2.9632 -0.2459, 2.4827 2.952 -0.2584, 2.4762 2.9385 -0.2678, 2.469 2.9235 -0.2736, 2.4244 3.0015 -0.2144, 2.4231 2.9958 -0.231, 2.421 2.9867 -0.2459, 2.4183 2.9745 -0.2584, 2.4149 2.96 -0.2678, 2.4112 2.9437 -0.2736, -2.4365 2.9985 -0.2144, -2.5167 2.9653 -0.2144, -2.5856 2.9124 -0.2144, -2.6385 2.8435 -0.2144, -2.6717 2.7633 -0.2144, -2.6661 2.7618 -0.231, -2.657 2.7593 -0.2459, -2.645 2.7561 -0.2584, -2.6306 2.7522 -0.2678, -2.6145 2.7479 -0.2736, -2.6335 2.8406 -0.231, -2.6253 2.8359 -0.2459, -2.6145 2.8297 -0.2584, -2.6016 2.8222 -0.2678, -2.5872 2.8139 -0.2736, -2.5815 2.9083 -0.231, -2.5749 2.9016 -0.2459, -2.5661 2.8928 -0.2584, -2.5555 2.8823 -0.2678, -2.5437 2.8705 -0.2736, -2.5138 2.9602 -0.231, -2.5091 2.9521 -0.2459, -2.5029 2.9413 -0.2584, -2.4954 2.9284 -0.2678, -2.4871 2.914 -0.2736, -2.435 2.9929 -0.231, -2.4326 2.9838 -0.2459, -2.4293 2.9718 -0.2584, -2.4255 2.9574 -0.2678, -2.4212 2.9413 -0.2736, -2.4212 2.9413 -0.2736
            ]
        }
        coordIndex [
            0,1,2,-1,2,1,3,-1,4,5,6,-1,7,8,9,-1,10,11,12,-1,10,12,9,-1,9,12,13,-1,9,13,7,-1,8,14,9,-1,9,14,15,-1,9,15,16,-1,4,6,17,-1,16,18,9,-1,9,18,19,-1,9,19,6,-1,6,19,20,-1,6,20,17,-1,21,22,23,-1,23,22,24,-1,24,25,23,-1,23,25,26,-1,23,26,27,-1,21,23,28,-1,28,23,29,-1,28,29,30,-1,27,31,23,-1,23,31,32,-1,23,32,33,-1,33,34,23,-1,23,34,35,-1,23,35,36,-1,37,38,39,-1,39,38,23,-1,39,23,40,-1,40,23,36,-1,41,42,43,-1,43,42,44,-1,45,46,47,-1,47,46,48,-1,49,50,51,-1,49,51,52,-1,53,54,55,-1,55,54,56,-1,56,57,55,-1,55,57,58,-1,55,58,59,-1,53,55,60,-1,60,55,61,-1,60,61,62,-1,59,63,55,-1,55,63,64,-1,55,64,51,-1,51,64,65,-1,51,65,52,-1,66,67,68,-1,69,70,71,-1,67,72,68,-1,68,72,73,-1,68,73,74,-1,74,75,68,-1,68,75,76,-1,68,76,77,-1,71,78,69,-1,69,78,79,-1,69,79,68,-1,68,79,80,-1,68,80,66,-1,77,81,68,-1,68,81,82,-1,68,82,83,-1,84,85,86,-1,86,85,68,-1,86,68,87,-1,87,68,83,-1,88,89,90,-1,90,89,91,-1,92,93,94,-1,94,93,95,-1,96,97,98,-1,98,99,96,-1,96,99,100,-1,96,100,101,-1,102,103,104,-1,105,106,101,-1,104,105,102,-1,102,105,101,-1,102,101,107,-1,107,101,100,-1,107,100,108,-1,108,100,109,-1,110,111,112,-1,113,114,101,-1,112,113,110,-1,110,113,101,-1,110,101,115,-1,115,101,106,-1,115,106,116,-1,116,106,117,-1,118,119,120,-1,121,122,101,-1,120,121,118,-1,118,121,101,-1,118,101,123,-1,123,101,114,-1,123,114,124,-1,124,114,125,-1,126,127,95,-1,95,127,101,-1,95,101,94,-1,94,101,122,-1,94,122,128,-1,128,122,129,-1,130,131,132,-1,130,132,133,-1,134,135,132,-1,135,136,132,-1,132,136,137,-1,132,137,133,-1,138,139,132,-1,132,139,140,-1,132,140,134,-1,141,142,132,-1,132,142,143,-1,132,143,138,-1,138,143,144,-1,138,144,145,-1,146,147,148,-1,148,147,149,-1,150,146,151,-1,151,146,148,-1,151,148,152,-1,152,148,153,-1,143,152,144,-1,144,152,153,-1,144,153,154,-1,154,153,155,-1,154,155,156,-1,156,155,157,-1,156,157,158,-1,154,159,160,-1,160,159,161,-1,162,163,164,-1,164,165,162,-1,162,165,166,-1,162,166,161,-1,161,166,167,-1,161,167,160,-1,168,169,170,-1,170,169,171,-1,170,171,163,-1,163,171,172,-1,163,172,164,-1,173,174,168,-1,168,174,175,-1,168,175,169,-1,176,177,173,-1,173,177,178,-1,173,178,174,-1,159,179,161,-1,161,179,180,-1,161,180,162,-1,162,180,181,-1,162,181,163,-1,163,181,182,-1,163,182,170,-1,170,182,183,-1,170,183,168,-1,168,183,184,-1,168,184,173,-1,173,184,185,-1,173,185,176,-1,176,185,186,-1,179,187,180,-1,180,187,188,-1,180,188,181,-1,181,188,189,-1,181,189,182,-1,182,189,190,-1,182,190,183,-1,183,190,191,-1,183,191,184,-1,184,191,192,-1,184,192,185,-1,185,192,193,-1,185,193,186,-1,186,193,194,-1,187,195,188,-1,188,195,196,-1,188,196,189,-1,189,196,197,-1,189,197,190,-1,190,197,198,-1,190,198,191,-1,191,198,199,-1,191,199,192,-1,192,199,200,-1,192,200,193,-1,193,200,201,-1,193,201,194,-1,194,201,202,-1,195,203,196,-1,196,203,204,-1,196,204,197,-1,197,204,205,-1,197,205,198,-1,198,205,206,-1,198,206,199,-1,199,206,207,-1,199,207,200,-1,200,207,208,-1,200,208,201,-1,201,208,209,-1,201,209,202,-1,202,209,210,-1,203,211,204,-1,204,211,212,-1,204,212,205,-1,205,212,213,-1,205,213,206,-1,206,213,214,-1,206,214,207,-1,207,214,215,-1,207,215,208,-1,208,215,216,-1,208,216,209,-1,209,216,217,-1,209,217,210,-1,210,217,218,-1,211,219,212,-1,212,219,220,-1,212,220,213,-1,213,220,221,-1,213,221,214,-1,214,221,222,-1,214,222,215,-1,215,222,223,-1,215,223,216,-1,216,223,224,-1,216,224,217,-1,217,224,225,-1,217,225,218,-1,218,225,226,-1,227,228,229,-1,230,231,232,-1,232,231,233,-1,234,235,236,-1,236,227,234,-1,234,227,229,-1,234,229,233,-1,233,229,237,-1,233,237,232,-1,232,237,238,-1,239,240,241,-1,241,240,242,-1,241,242,132,-1,132,242,141,-1,243,244,245,-1,245,244,246,-1,245,246,247,-1,247,246,248,-1,247,248,249,-1,249,248,250,-1,249,250,251,-1,251,250,252,-1,251,252,253,-1,253,252,254,-1,253,254,255,-1,255,254,256,-1,255,256,257,-1,257,256,258,-1,244,259,246,-1,246,259,260,-1,246,260,248,-1,248,260,261,-1,248,261,250,-1,250,261,262,-1,250,262,252,-1,252,262,263,-1,252,263,254,-1,254,263,264,-1,254,264,256,-1,256,264,265,-1,256,265,258,-1,258,265,266,-1,259,267,260,-1,260,267,268,-1,260,268,261,-1,261,268,269,-1,261,269,262,-1,262,269,270,-1,262,270,263,-1,263,270,271,-1,263,271,264,-1,264,271,272,-1,264,272,265,-1,265,272,273,-1,265,273,266,-1,266,273,274,-1,267,275,268,-1,268,275,276,-1,268,276,269,-1,269,276,277,-1,269,277,270,-1,270,277,278,-1,270,278,271,-1,271,278,279,-1,271,279,272,-1,272,279,280,-1,272,280,273,-1,273,280,281,-1,273,281,274,-1,274,281,282,-1,275,283,276,-1,276,283,284,-1,276,284,277,-1,277,284,285,-1,277,285,278,-1,278,285,286,-1,278,286,279,-1,279,286,287,-1,279,287,280,-1,280,287,288,-1,280,288,281,-1,281,288,289,-1,281,289,282,-1,282,289,290,-1,283,291,284,-1,284,291,292,-1,284,292,285,-1,285,292,293,-1,285,293,286,-1,286,293,294,-1,286,294,287,-1,287,294,295,-1,287,295,288,-1,288,295,296,-1,288,296,289,-1,289,296,297,-1,289,297,290,-1,290,297,298,-1,291,299,292,-1,292,299,300,-1,292,300,293,-1,293,300,301,-1,293,301,294,-1,294,301,302,-1,294,302,295,-1,295,302,303,-1,295,303,296,-1,296,303,304,-1,296,304,297,-1,297,304,305,-1,297,305,298,-1,298,305,306,-1,307,308,309,-1,310,311,312,-1,312,311,313,-1,314,315,313,-1,313,315,299,-1,313,299,312,-1,316,317,318,-1,319,315,320,-1,320,315,314,-1,320,314,318,-1,318,314,307,-1,318,307,316,-1,316,307,309,-1,319,321,322,-1,323,324,315,-1,322,325,319,-1,319,325,326,-1,319,326,315,-1,315,326,327,-1,315,327,328,-1,328,329,315,-1,315,329,330,-1,315,330,323,-1,325,322,331,-1,331,322,332,-1,331,332,333,-1,333,332,334,-1,335,336,235,-1,337,338,339,-1,339,338,340,-1,235,234,335,-1,335,234,339,-1,335,339,341,-1,341,339,340,-1,341,340,342,-1,343,344,345,-1,345,344,346,-1,231,347,233,-1,233,347,343,-1,233,343,348,-1,348,343,345,-1,348,345,349,-1,349,345,350,-1,351,352,121,-1,121,352,122,-1,353,354,123,-1,123,354,118,-1,355,356,113,-1,113,356,114,-1,357,358,115,-1,115,358,110,-1,359,360,105,-1,105,360,106,-1,361,362,107,-1,107,362,102,-1,363,364,99,-1,99,364,100,-1,365,366,367,-1,367,366,368,-1,367,368,369,-1,369,368,370,-1,369,370,371,-1,371,370,372,-1,371,372,373,-1,373,372,374,-1,373,374,375,-1,375,374,376,-1,375,376,377,-1,377,376,378,-1,378,376,379,-1,378,379,380,-1,380,379,381,-1,380,381,382,-1,382,381,383,-1,382,383,384,-1,384,383,385,-1,384,385,386,-1,386,385,387,-1,386,387,388,-1,387,389,388,-1,388,389,390,-1,388,390,391,-1,392,393,390,-1,390,393,391,-1,393,392,394,-1,394,392,395,-1,394,395,396,-1,396,395,397,-1,396,397,398,-1,398,397,399,-1,398,399,400,-1,400,399,401,-1,400,401,402,-1,402,401,403,-1,402,403,404,-1,404,403,405,-1,405,403,406,-1,405,406,407,-1,407,406,408,-1,407,408,409,-1,409,408,410,-1,409,410,411,-1,411,410,412,-1,411,412,413,-1,413,412,414,-1,413,414,415,-1,414,416,415,-1,415,416,417,-1,415,417,418,-1,419,420,421,-1,421,420,422,-1,421,422,423,-1,423,422,424,-1,423,424,425,-1,425,424,426,-1,425,426,427,-1,427,426,428,-1,427,428,429,-1,429,428,430,-1,429,430,431,-1,431,430,432,-1,432,430,433,-1,432,433,434,-1,434,433,435,-1,434,435,436,-1,436,435,437,-1,436,437,438,-1,438,437,439,-1,438,439,440,-1,440,439,441,-1,440,441,442,-1,441,443,442,-1,442,443,444,-1,442,444,445,-1,446,447,444,-1,444,447,445,-1,447,446,448,-1,448,446,449,-1,448,449,450,-1,450,449,451,-1,450,451,452,-1,452,451,453,-1,452,453,454,-1,454,453,455,-1,454,455,456,-1,456,455,457,-1,456,457,458,-1,458,457,459,-1,459,457,460,-1,459,460,461,-1,461,460,462,-1,461,462,463,-1,463,462,464,-1,463,464,465,-1,465,464,466,-1,465,466,467,-1,467,466,468,-1,467,468,469,-1,468,470,469,-1,469,470,471,-1,469,471,472,-1,473,474,475,-1,475,474,476,-1,475,476,477,-1,477,476,478,-1,477,478,479,-1,479,478,480,-1,479,480,481,-1,481,480,482,-1,481,482,483,-1,483,482,484,-1,483,484,485,-1,485,484,486,-1,486,484,487,-1,486,487,488,-1,488,487,489,-1,488,489,490,-1,490,489,491,-1,490,491,492,-1,492,491,493,-1,492,493,494,-1,494,493,495,-1,494,495,496,-1,495,497,496,-1,496,497,498,-1,496,498,499,-1,500,501,498,-1,498,501,499,-1,501,500,502,-1,502,500,503,-1,502,503,504,-1,504,503,505,-1,504,505,506,-1,506,505,507,-1,506,507,508,-1,508,507,509,-1,508,509,510,-1,510,509,511,-1,510,511,512,-1,512,511,513,-1,513,511,514,-1,513,514,515,-1,515,514,516,-1,515,516,517,-1,517,516,518,-1,517,518,519,-1,519,518,520,-1,519,520,521,-1,521,520,522,-1,521,522,523,-1,522,524,523,-1,523,524,525,-1,523,525,526,-1,527,528,529,-1,529,528,530,-1,529,530,531,-1,531,530,532,-1,531,532,533,-1,533,532,534,-1,533,534,535,-1,535,534,536,-1,535,536,537,-1,537,536,538,-1,537,538,539,-1,539,538,540,-1,540,538,541,-1,540,541,542,-1,542,541,543,-1,542,543,544,-1,544,543,545,-1,544,545,546,-1,546,545,547,-1,546,547,548,-1,548,547,549,-1,548,549,550,-1,549,551,550,-1,550,551,552,-1,550,552,553,-1,554,555,552,-1,552,555,553,-1,555,554,556,-1,556,554,557,-1,556,557,558,-1,558,557,559,-1,558,559,560,-1,560,559,561,-1,560,561,562,-1,562,561,563,-1,562,563,564,-1,564,563,565,-1,564,565,566,-1,566,565,567,-1,567,565,568,-1,567,568,569,-1,569,568,570,-1,569,570,571,-1,571,570,572,-1,571,572,573,-1,573,572,574,-1,573,574,575,-1,575,574,576,-1,575,576,577,-1,576,578,577,-1,577,578,579,-1,577,579,580,-1,581,582,583,-1,583,582,584,-1,583,584,585,-1,585,584,586,-1,585,586,587,-1,587,586,588,-1,587,588,589,-1,589,588,590,-1,589,590,591,-1,591,590,592,-1,591,592,593,-1,593,592,594,-1,594,592,595,-1,594,595,596,-1,596,595,597,-1,596,597,598,-1,598,597,599,-1,598,599,600,-1,600,599,601,-1,600,601,602,-1,602,601,603,-1,602,603,604,-1,603,605,604,-1,604,605,606,-1,604,606,607,-1,608,609,606,-1,606,609,607,-1,609,608,610,-1,610,608,611,-1,610,611,612,-1,612,611,613,-1,612,613,614,-1,614,613,615,-1,614,615,616,-1,616,615,617,-1,616,617,618,-1,618,617,619,-1,618,619,620,-1,620,619,621,-1,621,619,622,-1,621,622,623,-1,623,622,624,-1,623,624,625,-1,625,624,626,-1,625,626,627,-1,627,626,628,-1,627,628,629,-1,629,628,630,-1,629,630,631,-1,630,632,631,-1,631,632,633,-1,631,633,634,-1,635,636,637,-1,637,636,638,-1,637,638,639,-1,639,638,640,-1,639,640,641,-1,641,640,642,-1,641,642,643,-1,643,642,644,-1,643,644,645,-1,645,644,646,-1,645,646,647,-1,647,646,648,-1,648,646,649,-1,648,649,650,-1,650,649,651,-1,650,651,652,-1,652,651,653,-1,652,653,654,-1,654,653,655,-1,654,655,656,-1,656,655,657,-1,656,657,658,-1,657,659,658,-1,658,659,660,-1,658,660,661,-1,662,663,660,-1,660,663,661,-1,663,662,664,-1,664,662,665,-1,664,665,666,-1,666,665,667,-1,666,667,668,-1,668,667,669,-1,668,669,670,-1,670,669,671,-1,670,671,672,-1,672,671,673,-1,672,673,674,-1,674,673,675,-1,675,673,676,-1,675,676,677,-1,677,676,678,-1,677,678,679,-1,679,678,680,-1,679,680,681,-1,681,680,682,-1,681,682,683,-1,683,682,684,-1,683,684,685,-1,684,686,685,-1,685,686,687,-1,685,687,688,-1,689,690,691,-1,691,690,692,-1,691,692,693,-1,693,692,694,-1,693,694,695,-1,695,694,696,-1,695,696,697,-1,697,696,698,-1,697,698,699,-1,699,698,700,-1,699,700,701,-1,701,700,702,-1,702,700,703,-1,702,703,704,-1,704,703,705,-1,704,705,706,-1,706,705,707,-1,706,707,708,-1,708,707,709,-1,708,709,710,-1,710,709,711,-1,710,711,712,-1,711,713,712,-1,712,713,714,-1,712,714,715,-1,716,717,714,-1,714,717,715,-1,717,716,718,-1,718,716,719,-1,718,719,720,-1,720,719,721,-1,720,721,722,-1,722,721,723,-1,722,723,724,-1,724,723,725,-1,724,725,726,-1,726,725,727,-1,726,727,728,-1,728,727,729,-1,729,727,730,-1,729,730,731,-1,731,730,732,-1,731,732,733,-1,733,732,734,-1,733,734,735,-1,735,734,736,-1,735,736,737,-1,737,736,738,-1,737,738,739,-1,738,740,739,-1,739,740,741,-1,739,741,742,-1,743,744,745,-1,745,744,746,-1,745,746,747,-1,747,746,748,-1,747,748,749,-1,749,748,750,-1,749,750,751,-1,751,750,752,-1,751,752,753,-1,753,752,754,-1,753,754,755,-1,755,754,756,-1,756,754,757,-1,756,757,758,-1,758,757,759,-1,758,759,760,-1,760,759,761,-1,760,761,762,-1,762,761,763,-1,762,763,764,-1,764,763,765,-1,764,765,766,-1,765,767,766,-1,766,767,768,-1,766,768,769,-1,770,771,768,-1,768,771,769,-1,771,770,772,-1,772,770,773,-1,772,773,774,-1,774,773,775,-1,774,775,776,-1,776,775,777,-1,776,777,778,-1,778,777,779,-1,778,779,780,-1,780,779,781,-1,780,781,782,-1,782,781,783,-1,783,781,784,-1,783,784,785,-1,785,784,786,-1,785,786,787,-1,787,786,788,-1,787,788,789,-1,789,788,790,-1,789,790,791,-1,791,790,792,-1,791,792,793,-1,792,794,793,-1,793,794,795,-1,793,795,796,-1,219,243,245,-1,219,245,220,-1,220,245,247,-1,220,247,221,-1,221,247,249,-1,221,249,222,-1,222,249,251,-1,222,251,223,-1,223,251,253,-1,223,253,224,-1,224,253,255,-1,224,255,225,-1,225,255,257,-1,225,257,226,-1,797,798,799,-1,237,800,238,-1,238,800,801,-1,799,798,800,-1,800,798,802,-1,800,802,801,-1,797,799,803,-1,803,799,804,-1,803,804,805,-1,805,804,806,-1,805,806,807,-1,807,806,808,-1,808,806,809,-1,808,809,810,-1,810,809,811,-1,811,809,812,-1,811,812,813,-1,813,812,814,-1,813,814,815,-1,816,815,817,-1,817,815,814,-1,157,816,158,-1,158,816,817,-1,818,157,819,-1,819,157,155,-1,820,818,821,-1,821,818,819,-1,821,819,822,-1,822,819,823,-1,821,149,820,-1,820,149,147,-1,150,824,146,-1,146,824,825,-1,141,242,240,-1,824,826,827,-1,240,825,141,-1,141,825,824,-1,141,824,142,-1,142,824,827,-1,334,332,828,-1,828,332,322,-1,828,322,829,-1,829,322,321,-1,829,321,830,-1,830,321,831,-1,316,828,317,-1,317,828,829,-1,308,832,309,-1,309,832,833,-1,834,835,832,-1,832,835,836,-1,832,836,833,-1,833,836,837,-1,311,837,313,-1,313,837,836,-1,311,310,838,-1,838,310,839,-1,840,838,841,-1,841,838,839,-1,840,841,842,-1,842,841,843,-1,842,843,844,-1,844,843,845,-1,845,843,846,-1,845,846,847,-1,847,846,848,-1,848,846,849,-1,848,849,850,-1,850,849,851,-1,851,849,852,-1,851,852,853,-1,853,852,854,-1,854,852,855,-1,854,855,856,-1,229,228,855,-1,855,228,857,-1,855,857,856,-1,234,233,339,-1,339,233,348,-1,858,859,817,-1,817,859,860,-1,817,860,861,-1,862,863,839,-1,864,865,866,-1,866,865,338,-1,867,868,817,-1,868,869,817,-1,817,869,870,-1,817,870,858,-1,871,872,229,-1,863,873,839,-1,839,873,874,-1,839,874,841,-1,875,876,877,-1,878,879,350,-1,350,879,877,-1,880,881,237,-1,237,881,882,-1,237,882,800,-1,814,883,817,-1,817,883,884,-1,817,884,867,-1,874,885,841,-1,841,885,886,-1,841,886,843,-1,843,886,887,-1,843,887,846,-1,846,887,888,-1,846,888,849,-1,849,888,889,-1,849,889,852,-1,852,889,890,-1,852,890,855,-1,855,890,891,-1,855,891,229,-1,229,891,892,-1,229,892,871,-1,893,894,866,-1,866,894,895,-1,866,895,896,-1,862,839,896,-1,896,839,310,-1,896,310,312,-1,312,897,896,-1,896,897,898,-1,896,898,899,-1,900,901,350,-1,812,902,814,-1,814,902,903,-1,814,903,883,-1,904,905,337,-1,337,905,906,-1,337,906,338,-1,338,906,907,-1,907,908,338,-1,338,908,909,-1,338,909,910,-1,911,237,912,-1,912,237,913,-1,914,915,911,-1,876,916,877,-1,877,916,917,-1,877,917,918,-1,882,919,800,-1,800,919,920,-1,800,920,799,-1,899,921,896,-1,896,921,922,-1,896,922,923,-1,872,924,229,-1,229,924,925,-1,229,925,237,-1,237,925,926,-1,237,926,913,-1,927,928,861,-1,861,928,929,-1,929,930,861,-1,861,930,931,-1,861,931,932,-1,920,933,799,-1,799,933,934,-1,799,934,804,-1,934,935,804,-1,804,935,936,-1,804,936,806,-1,806,936,937,-1,806,937,809,-1,809,937,938,-1,809,938,812,-1,812,938,939,-1,812,939,902,-1,910,940,338,-1,338,940,941,-1,338,941,866,-1,866,941,942,-1,866,942,893,-1,923,943,896,-1,896,943,944,-1,896,944,945,-1,946,947,948,-1,911,915,237,-1,237,915,949,-1,237,949,880,-1,875,877,861,-1,861,877,950,-1,861,950,927,-1,901,951,350,-1,350,951,952,-1,350,952,349,-1,945,953,896,-1,896,953,954,-1,896,954,866,-1,932,955,861,-1,861,955,956,-1,861,956,957,-1,918,958,877,-1,877,958,959,-1,877,959,350,-1,350,959,960,-1,350,960,900,-1,914,911,947,-1,947,911,961,-1,947,961,948,-1,952,962,349,-1,349,962,946,-1,349,946,337,-1,337,946,948,-1,337,948,904,-1,158,817,156,-1,156,817,861,-1,156,861,963,-1,963,861,957,-1,964,965,966,-1,152,143,1,-1,1,143,142,-1,964,966,967,-1,967,966,3,-1,967,3,968,-1,969,142,970,-1,970,142,827,-1,971,972,1,-1,1,972,973,-1,1,973,3,-1,3,973,974,-1,3,974,968,-1,969,975,142,-1,142,975,976,-1,142,976,1,-1,1,976,977,-1,1,977,971,-1,978,979,29,-1,148,149,23,-1,23,149,821,-1,980,981,23,-1,23,981,982,-1,982,983,23,-1,23,983,984,-1,23,984,29,-1,29,984,985,-1,29,985,978,-1,822,986,821,-1,821,986,987,-1,987,988,821,-1,821,988,989,-1,821,989,23,-1,23,989,990,-1,23,990,980,-1,148,23,38,-1,38,991,148,-1,148,991,992,-1,148,992,153,-1,993,994,995,-1,995,994,153,-1,995,153,996,-1,996,153,992,-1,996,992,41,-1,41,992,42,-1,155,153,819,-1,819,153,994,-1,997,998,999,-1,999,998,1000,-1,999,1000,1001,-1,997,1002,998,-1,998,1002,1003,-1,998,1003,994,-1,994,1003,1004,-1,1005,1006,819,-1,1004,1007,994,-1,994,1007,1008,-1,994,1008,819,-1,819,1008,1009,-1,819,1009,1005,-1,1006,1010,819,-1,819,1010,1011,-1,819,1011,823,-1,179,159,963,-1,963,159,154,-1,963,154,156,-1,963,957,179,-1,179,957,956,-1,179,956,187,-1,187,956,955,-1,955,932,187,-1,187,932,931,-1,187,931,195,-1,931,930,195,-1,195,930,929,-1,195,929,203,-1,203,929,928,-1,203,928,211,-1,211,928,927,-1,927,950,211,-1,211,950,877,-1,211,877,219,-1,152,1,0,-1,0,1012,152,-1,152,1012,1013,-1,152,1013,151,-1,10,9,1014,-1,1014,9,151,-1,1014,151,1015,-1,1015,151,1013,-1,1015,1013,1016,-1,1016,1013,1017,-1,150,151,824,-1,824,151,9,-1,826,824,1018,-1,1018,824,1019,-1,1020,1021,9,-1,1021,1022,9,-1,9,1022,1023,-1,9,1023,824,-1,824,1023,1024,-1,824,1024,1019,-1,6,1025,1026,-1,1027,1028,9,-1,9,1028,1029,-1,9,1029,1020,-1,6,1026,9,-1,9,1026,1030,-1,9,1030,1027,-1,259,244,954,-1,954,244,243,-1,954,243,866,-1,954,953,259,-1,259,953,945,-1,259,945,267,-1,267,945,944,-1,944,943,267,-1,267,943,923,-1,267,923,275,-1,923,922,275,-1,275,922,921,-1,275,921,283,-1,283,921,899,-1,283,899,291,-1,291,899,898,-1,898,897,291,-1,291,897,312,-1,291,312,299,-1,314,313,46,-1,46,313,836,-1,1031,1032,48,-1,48,1032,1033,-1,48,1033,1034,-1,1034,1033,1035,-1,1034,1035,1036,-1,1037,1038,836,-1,1031,48,1039,-1,1039,48,46,-1,1039,46,1040,-1,836,835,1041,-1,836,1038,46,-1,46,1038,1042,-1,46,1042,1040,-1,1041,1043,836,-1,836,1043,1044,-1,836,1044,1037,-1,314,46,45,-1,45,1045,314,-1,314,1045,1046,-1,314,1046,307,-1,61,55,1047,-1,1047,55,307,-1,1047,307,1048,-1,1048,307,1046,-1,1048,1046,1049,-1,1049,1046,1050,-1,308,307,832,-1,832,307,55,-1,1051,55,1052,-1,1052,55,1053,-1,1054,1055,51,-1,51,1055,1056,-1,51,1056,55,-1,55,1056,1057,-1,55,1057,1053,-1,1051,1058,55,-1,55,1058,1059,-1,55,1059,832,-1,832,1059,1060,-1,832,1060,1061,-1,1061,1062,832,-1,832,1062,1063,-1,832,1063,834,-1,318,317,68,-1,68,317,829,-1,829,830,1064,-1,1065,1066,68,-1,68,1066,1067,-1,68,1067,69,-1,69,1067,1068,-1,69,1068,1069,-1,1070,1071,68,-1,1064,1072,829,-1,829,1072,1073,-1,829,1073,68,-1,68,1073,1074,-1,68,1074,1070,-1,1071,1075,68,-1,68,1075,1076,-1,68,1076,1065,-1,318,68,85,-1,85,1077,318,-1,318,1077,1078,-1,318,1078,320,-1,1079,1080,1081,-1,1081,1080,320,-1,1081,320,1082,-1,1082,320,1078,-1,1082,1078,88,-1,88,1078,89,-1,1083,831,321,-1,319,320,321,-1,321,320,1080,-1,1084,1085,1086,-1,1080,1087,321,-1,321,1087,1088,-1,321,1088,1083,-1,1086,1089,1084,-1,1084,1089,1090,-1,1084,1090,1080,-1,1080,1090,1091,-1,1080,1091,1087,-1,1092,1093,342,-1,342,1093,341,-1,1094,335,1095,-1,1095,335,341,-1,1095,341,1096,-1,1096,341,1097,-1,348,349,339,-1,339,349,337,-1,340,338,1098,-1,1098,338,865,-1,340,1098,342,-1,342,1098,1099,-1,1100,97,1101,-1,1101,97,96,-1,1101,96,1102,-1,1102,96,1103,-1,1104,1100,1105,-1,1105,1100,1101,-1,1105,1106,1104,-1,1104,1106,1107,-1,343,1107,1106,-1,1102,1103,1106,-1,1106,1103,344,-1,1106,344,343,-1,1108,1094,1109,-1,1109,1094,1095,-1,1110,1108,1111,-1,1111,1108,1109,-1,1096,1097,1111,-1,1111,1097,101,-1,1111,101,1110,-1,1110,101,127,-1,1112,1113,344,-1,344,1113,346,-1,1114,345,1115,-1,1115,345,346,-1,1114,878,345,-1,345,878,350,-1,1116,1117,101,-1,101,1117,96,-1,1118,417,395,-1,395,417,416,-1,395,416,397,-1,383,381,395,-1,374,372,395,-1,395,372,370,-1,395,370,368,-1,368,366,395,-1,395,366,1119,-1,395,1119,1118,-1,397,416,399,-1,399,416,414,-1,399,414,412,-1,408,406,403,-1,389,387,385,-1,381,379,395,-1,395,379,376,-1,395,376,374,-1,389,385,390,-1,401,399,403,-1,403,399,412,-1,403,412,408,-1,408,412,410,-1,383,395,385,-1,385,395,392,-1,385,392,390,-1,1120,471,449,-1,449,471,470,-1,449,470,451,-1,437,435,449,-1,428,426,449,-1,449,426,424,-1,449,424,422,-1,422,420,449,-1,449,420,1121,-1,449,1121,1120,-1,451,470,453,-1,453,470,468,-1,453,468,466,-1,462,460,457,-1,443,441,439,-1,435,433,449,-1,449,433,430,-1,449,430,428,-1,443,439,444,-1,455,453,457,-1,457,453,466,-1,457,466,462,-1,462,466,464,-1,437,449,439,-1,439,449,446,-1,439,446,444,-1,1122,525,503,-1,503,525,524,-1,503,524,505,-1,491,489,503,-1,482,480,503,-1,503,480,478,-1,503,478,476,-1,476,474,503,-1,503,474,1123,-1,503,1123,1122,-1,505,524,507,-1,507,524,522,-1,507,522,520,-1,516,514,511,-1,497,495,493,-1,489,487,503,-1,503,487,484,-1,503,484,482,-1,497,493,498,-1,509,507,511,-1,511,507,520,-1,511,520,516,-1,516,520,518,-1,491,503,493,-1,493,503,500,-1,493,500,498,-1,1124,579,557,-1,557,579,578,-1,557,578,559,-1,545,543,557,-1,536,534,557,-1,557,534,532,-1,557,532,530,-1,530,528,557,-1,557,528,1125,-1,557,1125,1124,-1,559,578,561,-1,561,578,576,-1,561,576,574,-1,570,568,565,-1,551,549,547,-1,543,541,557,-1,557,541,538,-1,557,538,536,-1,551,547,552,-1,563,561,565,-1,565,561,574,-1,565,574,570,-1,570,574,572,-1,545,557,547,-1,547,557,554,-1,547,554,552,-1,1126,633,611,-1,611,633,632,-1,611,632,613,-1,599,597,611,-1,590,588,611,-1,611,588,586,-1,611,586,584,-1,584,582,611,-1,611,582,1127,-1,611,1127,1126,-1,613,632,615,-1,615,632,630,-1,615,630,628,-1,624,622,619,-1,605,603,601,-1,597,595,611,-1,611,595,592,-1,611,592,590,-1,605,601,606,-1,617,615,619,-1,619,615,628,-1,619,628,624,-1,624,628,626,-1,599,611,601,-1,601,611,608,-1,601,608,606,-1,1128,687,665,-1,665,687,686,-1,665,686,667,-1,653,651,665,-1,644,642,665,-1,665,642,1129,-1,665,1129,638,-1,638,636,665,-1,665,636,1130,-1,665,1130,1128,-1,667,686,669,-1,669,686,684,-1,669,684,682,-1,678,676,673,-1,659,657,655,-1,651,649,665,-1,665,649,646,-1,665,646,644,-1,659,655,660,-1,671,669,673,-1,673,669,682,-1,673,682,678,-1,678,682,680,-1,653,665,655,-1,655,665,662,-1,655,662,660,-1,1131,741,719,-1,719,741,740,-1,719,740,721,-1,707,705,719,-1,698,696,719,-1,719,696,694,-1,719,694,692,-1,692,690,719,-1,719,690,1132,-1,719,1132,1131,-1,721,740,723,-1,723,740,738,-1,723,738,736,-1,732,730,727,-1,713,711,709,-1,705,703,719,-1,719,703,700,-1,719,700,698,-1,713,709,714,-1,725,723,727,-1,727,723,736,-1,727,736,732,-1,732,736,734,-1,707,719,709,-1,709,719,716,-1,709,716,714,-1,1133,795,773,-1,773,795,794,-1,773,794,775,-1,761,759,773,-1,752,750,773,-1,773,750,748,-1,773,748,746,-1,746,744,773,-1,773,744,1134,-1,773,1134,1133,-1,775,794,777,-1,777,794,792,-1,777,792,790,-1,786,784,781,-1,767,765,763,-1,759,757,773,-1,773,757,754,-1,773,754,752,-1,767,763,768,-1,779,777,781,-1,781,777,790,-1,781,790,786,-1,786,790,788,-1,761,773,763,-1,763,773,770,-1,763,770,768,-1,877,879,1113,-1,1113,879,1135,-1,1136,866,243,-1,1113,1112,877,-1,877,1112,1137,-1,877,1137,219,-1,219,1137,1117,-1,219,1117,243,-1,243,1117,1116,-1,243,1116,1136,-1,1138,864,1092,-1,1092,864,866,-1,1092,866,1093,-1,1093,866,1136,-1,1011,986,823,-1,823,986,822,-1,827,826,970,-1,970,826,1018,-1,1083,1064,831,-1,831,1064,830,-1,835,834,1041,-1,1041,834,1063,-1,1139,893,1140,-1,1140,893,942,-1,941,940,1141,-1,1141,1142,941,-1,941,1142,1143,-1,941,1143,942,-1,942,1143,1144,-1,942,1144,1140,-1,909,1145,910,-1,910,1145,1146,-1,910,1146,940,-1,940,1146,1147,-1,940,1147,1141,-1,908,1148,909,-1,909,1148,1149,-1,909,1149,1145,-1,907,1150,908,-1,908,1150,1151,-1,908,1151,1148,-1,1152,894,1139,-1,1139,894,893,-1,1153,874,1154,-1,1154,874,873,-1,1154,873,1155,-1,1155,873,863,-1,1155,863,1156,-1,1156,863,862,-1,1156,862,1157,-1,1157,862,896,-1,1157,896,1158,-1,1158,896,895,-1,1158,895,1152,-1,1152,895,894,-1,1159,885,1153,-1,1153,885,874,-1,1160,892,1161,-1,1161,892,891,-1,1161,891,1162,-1,1162,891,890,-1,1162,890,1163,-1,1163,890,889,-1,1163,889,1164,-1,1164,889,888,-1,1164,888,1165,-1,1165,888,887,-1,1165,887,1166,-1,1166,887,886,-1,1166,886,1159,-1,1159,886,885,-1,1167,871,1160,-1,1160,871,892,-1,1168,906,1169,-1,1169,906,905,-1,905,904,1169,-1,1169,904,948,-1,1169,948,1170,-1,948,961,1170,-1,1170,961,911,-1,1170,911,1171,-1,911,912,1171,-1,1171,912,913,-1,1171,913,1172,-1,913,926,1172,-1,1172,926,925,-1,1172,925,1173,-1,871,1167,872,-1,872,1167,1173,-1,872,1173,924,-1,924,1173,925,-1,1150,907,1168,-1,1168,907,906,-1,1174,952,1175,-1,1175,952,951,-1,901,900,1176,-1,1176,1177,901,-1,901,1177,1178,-1,901,1178,951,-1,951,1178,1179,-1,951,1179,1175,-1,959,1180,960,-1,960,1180,1181,-1,960,1181,900,-1,900,1181,1182,-1,900,1182,1176,-1,958,1183,959,-1,959,1183,1184,-1,959,1184,1180,-1,918,1185,958,-1,958,1185,1186,-1,958,1186,1183,-1,1187,962,1174,-1,1174,962,952,-1,1188,881,1189,-1,1189,881,880,-1,1189,880,1190,-1,1190,880,949,-1,1190,949,1191,-1,1191,949,915,-1,1191,915,1192,-1,1192,915,914,-1,1192,914,1193,-1,1193,914,947,-1,1193,947,1194,-1,1194,947,946,-1,1194,946,1187,-1,1187,946,962,-1,1195,882,1188,-1,1188,882,881,-1,1196,883,1197,-1,1197,883,903,-1,903,902,1197,-1,1197,902,939,-1,1197,939,1198,-1,939,938,1198,-1,1198,938,937,-1,1198,937,1199,-1,937,936,1199,-1,1199,936,935,-1,1199,935,1200,-1,935,934,1200,-1,1200,934,933,-1,1200,933,1201,-1,882,1195,919,-1,919,1195,1201,-1,919,1201,920,-1,920,1201,933,-1,1202,884,1196,-1,1196,884,883,-1,1203,917,1204,-1,1204,917,916,-1,1204,916,1205,-1,1205,916,876,-1,1205,876,1206,-1,1206,876,875,-1,1206,875,1207,-1,1207,875,861,-1,1207,861,1208,-1,1208,861,860,-1,1208,860,1209,-1,1209,860,859,-1,1209,859,1210,-1,1210,859,858,-1,1210,858,1211,-1,1211,858,870,-1,1211,870,1212,-1,1212,870,869,-1,1212,869,1213,-1,1213,869,868,-1,1213,868,1214,-1,1214,868,867,-1,1214,867,1202,-1,1202,867,884,-1,1185,918,1203,-1,1203,918,917,-1,1114,1115,878,-1,878,1115,1135,-1,878,1135,879,-1,1099,1098,1138,-1,1138,1098,865,-1,1138,865,864,-1,970,1018,969,-1,969,1018,1019,-1,969,1019,975,-1,975,1019,1024,-1,975,1024,976,-1,976,1024,1023,-1,976,1023,977,-1,977,1023,1022,-1,977,1022,971,-1,971,1022,1021,-1,971,1021,972,-1,972,1021,1020,-1,972,1020,973,-1,973,1020,1029,-1,973,1029,974,-1,974,1029,1028,-1,974,1028,968,-1,968,1028,1027,-1,968,1027,967,-1,967,1027,1030,-1,967,1030,964,-1,964,1030,1026,-1,964,1026,965,-1,965,1026,1025,-1,966,965,5,-1,5,965,1025,-1,5,1025,6,-1,1215,1016,1216,-1,1216,1016,1017,-1,998,994,1217,-1,1217,994,993,-1,986,1011,987,-1,987,1011,1010,-1,987,1010,988,-1,988,1010,1006,-1,988,1006,989,-1,989,1006,1005,-1,989,1005,990,-1,990,1005,1009,-1,990,1009,980,-1,980,1009,1008,-1,980,1008,981,-1,981,1008,1007,-1,981,1007,982,-1,982,1007,1004,-1,982,1004,983,-1,983,1004,1003,-1,983,1003,984,-1,984,1003,1002,-1,984,1002,985,-1,985,1002,997,-1,985,997,978,-1,978,997,999,-1,978,999,979,-1,979,999,1001,-1,29,979,30,-1,30,979,1001,-1,30,1001,1000,-1,1054,1036,1055,-1,1055,1036,1035,-1,1055,1035,1056,-1,1056,1035,1033,-1,1056,1033,1057,-1,1057,1033,1032,-1,1057,1032,1053,-1,1053,1032,1031,-1,1053,1031,1052,-1,1052,1031,1039,-1,1052,1039,1051,-1,1051,1039,1040,-1,1051,1040,1058,-1,1058,1040,1042,-1,1058,1042,1059,-1,1059,1042,1038,-1,1059,1038,1060,-1,1060,1038,1037,-1,1060,1037,1061,-1,1061,1037,1044,-1,1061,1044,1062,-1,1062,1044,1043,-1,1062,1043,1063,-1,1063,1043,1041,-1,1034,1036,50,-1,50,1036,1054,-1,50,1054,51,-1,1218,1049,1219,-1,1219,1049,1050,-1,1064,1083,1072,-1,1072,1083,1088,-1,1072,1088,1073,-1,1073,1088,1074,-1,1074,1088,1087,-1,1074,1087,1070,-1,1070,1087,1071,-1,1071,1087,1091,-1,1071,1091,1075,-1,1075,1091,1076,-1,1076,1091,1090,-1,1076,1090,1065,-1,1065,1090,1066,-1,1066,1090,1089,-1,1066,1089,1067,-1,1086,1069,1089,-1,1089,1069,1068,-1,1089,1068,1067,-1,69,1069,70,-1,70,1069,1086,-1,70,1086,1085,-1,1084,1080,1220,-1,1220,1080,1079,-1,342,1099,1092,-1,1092,1099,1138,-1,1093,1136,341,-1,341,1136,1097,-1,1109,1095,1111,-1,1111,1095,1096,-1,1117,1137,96,-1,96,1137,1103,-1,1101,1102,1105,-1,1105,1102,1106,-1,1137,1112,1103,-1,1103,1112,344,-1,1136,1116,1097,-1,1097,1116,101,-1,1113,1135,346,-1,346,1135,1115,-1,1145,1149,1153,-1,1153,1149,1148,-1,1142,1141,1153,-1,1173,1167,1168,-1,1141,1147,1153,-1,1153,1147,1146,-1,1153,1146,1145,-1,1168,1169,1170,-1,1167,1160,1168,-1,1168,1160,1161,-1,1168,1161,1162,-1,1140,1144,1153,-1,1153,1144,1143,-1,1153,1143,1142,-1,1170,1171,1168,-1,1168,1171,1172,-1,1168,1172,1173,-1,1162,1163,1168,-1,1168,1163,1164,-1,1168,1164,1165,-1,1148,1151,1153,-1,1153,1151,1150,-1,1153,1150,1159,-1,1159,1150,1168,-1,1159,1168,1166,-1,1166,1168,1165,-1,1158,1152,1153,-1,1153,1152,1139,-1,1153,1139,1140,-1,1155,1156,1157,-1,1158,1153,1157,-1,1157,1153,1154,-1,1157,1154,1155,-1,1179,1178,1214,-1,1214,1178,1177,-1,1177,1176,1214,-1,1214,1176,1182,-1,1214,1182,1181,-1,1196,1197,1195,-1,1195,1197,1198,-1,1195,1188,1196,-1,1196,1188,1189,-1,1196,1189,1190,-1,1181,1180,1214,-1,1214,1180,1184,-1,1214,1184,1213,-1,1211,1212,1186,-1,1190,1191,1196,-1,1196,1191,1192,-1,1196,1192,1193,-1,1193,1194,1196,-1,1196,1194,1187,-1,1196,1187,1202,-1,1202,1187,1174,-1,1202,1174,1214,-1,1214,1174,1175,-1,1214,1175,1179,-1,1198,1199,1195,-1,1195,1199,1200,-1,1195,1200,1201,-1,1213,1184,1212,-1,1212,1184,1183,-1,1212,1183,1186,-1,1207,1208,1186,-1,1204,1205,1206,-1,1208,1209,1186,-1,1186,1209,1210,-1,1186,1210,1211,-1,1204,1206,1203,-1,1207,1186,1206,-1,1206,1186,1185,-1,1206,1185,1203,-1,1221,1222,1223,-1,1223,1222,1224,-1,1223,1224,1225,-1,1225,1224,1226,-1,1227,1228,1229,-1,1229,1228,1230,-1,1229,1230,1231,-1,1231,1230,1232,-1,1233,1234,1235,-1,1235,1234,1236,-1,1235,1236,1237,-1,1237,1236,1238,-1,1237,1238,1239,-1,1238,1240,1239,-1,1239,1240,1241,-1,1239,1241,1233,-1,1233,1241,1242,-1,1233,1242,1234,-1,1243,1244,1245,-1,1245,1244,1246,-1,1245,1246,1247,-1,1247,1246,1248,-1,1247,1248,1249,-1,1248,1250,1249,-1,1249,1250,1251,-1,1249,1251,1243,-1,1243,1251,1252,-1,1243,1252,1244,-1,1253,1254,1255,-1,1255,1254,1256,-1,1255,1256,1257,-1,1257,1256,1258,-1,1257,1258,1259,-1,1258,1260,1259,-1,1259,1260,1261,-1,1259,1261,1253,-1,1253,1261,1262,-1,1253,1262,1254,-1,1263,1264,1265,-1,1265,1264,1266,-1,1265,1266,1267,-1,1267,1266,1268,-1,1267,1268,1269,-1,1268,1270,1269,-1,1269,1270,1271,-1,1269,1271,1263,-1,1263,1271,1272,-1,1263,1272,1264,-1,1273,1274,1275,-1,1275,1274,1276,-1,1275,1276,1277,-1,1277,1276,1278,-1,1279,1280,1281,-1,1281,1280,1282,-1,1281,1282,1283,-1,1283,1282,1284,-1,1285,1286,1287,-1,1287,1286,1288,-1,1289,1290,1285,-1,1285,1290,1286,-1,1291,1292,1289,-1,1289,1292,1290,-1,1293,1294,1291,-1,1291,1294,1292,-1,1295,1296,1293,-1,1293,1296,1294,-1,1297,1298,1299,-1,1299,1298,1300,-1,1301,1302,1297,-1,1297,1302,1298,-1,1303,1304,1301,-1,1301,1304,1302,-1,1305,1306,1303,-1,1303,1306,1304,-1,1307,1308,1305,-1,1305,1308,1306,-1,1309,1310,1311,-1,1311,1310,1312,-1,1313,1314,1309,-1,1309,1314,1310,-1,1311,1312,1315,-1,1315,1312,1316,-1,1317,1318,1319,-1,1319,1318,1320,-1,1319,1320,1321,-1,1322,1323,1324,-1,1324,1323,1325,-1,1325,1326,1324,-1,1324,1326,1327,-1,1324,1327,1328,-1,1327,1329,1328,-1,1328,1329,1330,-1,1328,1330,1331,-1,1330,1332,1331,-1,1331,1332,1333,-1,1331,1333,1334,-1,1333,1335,1334,-1,1334,1335,1336,-1,1334,1336,1320,-1,1320,1336,1337,-1,1320,1337,1321,-1,1338,1323,1339,-1,1339,1323,1322,-1,1339,1322,1340,-1,1226,1341,1225,-1,1225,1341,1342,-1,1224,1343,1226,-1,1226,1343,1341,-1,1222,1344,1224,-1,1224,1344,1343,-1,1221,1345,1222,-1,1222,1345,1344,-1,1223,1346,1221,-1,1221,1346,1345,-1,128,1347,1348,-1,92,94,1223,-1,1223,94,128,-1,1223,128,1346,-1,1346,128,1348,-1,126,95,93,-1,1349,1350,1342,-1,1342,1350,126,-1,1342,126,1225,-1,1225,126,93,-1,129,122,352,-1,1351,1352,1353,-1,1353,1352,129,-1,1353,129,1231,-1,1231,129,352,-1,1232,1354,1231,-1,1231,1354,1353,-1,1230,1355,1232,-1,1232,1355,1354,-1,1228,1356,1230,-1,1230,1356,1355,-1,1227,1357,1228,-1,1228,1357,1356,-1,1229,1358,1227,-1,1227,1358,1357,-1,120,1359,1360,-1,351,121,1229,-1,1229,121,120,-1,1229,120,1358,-1,1358,120,1360,-1,119,118,354,-1,1361,1362,1363,-1,1363,1362,119,-1,1363,119,1241,-1,1241,119,354,-1,1240,1364,1241,-1,1241,1364,1363,-1,1238,1365,1240,-1,1240,1365,1364,-1,1236,1366,1238,-1,1238,1366,1365,-1,1234,1367,1236,-1,1236,1367,1366,-1,1242,1368,1234,-1,1234,1368,1367,-1,124,1369,1370,-1,353,123,1242,-1,1242,123,124,-1,1242,124,1368,-1,1368,124,1370,-1,125,114,356,-1,1371,1372,1373,-1,1373,1372,125,-1,1373,125,1251,-1,1251,125,356,-1,1250,1374,1251,-1,1251,1374,1373,-1,1248,1375,1250,-1,1250,1375,1374,-1,1246,1376,1248,-1,1248,1376,1375,-1,1244,1377,1246,-1,1246,1377,1376,-1,1252,1378,1244,-1,1244,1378,1377,-1,112,1379,1380,-1,355,113,1252,-1,1252,113,112,-1,1252,112,1378,-1,1378,112,1380,-1,111,110,358,-1,1381,1382,1383,-1,1383,1382,111,-1,1383,111,1261,-1,1261,111,358,-1,1260,1384,1261,-1,1261,1384,1383,-1,1258,1385,1260,-1,1260,1385,1384,-1,1256,1386,1258,-1,1258,1386,1385,-1,1254,1387,1256,-1,1256,1387,1386,-1,1262,1388,1254,-1,1254,1388,1387,-1,116,1389,1390,-1,357,115,1262,-1,1262,115,116,-1,1262,116,1388,-1,1388,116,1390,-1,117,106,360,-1,1391,1392,1393,-1,1393,1392,117,-1,1393,117,1271,-1,1271,117,360,-1,1270,1394,1271,-1,1271,1394,1393,-1,1268,1395,1270,-1,1270,1395,1394,-1,1266,1396,1268,-1,1268,1396,1395,-1,1264,1397,1266,-1,1266,1397,1396,-1,1272,1398,1264,-1,1264,1398,1397,-1,104,1399,1400,-1,359,105,1272,-1,1272,105,104,-1,1272,104,1398,-1,1398,104,1400,-1,103,102,362,-1,1401,1402,1403,-1,1403,1402,103,-1,1403,103,1277,-1,1277,103,362,-1,1278,1404,1277,-1,1277,1404,1403,-1,1276,1405,1278,-1,1278,1405,1404,-1,1274,1406,1276,-1,1276,1406,1405,-1,1273,1407,1274,-1,1274,1407,1406,-1,1275,1408,1273,-1,1273,1408,1407,-1,108,1409,1410,-1,361,107,1275,-1,1275,107,108,-1,1275,108,1408,-1,1408,108,1410,-1,109,100,364,-1,1411,1412,1413,-1,1413,1412,109,-1,1413,109,1283,-1,1283,109,364,-1,1284,1414,1283,-1,1283,1414,1413,-1,1282,1415,1284,-1,1284,1415,1414,-1,1280,1416,1282,-1,1282,1416,1415,-1,1279,1417,1280,-1,1280,1417,1416,-1,1281,1418,1279,-1,1279,1418,1417,-1,98,1419,1420,-1,363,99,1281,-1,1281,99,98,-1,1281,98,1418,-1,1418,98,1420,-1,1421,1422,1423,-1,1422,1421,1424,-1,1424,1421,1425,-1,1424,1425,1426,-1,1423,1427,1421,-1,1421,1427,1428,-1,1421,1428,1429,-1,1426,1430,1424,-1,1424,1430,1431,-1,1424,1431,1432,-1,1432,1431,1433,-1,1433,1431,1434,-1,1433,1434,1435,-1,1429,1436,1421,-1,1421,1436,1437,-1,1421,1437,1438,-1,1438,1437,1439,-1,1435,1440,1433,-1,1433,1440,1441,-1,1433,1441,1442,-1,1437,1443,1439,-1,1439,1443,1444,-1,1439,1444,1445,-1,1445,1444,1446,-1,1438,1447,1448,-1,1447,1449,1450,-1,1449,1451,1452,-1,1451,1453,1454,-1,1453,1455,1456,-1,1455,1457,1458,-1,1457,1459,1460,-1,1457,1460,1458,-1,1458,1460,1461,-1,1458,1461,1462,-1,1462,1461,1463,-1,1462,1463,1464,-1,1464,1463,1465,-1,1464,1465,1466,-1,1466,1465,1467,-1,1466,1467,1468,-1,1468,1467,1469,-1,1468,1469,1470,-1,1470,1469,1471,-1,1470,1471,1472,-1,1472,1471,1473,-1,1472,1473,1474,-1,1474,1473,1475,-1,1474,1475,1476,-1,1476,1475,1477,-1,1476,1477,1478,-1,1478,1477,1479,-1,1478,1479,1480,-1,1480,1479,1481,-1,1480,1481,1482,-1,1482,1481,1483,-1,1482,1483,1484,-1,1455,1458,1456,-1,1456,1458,1462,-1,1456,1462,1485,-1,1485,1462,1464,-1,1485,1464,1486,-1,1486,1464,1466,-1,1486,1466,1487,-1,1487,1466,1468,-1,1487,1468,1488,-1,1488,1468,1470,-1,1488,1470,1489,-1,1489,1470,1472,-1,1489,1472,1490,-1,1490,1472,1474,-1,1490,1474,1491,-1,1491,1474,1476,-1,1491,1476,1492,-1,1492,1476,1478,-1,1492,1478,1493,-1,1493,1478,1480,-1,1493,1480,1494,-1,1494,1480,1482,-1,1494,1482,1495,-1,1495,1482,1484,-1,1495,1484,1496,-1,1453,1456,1454,-1,1454,1456,1485,-1,1454,1485,1497,-1,1497,1485,1486,-1,1497,1486,1498,-1,1498,1486,1487,-1,1498,1487,1499,-1,1499,1487,1488,-1,1499,1488,1500,-1,1500,1488,1489,-1,1500,1489,1501,-1,1501,1489,1490,-1,1501,1490,1502,-1,1502,1490,1491,-1,1502,1491,1503,-1,1503,1491,1492,-1,1503,1492,1504,-1,1504,1492,1493,-1,1504,1493,1505,-1,1505,1493,1494,-1,1505,1494,1506,-1,1506,1494,1495,-1,1506,1495,1507,-1,1507,1495,1496,-1,1507,1496,1508,-1,1451,1454,1452,-1,1452,1454,1497,-1,1452,1497,1509,-1,1509,1497,1498,-1,1509,1498,1510,-1,1510,1498,1499,-1,1510,1499,1511,-1,1511,1499,1500,-1,1511,1500,1512,-1,1512,1500,1501,-1,1512,1501,1513,-1,1513,1501,1502,-1,1513,1502,1514,-1,1514,1502,1503,-1,1514,1503,1515,-1,1515,1503,1504,-1,1515,1504,1516,-1,1516,1504,1505,-1,1516,1505,1517,-1,1517,1505,1506,-1,1517,1506,1518,-1,1518,1506,1507,-1,1518,1507,1519,-1,1519,1507,1508,-1,1519,1508,1520,-1,1449,1452,1450,-1,1450,1452,1509,-1,1450,1509,1521,-1,1521,1509,1510,-1,1521,1510,1522,-1,1522,1510,1511,-1,1522,1511,1523,-1,1523,1511,1512,-1,1523,1512,1524,-1,1524,1512,1513,-1,1524,1513,1525,-1,1525,1513,1514,-1,1525,1514,1526,-1,1526,1514,1515,-1,1526,1515,1527,-1,1527,1515,1516,-1,1527,1516,1528,-1,1528,1516,1517,-1,1528,1517,1529,-1,1529,1517,1518,-1,1529,1518,1530,-1,1530,1518,1519,-1,1530,1519,1531,-1,1531,1519,1520,-1,1531,1520,1532,-1,1447,1450,1448,-1,1448,1450,1521,-1,1448,1521,1533,-1,1533,1521,1522,-1,1533,1522,1534,-1,1534,1522,1523,-1,1534,1523,1535,-1,1535,1523,1524,-1,1535,1524,1536,-1,1536,1524,1525,-1,1536,1525,1537,-1,1537,1525,1526,-1,1537,1526,1538,-1,1538,1526,1527,-1,1538,1527,1539,-1,1539,1527,1528,-1,1539,1528,1540,-1,1540,1528,1529,-1,1540,1529,1541,-1,1541,1529,1530,-1,1541,1530,1542,-1,1542,1530,1531,-1,1542,1531,1543,-1,1543,1531,1532,-1,1543,1532,1544,-1,1438,1448,1421,-1,1421,1448,1533,-1,1421,1533,1425,-1,1425,1533,1534,-1,1425,1534,1426,-1,1426,1534,1535,-1,1426,1535,1430,-1,1430,1535,1536,-1,1430,1536,1431,-1,1431,1536,1537,-1,1431,1537,1434,-1,1434,1537,1538,-1,1434,1538,1435,-1,1435,1538,1539,-1,1435,1539,1440,-1,1440,1539,1540,-1,1440,1540,1441,-1,1441,1540,1541,-1,1441,1541,1442,-1,1442,1541,1542,-1,1442,1542,1433,-1,1433,1542,1543,-1,1433,1543,1432,-1,1432,1543,1544,-1,1432,1544,1424,-1,1545,1546,1547,-1,1548,1549,1550,-1,1551,1552,1553,-1,1554,1555,1556,-1,1557,1558,1559,-1,1560,1561,1562,-1,1483,1563,1484,-1,1484,1563,1564,-1,1484,1564,1496,-1,1496,1564,1565,-1,1496,1565,1508,-1,1508,1565,1566,-1,1508,1566,1520,-1,1520,1566,1567,-1,1520,1567,1532,-1,1532,1567,1568,-1,1532,1568,1544,-1,1544,1568,1569,-1,1544,1569,1424,-1,1424,1569,1422,-1,1563,1560,1564,-1,1564,1560,1562,-1,1564,1562,1565,-1,1565,1562,1570,-1,1565,1570,1566,-1,1566,1570,1571,-1,1566,1571,1567,-1,1567,1571,1572,-1,1567,1572,1568,-1,1568,1572,1573,-1,1568,1573,1569,-1,1569,1573,1574,-1,1569,1574,1422,-1,1422,1574,1423,-1,1561,1557,1562,-1,1562,1557,1559,-1,1562,1559,1570,-1,1570,1559,1575,-1,1570,1575,1571,-1,1571,1575,1576,-1,1571,1576,1572,-1,1572,1576,1577,-1,1572,1577,1573,-1,1573,1577,1578,-1,1573,1578,1574,-1,1574,1578,1579,-1,1574,1579,1423,-1,1423,1579,1427,-1,1558,1554,1559,-1,1559,1554,1556,-1,1559,1556,1575,-1,1575,1556,1580,-1,1575,1580,1576,-1,1576,1580,1581,-1,1576,1581,1577,-1,1577,1581,1582,-1,1577,1582,1578,-1,1578,1582,1583,-1,1578,1583,1579,-1,1579,1583,1584,-1,1579,1584,1427,-1,1427,1584,1428,-1,1555,1551,1556,-1,1556,1551,1553,-1,1556,1553,1580,-1,1580,1553,1585,-1,1580,1585,1581,-1,1581,1585,1586,-1,1581,1586,1582,-1,1582,1586,1587,-1,1582,1587,1583,-1,1583,1587,1588,-1,1583,1588,1584,-1,1584,1588,1589,-1,1584,1589,1428,-1,1428,1589,1429,-1,1552,1548,1553,-1,1553,1548,1550,-1,1553,1550,1585,-1,1585,1550,1590,-1,1585,1590,1586,-1,1586,1590,1591,-1,1586,1591,1587,-1,1587,1591,1592,-1,1587,1592,1588,-1,1588,1592,1593,-1,1588,1593,1589,-1,1589,1593,1594,-1,1589,1594,1429,-1,1429,1594,1436,-1,1549,1545,1550,-1,1550,1545,1547,-1,1550,1547,1590,-1,1590,1547,1595,-1,1590,1595,1591,-1,1591,1595,1596,-1,1591,1596,1592,-1,1592,1596,1597,-1,1592,1597,1593,-1,1593,1597,1598,-1,1593,1598,1594,-1,1594,1598,1599,-1,1594,1599,1436,-1,1436,1599,1437,-1,1338,1600,1601,-1,1601,1600,1602,-1,1602,1603,1601,-1,1601,1603,1604,-1,1601,1604,1605,-1,1606,1607,1605,-1,1608,1609,1338,-1,1610,1611,1338,-1,1338,1611,1612,-1,1609,1613,1338,-1,1338,1613,1614,-1,1338,1614,1610,-1,1612,1615,1338,-1,1338,1615,1616,-1,1338,1616,1617,-1,1338,1339,1618,-1,1617,1619,1338,-1,1338,1619,1620,-1,1338,1620,1600,-1,1604,1621,1605,-1,1605,1621,1622,-1,1605,1622,1606,-1,1606,1622,1623,-1,1618,1624,1338,-1,1338,1624,1625,-1,1338,1625,1608,-1,1483,1626,1563,-1,1563,1626,1627,-1,1563,1627,1560,-1,1560,1627,1628,-1,1560,1628,1561,-1,1561,1628,1629,-1,1561,1629,1557,-1,1557,1629,1630,-1,1557,1630,1558,-1,1558,1630,1631,-1,1558,1631,1554,-1,1554,1631,1632,-1,1554,1632,1555,-1,1555,1632,1601,-1,1555,1601,1551,-1,1551,1601,1605,-1,1551,1605,1552,-1,1552,1605,1607,-1,1552,1607,1548,-1,1548,1607,1606,-1,1548,1606,1549,-1,1549,1606,1623,-1,1549,1623,1545,-1,1545,1623,1622,-1,1545,1622,1546,-1,1546,1622,1621,-1,1546,1621,1633,-1,1633,1621,1604,-1,1633,1604,1634,-1,1634,1604,1603,-1,1634,1603,1635,-1,1635,1603,1602,-1,1635,1602,1636,-1,1636,1602,1600,-1,1636,1600,1637,-1,1637,1600,1620,-1,1637,1620,1638,-1,1638,1620,1619,-1,1638,1619,1639,-1,1639,1619,1617,-1,1639,1617,1640,-1,1640,1617,1616,-1,1640,1616,1641,-1,1641,1616,1615,-1,1641,1615,1642,-1,1642,1615,1612,-1,1642,1612,1643,-1,1612,1611,1643,-1,1643,1611,1610,-1,1643,1610,1459,-1,1459,1610,1614,-1,1459,1614,1460,-1,1460,1614,1613,-1,1460,1613,1461,-1,1613,1609,1461,-1,1461,1609,1608,-1,1461,1608,1463,-1,1608,1625,1463,-1,1463,1625,1624,-1,1463,1624,1465,-1,1624,1618,1465,-1,1465,1618,1339,-1,1465,1339,1467,-1,1339,1644,1467,-1,1467,1644,1645,-1,1467,1645,1469,-1,1645,1646,1469,-1,1469,1646,1647,-1,1469,1647,1471,-1,1647,1648,1471,-1,1471,1648,1649,-1,1471,1649,1473,-1,1649,1650,1473,-1,1473,1650,1651,-1,1473,1651,1475,-1,1651,1652,1475,-1,1475,1652,1653,-1,1475,1653,1477,-1,1653,1654,1477,-1,1477,1654,1655,-1,1477,1655,1479,-1,1655,1656,1479,-1,1479,1656,1657,-1,1479,1657,1481,-1,1626,1483,1658,-1,1658,1483,1481,-1,1658,1481,1659,-1,1659,1481,1657,-1,1351,1353,1354,-1,1367,1368,1370,-1,1351,1354,1348,-1,1349,1342,1660,-1,1660,1342,1341,-1,1660,1341,1661,-1,1661,1341,1343,-1,1661,1343,1344,-1,1346,1348,1345,-1,1345,1348,1354,-1,1345,1354,1344,-1,1344,1354,1355,-1,1344,1355,1661,-1,1661,1355,1356,-1,1661,1356,1662,-1,1361,1363,1364,-1,1361,1364,1360,-1,1366,1367,1374,-1,1375,1376,1662,-1,1374,1375,1366,-1,1366,1375,1662,-1,1366,1662,1365,-1,1365,1662,1356,-1,1365,1356,1364,-1,1364,1356,1357,-1,1364,1357,1360,-1,1360,1357,1358,-1,1387,1388,1390,-1,1367,1370,1374,-1,1374,1370,1371,-1,1374,1371,1373,-1,1381,1383,1384,-1,1381,1384,1380,-1,1386,1387,1394,-1,1395,1396,1662,-1,1394,1395,1386,-1,1386,1395,1662,-1,1386,1662,1385,-1,1385,1662,1376,-1,1385,1376,1384,-1,1384,1376,1377,-1,1384,1377,1380,-1,1380,1377,1378,-1,1407,1408,1410,-1,1387,1390,1394,-1,1394,1390,1391,-1,1394,1391,1393,-1,1401,1403,1404,-1,1417,1418,1420,-1,1401,1404,1400,-1,1406,1407,1414,-1,1414,1415,1406,-1,1406,1415,1662,-1,1406,1662,1405,-1,1405,1662,1396,-1,1405,1396,1404,-1,1404,1396,1397,-1,1404,1397,1400,-1,1400,1397,1398,-1,1407,1410,1414,-1,1414,1410,1411,-1,1414,1411,1413,-1,1415,1416,1662,-1,1662,1416,1417,-1,1662,1417,1663,-1,1663,1417,1420,-1,1327,1326,131,-1,239,241,1601,-1,1601,241,1323,-1,1601,1323,1338,-1,1333,1332,131,-1,1332,1330,131,-1,131,1330,1329,-1,131,1329,1327,-1,241,132,1323,-1,1323,132,131,-1,1323,131,1325,-1,1325,131,1326,-1,131,1321,1337,-1,1337,1336,131,-1,131,1336,1335,-1,131,1335,1333,-1,144,154,145,-1,145,154,160,-1,145,160,138,-1,138,160,167,-1,138,167,139,-1,139,167,166,-1,139,166,140,-1,140,166,165,-1,140,165,134,-1,134,165,164,-1,134,164,135,-1,135,164,172,-1,135,172,136,-1,136,172,171,-1,136,171,137,-1,137,171,169,-1,137,169,133,-1,133,169,175,-1,133,175,130,-1,1664,1317,131,-1,131,1317,1319,-1,131,1319,1321,-1,175,174,130,-1,130,174,178,-1,130,178,131,-1,131,178,177,-1,131,177,1664,-1,1318,1662,1663,-1,230,232,1316,-1,1316,232,1340,-1,1316,1340,1315,-1,1315,1340,1322,-1,1324,1328,1322,-1,1322,1328,1331,-1,1322,1331,1334,-1,1663,1315,1318,-1,1318,1315,1322,-1,1318,1322,1320,-1,1320,1322,1334,-1,818,820,157,-1,157,820,147,-1,811,813,146,-1,146,813,815,-1,146,815,147,-1,147,815,816,-1,147,816,157,-1,146,825,811,-1,811,825,240,-1,811,240,810,-1,810,240,808,-1,1339,1340,1644,-1,1644,1340,1645,-1,239,1601,797,-1,797,1601,1632,-1,797,803,239,-1,239,803,805,-1,239,805,240,-1,240,805,807,-1,240,807,808,-1,1652,1651,232,-1,232,1651,1650,-1,232,1650,1649,-1,1649,1648,232,-1,232,1648,1647,-1,232,1647,1340,-1,1340,1647,1646,-1,1340,1646,1645,-1,1632,1631,797,-1,797,1631,1630,-1,797,1630,1629,-1,1629,1628,797,-1,797,1628,1627,-1,797,1627,798,-1,798,1627,1626,-1,798,1626,802,-1,1655,1654,232,-1,232,1654,1653,-1,232,1653,1652,-1,238,1657,232,-1,232,1657,1656,-1,232,1656,1655,-1,802,1626,801,-1,801,1626,1658,-1,801,1658,238,-1,238,1658,1659,-1,238,1659,1657,-1,1299,1300,1665,-1,1665,1300,1666,-1,1314,1313,1667,-1,1667,1313,1668,-1,1287,1288,1669,-1,1669,1288,1670,-1,1671,1672,1668,-1,1668,1672,1667,-1,1673,1674,1671,-1,1671,1674,1672,-1,1675,1676,1673,-1,1673,1676,1674,-1,1677,1678,1675,-1,1675,1678,1676,-1,1669,1670,1677,-1,1677,1670,1678,-1,1679,1680,1681,-1,1681,1680,1682,-1,1683,1684,1679,-1,1679,1684,1680,-1,1685,1686,1683,-1,1683,1686,1684,-1,1687,1688,1685,-1,1685,1688,1686,-1,1689,1690,1687,-1,1687,1690,1688,-1,1691,1692,1693,-1,1693,1692,1694,-1,1695,1696,1697,-1,1697,1696,1698,-1,1698,1699,1697,-1,1697,1699,1700,-1,1697,1700,1701,-1,1701,1702,1697,-1,1697,1702,1703,-1,1697,1703,1704,-1,1704,1703,1705,-1,1706,1707,1708,-1,1708,1707,1709,-1,1697,1710,1695,-1,1695,1710,1707,-1,1695,1707,1711,-1,1711,1707,1706,-1,1712,1707,1713,-1,1713,1707,1714,-1,1712,1715,1707,-1,1707,1715,1716,-1,1707,1716,1709,-1,1705,1717,1704,-1,1704,1717,1718,-1,1704,1718,1719,-1,1719,1718,1720,-1,1721,1722,1723,-1,1724,1725,1726,-1,1727,1728,1729,-1,1730,1731,1732,-1,1733,1734,1735,-1,1736,1737,1738,-1,1734,1736,1735,-1,1735,1736,1738,-1,1735,1738,1739,-1,1739,1738,1740,-1,1739,1740,1741,-1,1741,1740,1742,-1,1741,1742,1743,-1,1743,1742,1744,-1,1743,1744,1745,-1,1745,1744,1746,-1,1745,1746,1747,-1,1747,1746,1748,-1,1747,1748,1719,-1,1719,1748,1704,-1,1731,1733,1732,-1,1732,1733,1735,-1,1732,1735,1749,-1,1749,1735,1739,-1,1749,1739,1750,-1,1750,1739,1741,-1,1750,1741,1751,-1,1751,1741,1743,-1,1751,1743,1752,-1,1752,1743,1745,-1,1752,1745,1753,-1,1753,1745,1747,-1,1753,1747,1720,-1,1720,1747,1719,-1,1728,1730,1729,-1,1729,1730,1732,-1,1729,1732,1754,-1,1754,1732,1749,-1,1754,1749,1755,-1,1755,1749,1750,-1,1755,1750,1756,-1,1756,1750,1751,-1,1756,1751,1757,-1,1757,1751,1752,-1,1757,1752,1758,-1,1758,1752,1753,-1,1758,1753,1718,-1,1718,1753,1720,-1,1725,1727,1726,-1,1726,1727,1729,-1,1726,1729,1759,-1,1759,1729,1754,-1,1759,1754,1760,-1,1760,1754,1755,-1,1760,1755,1761,-1,1761,1755,1756,-1,1761,1756,1762,-1,1762,1756,1757,-1,1762,1757,1763,-1,1763,1757,1758,-1,1763,1758,1717,-1,1717,1758,1718,-1,1722,1724,1723,-1,1723,1724,1726,-1,1723,1726,1764,-1,1764,1726,1759,-1,1764,1759,1765,-1,1765,1759,1760,-1,1765,1760,1766,-1,1766,1760,1761,-1,1766,1761,1767,-1,1767,1761,1762,-1,1767,1762,1768,-1,1768,1762,1763,-1,1768,1763,1705,-1,1705,1763,1717,-1,1769,1721,1770,-1,1770,1721,1723,-1,1770,1723,1771,-1,1771,1723,1764,-1,1771,1764,1772,-1,1772,1764,1765,-1,1772,1765,1773,-1,1773,1765,1766,-1,1773,1766,1774,-1,1774,1766,1767,-1,1774,1767,1775,-1,1775,1767,1768,-1,1775,1768,1703,-1,1703,1768,1705,-1,1776,1777,1778,-1,1777,1779,1780,-1,1779,1781,1782,-1,1781,1783,1784,-1,1783,1785,1786,-1,1785,1787,1788,-1,1787,1695,1711,-1,1787,1711,1788,-1,1788,1711,1706,-1,1788,1706,1789,-1,1789,1706,1708,-1,1789,1708,1790,-1,1790,1708,1709,-1,1790,1709,1791,-1,1791,1709,1716,-1,1791,1716,1792,-1,1792,1716,1715,-1,1792,1715,1793,-1,1793,1715,1712,-1,1793,1712,1794,-1,1794,1712,1713,-1,1794,1713,1795,-1,1795,1713,1714,-1,1795,1714,1796,-1,1796,1714,1707,-1,1796,1707,1797,-1,1797,1707,1710,-1,1797,1710,1798,-1,1798,1710,1697,-1,1798,1697,1799,-1,1799,1697,1704,-1,1799,1704,1748,-1,1785,1788,1786,-1,1786,1788,1789,-1,1786,1789,1800,-1,1800,1789,1790,-1,1800,1790,1801,-1,1801,1790,1791,-1,1801,1791,1802,-1,1802,1791,1792,-1,1802,1792,1803,-1,1803,1792,1793,-1,1803,1793,1804,-1,1804,1793,1794,-1,1804,1794,1805,-1,1805,1794,1795,-1,1805,1795,1806,-1,1806,1795,1796,-1,1806,1796,1807,-1,1807,1796,1797,-1,1807,1797,1808,-1,1808,1797,1798,-1,1808,1798,1809,-1,1809,1798,1799,-1,1809,1799,1810,-1,1810,1799,1748,-1,1810,1748,1746,-1,1783,1786,1784,-1,1784,1786,1800,-1,1784,1800,1811,-1,1811,1800,1801,-1,1811,1801,1812,-1,1812,1801,1802,-1,1812,1802,1813,-1,1813,1802,1803,-1,1813,1803,1814,-1,1814,1803,1804,-1,1814,1804,1815,-1,1815,1804,1805,-1,1815,1805,1816,-1,1816,1805,1806,-1,1816,1806,1817,-1,1817,1806,1807,-1,1817,1807,1818,-1,1818,1807,1808,-1,1818,1808,1819,-1,1819,1808,1809,-1,1819,1809,1820,-1,1820,1809,1810,-1,1820,1810,1821,-1,1821,1810,1746,-1,1821,1746,1744,-1,1781,1784,1782,-1,1782,1784,1811,-1,1782,1811,1822,-1,1822,1811,1812,-1,1822,1812,1823,-1,1823,1812,1813,-1,1823,1813,1824,-1,1824,1813,1814,-1,1824,1814,1825,-1,1825,1814,1815,-1,1825,1815,1826,-1,1826,1815,1816,-1,1826,1816,1827,-1,1827,1816,1817,-1,1827,1817,1828,-1,1828,1817,1818,-1,1828,1818,1829,-1,1829,1818,1819,-1,1829,1819,1830,-1,1830,1819,1820,-1,1830,1820,1831,-1,1831,1820,1821,-1,1831,1821,1832,-1,1832,1821,1744,-1,1832,1744,1742,-1,1779,1782,1780,-1,1780,1782,1822,-1,1780,1822,1833,-1,1833,1822,1823,-1,1833,1823,1834,-1,1834,1823,1824,-1,1834,1824,1835,-1,1835,1824,1825,-1,1835,1825,1836,-1,1836,1825,1826,-1,1836,1826,1837,-1,1837,1826,1827,-1,1837,1827,1838,-1,1838,1827,1828,-1,1838,1828,1839,-1,1839,1828,1829,-1,1839,1829,1840,-1,1840,1829,1830,-1,1840,1830,1841,-1,1841,1830,1831,-1,1841,1831,1842,-1,1842,1831,1832,-1,1842,1832,1843,-1,1843,1832,1742,-1,1843,1742,1740,-1,1777,1780,1778,-1,1778,1780,1833,-1,1778,1833,1844,-1,1844,1833,1834,-1,1844,1834,1845,-1,1845,1834,1835,-1,1845,1835,1846,-1,1846,1835,1836,-1,1846,1836,1847,-1,1847,1836,1837,-1,1847,1837,1848,-1,1848,1837,1838,-1,1848,1838,1849,-1,1849,1838,1839,-1,1849,1839,1850,-1,1850,1839,1840,-1,1850,1840,1851,-1,1851,1840,1841,-1,1851,1841,1852,-1,1852,1841,1842,-1,1852,1842,1853,-1,1853,1842,1843,-1,1853,1843,1854,-1,1854,1843,1740,-1,1854,1740,1738,-1,1776,1778,1855,-1,1855,1778,1844,-1,1855,1844,1856,-1,1856,1844,1845,-1,1856,1845,1857,-1,1857,1845,1846,-1,1857,1846,1858,-1,1858,1846,1847,-1,1858,1847,1859,-1,1859,1847,1848,-1,1859,1848,1860,-1,1860,1848,1849,-1,1860,1849,1861,-1,1861,1849,1850,-1,1861,1850,1862,-1,1862,1850,1851,-1,1862,1851,1863,-1,1863,1851,1852,-1,1863,1852,1864,-1,1864,1852,1853,-1,1864,1853,1865,-1,1865,1853,1854,-1,1865,1854,1866,-1,1866,1854,1738,-1,1866,1738,1737,-1,1867,1737,1868,-1,1868,1737,1736,-1,1868,1736,1869,-1,1869,1736,1734,-1,1869,1734,1870,-1,1870,1734,1733,-1,1870,1733,1871,-1,1871,1733,1731,-1,1871,1731,1872,-1,1872,1731,1730,-1,1872,1730,1873,-1,1873,1730,1728,-1,1873,1728,1874,-1,1874,1728,1727,-1,1874,1727,1875,-1,1875,1727,1725,-1,1875,1725,1876,-1,1876,1725,1724,-1,1876,1724,1877,-1,1877,1724,1722,-1,1877,1722,1878,-1,1878,1722,1721,-1,1878,1721,1879,-1,1879,1721,1769,-1,1879,1769,1880,-1,1880,1769,1881,-1,1880,1881,1882,-1,1882,1881,1883,-1,1882,1883,1884,-1,1884,1883,1885,-1,1884,1885,1886,-1,1886,1885,1887,-1,1886,1887,1888,-1,1888,1887,1889,-1,1888,1889,1890,-1,1890,1889,1891,-1,1890,1891,1892,-1,1892,1891,1893,-1,1892,1893,1894,-1,1894,1893,1895,-1,1894,1895,1896,-1,1896,1895,1897,-1,1896,1897,1898,-1,1898,1897,1899,-1,1898,1899,1900,-1,1900,1899,1901,-1,1900,1901,1902,-1,1902,1901,1903,-1,1902,1903,1904,-1,1904,1903,1776,-1,1867,1905,1737,-1,1737,1905,1866,-1,1905,1906,1866,-1,1866,1906,1907,-1,1866,1907,1865,-1,1907,1908,1865,-1,1865,1908,1909,-1,1865,1909,1864,-1,1909,1910,1864,-1,1864,1910,1911,-1,1864,1911,1863,-1,1863,1911,1912,-1,1863,1912,1862,-1,1912,1913,1862,-1,1862,1913,1914,-1,1862,1914,1861,-1,1914,1915,1861,-1,1861,1915,1916,-1,1861,1916,1860,-1,1916,1917,1860,-1,1860,1917,1918,-1,1860,1918,1859,-1,1859,1918,1919,-1,1919,1920,1859,-1,1859,1920,1921,-1,1859,1921,1858,-1,1858,1921,1922,-1,1858,1922,1857,-1,1922,1923,1857,-1,1857,1923,1924,-1,1857,1924,1856,-1,1924,1925,1856,-1,1856,1925,1926,-1,1856,1926,1855,-1,1855,1926,1927,-1,1927,1928,1855,-1,1855,1928,1904,-1,1855,1904,1776,-1,1929,1930,1692,-1,1692,1930,1694,-1,1931,1932,1929,-1,1929,1932,1930,-1,1933,1934,1931,-1,1931,1934,1932,-1,1873,1874,333,-1,837,311,833,-1,833,311,309,-1,1919,1935,1920,-1,1920,1935,1921,-1,334,828,316,-1,311,838,309,-1,309,838,840,-1,309,840,316,-1,316,840,842,-1,316,842,334,-1,334,842,844,-1,334,844,845,-1,845,847,334,-1,334,847,848,-1,334,848,333,-1,1919,1918,1935,-1,1935,1918,1917,-1,1935,1917,227,-1,227,1917,1916,-1,227,1916,1915,-1,1915,1914,227,-1,227,1914,1913,-1,227,1913,1912,-1,1912,1911,227,-1,227,1911,1910,-1,227,1910,1909,-1,1869,1870,333,-1,1909,1908,227,-1,227,1908,1907,-1,227,1907,228,-1,228,1907,1906,-1,228,1906,857,-1,857,1906,1905,-1,857,1905,856,-1,856,1905,1867,-1,1870,1871,333,-1,333,1871,1872,-1,333,1872,1873,-1,848,850,333,-1,333,850,851,-1,333,851,853,-1,1869,333,1868,-1,1868,333,853,-1,1868,853,1867,-1,1867,853,854,-1,1867,854,856,-1,1935,1936,1921,-1,1921,1936,1937,-1,1921,1937,1938,-1,1880,1882,1874,-1,1896,1898,1938,-1,1938,1898,1900,-1,1938,1900,1902,-1,1882,1884,1874,-1,1874,1884,1886,-1,1874,1886,1938,-1,1938,1886,1888,-1,1938,1888,1890,-1,1902,1904,1938,-1,1938,1904,1928,-1,1938,1928,1927,-1,1890,1892,1938,-1,1938,1892,1894,-1,1938,1894,1896,-1,1927,1926,1938,-1,1938,1926,1925,-1,1938,1925,1924,-1,1876,1877,1875,-1,1875,1877,1874,-1,1880,1874,1879,-1,1879,1874,1877,-1,1879,1877,1878,-1,1924,1923,1938,-1,1938,1923,1922,-1,1938,1922,1921,-1,1939,1940,1941,-1,1941,1940,1942,-1,1941,1942,1943,-1,1943,1942,1944,-1,1937,1936,1945,-1,1945,1936,1946,-1,1945,1946,1947,-1,1947,1946,1948,-1,1947,1948,1949,-1,1949,1948,1950,-1,1949,1950,1951,-1,1951,1950,1952,-1,1951,1952,1953,-1,1953,1952,1954,-1,1953,1954,1955,-1,1955,1954,1956,-1,1955,1956,1957,-1,1957,1956,1958,-1,1957,1958,1959,-1,1959,1958,1960,-1,1959,1960,1961,-1,1961,1960,1962,-1,1961,1962,1940,-1,1940,1962,1963,-1,1940,1963,1942,-1,1945,1947,326,-1,331,333,1937,-1,1937,333,1874,-1,1937,1874,1938,-1,1945,326,1937,-1,1937,326,325,-1,1937,325,331,-1,1947,1949,326,-1,326,1949,1951,-1,326,1951,1953,-1,1953,1955,326,-1,326,1955,1957,-1,326,1957,1959,-1,1959,1961,326,-1,326,1961,1940,-1,326,1940,1939,-1,327,326,306,-1,326,1939,1941,-1,306,326,1964,-1,1964,326,1941,-1,1964,1941,1943,-1,306,305,327,-1,327,305,304,-1,327,304,328,-1,328,304,303,-1,328,303,329,-1,329,303,302,-1,329,302,330,-1,330,302,301,-1,330,301,323,-1,323,301,300,-1,323,300,324,-1,324,300,299,-1,324,299,315,-1,1935,227,236,-1,1954,1952,1661,-1,1661,1952,1950,-1,1950,1948,1661,-1,1661,1948,1946,-1,1661,1946,1936,-1,236,1934,1935,-1,1935,1934,1933,-1,1935,1933,1936,-1,1936,1933,1660,-1,1936,1660,1661,-1,1944,1942,1963,-1,1960,1958,1661,-1,1661,1958,1956,-1,1661,1956,1954,-1,1944,1963,1661,-1,1661,1963,1962,-1,1661,1962,1960,-1,1965,1966,1967,-1,1967,1966,1968,-1,1969,1970,1966,-1,1966,1970,1968,-1,1971,1972,1969,-1,1969,1972,1970,-1,1973,1974,1971,-1,1971,1974,1972,-1,1975,1976,1973,-1,1973,1976,1974,-1,1691,1693,1975,-1,1975,1693,1976,-1,1977,1978,1979,-1,1979,1978,1980,-1,1681,1682,1981,-1,1981,1682,1982,-1,1983,1984,1978,-1,1978,1984,1980,-1,1985,1986,1983,-1,1983,1986,1984,-1,1987,1988,1985,-1,1985,1988,1986,-1,1989,1990,1987,-1,1987,1990,1988,-1,1991,1992,1989,-1,1989,1992,1990,-1,1993,1994,1995,-1,1995,1994,1996,-1,1997,1998,1993,-1,1993,1998,1994,-1,1999,2000,1997,-1,1997,2000,1998,-1,2001,2002,1999,-1,1999,2002,2000,-1,2003,2004,2001,-1,2001,2004,2002,-1,1965,1967,2003,-1,2003,1967,2004,-1,1933,1931,1929,-1,1287,1295,1293,-1,1933,1929,1660,-1,1660,1929,1692,-1,1660,1692,1349,-1,1349,1692,1691,-1,1349,1691,1348,-1,1381,1978,1390,-1,1390,1978,1391,-1,1291,1289,1293,-1,1293,1289,1285,-1,1293,1285,1287,-1,1668,1669,1677,-1,1973,1971,1975,-1,1975,1971,1969,-1,1975,1969,1691,-1,1691,1969,1966,-1,1978,1977,1391,-1,1391,1977,2005,-1,1391,2005,1400,-1,1400,2005,1295,-1,1400,1295,1401,-1,1675,1673,1677,-1,1677,1673,1671,-1,1677,1671,1668,-1,1401,1295,1410,-1,1410,1295,1287,-1,1410,1287,1411,-1,1411,1287,1669,-1,1411,1669,1420,-1,1420,1669,1668,-1,1420,1668,1663,-1,1663,1668,1313,-1,1663,1313,1315,-1,1315,1313,1309,-1,1315,1309,1311,-1,2001,1999,2003,-1,2003,1999,1997,-1,2003,1997,1965,-1,1965,1997,1993,-1,1993,1370,1965,-1,1965,1370,1361,-1,1965,1361,1966,-1,1966,1361,1360,-1,1966,1360,1691,-1,1691,1360,1351,-1,1691,1351,1348,-1,1303,1301,1305,-1,1305,1301,1297,-1,1305,1297,1307,-1,1307,1297,1299,-1,1993,1995,1370,-1,1370,1995,2006,-1,1370,2006,1371,-1,1371,2006,1307,-1,1371,1307,1380,-1,1380,1307,1299,-1,1381,1681,1981,-1,1687,1685,1683,-1,1989,1987,1985,-1,1299,1665,1380,-1,1380,1665,2007,-1,1380,2007,1381,-1,1381,2007,1689,-1,1381,1689,1681,-1,1681,1689,1687,-1,1681,1687,1679,-1,1679,1687,1683,-1,1981,2008,1381,-1,1381,2008,1991,-1,1381,1991,1978,-1,1978,1991,1989,-1,1978,1989,1983,-1,1983,1989,1985,-1,1667,231,1314,-1,1314,231,230,-1,1314,230,1310,-1,1310,230,1316,-1,1310,1316,1312,-1,1986,1988,1984,-1,1984,1988,1990,-1,1984,1990,1980,-1,1980,1990,1992,-1,1298,1302,1304,-1,1992,336,1980,-1,1980,336,347,-1,1980,347,1979,-1,1979,347,231,-1,1979,231,2009,-1,2009,231,1296,-1,1286,1290,1292,-1,1998,2000,2002,-1,1674,1676,1672,-1,1672,1676,1678,-1,1672,1678,1670,-1,1292,1294,1286,-1,1286,1294,1296,-1,1286,1296,1288,-1,1288,1296,231,-1,1288,231,1670,-1,1670,231,1667,-1,1670,1667,1672,-1,1992,2010,336,-1,336,2010,1982,-1,336,1982,1682,-1,1968,236,1967,-1,1967,236,235,-1,1693,1968,1970,-1,1684,1686,1680,-1,1680,1686,1688,-1,1680,1688,1682,-1,1682,1688,1690,-1,1682,1690,336,-1,336,1690,2011,-1,2011,1666,336,-1,336,1666,1300,-1,336,1300,1308,-1,1308,1300,1298,-1,1308,1298,1306,-1,1306,1298,1304,-1,2002,2004,1998,-1,1998,2004,1967,-1,1998,1967,1994,-1,1994,1967,235,-1,1994,235,1996,-1,1996,235,336,-1,1996,336,2012,-1,2012,336,1308,-1,1972,1974,1970,-1,1970,1974,1976,-1,1970,1976,1693,-1,1968,1693,236,-1,236,1693,1694,-1,236,1694,1934,-1,1934,1694,1930,-1,1934,1930,1932,-1,1901,1899,2013,-1,1897,1895,2014,-1,1893,1891,2015,-1,1889,1887,2016,-1,1885,1883,2017,-1,1881,1769,1770,-1,1883,1881,2017,-1,2017,1881,1770,-1,2017,1770,2018,-1,2018,1770,1771,-1,2018,1771,2019,-1,2019,1771,1772,-1,2019,1772,2020,-1,2020,1772,1773,-1,2020,1773,2021,-1,2021,1773,1774,-1,2021,1774,2022,-1,2022,1774,1775,-1,2022,1775,1702,-1,1702,1775,1703,-1,1887,1885,2016,-1,2016,1885,2017,-1,2016,2017,2023,-1,2023,2017,2018,-1,2023,2018,2024,-1,2024,2018,2019,-1,2024,2019,2025,-1,2025,2019,2020,-1,2025,2020,2026,-1,2026,2020,2021,-1,2026,2021,2027,-1,2027,2021,2022,-1,2027,2022,1701,-1,1701,2022,1702,-1,1891,1889,2015,-1,2015,1889,2016,-1,2015,2016,2028,-1,2028,2016,2023,-1,2028,2023,2029,-1,2029,2023,2024,-1,2029,2024,2030,-1,2030,2024,2025,-1,2030,2025,2031,-1,2031,2025,2026,-1,2031,2026,2032,-1,2032,2026,2027,-1,2032,2027,1700,-1,1700,2027,1701,-1,1895,1893,2014,-1,2014,1893,2015,-1,2014,2015,2033,-1,2033,2015,2028,-1,2033,2028,2034,-1,2034,2028,2029,-1,2034,2029,2035,-1,2035,2029,2030,-1,2035,2030,2036,-1,2036,2030,2031,-1,2036,2031,2037,-1,2037,2031,2032,-1,2037,2032,1699,-1,1699,2032,1700,-1,1899,1897,2013,-1,2013,1897,2014,-1,2013,2014,2038,-1,2038,2014,2033,-1,2038,2033,2039,-1,2039,2033,2034,-1,2039,2034,2040,-1,2040,2034,2035,-1,2040,2035,2041,-1,2041,2035,2036,-1,2041,2036,2042,-1,2042,2036,2037,-1,2042,2037,1698,-1,1698,2037,1699,-1,1903,1901,2043,-1,2043,1901,2013,-1,2043,2013,2044,-1,2044,2013,2038,-1,2044,2038,2045,-1,2045,2038,2039,-1,2045,2039,2046,-1,2046,2039,2040,-1,2046,2040,2047,-1,2047,2040,2041,-1,2047,2041,2048,-1,2048,2041,2042,-1,2048,2042,1696,-1,1696,2042,1698,-1,1696,1695,2048,-1,2048,1695,1787,-1,2048,1787,2047,-1,2047,1787,1785,-1,2047,1785,2046,-1,2046,1785,1783,-1,2046,1783,2045,-1,2045,1783,1781,-1,2045,1781,2044,-1,2044,1781,1779,-1,2044,1779,2043,-1,2043,1779,1777,-1,2043,1777,1903,-1,1903,1777,1776,-1,1643,1459,1457,-1,1641,1642,2049,-1,1639,1640,2050,-1,1637,1638,2051,-1,1635,1636,2052,-1,1633,1634,2053,-1,1546,1633,1547,-1,1547,1633,2053,-1,1547,2053,1595,-1,1595,2053,2054,-1,1595,2054,1596,-1,1596,2054,2055,-1,1596,2055,1597,-1,1597,2055,2056,-1,1597,2056,1598,-1,1598,2056,2057,-1,1598,2057,1599,-1,1599,2057,2058,-1,1599,2058,1437,-1,1437,2058,1443,-1,1634,1635,2053,-1,2053,1635,2052,-1,2053,2052,2054,-1,2054,2052,2059,-1,2054,2059,2055,-1,2055,2059,2060,-1,2055,2060,2056,-1,2056,2060,2061,-1,2056,2061,2057,-1,2057,2061,2062,-1,2057,2062,2058,-1,2058,2062,2063,-1,2058,2063,1443,-1,1443,2063,1444,-1,1636,1637,2052,-1,2052,1637,2051,-1,2052,2051,2059,-1,2059,2051,2064,-1,2059,2064,2060,-1,2060,2064,2065,-1,2060,2065,2061,-1,2061,2065,2066,-1,2061,2066,2062,-1,2062,2066,2067,-1,2062,2067,2063,-1,2063,2067,2068,-1,2063,2068,1444,-1,1444,2068,1446,-1,1638,1639,2051,-1,2051,1639,2050,-1,2051,2050,2064,-1,2064,2050,2069,-1,2064,2069,2065,-1,2065,2069,2070,-1,2065,2070,2066,-1,2066,2070,2071,-1,2066,2071,2067,-1,2067,2071,2072,-1,2067,2072,2068,-1,2068,2072,2073,-1,2068,2073,1446,-1,1446,2073,1445,-1,1640,1641,2050,-1,2050,1641,2049,-1,2050,2049,2069,-1,2069,2049,2074,-1,2069,2074,2070,-1,2070,2074,2075,-1,2070,2075,2071,-1,2071,2075,2076,-1,2071,2076,2072,-1,2072,2076,2077,-1,2072,2077,2073,-1,2073,2077,2078,-1,2073,2078,1445,-1,1445,2078,1439,-1,1642,1643,2049,-1,2049,1643,1457,-1,2049,1457,2074,-1,2074,1457,1455,-1,2074,1455,2075,-1,2075,1455,1453,-1,2075,1453,2076,-1,2076,1453,1451,-1,2076,1451,2077,-1,2077,1451,1449,-1,2077,1449,2078,-1,2078,1449,1447,-1,2078,1447,1439,-1,1439,1447,1438,-1,
        ]
    }
}
Shape{
    appearance Appearance {
        material  Material 	{
            diffuseColor 0.9686274509803922 0.8784313725490196 0.6
            specularColor 0.6784313725490196 0.615686274509804 0.4196078431372549
            ambientIntensity 0.2
            transparency 0
            shininess 0.5
        }
    }
    geometry IndexedFaceSet {
        ccw TRUE
        solid FALSE
        coord DEF co Coordinate {
            point [
                1.3268 -0.66 2.4841, 1.3268 1.5748 1.5355, 1.4843 -0.66 2.4841, 1.4843 1.5748 1.5355, 1.3268 -0.7199 2.5018, 1.4843 -0.7199 2.5018, 1.3268 -1.3997 2.6217, 1.4843 -1.3997 2.6217, 1.4843 -1.4533 2.6379, 1.3268 -1.4533 2.6379, 1.4843 -1.5016 2.6662, 1.3268 -1.5016 2.6662, 1.4843 -1.5419 2.7052, 1.3268 -1.5419 2.7052, 1.4843 -1.5718 2.7525, 1.3268 -1.5718 2.7525, 1.4843 -1.5898 2.8055, 1.3268 -1.5898 2.8055, 1.4843 -1.5948 2.8612, 1.3268 -1.5948 2.8612, 1.4843 -1.5866 2.9166, 1.3268 -1.5866 2.9166, 1.4843 -1.5655 2.9685, 1.3268 -1.5655 2.9685, 1.3268 -1.389 2.9685, 1.4843 -1.389 2.9685, 1.3268 -1.4159 2.9577, 1.4843 -1.4159 2.9577, 1.3268 -1.4393 2.9406, 1.4843 -1.4393 2.9406, 1.3268 -1.4579 2.9184, 1.4843 -1.4579 2.9184, 1.3268 -1.4706 2.8923, 1.4843 -1.4706 2.8923, 1.3268 -1.4764 2.8639, 1.4843 -1.4764 2.8639, 1.3268 -1.4752 2.8349, 1.4843 -1.4752 2.8349, 1.3268 -1.467 2.8071, 1.4843 -1.467 2.8071, 1.3268 -1.4522 2.7821, 1.4843 -1.4522 2.7821, 1.3268 -1.4318 2.7615, 1.4843 -1.4318 2.7615, 1.3268 -1.407 2.7465, 1.4843 -1.407 2.7465, 1.3268 -1.3792 2.738, 1.4843 -1.3792 2.738, 1.3268 -0.6994 2.6181, 1.4843 -0.6994 2.6181, 1.4843 -0.6139 2.5928, 1.3268 -0.6139 2.5928, 1.3268 1.5748 1.6088, 1.3268 1.9515 1.5039, 1.3268 1.9264 1.4448, 1.4843 1.9264 1.4448, 1.4843 1.9515 1.5039, 1.4843 1.5748 1.6088, 0.9252 -0.66 2.4841, 0.9252 1.5748 1.5355, 1.0827 -0.66 2.4841, 1.0827 1.5748 1.5355, 0.9252 -0.7199 2.5018, 1.0827 -0.7199 2.5018, 0.9252 -1.3997 2.6217, 1.0827 -1.3997 2.6217, 1.0827 -1.4533 2.6379, 0.9252 -1.4533 2.6379, 1.0827 -1.5016 2.6662, 0.9252 -1.5016 2.6662, 1.0827 -1.5419 2.7052, 0.9252 -1.5419 2.7052, 1.0827 -1.5718 2.7525, 0.9252 -1.5718 2.7525, 1.0827 -1.5898 2.8055, 0.9252 -1.5898 2.8055, 1.0827 -1.5948 2.8612, 0.9252 -1.5948 2.8612, 1.0827 -1.5866 2.9166, 0.9252 -1.5866 2.9166, 1.0827 -1.5655 2.9685, 0.9252 -1.5655 2.9685, 0.9252 -1.389 2.9685, 1.0827 -1.389 2.9685, 0.9252 -1.4159 2.9577, 1.0827 -1.4159 2.9577, 0.9252 -1.4393 2.9406, 1.0827 -1.4393 2.9406, 0.9252 -1.4579 2.9184, 1.0827 -1.4579 2.9184, 0.9252 -1.4706 2.8923, 1.0827 -1.4706 2.8923, 0.9252 -1.4764 2.8639, 1.0827 -1.4764 2.8639, 0.9252 -1.4752 2.8349, 1.0827 -1.4752 2.8349, 0.9252 -1.467 2.8071, 1.0827 -1.467 2.8071, 0.9252 -1.4522 2.7821, 1.0827 -1.4522 2.7821, 0.9252 -1.4318 2.7615, 1.0827 -1.4318 2.7615, 0.9252 -1.407 2.7465, 1.0827 -1.407 2.7465, 0.9252 -1.3792 2.738, 1.0827 -1.3792 2.738, 0.9252 -0.6994 2.6181, 1.0827 -0.6994 2.6181, 1.0827 -0.6139 2.5928, 0.9252 -0.6139 2.5928, 0.9252 1.5748 1.6088, 0.9252 1.9515 1.5039, 0.9252 1.9264 1.4448, 1.0827 1.9264 1.4448, 1.0827 1.9515 1.5039, 1.0827 1.5748 1.6088, 0.5236 -0.66 2.4841, 0.5236 1.5748 1.5355, 0.6811 -0.66 2.4841, 0.6811 1.5748 1.5355, 0.5236 -0.7199 2.5018, 0.6811 -0.7199 2.5018, 0.5236 -1.3997 2.6217, 0.6811 -1.3997 2.6217, 0.6811 -1.4533 2.6379, 0.5236 -1.4533 2.6379, 0.6811 -1.5016 2.6662, 0.5236 -1.5016 2.6662, 0.6811 -1.5419 2.7052, 0.5236 -1.5419 2.7052, 0.6811 -1.5718 2.7525, 0.5236 -1.5718 2.7525, 0.6811 -1.5898 2.8055, 0.5236 -1.5898 2.8055, 0.6811 -1.5948 2.8612, 0.5236 -1.5948 2.8612, 0.6811 -1.5866 2.9166, 0.5236 -1.5866 2.9166, 0.6811 -1.5655 2.9685, 0.5236 -1.5655 2.9685, 0.5236 -1.389 2.9685, 0.6811 -1.389 2.9685, 0.5236 -1.4159 2.9577, 0.6811 -1.4159 2.9577, 0.5236 -1.4393 2.9406, 0.6811 -1.4393 2.9406, 0.5236 -1.4579 2.9184, 0.6811 -1.4579 2.9184, 0.5236 -1.4706 2.8923, 0.6811 -1.4706 2.8923, 0.5236 -1.4764 2.8639, 0.6811 -1.4764 2.8639, 0.5236 -1.4752 2.8349, 0.6811 -1.4752 2.8349, 0.5236 -1.467 2.8071, 0.6811 -1.467 2.8071, 0.5236 -1.4522 2.7821, 0.6811 -1.4522 2.7821, 0.5236 -1.4318 2.7615, 0.6811 -1.4318 2.7615, 0.5236 -1.407 2.7465, 0.6811 -1.407 2.7465, 0.5236 -1.3792 2.738, 0.6811 -1.3792 2.738, 0.5236 -0.6994 2.6181, 0.6811 -0.6994 2.6181, 0.6811 -0.6139 2.5928, 0.5236 -0.6139 2.5928, 0.5236 1.5748 1.6088, 0.5236 1.9515 1.5039, 0.5236 1.9264 1.4448, 0.6811 1.9264 1.4448, 0.6811 1.9515 1.5039, 0.6811 1.5748 1.6088, 0.122 -0.66 2.4841, 0.122 1.5748 1.5355, 0.2795 -0.66 2.4841, 0.2795 1.5748 1.5355, 0.122 -0.7199 2.5018, 0.2795 -0.7199 2.5018, 0.122 -1.3997 2.6217, 0.2795 -1.3997 2.6217, 0.2795 -1.4533 2.6379, 0.122 -1.4533 2.6379, 0.2795 -1.5016 2.6662, 0.122 -1.5016 2.6662, 0.2795 -1.5419 2.7052, 0.122 -1.5419 2.7052, 0.2795 -1.5718 2.7525, 0.122 -1.5718 2.7525, 0.2795 -1.5898 2.8055, 0.122 -1.5898 2.8055, 0.2795 -1.5948 2.8612, 0.122 -1.5948 2.8612, 0.2795 -1.5866 2.9166, 0.122 -1.5866 2.9166, 0.2795 -1.5655 2.9685, 0.122 -1.5655 2.9685, 0.122 -1.389 2.9685, 0.2795 -1.389 2.9685, 0.122 -1.4159 2.9577, 0.2795 -1.4159 2.9577, 0.122 -1.4393 2.9406, 0.2795 -1.4393 2.9406, 0.122 -1.4579 2.9184, 0.2795 -1.4579 2.9184, 0.122 -1.4706 2.8923, 0.2795 -1.4706 2.8923, 0.122 -1.4764 2.8639, 0.2795 -1.4764 2.8639, 0.122 -1.4752 2.8349, 0.2795 -1.4752 2.8349, 0.122 -1.467 2.8071, 0.2795 -1.467 2.8071, 0.122 -1.4522 2.7821, 0.2795 -1.4522 2.7821, 0.122 -1.4318 2.7615, 0.2795 -1.4318 2.7615, 0.122 -1.407 2.7465, 0.2795 -1.407 2.7465, 0.122 -1.3792 2.738, 0.2795 -1.3792 2.738, 0.122 -0.6994 2.6181, 0.2795 -0.6994 2.6181, 0.2795 -0.6139 2.5928, 0.122 -0.6139 2.5928, 0.122 1.5748 1.6088, 0.122 1.9515 1.5039, 0.122 1.9264 1.4448, 0.2795 1.9264 1.4448, 0.2795 1.9515 1.5039, 0.2795 1.5748 1.6088, -0.2795 -0.66 2.4841, -0.2795 1.5748 1.5355, -0.122 -0.66 2.4841, -0.122 1.5748 1.5355, -0.2795 -0.7199 2.5018, -0.122 -0.7199 2.5018, -0.2795 -1.3997 2.6217, -0.122 -1.3997 2.6217, -0.122 -1.4533 2.6379, -0.2795 -1.4533 2.6379, -0.122 -1.5016 2.6662, -0.2795 -1.5016 2.6662, -0.122 -1.5419 2.7052, -0.2795 -1.5419 2.7052, -0.122 -1.5718 2.7525, -0.2795 -1.5718 2.7525, -0.122 -1.5898 2.8055, -0.2795 -1.5898 2.8055, -0.122 -1.5948 2.8612, -0.2795 -1.5948 2.8612, -0.122 -1.5866 2.9166, -0.2795 -1.5866 2.9166, -0.122 -1.5655 2.9685, -0.2795 -1.5655 2.9685, -0.2795 -1.389 2.9685, -0.122 -1.389 2.9685, -0.2795 -1.4159 2.9577, -0.122 -1.4159 2.9577, -0.2795 -1.4393 2.9406, -0.122 -1.4393 2.9406, -0.2795 -1.4579 2.9184, -0.122 -1.4579 2.9184, -0.2795 -1.4706 2.8923, -0.122 -1.4706 2.8923, -0.2795 -1.4764 2.8639, -0.122 -1.4764 2.8639, -0.2795 -1.4752 2.8349, -0.122 -1.4752 2.8349, -0.2795 -1.467 2.8071, -0.122 -1.467 2.8071, -0.2795 -1.4522 2.7821, -0.122 -1.4522 2.7821, -0.2795 -1.4318 2.7615, -0.122 -1.4318 2.7615, -0.2795 -1.407 2.7465, -0.122 -1.407 2.7465, -0.2795 -1.3792 2.738, -0.122 -1.3792 2.738, -0.2795 -0.6994 2.6181, -0.122 -0.6994 2.6181, -0.122 -0.6139 2.5928, -0.2795 -0.6139 2.5928, -0.2795 1.5748 1.6088, -0.2795 1.9515 1.5039, -0.2795 1.9264 1.4448, -0.122 1.9264 1.4448, -0.122 1.9515 1.5039, -0.122 1.5748 1.6088, -0.6811 -0.66 2.4841, -0.6811 1.5748 1.5355, -0.5236 -0.66 2.4841, -0.5236 1.5748 1.5355, -0.6811 -0.7199 2.5018, -0.5236 -0.7199 2.5018, -0.6811 -1.3997 2.6217, -0.5236 -1.3997 2.6217, -0.5236 -1.4533 2.6379, -0.6811 -1.4533 2.6379, -0.5236 -1.5016 2.6662, -0.6811 -1.5016 2.6662, -0.5236 -1.5419 2.7052, -0.6811 -1.5419 2.7052, -0.5236 -1.5718 2.7525, -0.6811 -1.5718 2.7525, -0.5236 -1.5898 2.8055, -0.6811 -1.5898 2.8055, -0.5236 -1.5948 2.8612, -0.6811 -1.5948 2.8612, -0.5236 -1.5866 2.9166, -0.6811 -1.5866 2.9166, -0.5236 -1.5655 2.9685, -0.6811 -1.5655 2.9685, -0.6811 -1.389 2.9685, -0.5236 -1.389 2.9685, -0.6811 -1.4159 2.9577, -0.5236 -1.4159 2.9577, -0.6811 -1.4393 2.9406, -0.5236 -1.4393 2.9406, -0.6811 -1.4579 2.9184, -0.5236 -1.4579 2.9184, -0.6811 -1.4706 2.8923, -0.5236 -1.4706 2.8923, -0.6811 -1.4764 2.8639, -0.5236 -1.4764 2.8639, -0.6811 -1.4752 2.8349, -0.5236 -1.4752 2.8349, -0.6811 -1.467 2.8071, -0.5236 -1.467 2.8071, -0.6811 -1.4522 2.7821, -0.5236 -1.4522 2.7821, -0.6811 -1.4318 2.7615, -0.5236 -1.4318 2.7615, -0.6811 -1.407 2.7465, -0.5236 -1.407 2.7465, -0.6811 -1.3792 2.738, -0.5236 -1.3792 2.738, -0.6811 -0.6994 2.6181, -0.5236 -0.6994 2.6181, -0.5236 -0.6139 2.5928, -0.6811 -0.6139 2.5928, -0.6811 1.5748 1.6088, -0.6811 1.9515 1.5039, -0.6811 1.9264 1.4448, -0.5236 1.9264 1.4448, -0.5236 1.9515 1.5039, -0.5236 1.5748 1.6088, -1.0827 -0.66 2.4841, -1.0827 1.5748 1.5355, -0.9252 -0.66 2.4841, -0.9252 1.5748 1.5355, -1.0827 -0.7199 2.5018, -0.9252 -0.7199 2.5018, -1.0827 -1.3997 2.6217, -0.9252 -1.3997 2.6217, -0.9252 -1.4533 2.6379, -1.0827 -1.4533 2.6379, -0.9252 -1.5016 2.6662, -1.0827 -1.5016 2.6662, -0.9252 -1.5419 2.7052, -1.0827 -1.5419 2.7052, -0.9252 -1.5718 2.7525, -1.0827 -1.5718 2.7525, -0.9252 -1.5898 2.8055, -1.0827 -1.5898 2.8055, -0.9252 -1.5948 2.8612, -1.0827 -1.5948 2.8612, -0.9252 -1.5866 2.9166, -1.0827 -1.5866 2.9166, -0.9252 -1.5655 2.9685, -1.0827 -1.5655 2.9685, -1.0827 -1.389 2.9685, -0.9252 -1.389 2.9685, -1.0827 -1.4159 2.9577, -0.9252 -1.4159 2.9577, -1.0827 -1.4393 2.9406, -0.9252 -1.4393 2.9406, -1.0827 -1.4579 2.9184, -0.9252 -1.4579 2.9184, -1.0827 -1.4706 2.8923, -0.9252 -1.4706 2.8923, -1.0827 -1.4764 2.8639, -0.9252 -1.4764 2.8639, -1.0827 -1.4752 2.8349, -0.9252 -1.4752 2.8349, -1.0827 -1.467 2.8071, -0.9252 -1.467 2.8071, -1.0827 -1.4522 2.7821, -0.9252 -1.4522 2.7821, -1.0827 -1.4318 2.7615, -0.9252 -1.4318 2.7615, -1.0827 -1.407 2.7465, -0.9252 -1.407 2.7465, -1.0827 -1.3792 2.738, -0.9252 -1.3792 2.738, -1.0827 -0.6994 2.6181, -0.9252 -0.6994 2.6181, -0.9252 -0.6139 2.5928, -1.0827 -0.6139 2.5928, -1.0827 1.5748 1.6088, -1.0827 1.9515 1.5039, -1.0827 1.9264 1.4448, -0.9252 1.9264 1.4448, -0.9252 1.9515 1.5039, -0.9252 1.5748 1.6088, -1.4843 -0.66 2.4841, -1.4843 1.5748 1.5355, -1.3268 -0.66 2.4841, -1.3268 1.5748 1.5355, -1.4843 -0.7199 2.5018, -1.3268 -0.7199 2.5018, -1.4843 -1.3997 2.6217, -1.3268 -1.3997 2.6217, -1.3268 -1.4533 2.6379, -1.4843 -1.4533 2.6379, -1.3268 -1.5016 2.6662, -1.4843 -1.5016 2.6662, -1.3268 -1.5419 2.7052, -1.4843 -1.5419 2.7052, -1.3268 -1.5718 2.7525, -1.4843 -1.5718 2.7525, -1.3268 -1.5898 2.8055, -1.4843 -1.5898 2.8055, -1.3268 -1.5948 2.8612, -1.4843 -1.5948 2.8612, -1.3268 -1.5866 2.9166, -1.4843 -1.5866 2.9166, -1.3268 -1.5655 2.9685, -1.4843 -1.5655 2.9685, -1.4843 -1.389 2.9685, -1.3268 -1.389 2.9685, -1.4843 -1.4159 2.9577, -1.3268 -1.4159 2.9577, -1.4843 -1.4393 2.9406, -1.3268 -1.4393 2.9406, -1.4843 -1.4579 2.9184, -1.3268 -1.4579 2.9184, -1.4843 -1.4706 2.8923, -1.3268 -1.4706 2.8923, -1.4843 -1.4764 2.8639, -1.3268 -1.4764 2.8639, -1.4843 -1.4752 2.8349, -1.3268 -1.4752 2.8349, -1.4843 -1.467 2.8071, -1.3268 -1.467 2.8071, -1.4843 -1.4522 2.7821, -1.3268 -1.4522 2.7821, -1.4843 -1.4318 2.7615, -1.3268 -1.4318 2.7615, -1.4843 -1.407 2.7465, -1.3268 -1.407 2.7465, -1.4843 -1.3792 2.738, -1.3268 -1.3792 2.738, -1.4843 -0.6994 2.6181, -1.3268 -0.6994 2.6181, -1.3268 -0.6139 2.5928, -1.4843 -0.6139 2.5928, -1.4843 1.5748 1.6088, -1.4843 1.9515 1.5039, -1.4843 1.9264 1.4448, -1.3268 1.9264 1.4448, -1.3268 1.9515 1.5039, -1.3268 1.5748 1.6088, 0.6909 2.5 2.8937, 0.5138 2.5 2.8937, 0.6909 2.5 1.3976, 0.5138 2.5 1.3976, 0.6319 3.2677 0.0, 0.5728 3.2677 0.0, 0.6319 3.2677 0.1181, 0.5728 3.2677 0.1181, 0.645 3.2662 0.1181, 0.645 3.2662 0.0, 0.6575 3.2619 0.1181, 0.6575 3.2619 0.0, 0.6687 3.2548 0.1181, 0.6687 3.2548 0.0, 0.6781 3.2455 0.1181, 0.6781 3.2455 0.0, 0.6851 3.2343 0.1181, 0.6851 3.2343 0.0, 0.6895 3.2218 0.1181, 0.6895 3.2218 0.0, 0.6909 3.2087 0.1181, 0.6909 3.2087 0.0, 0.6909 2.5 0.1969, 0.5138 2.5 0.1969, 0.5138 2.5058 0.1532, 0.6909 2.5049 0.153, 0.5138 2.5067 0.1459, 0.6909 2.5195 0.1114, 0.5138 2.5208 0.112, 0.5138 2.5264 0.0984, 0.6909 2.5429 0.0741, 0.5138 2.5443 0.0751, 0.6909 2.5741 0.0429, 0.5138 2.5577 0.0577, 0.5138 2.5751 0.0443, 0.6909 2.6114 0.0195, 0.5138 2.5984 0.0264, 0.5138 2.612 0.0208, 0.6909 2.653 0.0049, 0.5138 2.6459 0.0067, 0.5138 2.6532 0.0058, 0.5138 2.6969 0.0, 0.6909 2.6969 0.0, 0.5472 3.2619 0.0, 0.5576 3.2655 0.0, 0.5138 3.2087 0.0, 0.5153 3.2218 0.0, 0.516 3.2239 0.0, 0.5196 3.2343 0.0, 0.5597 3.2662 0.0, 0.522 3.238 0.0, 0.5267 3.2455 0.0, 0.5313 3.2502 0.0, 0.536 3.2548 0.0, 0.5435 3.2595 0.0, 0.5575 3.2657 0.1181, 0.5433 3.2598 0.1181, 0.5311 3.2504 0.1181, 0.5217 3.2382 0.1181, 0.5158 3.2239 0.1181, 0.5138 3.2087 0.1181, 0.5138 2.6969 0.1181, 0.6909 2.6969 0.1181, 0.6909 2.6793 0.1201, 0.5138 2.6794 0.1204, 0.5138 2.6765 0.1208, 0.6909 2.6627 0.1259, 0.5138 2.6629 0.1264, 0.5138 2.6575 0.1287, 0.6909 2.6478 0.1353, 0.5138 2.6482 0.1358, 0.6909 2.6353 0.1478, 0.5138 2.6412 0.1412, 0.5138 2.6358 0.1482, 0.6909 2.6259 0.1627, 0.5138 2.6287 0.1575, 0.5138 2.6264 0.1629, 0.6909 2.6201 0.1793, 0.5138 2.6208 0.1765, 0.5138 2.6204 0.1794, 0.6909 2.6181 0.1969, 0.5138 2.6181 0.1969, 0.6909 2.6181 2.8937, 0.5138 2.6181 2.8937, 0.5138 2.5 0.7874, 0.6909 2.5 0.7874, 0.5138 2.5 2.9724, 0.5138 2.5 3.0741, 0.5138 2.519 3.063, 0.5138 2.5724 3.0198, 0.5138 2.5909 2.9916, 0.5138 2.5973 2.9817, 0.5138 2.6108 2.9444, 0.5138 2.6128 2.9389, 0.5138 2.5393 3.0512, 0.5138 2.5596 3.032, 0.5138 2.4704 2.9553, 0.5138 2.4554 2.9646, 0.5138 2.4388 2.9705, 0.5138 2.4213 2.9724, 0.5138 2.498 2.9112, 0.5138 2.4922 2.9279, 0.5138 2.4828 2.9428, 0.4744 2.5 2.9724, 0.6909 2.5 2.9724, 0.7303 2.5 2.9724, 0.6909 2.4213 2.9724, 0.7303 1.9882 2.9724, 0.4744 1.9882 2.9724, 0.6909 2.5724 3.0198, 0.6909 2.5596 3.032, 0.6909 2.5393 3.0512, 0.6909 2.519 3.063, 0.6909 2.5 3.0741, 0.6909 2.47 2.9547, 0.6909 2.4769 2.9494, 0.6909 2.6108 2.9444, 0.6909 2.6128 2.9389, 0.6909 2.5973 2.9817, 0.6909 2.5909 2.9916, 0.6909 2.4823 2.9424, 0.6909 2.4895 2.9331, 0.6909 2.4416 2.9698, 0.6909 2.4387 2.9701, 0.6909 2.4552 2.9641, 0.6909 2.4606 2.9619, 0.6909 2.4917 2.9277, 0.6909 2.4973 2.9141, 0.6909 2.4977 2.9112, 0.5138 2.4213 3.0906, 0.5138 2.4615 3.0864, 0.5138 2.5 3.0906, 0.5138 2.472 3.0831, 0.6909 2.4213 3.0906, 0.6909 2.4615 3.0864, 0.6909 2.472 3.0831, 0.6909 2.5 3.0906, 0.7303 1.9882 3.0906, 0.7303 2.5 3.0906, 0.4744 2.5 3.0906, 0.4744 1.9882 3.0906, 0.2894 2.5 2.8937, 0.1122 2.5 2.8937, 0.2894 2.5 1.3976, 0.1122 2.5 1.3976, 0.2303 3.2677 0.0, 0.1713 3.2677 0.0, 0.2303 3.2677 0.1181, 0.1713 3.2677 0.1181, 0.2435 3.2662 0.1181, 0.2435 3.2662 0.0, 0.2559 3.2619 0.1181, 0.2559 3.2619 0.0, 0.2671 3.2548 0.1181, 0.2671 3.2548 0.0, 0.2765 3.2455 0.1181, 0.2765 3.2455 0.0, 0.2835 3.2343 0.1181, 0.2835 3.2343 0.0, 0.2879 3.2218 0.1181, 0.2879 3.2218 0.0, 0.2894 3.2087 0.1181, 0.2894 3.2087 0.0, 0.2894 2.5 0.1969, 0.1122 2.5 0.1969, 0.1122 2.5058 0.1532, 0.2894 2.5049 0.153, 0.1122 2.5067 0.1459, 0.2894 2.5195 0.1114, 0.1122 2.5208 0.112, 0.1122 2.5264 0.0984, 0.2894 2.5429 0.0741, 0.1122 2.5443 0.0751, 0.2894 2.5741 0.0429, 0.1122 2.5577 0.0577, 0.1122 2.5751 0.0443, 0.2894 2.6114 0.0195, 0.1122 2.5984 0.0264, 0.1122 2.612 0.0208, 0.2894 2.653 0.0049, 0.1122 2.6459 0.0067, 0.1122 2.6532 0.0058, 0.1122 2.6969 0.0, 0.2894 2.6969 0.0, 0.1581 3.2662 0.0, 0.1122 3.2087 0.0, 0.1251 3.2455 0.0, 0.1181 3.2343 0.0, 0.1137 3.2218 0.0, 0.1344 3.2548 0.0, 0.1456 3.2619 0.0, 0.1417 3.2598 0.1181, 0.1458 3.2615 0.1181, 0.1582 3.266 0.1181, 0.156 3.2657 0.1181, 0.1347 3.2544 0.1181, 0.1295 3.2504 0.1181, 0.1255 3.2452 0.1181, 0.1201 3.2382 0.1181, 0.1184 3.2341 0.1181, 0.1142 3.2239 0.1181, 0.1139 3.2218 0.1181, 0.1122 3.2087 0.1181, 0.2894 2.6969 0.1181, 0.1122 2.6969 0.1181, 0.2894 2.6793 0.1201, 0.1122 2.6794 0.1204, 0.1122 2.6765 0.1208, 0.2894 2.6627 0.1259, 0.1122 2.6629 0.1264, 0.1122 2.6575 0.1287, 0.2894 2.6478 0.1353, 0.1122 2.6482 0.1358, 0.2894 2.6353 0.1478, 0.1122 2.6412 0.1412, 0.1122 2.6358 0.1482, 0.2894 2.6259 0.1627, 0.1122 2.6287 0.1575, 0.1122 2.6264 0.1629, 0.2894 2.6201 0.1793, 0.1122 2.6208 0.1765, 0.1122 2.6204 0.1794, 0.2894 2.6181 0.1969, 0.1122 2.6181 0.1969, 0.2894 2.6181 2.8937, 0.1122 2.6181 2.8937, 0.1122 2.5 0.7874, 0.2894 2.5 0.7874, 0.1122 2.5 2.9724, 0.1122 2.5 3.0741, 0.1122 2.519 3.063, 0.1122 2.5724 3.0198, 0.1122 2.5909 2.9916, 0.1122 2.5973 2.9817, 0.1122 2.6108 2.9444, 0.1122 2.6128 2.9389, 0.1122 2.5393 3.0512, 0.1122 2.5596 3.032, 0.1122 2.498 2.9112, 0.1122 2.4922 2.9279, 0.1122 2.4828 2.9428, 0.1122 2.4704 2.9553, 0.1122 2.4554 2.9646, 0.1122 2.4388 2.9705, 0.1122 2.4213 2.9724, 0.0728 2.5 2.9724, 0.2894 2.5 2.9724, 0.3287 2.5 2.9724, 0.2894 2.4213 2.9724, 0.3287 1.9882 2.9724, 0.0728 1.9882 2.9724, 0.2894 2.5724 3.0198, 0.2894 2.5596 3.032, 0.2894 2.5393 3.0512, 0.2894 2.519 3.063, 0.2894 2.5 3.0741, 0.2894 2.47 2.9547, 0.2894 2.4769 2.9494, 0.2894 2.6108 2.9444, 0.2894 2.6128 2.9389, 0.2894 2.5973 2.9817, 0.2894 2.5909 2.9916, 0.2894 2.4823 2.9424, 0.2894 2.4895 2.9331, 0.2894 2.4416 2.9698, 0.2894 2.4387 2.9701, 0.2894 2.4552 2.9641, 0.2894 2.4606 2.9619, 0.2894 2.4917 2.9277, 0.2894 2.4973 2.9141, 0.2894 2.4977 2.9112, 0.1122 2.4213 3.0906, 0.1122 2.4615 3.0864, 0.1122 2.5 3.0906, 0.1122 2.472 3.0831, 0.2894 2.4213 3.0906, 0.2894 2.4615 3.0864, 0.2894 2.472 3.0831, 0.2894 2.5 3.0906, 0.3287 1.9882 3.0906, 0.3287 2.5 3.0906, 0.0728 2.5 3.0906, 0.0728 1.9882 3.0906, -0.1122 2.5 2.8937, -0.2894 2.5 2.8937, -0.1122 2.5 1.3976, -0.2894 2.5 1.3976, -0.1713 3.2677 0.0, -0.2303 3.2677 0.0, -0.1713 3.2677 0.1181, -0.2303 3.2677 0.1181, -0.1122 3.2087 0.1181, -0.1122 3.2087 0.0, -0.1137 3.2218 0.1181, -0.1137 3.2218 0.0, -0.1144 3.2239 0.1181, -0.1144 3.2239 0.0, -0.1181 3.2343 0.1181, -0.1181 3.2343 0.0, -0.1204 3.238 0.1181, -0.1204 3.238 0.0, -0.1251 3.2455 0.1181, -0.1251 3.2455 0.0, -0.1298 3.2502 0.1181, -0.1298 3.2502 0.0, -0.1344 3.2548 0.1181, -0.1344 3.2548 0.0, -0.1419 3.2595 0.1181, -0.1419 3.2595 0.0, -0.1456 3.2619 0.1181, -0.1456 3.2619 0.0, -0.156 3.2655 0.1181, -0.156 3.2655 0.0, -0.1581 3.2662 0.1181, -0.1581 3.2662 0.0, -0.1122 2.5 0.1969, -0.2894 2.5 0.1969, -0.2894 2.5058 0.1532, -0.1122 2.5049 0.153, -0.2894 2.5067 0.1459, -0.1122 2.5195 0.1114, -0.2894 2.5208 0.112, -0.2894 2.5264 0.0984, -0.1122 2.5429 0.0741, -0.2894 2.5443 0.0751, -0.1122 2.5741 0.0429, -0.2894 2.5577 0.0577, -0.2894 2.5751 0.0443, -0.1122 2.6114 0.0195, -0.2894 2.5984 0.0264, -0.2894 2.612 0.0208, -0.1122 2.653 0.0049, -0.2894 2.6459 0.0067, -0.2894 2.6532 0.0058, -0.2894 2.6969 0.0, -0.1122 2.6969 0.0, -0.2894 3.2087 0.0, -0.2435 3.2662 0.0, -0.2879 3.2218 0.0, -0.2835 3.2343 0.0, -0.2765 3.2455 0.0, -0.2671 3.2548 0.0, -0.2559 3.2619 0.0, -0.2598 3.2598 0.1181, -0.2558 3.2615 0.1181, -0.2434 3.266 0.1181, -0.2456 3.2657 0.1181, -0.2668 3.2544 0.1181, -0.2721 3.2504 0.1181, -0.2761 3.2452 0.1181, -0.2815 3.2382 0.1181, -0.2831 3.2341 0.1181, -0.2874 3.2239 0.1181, -0.2876 3.2218 0.1181, -0.2894 3.2087 0.1181, -0.2894 2.6969 0.1181, -0.1122 2.6969 0.1181, -0.1122 2.6793 0.1201, -0.2894 2.6794 0.1204, -0.2894 2.6765 0.1208, -0.1122 2.6627 0.1259, -0.2894 2.6629 0.1264, -0.2894 2.6575 0.1287, -0.1122 2.6478 0.1353, -0.2894 2.6482 0.1358, -0.1122 2.6353 0.1478, -0.2894 2.6412 0.1412, -0.2894 2.6358 0.1482, -0.1122 2.6259 0.1627, -0.2894 2.6287 0.1575, -0.2894 2.6264 0.1629, -0.1122 2.6201 0.1793, -0.2894 2.6208 0.1765, -0.2894 2.6204 0.1794, -0.1122 2.6181 0.1969, -0.2894 2.6181 0.1969, -0.1122 2.6181 2.8937, -0.2894 2.6181 2.8937, -0.2894 2.5 0.7874, -0.1122 2.5 0.7874, -0.2894 2.4213 3.0906, -0.2894 2.4615 3.0864, -0.2894 2.5 3.0906, -0.2894 2.472 3.0831, -0.2894 2.5 3.0741, -0.1122 2.4213 3.0906, -0.1122 2.4615 3.0864, -0.1122 2.472 3.0831, -0.1122 2.5 3.0741, -0.2894 2.519 3.063, -0.1122 2.519 3.063, -0.2894 2.5393 3.0512, -0.1122 2.5393 3.0512, -0.2894 2.5596 3.032, -0.1122 2.5596 3.032, -0.2894 2.5724 3.0198, -0.1122 2.5724 3.0198, -0.2894 2.5909 2.9916, -0.1122 2.5909 2.9916, -0.2894 2.5973 2.9817, -0.1122 2.5973 2.9817, -0.2894 2.6108 2.9444, -0.1122 2.6108 2.9444, -0.2894 2.6128 2.9389, -0.1122 2.6128 2.9389, -0.1122 2.5 3.0906, -0.0728 1.9882 2.9724, -0.0728 2.5 2.9724, -0.0728 1.9882 3.0906, -0.0728 2.5 3.0906, -0.2894 2.5 2.9724, -0.2894 2.4704 2.9553, -0.2894 2.4554 2.9646, -0.2894 2.4388 2.9705, -0.2894 2.4213 2.9724, -0.2894 2.498 2.9112, -0.2894 2.4922 2.9279, -0.2894 2.4828 2.9428, -0.3287 2.5 2.9724, -0.1122 2.5 2.9724, -0.1122 2.4213 2.9724, -0.3287 1.9882 2.9724, -0.1122 2.47 2.9547, -0.1122 2.4769 2.9494, -0.1122 2.4823 2.9424, -0.1122 2.4895 2.9331, -0.1122 2.4917 2.9277, -0.1122 2.4973 2.9141, -0.1122 2.4977 2.9112, -0.1122 2.4416 2.9698, -0.1122 2.4387 2.9701, -0.1122 2.4552 2.9641, -0.1122 2.4606 2.9619, -0.3287 2.5 3.0906, -0.3287 1.9882 3.0906, -0.3287 1.9882 3.0906
            ]
        }
        coordIndex [
            0,1,2,-1,2,1,3,-1,0,2,4,-1,4,2,5,-1,6,4,7,-1,7,4,5,-1,6,7,8,-1,6,8,9,-1,9,8,10,-1,9,10,11,-1,11,10,12,-1,11,12,13,-1,13,12,14,-1,13,14,15,-1,15,14,16,-1,15,16,17,-1,17,16,18,-1,17,18,19,-1,19,18,20,-1,19,20,21,-1,21,20,22,-1,21,22,23,-1,24,25,26,-1,26,25,27,-1,26,27,28,-1,28,27,29,-1,28,29,30,-1,30,29,31,-1,30,31,32,-1,32,31,33,-1,32,33,34,-1,34,33,35,-1,34,35,36,-1,36,35,37,-1,36,37,38,-1,38,37,39,-1,38,39,40,-1,40,39,41,-1,40,41,42,-1,42,41,43,-1,42,43,44,-1,44,43,45,-1,44,45,46,-1,46,45,47,-1,48,46,49,-1,49,46,47,-1,49,50,48,-1,48,50,51,-1,52,1,0,-1,23,24,26,-1,26,28,23,-1,23,28,30,-1,23,30,21,-1,21,30,32,-1,21,32,19,-1,19,32,34,-1,19,34,17,-1,17,34,36,-1,17,36,15,-1,15,36,38,-1,15,38,13,-1,13,38,40,-1,13,40,11,-1,11,40,42,-1,11,42,9,-1,9,42,44,-1,9,44,6,-1,6,44,46,-1,6,46,4,-1,4,46,48,-1,4,48,0,-1,0,48,51,-1,0,51,52,-1,52,51,53,-1,52,53,54,-1,25,22,27,-1,27,22,29,-1,55,56,57,-1,57,56,50,-1,3,57,2,-1,2,57,50,-1,2,50,5,-1,5,50,49,-1,5,49,7,-1,7,49,47,-1,7,47,8,-1,8,47,45,-1,8,45,10,-1,10,45,43,-1,10,43,12,-1,12,43,41,-1,12,41,14,-1,14,41,39,-1,14,39,16,-1,16,39,37,-1,16,37,18,-1,18,37,35,-1,18,35,20,-1,20,35,33,-1,20,33,22,-1,22,33,31,-1,22,31,29,-1,58,59,60,-1,60,59,61,-1,58,60,62,-1,62,60,63,-1,64,62,65,-1,65,62,63,-1,64,65,66,-1,64,66,67,-1,67,66,68,-1,67,68,69,-1,69,68,70,-1,69,70,71,-1,71,70,72,-1,71,72,73,-1,73,72,74,-1,73,74,75,-1,75,74,76,-1,75,76,77,-1,77,76,78,-1,77,78,79,-1,79,78,80,-1,79,80,81,-1,82,83,84,-1,84,83,85,-1,84,85,86,-1,86,85,87,-1,86,87,88,-1,88,87,89,-1,88,89,90,-1,90,89,91,-1,90,91,92,-1,92,91,93,-1,92,93,94,-1,94,93,95,-1,94,95,96,-1,96,95,97,-1,96,97,98,-1,98,97,99,-1,98,99,100,-1,100,99,101,-1,100,101,102,-1,102,101,103,-1,102,103,104,-1,104,103,105,-1,106,104,107,-1,107,104,105,-1,107,108,106,-1,106,108,109,-1,110,59,58,-1,81,82,84,-1,84,86,81,-1,81,86,88,-1,81,88,79,-1,79,88,90,-1,79,90,77,-1,77,90,92,-1,77,92,75,-1,75,92,94,-1,75,94,73,-1,73,94,96,-1,73,96,71,-1,71,96,98,-1,71,98,69,-1,69,98,100,-1,69,100,67,-1,67,100,102,-1,67,102,64,-1,64,102,104,-1,64,104,62,-1,62,104,106,-1,62,106,58,-1,58,106,109,-1,58,109,110,-1,110,109,111,-1,110,111,112,-1,83,80,85,-1,85,80,87,-1,113,114,115,-1,115,114,108,-1,61,115,60,-1,60,115,108,-1,60,108,63,-1,63,108,107,-1,63,107,65,-1,65,107,105,-1,65,105,66,-1,66,105,103,-1,66,103,68,-1,68,103,101,-1,68,101,70,-1,70,101,99,-1,70,99,72,-1,72,99,97,-1,72,97,74,-1,74,97,95,-1,74,95,76,-1,76,95,93,-1,76,93,78,-1,78,93,91,-1,78,91,80,-1,80,91,89,-1,80,89,87,-1,116,117,118,-1,118,117,119,-1,116,118,120,-1,120,118,121,-1,122,120,123,-1,123,120,121,-1,122,123,124,-1,122,124,125,-1,125,124,126,-1,125,126,127,-1,127,126,128,-1,127,128,129,-1,129,128,130,-1,129,130,131,-1,131,130,132,-1,131,132,133,-1,133,132,134,-1,133,134,135,-1,135,134,136,-1,135,136,137,-1,137,136,138,-1,137,138,139,-1,140,141,142,-1,142,141,143,-1,142,143,144,-1,144,143,145,-1,144,145,146,-1,146,145,147,-1,146,147,148,-1,148,147,149,-1,148,149,150,-1,150,149,151,-1,150,151,152,-1,152,151,153,-1,152,153,154,-1,154,153,155,-1,154,155,156,-1,156,155,157,-1,156,157,158,-1,158,157,159,-1,158,159,160,-1,160,159,161,-1,160,161,162,-1,162,161,163,-1,164,162,165,-1,165,162,163,-1,165,166,164,-1,164,166,167,-1,168,117,116,-1,139,140,142,-1,142,144,139,-1,139,144,146,-1,139,146,137,-1,137,146,148,-1,137,148,135,-1,135,148,150,-1,135,150,133,-1,133,150,152,-1,133,152,131,-1,131,152,154,-1,131,154,129,-1,129,154,156,-1,129,156,127,-1,127,156,158,-1,127,158,125,-1,125,158,160,-1,125,160,122,-1,122,160,162,-1,122,162,120,-1,120,162,164,-1,120,164,116,-1,116,164,167,-1,116,167,168,-1,168,167,169,-1,168,169,170,-1,141,138,143,-1,143,138,145,-1,171,172,173,-1,173,172,166,-1,119,173,118,-1,118,173,166,-1,118,166,121,-1,121,166,165,-1,121,165,123,-1,123,165,163,-1,123,163,124,-1,124,163,161,-1,124,161,126,-1,126,161,159,-1,126,159,128,-1,128,159,157,-1,128,157,130,-1,130,157,155,-1,130,155,132,-1,132,155,153,-1,132,153,134,-1,134,153,151,-1,134,151,136,-1,136,151,149,-1,136,149,138,-1,138,149,147,-1,138,147,145,-1,174,175,176,-1,176,175,177,-1,174,176,178,-1,178,176,179,-1,180,178,181,-1,181,178,179,-1,180,181,182,-1,180,182,183,-1,183,182,184,-1,183,184,185,-1,185,184,186,-1,185,186,187,-1,187,186,188,-1,187,188,189,-1,189,188,190,-1,189,190,191,-1,191,190,192,-1,191,192,193,-1,193,192,194,-1,193,194,195,-1,195,194,196,-1,195,196,197,-1,198,199,200,-1,200,199,201,-1,200,201,202,-1,202,201,203,-1,202,203,204,-1,204,203,205,-1,204,205,206,-1,206,205,207,-1,206,207,208,-1,208,207,209,-1,208,209,210,-1,210,209,211,-1,210,211,212,-1,212,211,213,-1,212,213,214,-1,214,213,215,-1,214,215,216,-1,216,215,217,-1,216,217,218,-1,218,217,219,-1,218,219,220,-1,220,219,221,-1,222,220,223,-1,223,220,221,-1,223,224,222,-1,222,224,225,-1,226,175,174,-1,197,198,200,-1,200,202,197,-1,197,202,204,-1,197,204,195,-1,195,204,206,-1,195,206,193,-1,193,206,208,-1,193,208,191,-1,191,208,210,-1,191,210,189,-1,189,210,212,-1,189,212,187,-1,187,212,214,-1,187,214,185,-1,185,214,216,-1,185,216,183,-1,183,216,218,-1,183,218,180,-1,180,218,220,-1,180,220,178,-1,178,220,222,-1,178,222,174,-1,174,222,225,-1,174,225,226,-1,226,225,227,-1,226,227,228,-1,199,196,201,-1,201,196,203,-1,229,230,231,-1,231,230,224,-1,177,231,176,-1,176,231,224,-1,176,224,179,-1,179,224,223,-1,179,223,181,-1,181,223,221,-1,181,221,182,-1,182,221,219,-1,182,219,184,-1,184,219,217,-1,184,217,186,-1,186,217,215,-1,186,215,188,-1,188,215,213,-1,188,213,190,-1,190,213,211,-1,190,211,192,-1,192,211,209,-1,192,209,194,-1,194,209,207,-1,194,207,196,-1,196,207,205,-1,196,205,203,-1,232,233,234,-1,234,233,235,-1,232,234,236,-1,236,234,237,-1,238,236,239,-1,239,236,237,-1,238,239,240,-1,238,240,241,-1,241,240,242,-1,241,242,243,-1,243,242,244,-1,243,244,245,-1,245,244,246,-1,245,246,247,-1,247,246,248,-1,247,248,249,-1,249,248,250,-1,249,250,251,-1,251,250,252,-1,251,252,253,-1,253,252,254,-1,253,254,255,-1,256,257,258,-1,258,257,259,-1,258,259,260,-1,260,259,261,-1,260,261,262,-1,262,261,263,-1,262,263,264,-1,264,263,265,-1,264,265,266,-1,266,265,267,-1,266,267,268,-1,268,267,269,-1,268,269,270,-1,270,269,271,-1,270,271,272,-1,272,271,273,-1,272,273,274,-1,274,273,275,-1,274,275,276,-1,276,275,277,-1,276,277,278,-1,278,277,279,-1,280,278,281,-1,281,278,279,-1,281,282,280,-1,280,282,283,-1,284,233,232,-1,255,256,258,-1,258,260,255,-1,255,260,262,-1,255,262,253,-1,253,262,264,-1,253,264,251,-1,251,264,266,-1,251,266,249,-1,249,266,268,-1,249,268,247,-1,247,268,270,-1,247,270,245,-1,245,270,272,-1,245,272,243,-1,243,272,274,-1,243,274,241,-1,241,274,276,-1,241,276,238,-1,238,276,278,-1,238,278,236,-1,236,278,280,-1,236,280,232,-1,232,280,283,-1,232,283,284,-1,284,283,285,-1,284,285,286,-1,257,254,259,-1,259,254,261,-1,287,288,289,-1,289,288,282,-1,235,289,234,-1,234,289,282,-1,234,282,237,-1,237,282,281,-1,237,281,239,-1,239,281,279,-1,239,279,240,-1,240,279,277,-1,240,277,242,-1,242,277,275,-1,242,275,244,-1,244,275,273,-1,244,273,246,-1,246,273,271,-1,246,271,248,-1,248,271,269,-1,248,269,250,-1,250,269,267,-1,250,267,252,-1,252,267,265,-1,252,265,254,-1,254,265,263,-1,254,263,261,-1,290,291,292,-1,292,291,293,-1,290,292,294,-1,294,292,295,-1,296,294,297,-1,297,294,295,-1,296,297,298,-1,296,298,299,-1,299,298,300,-1,299,300,301,-1,301,300,302,-1,301,302,303,-1,303,302,304,-1,303,304,305,-1,305,304,306,-1,305,306,307,-1,307,306,308,-1,307,308,309,-1,309,308,310,-1,309,310,311,-1,311,310,312,-1,311,312,313,-1,314,315,316,-1,316,315,317,-1,316,317,318,-1,318,317,319,-1,318,319,320,-1,320,319,321,-1,320,321,322,-1,322,321,323,-1,322,323,324,-1,324,323,325,-1,324,325,326,-1,326,325,327,-1,326,327,328,-1,328,327,329,-1,328,329,330,-1,330,329,331,-1,330,331,332,-1,332,331,333,-1,332,333,334,-1,334,333,335,-1,334,335,336,-1,336,335,337,-1,338,336,339,-1,339,336,337,-1,339,340,338,-1,338,340,341,-1,342,291,290,-1,313,314,316,-1,316,318,313,-1,313,318,320,-1,313,320,311,-1,311,320,322,-1,311,322,309,-1,309,322,324,-1,309,324,307,-1,307,324,326,-1,307,326,305,-1,305,326,328,-1,305,328,303,-1,303,328,330,-1,303,330,301,-1,301,330,332,-1,301,332,299,-1,299,332,334,-1,299,334,296,-1,296,334,336,-1,296,336,294,-1,294,336,338,-1,294,338,290,-1,290,338,341,-1,290,341,342,-1,342,341,343,-1,342,343,344,-1,315,312,317,-1,317,312,319,-1,345,346,347,-1,347,346,340,-1,293,347,292,-1,292,347,340,-1,292,340,295,-1,295,340,339,-1,295,339,297,-1,297,339,337,-1,297,337,298,-1,298,337,335,-1,298,335,300,-1,300,335,333,-1,300,333,302,-1,302,333,331,-1,302,331,304,-1,304,331,329,-1,304,329,306,-1,306,329,327,-1,306,327,308,-1,308,327,325,-1,308,325,310,-1,310,325,323,-1,310,323,312,-1,312,323,321,-1,312,321,319,-1,348,349,350,-1,350,349,351,-1,348,350,352,-1,352,350,353,-1,354,352,355,-1,355,352,353,-1,354,355,356,-1,354,356,357,-1,357,356,358,-1,357,358,359,-1,359,358,360,-1,359,360,361,-1,361,360,362,-1,361,362,363,-1,363,362,364,-1,363,364,365,-1,365,364,366,-1,365,366,367,-1,367,366,368,-1,367,368,369,-1,369,368,370,-1,369,370,371,-1,372,373,374,-1,374,373,375,-1,374,375,376,-1,376,375,377,-1,376,377,378,-1,378,377,379,-1,378,379,380,-1,380,379,381,-1,380,381,382,-1,382,381,383,-1,382,383,384,-1,384,383,385,-1,384,385,386,-1,386,385,387,-1,386,387,388,-1,388,387,389,-1,388,389,390,-1,390,389,391,-1,390,391,392,-1,392,391,393,-1,392,393,394,-1,394,393,395,-1,396,394,397,-1,397,394,395,-1,397,398,396,-1,396,398,399,-1,400,349,348,-1,371,372,374,-1,374,376,371,-1,371,376,378,-1,371,378,369,-1,369,378,380,-1,369,380,367,-1,367,380,382,-1,367,382,365,-1,365,382,384,-1,365,384,363,-1,363,384,386,-1,363,386,361,-1,361,386,388,-1,361,388,359,-1,359,388,390,-1,359,390,357,-1,357,390,392,-1,357,392,354,-1,354,392,394,-1,354,394,352,-1,352,394,396,-1,352,396,348,-1,348,396,399,-1,348,399,400,-1,400,399,401,-1,400,401,402,-1,373,370,375,-1,375,370,377,-1,403,404,405,-1,405,404,398,-1,351,405,350,-1,350,405,398,-1,350,398,353,-1,353,398,397,-1,353,397,355,-1,355,397,395,-1,355,395,356,-1,356,395,393,-1,356,393,358,-1,358,393,391,-1,358,391,360,-1,360,391,389,-1,360,389,362,-1,362,389,387,-1,362,387,364,-1,364,387,385,-1,364,385,366,-1,366,385,383,-1,366,383,368,-1,368,383,381,-1,368,381,370,-1,370,381,379,-1,370,379,377,-1,406,407,408,-1,408,407,409,-1,406,408,410,-1,410,408,411,-1,412,410,413,-1,413,410,411,-1,412,413,414,-1,412,414,415,-1,415,414,416,-1,415,416,417,-1,417,416,418,-1,417,418,419,-1,419,418,420,-1,419,420,421,-1,421,420,422,-1,421,422,423,-1,423,422,424,-1,423,424,425,-1,425,424,426,-1,425,426,427,-1,427,426,428,-1,427,428,429,-1,430,431,432,-1,432,431,433,-1,432,433,434,-1,434,433,435,-1,434,435,436,-1,436,435,437,-1,436,437,438,-1,438,437,439,-1,438,439,440,-1,440,439,441,-1,440,441,442,-1,442,441,443,-1,442,443,444,-1,444,443,445,-1,444,445,446,-1,446,445,447,-1,446,447,448,-1,448,447,449,-1,448,449,450,-1,450,449,451,-1,450,451,452,-1,452,451,453,-1,454,452,455,-1,455,452,453,-1,455,456,454,-1,454,456,457,-1,458,407,406,-1,429,430,432,-1,432,434,429,-1,429,434,436,-1,429,436,427,-1,427,436,438,-1,427,438,425,-1,425,438,440,-1,425,440,423,-1,423,440,442,-1,423,442,421,-1,421,442,444,-1,421,444,419,-1,419,444,446,-1,419,446,417,-1,417,446,448,-1,417,448,415,-1,415,448,450,-1,415,450,412,-1,412,450,452,-1,412,452,410,-1,410,452,454,-1,410,454,406,-1,406,454,457,-1,406,457,458,-1,458,457,459,-1,458,459,460,-1,431,428,433,-1,433,428,435,-1,461,462,463,-1,463,462,456,-1,409,463,408,-1,408,463,456,-1,408,456,411,-1,411,456,455,-1,411,455,413,-1,413,455,453,-1,413,453,414,-1,414,453,451,-1,414,451,416,-1,416,451,449,-1,416,449,418,-1,418,449,447,-1,418,447,420,-1,420,447,445,-1,420,445,422,-1,422,445,443,-1,422,443,424,-1,424,443,441,-1,424,441,426,-1,426,441,439,-1,426,439,428,-1,428,439,437,-1,428,437,435,-1,464,465,466,-1,466,465,467,-1,468,469,470,-1,470,469,471,-1,468,470,472,-1,468,472,473,-1,473,472,474,-1,473,474,475,-1,475,474,476,-1,475,476,477,-1,477,476,478,-1,477,478,479,-1,479,478,480,-1,479,480,481,-1,481,480,482,-1,481,482,483,-1,483,482,484,-1,483,484,485,-1,486,487,488,-1,486,488,489,-1,489,488,490,-1,489,490,491,-1,490,492,491,-1,491,492,493,-1,491,493,494,-1,494,493,495,-1,494,495,496,-1,495,497,496,-1,496,497,498,-1,496,498,499,-1,498,500,499,-1,499,500,501,-1,499,501,502,-1,502,501,503,-1,503,504,502,-1,502,504,505,-1,502,505,506,-1,507,508,485,-1,506,505,485,-1,485,505,509,-1,509,510,485,-1,485,510,511,-1,485,511,512,-1,508,513,485,-1,485,513,469,-1,485,469,468,-1,512,514,485,-1,485,514,515,-1,485,515,516,-1,516,517,485,-1,485,517,518,-1,485,518,507,-1,468,473,485,-1,485,473,475,-1,485,475,477,-1,477,479,485,-1,485,479,481,-1,485,481,483,-1,471,469,519,-1,519,469,513,-1,513,508,519,-1,519,508,507,-1,519,507,520,-1,507,518,520,-1,520,518,517,-1,520,517,521,-1,517,516,521,-1,521,516,515,-1,521,515,522,-1,515,514,522,-1,522,514,512,-1,522,512,523,-1,509,524,510,-1,510,524,523,-1,510,523,511,-1,511,523,512,-1,525,526,524,-1,524,526,484,-1,484,470,524,-1,524,470,471,-1,524,471,523,-1,482,480,484,-1,484,480,478,-1,484,478,476,-1,476,474,484,-1,484,474,472,-1,484,472,470,-1,471,519,520,-1,520,521,471,-1,471,521,522,-1,471,522,523,-1,527,526,525,-1,525,528,527,-1,527,528,529,-1,527,529,530,-1,529,531,530,-1,530,531,532,-1,530,532,533,-1,533,532,534,-1,533,534,535,-1,534,536,535,-1,535,536,537,-1,535,537,538,-1,537,539,538,-1,538,539,540,-1,538,540,541,-1,540,542,541,-1,541,542,543,-1,541,543,544,-1,544,543,545,-1,544,545,546,-1,546,545,547,-1,487,486,548,-1,548,486,549,-1,550,551,552,-1,553,554,550,-1,550,554,555,-1,555,556,550,-1,550,556,557,-1,550,557,547,-1,552,558,550,-1,550,558,559,-1,550,559,553,-1,524,509,525,-1,525,509,505,-1,525,505,528,-1,528,505,504,-1,528,504,529,-1,529,504,503,-1,529,503,531,-1,531,503,501,-1,531,501,532,-1,532,501,500,-1,532,500,534,-1,534,500,498,-1,534,498,536,-1,536,498,497,-1,536,497,537,-1,537,497,495,-1,537,495,539,-1,539,495,493,-1,539,493,540,-1,540,493,492,-1,540,492,542,-1,542,492,490,-1,542,490,543,-1,543,490,488,-1,543,488,545,-1,545,488,487,-1,560,561,550,-1,550,561,562,-1,550,562,563,-1,465,547,467,-1,467,547,545,-1,467,545,548,-1,548,545,487,-1,465,564,547,-1,547,564,565,-1,547,565,550,-1,550,565,566,-1,550,566,560,-1,567,550,563,-1,568,569,570,-1,570,569,571,-1,570,571,563,-1,563,571,572,-1,563,572,567,-1,573,574,568,-1,574,575,568,-1,568,575,576,-1,568,576,577,-1,578,579,568,-1,580,568,581,-1,581,568,546,-1,580,582,568,-1,568,582,583,-1,568,583,573,-1,579,584,568,-1,568,584,585,-1,568,585,546,-1,586,568,587,-1,587,568,570,-1,586,588,568,-1,568,588,589,-1,568,589,578,-1,585,590,546,-1,546,590,591,-1,546,591,592,-1,485,484,506,-1,506,484,526,-1,506,526,502,-1,502,526,527,-1,502,527,499,-1,499,527,530,-1,499,530,496,-1,496,530,533,-1,496,533,494,-1,494,533,535,-1,494,535,491,-1,491,535,538,-1,491,538,489,-1,489,538,541,-1,489,541,486,-1,486,541,544,-1,592,464,546,-1,546,464,466,-1,546,466,544,-1,544,466,549,-1,544,549,486,-1,562,561,588,-1,570,563,587,-1,587,563,562,-1,587,562,586,-1,586,562,588,-1,566,579,560,-1,560,579,578,-1,560,578,561,-1,561,578,589,-1,561,589,588,-1,565,585,566,-1,566,585,584,-1,566,584,579,-1,564,591,565,-1,565,591,590,-1,565,590,585,-1,465,464,564,-1,564,464,592,-1,564,592,591,-1,593,594,595,-1,595,594,596,-1,595,596,551,-1,593,597,594,-1,594,597,598,-1,594,598,596,-1,596,598,599,-1,596,599,551,-1,551,599,577,-1,551,577,552,-1,552,577,576,-1,552,576,558,-1,558,576,575,-1,558,575,559,-1,559,575,574,-1,559,574,553,-1,553,574,573,-1,553,573,554,-1,554,573,583,-1,554,583,555,-1,555,583,582,-1,555,582,556,-1,556,582,580,-1,556,580,557,-1,557,580,581,-1,557,581,547,-1,547,581,546,-1,577,599,600,-1,600,599,598,-1,600,598,597,-1,571,569,601,-1,601,569,602,-1,567,572,603,-1,603,572,604,-1,602,600,597,-1,595,603,593,-1,593,603,604,-1,593,604,597,-1,597,604,601,-1,597,601,602,-1,569,568,602,-1,602,568,577,-1,602,577,600,-1,550,567,551,-1,551,567,603,-1,551,603,595,-1,605,606,607,-1,607,606,608,-1,609,610,611,-1,611,610,612,-1,609,611,613,-1,609,613,614,-1,614,613,615,-1,614,615,616,-1,616,615,617,-1,616,617,618,-1,618,617,619,-1,618,619,620,-1,620,619,621,-1,620,621,622,-1,622,621,623,-1,622,623,624,-1,624,623,625,-1,624,625,626,-1,627,628,629,-1,627,629,630,-1,630,629,631,-1,630,631,632,-1,631,633,632,-1,632,633,634,-1,632,634,635,-1,635,634,636,-1,635,636,637,-1,636,638,637,-1,637,638,639,-1,637,639,640,-1,639,641,640,-1,640,641,642,-1,640,642,643,-1,643,642,644,-1,644,645,643,-1,643,645,646,-1,643,646,647,-1,648,610,649,-1,649,610,609,-1,649,609,646,-1,646,609,626,-1,646,626,647,-1,614,616,609,-1,609,616,618,-1,609,618,620,-1,620,622,609,-1,609,622,624,-1,609,624,626,-1,650,649,651,-1,651,649,652,-1,650,653,649,-1,649,653,654,-1,649,654,648,-1,655,656,654,-1,610,648,612,-1,612,648,657,-1,654,656,648,-1,648,656,658,-1,648,658,657,-1,655,654,659,-1,659,654,653,-1,659,653,660,-1,660,653,650,-1,660,650,661,-1,661,650,662,-1,662,650,651,-1,662,651,663,-1,663,651,664,-1,664,651,652,-1,664,652,665,-1,665,652,649,-1,665,649,666,-1,611,612,625,-1,625,612,657,-1,625,657,667,-1,657,658,667,-1,667,658,656,-1,667,656,655,-1,655,659,667,-1,667,659,660,-1,667,660,661,-1,611,625,613,-1,613,625,623,-1,613,623,621,-1,621,619,613,-1,613,619,617,-1,613,617,615,-1,661,662,667,-1,667,662,663,-1,667,663,664,-1,664,665,667,-1,667,665,666,-1,667,666,668,-1,669,667,668,-1,668,670,669,-1,669,670,671,-1,669,671,672,-1,671,673,672,-1,672,673,674,-1,672,674,675,-1,675,674,676,-1,675,676,677,-1,676,678,677,-1,677,678,679,-1,677,679,680,-1,679,681,680,-1,680,681,682,-1,680,682,683,-1,682,684,683,-1,683,684,685,-1,683,685,686,-1,686,685,687,-1,686,687,688,-1,688,687,689,-1,628,627,690,-1,690,627,691,-1,692,693,694,-1,695,696,692,-1,692,696,697,-1,697,698,692,-1,692,698,699,-1,692,699,689,-1,694,700,692,-1,692,700,701,-1,692,701,695,-1,666,649,668,-1,668,649,646,-1,668,646,670,-1,670,646,645,-1,670,645,671,-1,671,645,644,-1,671,644,673,-1,673,644,642,-1,673,642,674,-1,674,642,641,-1,674,641,676,-1,676,641,639,-1,676,639,678,-1,678,639,638,-1,678,638,679,-1,679,638,636,-1,679,636,681,-1,681,636,634,-1,681,634,682,-1,682,634,633,-1,682,633,684,-1,684,633,631,-1,684,631,685,-1,685,631,629,-1,685,629,687,-1,687,629,628,-1,606,689,608,-1,608,689,687,-1,608,687,690,-1,690,687,628,-1,606,702,689,-1,689,702,703,-1,689,703,692,-1,692,703,704,-1,692,704,705,-1,705,706,692,-1,692,706,707,-1,692,707,708,-1,709,692,708,-1,710,711,712,-1,712,711,713,-1,712,713,708,-1,708,713,714,-1,708,714,709,-1,715,716,710,-1,716,717,710,-1,710,717,718,-1,710,718,719,-1,720,721,710,-1,722,710,723,-1,723,710,688,-1,722,724,710,-1,710,724,725,-1,710,725,715,-1,721,726,710,-1,710,726,727,-1,710,727,688,-1,728,710,729,-1,729,710,712,-1,728,730,710,-1,710,730,731,-1,710,731,720,-1,727,732,688,-1,688,732,733,-1,688,733,734,-1,626,625,647,-1,647,625,667,-1,647,667,643,-1,643,667,669,-1,643,669,640,-1,640,669,672,-1,640,672,637,-1,637,672,675,-1,637,675,635,-1,635,675,677,-1,635,677,632,-1,632,677,680,-1,632,680,630,-1,630,680,683,-1,630,683,627,-1,627,683,686,-1,734,605,688,-1,688,605,607,-1,688,607,686,-1,686,607,691,-1,686,691,627,-1,707,706,730,-1,712,708,729,-1,729,708,707,-1,729,707,728,-1,728,707,730,-1,704,721,705,-1,705,721,720,-1,705,720,706,-1,706,720,731,-1,706,731,730,-1,703,727,704,-1,704,727,726,-1,704,726,721,-1,702,733,703,-1,703,733,732,-1,703,732,727,-1,606,605,702,-1,702,605,734,-1,702,734,733,-1,735,736,737,-1,737,736,738,-1,737,738,693,-1,735,739,736,-1,736,739,740,-1,736,740,738,-1,738,740,741,-1,738,741,693,-1,693,741,719,-1,693,719,694,-1,694,719,718,-1,694,718,700,-1,700,718,717,-1,700,717,701,-1,701,717,716,-1,701,716,695,-1,695,716,715,-1,695,715,696,-1,696,715,725,-1,696,725,697,-1,697,725,724,-1,697,724,698,-1,698,724,722,-1,698,722,699,-1,699,722,723,-1,699,723,689,-1,689,723,688,-1,719,741,742,-1,742,741,740,-1,742,740,739,-1,713,711,743,-1,743,711,744,-1,709,714,745,-1,745,714,746,-1,744,742,739,-1,737,745,735,-1,735,745,746,-1,735,746,739,-1,739,746,743,-1,739,743,744,-1,711,710,744,-1,744,710,719,-1,744,719,742,-1,692,709,693,-1,693,709,745,-1,693,745,737,-1,747,748,749,-1,749,748,750,-1,751,752,753,-1,753,752,754,-1,755,756,757,-1,757,756,758,-1,757,758,759,-1,759,758,760,-1,759,760,761,-1,761,760,762,-1,761,762,763,-1,763,762,764,-1,763,764,765,-1,765,764,766,-1,765,766,767,-1,767,766,768,-1,767,768,769,-1,769,768,770,-1,769,770,771,-1,771,770,772,-1,771,772,773,-1,773,772,774,-1,773,774,775,-1,775,774,776,-1,775,776,777,-1,777,776,778,-1,777,778,753,-1,753,778,751,-1,779,780,781,-1,779,781,782,-1,782,781,783,-1,782,783,784,-1,783,785,784,-1,784,785,786,-1,784,786,787,-1,787,786,788,-1,787,788,789,-1,788,790,789,-1,789,790,791,-1,789,791,792,-1,791,793,792,-1,792,793,794,-1,792,794,795,-1,795,794,796,-1,796,797,795,-1,795,797,798,-1,795,798,799,-1,778,798,751,-1,751,798,800,-1,751,800,752,-1,778,776,798,-1,798,776,774,-1,798,774,772,-1,772,770,798,-1,798,770,768,-1,798,768,766,-1,766,764,798,-1,798,764,762,-1,798,762,760,-1,752,800,801,-1,801,800,802,-1,801,802,803,-1,760,758,798,-1,798,758,756,-1,798,756,799,-1,803,804,801,-1,801,804,805,-1,801,805,806,-1,807,808,806,-1,752,801,754,-1,754,801,809,-1,806,808,801,-1,801,808,810,-1,801,810,809,-1,807,806,811,-1,811,806,805,-1,811,805,812,-1,812,805,804,-1,812,804,813,-1,813,804,814,-1,814,804,803,-1,814,803,815,-1,815,803,816,-1,816,803,802,-1,816,802,817,-1,817,802,800,-1,817,800,818,-1,819,820,818,-1,818,820,755,-1,755,757,818,-1,818,757,759,-1,818,759,761,-1,761,763,818,-1,818,763,765,-1,818,765,767,-1,810,808,818,-1,818,808,807,-1,818,807,811,-1,813,814,815,-1,767,769,818,-1,818,769,771,-1,818,771,773,-1,773,775,818,-1,818,775,777,-1,818,777,753,-1,753,754,818,-1,818,754,809,-1,818,809,810,-1,811,812,818,-1,818,812,813,-1,818,813,817,-1,817,813,815,-1,817,815,816,-1,821,820,819,-1,819,822,821,-1,821,822,823,-1,821,823,824,-1,823,825,824,-1,824,825,826,-1,824,826,827,-1,827,826,828,-1,827,828,829,-1,828,830,829,-1,829,830,831,-1,829,831,832,-1,831,833,832,-1,832,833,834,-1,832,834,835,-1,834,836,835,-1,835,836,837,-1,835,837,838,-1,838,837,839,-1,838,839,840,-1,840,839,841,-1,780,779,842,-1,842,779,843,-1,844,845,846,-1,846,845,847,-1,846,847,848,-1,844,849,845,-1,845,849,850,-1,845,850,847,-1,847,850,851,-1,847,851,848,-1,848,851,852,-1,848,852,853,-1,853,852,854,-1,853,854,855,-1,855,854,856,-1,855,856,857,-1,857,856,858,-1,857,858,859,-1,859,858,860,-1,859,860,861,-1,861,860,862,-1,861,862,863,-1,863,862,864,-1,863,864,865,-1,865,864,866,-1,865,866,867,-1,867,866,868,-1,867,868,841,-1,841,868,840,-1,852,851,869,-1,869,851,850,-1,869,850,849,-1,870,871,872,-1,872,871,873,-1,874,848,853,-1,859,861,874,-1,874,861,863,-1,863,865,874,-1,874,865,867,-1,874,867,841,-1,853,855,874,-1,874,855,857,-1,874,857,859,-1,818,800,819,-1,819,800,798,-1,819,798,822,-1,822,798,797,-1,822,797,823,-1,823,797,796,-1,823,796,825,-1,825,796,794,-1,825,794,826,-1,826,794,793,-1,826,793,828,-1,828,793,791,-1,828,791,830,-1,830,791,790,-1,830,790,831,-1,831,790,788,-1,831,788,833,-1,833,788,786,-1,833,786,834,-1,834,786,785,-1,834,785,836,-1,836,785,783,-1,836,783,837,-1,837,783,781,-1,837,781,839,-1,839,781,780,-1,748,841,750,-1,750,841,839,-1,750,839,842,-1,842,839,780,-1,875,876,874,-1,874,876,877,-1,874,877,878,-1,748,879,841,-1,841,879,880,-1,841,880,874,-1,874,880,881,-1,874,881,875,-1,882,874,878,-1,883,871,884,-1,884,871,870,-1,884,870,878,-1,878,870,885,-1,878,885,882,-1,860,858,883,-1,858,856,883,-1,883,856,854,-1,883,854,852,-1,886,887,883,-1,866,883,868,-1,868,883,840,-1,866,864,883,-1,883,864,862,-1,883,862,860,-1,887,888,883,-1,883,888,889,-1,883,889,840,-1,889,890,840,-1,840,890,891,-1,840,891,892,-1,893,883,894,-1,894,883,884,-1,893,895,883,-1,883,895,896,-1,883,896,886,-1,838,779,835,-1,835,779,782,-1,835,782,832,-1,832,782,784,-1,832,784,829,-1,829,784,787,-1,829,787,827,-1,827,787,789,-1,827,789,824,-1,824,789,792,-1,824,792,821,-1,821,792,795,-1,821,795,820,-1,820,795,799,-1,820,799,755,-1,755,799,756,-1,892,747,840,-1,840,747,749,-1,840,749,838,-1,838,749,843,-1,838,843,779,-1,877,876,895,-1,884,878,894,-1,894,878,877,-1,894,877,893,-1,893,877,895,-1,881,887,875,-1,875,887,886,-1,875,886,876,-1,876,886,896,-1,876,896,895,-1,880,889,881,-1,881,889,888,-1,881,888,887,-1,879,891,880,-1,880,891,890,-1,880,890,889,-1,748,747,879,-1,879,747,892,-1,879,892,891,-1,873,869,849,-1,846,897,844,-1,844,897,898,-1,844,898,849,-1,849,898,872,-1,849,872,873,-1,882,885,897,-1,897,885,898,-1,871,883,873,-1,873,883,852,-1,873,852,869,-1,874,882,848,-1,848,882,897,-1,848,897,846,-1,
        ]
    }
}
Shape{
    appearance Appearance {
        material  Material 	{
            diffuseColor 0.0 0.0 0.0
            specularColor 0.0 0.0 0.0
            ambientIntensity 0.2
            transparency 0
            shininess 0.5
        }
    }
    geometry IndexedFaceSet {
        ccw TRUE
        solid FALSE
        coord DEF co Coordinate {
            point [
                0.0206 2.9728 1.5753, 0.0207 2.9728 1.5616, 0.0206 2.9724 1.5753, 0.0207 2.9724 1.5616, 0.0684 2.9728 1.5756, 0.0684 2.9724 1.5756, 0.0677 2.9728 1.682, 0.0677 2.9724 1.6815, 0.0677 2.9724 1.682, 0.0832 2.9728 1.6821, 0.0832 2.9724 1.6821, 0.084 2.9724 1.562, 0.084 2.9728 1.562, 0.0832 2.9724 1.6815, -0.0409 2.9728 1.5591, -0.0409 2.9724 1.5591, -0.0447 2.9724 1.5594, -0.0592 2.9728 1.5607, -0.0592 2.9724 1.5607, -0.0721 2.9724 1.5649, -0.0721 2.9728 1.5649, -0.0742 2.9724 1.5659, -0.0742 2.9728 1.5659, -0.0743 2.9728 1.5807, -0.0743 2.9724 1.5807, -0.063 2.9724 1.5757, -0.063 2.9728 1.5757, -0.0495 2.9724 1.5731, -0.0495 2.9728 1.5731, -0.0432 2.9724 1.5729, -0.0432 2.9728 1.5729, -0.0311 2.9724 1.5745, -0.0311 2.9728 1.5745, -0.0226 2.9724 1.5778, -0.0226 2.9728 1.5778, -0.0148 2.9724 1.5835, -0.0148 2.9728 1.5835, -0.0124 2.9724 1.5858, -0.0124 2.9728 1.5858, -0.0064 2.9724 1.5944, -0.0064 2.9728 1.5944, -0.0027 2.9724 1.6042, -0.0027 2.9728 1.6042, -0.0009 2.9724 1.619, -0.0009 2.9728 1.619, -0.0009 2.9724 1.6201, -0.0009 2.9728 1.6201, -0.0025 2.9724 1.6346, -0.0025 2.9728 1.6346, -0.0063 2.9724 1.6454, -0.0063 2.9728 1.6454, -0.0119 2.9724 1.654, -0.0119 2.9728 1.654, -0.0138 2.9724 1.6561, -0.0138 2.9728 1.6561, -0.0215 2.9724 1.6625, -0.0215 2.9728 1.6625, -0.0309 2.9724 1.667, -0.0309 2.9728 1.667, -0.0413 2.9724 1.669, -0.0413 2.9728 1.669, -0.0466 2.9724 1.6692, -0.0466 2.9728 1.6692, -0.0603 2.9724 1.6676, -0.0603 2.9728 1.6676, -0.0725 2.9724 1.6631, -0.0725 2.9728 1.6631, -0.0749 2.9724 1.6619, -0.0749 2.9728 1.6619, -0.075 2.9728 1.6781, -0.075 2.9724 1.6781, -0.0633 2.9728 1.6817, -0.064 2.9724 1.6815, -0.0633 2.9724 1.6817, -0.0478 2.9724 1.6832, -0.0478 2.9728 1.6832, -0.0465 2.9724 1.6832, -0.0465 2.9728 1.6832, -0.0317 2.9724 1.6818, -0.0317 2.9728 1.6818, -0.0307 2.9724 1.6815, -0.0188 2.9728 1.6775, -0.0188 2.9724 1.6775, -0.0067 2.9724 1.6699, -0.0067 2.9728 1.6699, -0.0023 2.9724 1.6659, -0.0023 2.9728 1.6659, 0.0059 2.9724 1.6555, 0.0059 2.9728 1.6555, 0.0108 2.9724 1.6448, 0.0119 2.9728 1.6424, 0.0119 2.9724 1.6424, 0.015 2.9724 1.627, 0.015 2.9728 1.627, 0.0154 2.9724 1.6193, 0.0154 2.9728 1.6193, 0.0132 2.9724 1.6, 0.0132 2.9728 1.6, 0.0108 2.9724 1.5937, 0.0085 2.9728 1.5874, 0.0085 2.9724 1.5874, 0.0014 2.9724 1.5771, 0.0014 2.9728 1.5771, 0.0003 2.9724 1.5758, 0.0003 2.9728 1.5758, -0.0349 2.9724 1.5594, -0.0333 2.9728 1.5595, -0.0333 2.9724 1.5595, -0.0204 2.9728 1.5624, -0.0204 2.9724 1.5624, -0.0091 2.9728 1.5678, -0.0091 2.9724 1.5678, -0.1629 2.9728 1.574, -0.1628 2.9728 1.5603, -0.1629 2.9724 1.574, -0.1628 2.9724 1.5603, -0.1138 2.9724 1.5743, -0.1138 2.9728 1.5743, -0.1452 2.9724 1.5741, -0.1141 2.9728 1.6147, -0.1141 2.9724 1.6147, -0.157 2.9724 1.6144, -0.157 2.9728 1.6144, -0.1452 2.9724 1.6145, -0.1571 2.9728 1.6282, -0.1571 2.9724 1.6282, -0.1142 2.9724 1.6285, -0.1142 2.9728 1.6285, -0.1452 2.9724 1.6282, -0.1144 2.9728 1.6669, -0.1144 2.9724 1.6669, -0.1608 2.9724 1.6666, -0.1608 2.9728 1.6666, -0.1452 2.9724 1.6667, -0.1609 2.9728 1.6804, -0.1609 2.9724 1.6804, -0.099 2.9724 1.6808, -0.099 2.9728 1.6808, -0.1452 2.9724 1.6805, -0.0982 2.9728 1.5607, -0.0982 2.9724 1.5607, -0.1452 2.9724 1.5604, -0.2606 2.9728 1.5937, -0.2543 2.9728 1.5858, -0.2652 2.9728 1.5764, -0.2517 2.9728 1.5835, -0.2524 2.9728 1.5674, -0.2436 2.9728 1.5785, -0.2386 2.9728 1.5621, -0.2331 2.9728 1.575, -0.2185 2.9728 1.5599, -0.2185 2.9728 1.5736, -0.1855 2.9728 1.5601, -0.2011 2.9728 1.5737, -0.1863 2.9728 1.6802, -0.2017 2.9728 1.6663, -0.2206 2.9728 1.68, -0.2199 2.9728 1.6662, -0.2406 2.9728 1.6774, -0.2348 2.9728 1.6645, -0.2548 2.9728 1.6716, -0.2452 2.9728 1.6607, -0.2659 2.9728 1.6637, -0.2544 2.9728 1.6546, -0.2712 2.9728 1.6582, -0.2583 2.9728 1.6506, -0.2783 2.9728 1.6473, -0.2628 2.9728 1.6437, -0.2823 2.9728 1.6355, -0.266 2.9728 1.6346, -0.2837 2.9728 1.621, -0.2674 2.9728 1.6207, -0.2831 2.9728 1.6123, -0.267 2.9728 1.6139, -0.2799 2.9728 1.5985, -0.2647 2.9728 1.6027, -0.2737 2.9728 1.5862, -0.2185 2.9724 1.5599, -0.1855 2.9724 1.5601, -0.2652 2.9724 1.5764, -0.2386 2.9724 1.5621, -0.2394 2.9724 1.5624, -0.2524 2.9724 1.5674, -0.2737 2.9724 1.5862, -0.2799 2.9724 1.5985, -0.2831 2.9724 1.6123, -0.2837 2.9724 1.621, -0.2823 2.9724 1.6355, -0.2783 2.9724 1.6473, -0.2712 2.9724 1.6582, -0.2659 2.9724 1.6637, -0.2206 2.9724 1.68, -0.2394 2.9724 1.6775, -0.2406 2.9724 1.6774, -0.2548 2.9724 1.6716, -0.1863 2.9724 1.6802, -0.2199 2.9724 1.6662, -0.2017 2.9724 1.6663, -0.2011 2.9724 1.5737, -0.2185 2.9724 1.5736, -0.2543 2.9724 1.5858, -0.2517 2.9724 1.5835, -0.2436 2.9724 1.5785, -0.2331 2.9724 1.575, -0.2674 2.9724 1.6207, -0.267 2.9724 1.6139, -0.2647 2.9724 1.6027, -0.2606 2.9724 1.5937, -0.2544 2.9724 1.6546, -0.2583 2.9724 1.6506, -0.2628 2.9724 1.6437, -0.266 2.9724 1.6346, -0.2348 2.9724 1.6645, -0.2452 2.9724 1.6607, -0.2452 2.9724 1.6607
            ]
        }
        coordIndex [
            0,1,2,-1,2,1,3,-1,4,0,5,-1,5,0,2,-1,4,5,6,-1,6,5,7,-1,6,7,8,-1,9,6,10,-1,10,6,8,-1,11,12,13,-1,13,12,9,-1,13,9,10,-1,1,12,3,-1,3,12,11,-1,6,9,4,-1,4,9,12,-1,4,12,0,-1,0,12,1,-1,14,15,16,-1,14,16,17,-1,16,18,17,-1,17,18,19,-1,17,19,20,-1,20,19,21,-1,20,21,22,-1,23,22,24,-1,24,22,21,-1,23,24,25,-1,23,25,26,-1,26,25,27,-1,26,27,28,-1,28,27,29,-1,28,29,30,-1,30,29,31,-1,30,31,32,-1,32,31,33,-1,32,33,34,-1,34,33,35,-1,34,35,36,-1,36,35,37,-1,36,37,38,-1,38,37,39,-1,38,39,40,-1,40,39,41,-1,40,41,42,-1,42,41,43,-1,42,43,44,-1,44,43,45,-1,44,45,46,-1,46,45,47,-1,46,47,48,-1,48,47,49,-1,48,49,50,-1,50,49,51,-1,50,51,52,-1,52,51,53,-1,52,53,54,-1,54,53,55,-1,54,55,56,-1,56,55,57,-1,56,57,58,-1,58,57,59,-1,58,59,60,-1,60,59,61,-1,60,61,62,-1,62,61,63,-1,62,63,64,-1,64,63,65,-1,64,65,66,-1,66,65,67,-1,66,67,68,-1,69,68,70,-1,70,68,67,-1,69,70,71,-1,71,70,72,-1,72,73,71,-1,71,73,74,-1,71,74,75,-1,75,74,76,-1,75,76,77,-1,77,76,78,-1,77,78,79,-1,79,78,80,-1,79,80,81,-1,80,82,81,-1,81,82,83,-1,81,83,84,-1,84,83,85,-1,84,85,86,-1,86,85,87,-1,86,87,88,-1,88,87,89,-1,88,89,90,-1,89,91,90,-1,90,91,92,-1,90,92,93,-1,93,92,94,-1,93,94,95,-1,95,94,96,-1,95,96,97,-1,97,96,98,-1,97,98,99,-1,98,100,99,-1,99,100,101,-1,99,101,102,-1,102,101,103,-1,102,103,104,-1,15,14,105,-1,105,14,106,-1,105,106,107,-1,107,106,108,-1,107,108,109,-1,109,108,110,-1,109,110,111,-1,111,110,104,-1,111,104,103,-1,66,68,69,-1,56,58,79,-1,48,50,88,-1,79,58,77,-1,66,69,64,-1,22,23,20,-1,20,23,26,-1,20,26,17,-1,17,26,28,-1,17,28,14,-1,14,28,30,-1,14,30,106,-1,106,30,32,-1,106,32,108,-1,108,32,34,-1,108,34,110,-1,110,34,36,-1,110,36,104,-1,104,36,38,-1,104,38,102,-1,102,38,40,-1,102,40,99,-1,99,40,97,-1,97,40,42,-1,97,42,95,-1,88,50,86,-1,58,60,77,-1,77,60,62,-1,77,62,75,-1,75,62,64,-1,75,64,71,-1,71,64,69,-1,79,81,56,-1,56,81,84,-1,56,84,54,-1,54,84,86,-1,54,86,52,-1,52,86,50,-1,42,44,95,-1,95,44,46,-1,95,46,93,-1,93,46,48,-1,93,48,90,-1,90,48,88,-1,112,113,114,-1,114,113,115,-1,116,117,118,-1,118,117,112,-1,118,112,114,-1,119,117,120,-1,120,117,116,-1,121,122,123,-1,123,122,119,-1,123,119,120,-1,124,122,125,-1,125,122,121,-1,126,127,128,-1,128,127,124,-1,128,124,125,-1,129,127,130,-1,130,127,126,-1,131,132,133,-1,133,132,129,-1,133,129,130,-1,134,132,135,-1,135,132,131,-1,136,137,138,-1,138,137,134,-1,138,134,135,-1,139,137,140,-1,140,137,136,-1,115,113,141,-1,141,113,139,-1,141,139,140,-1,132,134,129,-1,129,134,137,-1,129,137,127,-1,113,112,139,-1,139,112,117,-1,139,117,119,-1,122,124,119,-1,119,124,127,-1,119,127,139,-1,139,127,137,-1,142,143,144,-1,144,143,145,-1,144,145,146,-1,146,145,147,-1,146,147,148,-1,148,147,149,-1,148,149,150,-1,150,149,151,-1,150,151,152,-1,152,151,153,-1,152,153,154,-1,154,153,155,-1,154,155,156,-1,156,155,157,-1,156,157,158,-1,158,157,159,-1,158,159,160,-1,160,159,161,-1,160,161,162,-1,162,161,163,-1,162,163,164,-1,164,163,165,-1,164,165,166,-1,166,165,167,-1,166,167,168,-1,168,167,169,-1,168,169,170,-1,170,169,171,-1,170,171,172,-1,172,171,173,-1,172,173,174,-1,174,173,175,-1,174,175,176,-1,176,175,142,-1,176,142,144,-1,150,152,177,-1,177,152,178,-1,179,144,146,-1,150,177,180,-1,150,180,148,-1,148,180,181,-1,148,181,146,-1,146,181,182,-1,146,182,179,-1,144,179,183,-1,144,183,176,-1,176,183,184,-1,176,184,174,-1,174,184,185,-1,174,185,172,-1,172,185,186,-1,172,186,170,-1,170,186,187,-1,170,187,168,-1,168,187,188,-1,168,188,166,-1,166,188,189,-1,166,189,164,-1,164,189,190,-1,164,190,162,-1,191,156,192,-1,192,156,158,-1,192,158,193,-1,193,158,160,-1,193,160,194,-1,194,160,162,-1,194,162,190,-1,154,156,195,-1,195,156,191,-1,152,154,178,-1,178,154,195,-1,157,155,196,-1,196,155,197,-1,155,153,197,-1,197,153,198,-1,153,151,198,-1,198,151,199,-1,143,200,201,-1,143,201,145,-1,145,201,202,-1,145,202,147,-1,147,202,203,-1,147,203,149,-1,149,203,199,-1,149,199,151,-1,171,204,205,-1,171,205,173,-1,173,205,206,-1,173,206,175,-1,175,206,207,-1,175,207,142,-1,142,207,200,-1,142,200,143,-1,163,208,209,-1,163,209,165,-1,165,209,210,-1,165,210,167,-1,167,210,211,-1,167,211,169,-1,169,211,204,-1,169,204,171,-1,157,196,212,-1,157,212,159,-1,159,212,213,-1,159,213,161,-1,161,213,208,-1,161,208,163,-1,
        ]
    }
}
Shape{
    appearance Appearance {
        material  Material 	{
            diffuseColor 0.8509803921568627 0.8509803921568627 0.8509803921568627
            specularColor 0.4235294117647059 0.4235294117647059 0.4235294117647059
            ambientIntensity 0.2
            transparency 0
            shininess 0.5
        }
    }
    geometry IndexedFaceSet {
        ccw TRUE
        solid FALSE
        coord DEF co Coordinate {
            point [
                -0.2017 2.9724 1.6663, -0.2011 2.9724 1.5737, -0.2199 2.9724 1.6662, -0.2185 2.9724 1.5736, -0.2331 2.9724 1.575, -0.2436 2.9724 1.5785, -0.2517 2.9724 1.5835, -0.2543 2.9724 1.5858, -0.2606 2.9724 1.5937, -0.2647 2.9724 1.6027, -0.267 2.9724 1.6139, -0.2674 2.9724 1.6207, -0.266 2.9724 1.6346, -0.2628 2.9724 1.6437, -0.2583 2.9724 1.6506, -0.2544 2.9724 1.6546, -0.2348 2.9724 1.6645, -0.2452 2.9724 1.6607, -0.2452 2.9724 1.6607
            ]
        }
        coordIndex [
            0,1,2,-1,2,1,3,-1,2,3,4,-1,4,5,2,-1,2,5,6,-1,2,6,7,-1,7,8,2,-1,2,8,9,-1,2,9,10,-1,10,11,2,-1,2,11,12,-1,2,12,13,-1,13,14,2,-1,2,14,15,-1,2,15,16,-1,16,15,17,-1,
        ]
    }
}
Shape{
    appearance Appearance {
        material  Material 	{
            diffuseColor 0.0 0.0 0.0
            specularColor 0.0 0.0 0.0
            ambientIntensity 0.2
            transparency 0
            shininess 0.5
        }
    }
    geometry IndexedFaceSet {
        ccw TRUE
        solid FALSE
        coord DEF co Coordinate {
            point [
                -0.3238 2.9728 1.6056, -0.3421 2.9728 1.6553, -0.3365 2.9728 1.6791, -0.2899 2.9728 1.5594, -0.307 2.9728 1.5592, -0.3188 2.9728 1.592, -0.3432 2.9728 1.6589, -0.3442 2.9728 1.6637, -0.3531 2.9728 1.679, -0.3445 2.9728 1.6637, -0.3455 2.9728 1.6587, -0.3463 2.9728 1.6553, -0.3641 2.9728 1.6053, -0.398 2.9728 1.5586, -0.3808 2.9728 1.5587, -0.3688 2.9728 1.5917, -0.3531 2.9724 1.679, -0.3977 2.9724 1.5594, -0.398 2.9724 1.5586, -0.3365 2.9724 1.6791, -0.2899 2.9724 1.5594, -0.2899 2.9724 1.5594, -0.3232 2.9724 1.645, -0.307 2.9724 1.5592, -0.3188 2.9724 1.592, -0.3071 2.9724 1.5594, -0.3688 2.9724 1.5917, -0.3232 2.9724 1.592, -0.3806 2.9724 1.5594, -0.3808 2.9724 1.5587, -0.3238 2.9724 1.6056, -0.3641 2.9724 1.6053, -0.3463 2.9724 1.6553, -0.3445 2.9724 1.6637, -0.3455 2.9724 1.6587, -0.3442 2.9724 1.6637, -0.3421 2.9724 1.6553, -0.3432 2.9724 1.6589, -0.3432 2.9724 1.6589
            ]
        }
        coordIndex [
            0,1,2,-1,3,4,5,-1,1,6,2,-1,2,6,7,-1,2,7,8,-1,8,7,9,-1,8,9,10,-1,10,11,8,-1,8,11,12,-1,8,12,13,-1,14,13,15,-1,15,13,12,-1,15,12,5,-1,5,12,0,-1,5,0,3,-1,3,0,2,-1,16,8,17,-1,17,8,13,-1,17,13,18,-1,2,8,19,-1,19,8,16,-1,20,21,3,-1,20,3,22,-1,22,3,2,-1,22,2,19,-1,4,3,23,-1,23,3,21,-1,24,5,25,-1,25,5,4,-1,25,4,23,-1,26,15,27,-1,27,15,5,-1,27,5,24,-1,15,26,14,-1,14,26,28,-1,14,28,29,-1,13,14,18,-1,18,14,29,-1,0,12,30,-1,30,12,31,-1,12,11,31,-1,31,11,32,-1,9,33,34,-1,9,34,10,-1,10,34,32,-1,10,32,11,-1,9,7,33,-1,33,7,35,-1,1,36,37,-1,1,37,6,-1,6,37,35,-1,6,35,7,-1,1,0,36,-1,36,0,30,-1,
        ]
    }
}
Shape{
    appearance Appearance {
        material  Material 	{
            diffuseColor 0.8509803921568627 0.8509803921568627 0.8509803921568627
            specularColor 0.4235294117647059 0.4235294117647059 0.4235294117647059
            ambientIntensity 0.2
            transparency 0
            shininess 0.5
        }
    }
    geometry IndexedFaceSet {
        ccw TRUE
        solid FALSE
        coord DEF co Coordinate {
            point [
                -0.3445 2.9724 1.6637, -0.3442 2.9724 1.6637, -0.3455 2.9724 1.6587, -0.3432 2.9724 1.6589, -0.3463 2.9724 1.6553, -0.3421 2.9724 1.6553, -0.3641 2.9724 1.6053, -0.3238 2.9724 1.6056, -0.3238 2.9724 1.6056
            ]
        }
        coordIndex [
            0,1,2,-1,2,1,3,-1,2,3,4,-1,4,3,5,-1,4,5,6,-1,6,5,7,-1,
        ]
    }
}
Shape{
    appearance Appearance {
        material  Material 	{
            diffuseColor 0.0 0.0 0.0
            specularColor 0.0 0.0 0.0
            ambientIntensity 0.2
            transparency 0
            shininess 0.5
        }
    }
    geometry IndexedFaceSet {
        ccw TRUE
        solid FALSE
        coord DEF co Coordinate {
            point [
                0.0207 2.9728 1.3847, 0.0208 2.9728 1.371, 0.0207 2.9724 1.3847, 0.0208 2.9724 1.371, 0.0698 2.9728 1.3851, 0.0698 2.9724 1.3851, 0.0695 2.9728 1.4255, 0.0695 2.9724 1.4255, 0.0265 2.9728 1.4252, 0.0265 2.9724 1.4252, 0.0265 2.9728 1.4389, 0.0265 2.9724 1.4389, 0.0694 2.9728 1.4392, 0.0694 2.9724 1.4392, 0.0691 2.9728 1.4777, 0.0691 2.9724 1.4777, 0.0228 2.9728 1.4773, 0.0228 2.9724 1.4773, 0.0227 2.9724 1.4881, 0.0227 2.9728 1.4912, 0.0227 2.9724 1.4904, 0.0227 2.9724 1.4912, 0.0845 2.9728 1.4916, 0.0845 2.9724 1.4916, 0.0845 2.9724 1.4904, 0.0854 2.9724 1.3715, 0.0854 2.9728 1.3715, 0.0847 2.9724 1.4668, 0.0846 2.9724 1.4881, 0.0847 2.9724 1.3715, -0.0475 2.9728 1.3706, -0.0625 2.9728 1.3704, -0.0476 2.9728 1.3838, -0.0629 2.9728 1.4256, -0.0479 2.9728 1.4251, -0.0152 2.9728 1.4074, -0.0189 2.9728 1.4091, -0.0277 2.9728 1.411, -0.0478 2.9728 1.4136, -0.0477 2.9728 1.4054, -0.0427 2.9728 1.4572, -0.0392 2.9728 1.4444, -0.0487 2.9728 1.455, -0.0419 2.9728 1.4426, -0.0474 2.9728 1.4317, -0.0615 2.9728 1.4384, -0.0459 2.9728 1.4371, -0.0591 2.9728 1.4448, -0.0441 2.9728 1.4402, -0.0559 2.9728 1.4495, -0.0534 2.9728 1.4519, -0.0026 2.9728 1.4506, -0.0025 2.9728 1.436, -0.0069 2.9728 1.453, -0.0129 2.9728 1.4425, -0.0183 2.9728 1.457, -0.0223 2.9728 1.4455, -0.0321 2.9728 1.4584, -0.0306 2.9728 1.4462, -0.0357 2.9728 1.4456, -0.0477 2.9728 1.4044, -0.0467 2.9728 1.3977, -0.0445 2.9728 1.3923, -0.0472 2.9728 1.3838, -0.0412 2.9728 1.3879, -0.0448 2.9728 1.3803, -0.0393 2.9728 1.3861, -0.04 2.9728 1.3752, -0.035 2.9728 1.3832, -0.0347 2.9728 1.3717, -0.0304 2.9728 1.3816, -0.0286 2.9728 1.3695, -0.0248 2.9728 1.381, -0.0208 2.9728 1.3687, -0.0197 2.9728 1.3816, -0.0118 2.9728 1.3698, -0.0163 2.9728 1.3829, -0.006 2.9728 1.372, -0.0133 2.9728 1.385, -0.001 2.9728 1.3756, -0.0121 2.9728 1.3863, -0.0224 2.9728 1.4217, -0.01 2.9728 1.4185, -0.0131 2.9728 1.4059, -0.0039 2.9728 1.4153, -0.0113 2.9728 1.4036, 0.0005 2.9728 1.4112, -0.0099 2.9728 1.4008, 0.0037 2.9728 1.4063, -0.0092 2.9728 1.3974, 0.0055 2.9728 1.4008, -0.009 2.9728 1.395, 0.0062 2.9728 1.3939, -0.0094 2.9728 1.3916, 0.0055 2.9728 1.3871, -0.0104 2.9728 1.3888, 0.0038 2.9728 1.382, 0.0007 2.9728 1.3773, -0.0321 2.9724 1.4584, -0.0183 2.9724 1.457, -0.0069 2.9724 1.453, -0.0026 2.9724 1.4506, -0.0025 2.9724 1.436, -0.0129 2.9724 1.4425, -0.0223 2.9724 1.4455, -0.0306 2.9724 1.4462, -0.0357 2.9724 1.4456, -0.0392 2.9724 1.4444, -0.0419 2.9724 1.4426, -0.0441 2.9724 1.4402, -0.0459 2.9724 1.4371, -0.0474 2.9724 1.4317, -0.0479 2.9724 1.4251, -0.0224 2.9724 1.4217, -0.01 2.9724 1.4185, -0.0039 2.9724 1.4153, 0.0005 2.9724 1.4112, 0.0037 2.9724 1.4063, 0.0055 2.9724 1.4008, 0.0062 2.9724 1.3939, 0.0055 2.9724 1.3871, 0.0038 2.9724 1.382, 0.0007 2.9724 1.3773, -0.001 2.9724 1.3756, -0.006 2.9724 1.372, -0.0118 2.9724 1.3698, -0.0208 2.9724 1.3687, -0.0286 2.9724 1.3695, -0.0347 2.9724 1.3717, -0.04 2.9724 1.3752, -0.0448 2.9724 1.3803, -0.0472 2.9724 1.3838, -0.0476 2.9724 1.3838, -0.0475 2.9724 1.3706, -0.0625 2.9724 1.3704, -0.0629 2.9724 1.4256, -0.0615 2.9724 1.4384, -0.0591 2.9724 1.4448, -0.0559 2.9724 1.4495, -0.0534 2.9724 1.4519, -0.0487 2.9724 1.455, -0.0427 2.9724 1.4572, -0.0131 2.9724 1.4059, -0.0152 2.9724 1.4074, -0.0189 2.9724 1.4091, -0.0277 2.9724 1.411, -0.009 2.9724 1.395, -0.0092 2.9724 1.3974, -0.0099 2.9724 1.4008, -0.0113 2.9724 1.4036, -0.0133 2.9724 1.385, -0.0121 2.9724 1.3863, -0.0104 2.9724 1.3888, -0.0094 2.9724 1.3916, -0.0248 2.9724 1.381, -0.0197 2.9724 1.3816, -0.0163 2.9724 1.3829, -0.0412 2.9724 1.3879, -0.0393 2.9724 1.3861, -0.035 2.9724 1.3832, -0.0304 2.9724 1.3816, -0.0477 2.9724 1.4054, -0.0477 2.9724 1.4044, -0.0467 2.9724 1.3977, -0.0445 2.9724 1.3923, -0.0478 2.9724 1.4136, -0.0478 2.9724 1.4136
            ]
        }
        coordIndex [
            0,1,2,-1,2,1,3,-1,4,0,5,-1,5,0,2,-1,6,4,7,-1,7,4,5,-1,8,6,9,-1,9,6,7,-1,10,8,11,-1,11,8,9,-1,12,10,13,-1,13,10,11,-1,14,12,15,-1,15,12,13,-1,16,14,17,-1,17,14,15,-1,16,17,18,-1,16,18,19,-1,19,18,20,-1,19,20,21,-1,22,19,23,-1,23,19,21,-1,22,23,24,-1,25,26,27,-1,27,26,22,-1,27,22,28,-1,28,22,24,-1,3,1,29,-1,29,1,26,-1,29,26,25,-1,26,1,0,-1,0,4,26,-1,26,4,6,-1,26,6,22,-1,16,19,14,-1,14,19,22,-1,14,22,12,-1,12,22,6,-1,12,6,10,-1,10,6,8,-1,30,31,32,-1,32,31,33,-1,34,35,36,-1,37,38,33,-1,33,38,39,-1,40,41,42,-1,42,41,43,-1,36,37,34,-1,34,37,33,-1,34,33,44,-1,44,33,45,-1,44,45,46,-1,46,45,47,-1,46,47,48,-1,48,47,49,-1,48,49,43,-1,43,49,50,-1,43,50,42,-1,51,52,53,-1,53,52,54,-1,53,54,55,-1,55,54,56,-1,55,56,57,-1,57,56,58,-1,57,58,40,-1,40,58,59,-1,40,59,41,-1,39,60,33,-1,33,60,61,-1,33,61,32,-1,32,61,62,-1,32,62,63,-1,63,62,64,-1,63,64,65,-1,65,64,66,-1,65,66,67,-1,67,66,68,-1,67,68,69,-1,69,68,70,-1,69,70,71,-1,71,70,72,-1,71,72,73,-1,73,72,74,-1,73,74,75,-1,75,74,76,-1,75,76,77,-1,77,76,78,-1,77,78,79,-1,79,78,80,-1,34,81,35,-1,35,81,82,-1,35,82,83,-1,83,82,84,-1,83,84,85,-1,85,84,86,-1,85,86,87,-1,87,86,88,-1,87,88,89,-1,89,88,90,-1,89,90,91,-1,91,90,92,-1,91,92,93,-1,93,92,94,-1,93,94,95,-1,95,94,96,-1,95,96,80,-1,80,96,97,-1,80,97,79,-1,57,98,99,-1,57,99,55,-1,55,99,100,-1,55,100,53,-1,53,100,101,-1,53,101,51,-1,52,51,102,-1,102,51,101,-1,52,102,103,-1,52,103,54,-1,54,103,104,-1,54,104,56,-1,56,104,105,-1,56,105,58,-1,58,105,106,-1,58,106,59,-1,59,106,107,-1,59,107,41,-1,41,107,108,-1,41,108,43,-1,43,108,109,-1,43,109,48,-1,48,109,110,-1,48,110,46,-1,46,110,111,-1,46,111,44,-1,44,111,112,-1,44,112,34,-1,81,34,113,-1,113,34,112,-1,81,113,114,-1,81,114,82,-1,82,114,115,-1,82,115,84,-1,84,115,116,-1,84,116,86,-1,86,116,117,-1,86,117,88,-1,88,117,118,-1,88,118,90,-1,90,118,119,-1,90,119,92,-1,92,119,120,-1,92,120,94,-1,94,120,121,-1,94,121,96,-1,96,121,122,-1,96,122,97,-1,97,122,123,-1,97,123,79,-1,79,123,124,-1,79,124,77,-1,77,124,125,-1,77,125,75,-1,75,125,126,-1,75,126,73,-1,73,126,127,-1,73,127,71,-1,71,127,128,-1,71,128,69,-1,69,128,129,-1,69,129,67,-1,67,129,130,-1,67,130,65,-1,65,130,131,-1,65,131,63,-1,32,63,132,-1,132,63,131,-1,30,32,133,-1,133,32,132,-1,31,30,134,-1,134,30,133,-1,33,31,135,-1,135,31,134,-1,33,135,136,-1,33,136,45,-1,45,136,137,-1,45,137,47,-1,47,137,138,-1,47,138,49,-1,49,138,139,-1,49,139,50,-1,50,139,140,-1,50,140,42,-1,42,140,141,-1,42,141,40,-1,40,141,98,-1,40,98,57,-1,83,142,143,-1,83,143,35,-1,35,143,144,-1,35,144,36,-1,36,144,145,-1,36,145,37,-1,91,146,147,-1,91,147,89,-1,89,147,148,-1,89,148,87,-1,87,148,149,-1,87,149,85,-1,85,149,142,-1,85,142,83,-1,78,150,151,-1,78,151,80,-1,80,151,152,-1,80,152,95,-1,95,152,153,-1,95,153,93,-1,93,153,146,-1,93,146,91,-1,72,154,155,-1,72,155,74,-1,74,155,156,-1,74,156,76,-1,76,156,150,-1,76,150,78,-1,64,157,158,-1,64,158,66,-1,66,158,159,-1,66,159,68,-1,68,159,160,-1,68,160,70,-1,70,160,154,-1,70,154,72,-1,39,161,162,-1,39,162,60,-1,60,162,163,-1,60,163,61,-1,61,163,164,-1,61,164,62,-1,62,164,157,-1,62,157,64,-1,39,38,161,-1,161,38,165,-1,38,37,165,-1,165,37,145,-1,
        ]
    }
}
Shape{
    appearance Appearance {
        material  Material 	{
            diffuseColor 0.8509803921568627 0.8509803921568627 0.8509803921568627
            specularColor 0.4235294117647059 0.4235294117647059 0.4235294117647059
            ambientIntensity 0.2
            transparency 0
            shininess 0.5
        }
    }
    geometry IndexedFaceSet {
        ccw TRUE
        solid FALSE
        coord DEF co Coordinate {
            point [
                -0.0478 2.9724 1.4136, -0.0277 2.9724 1.411, -0.0477 2.9724 1.4054, -0.0189 2.9724 1.4091, -0.0152 2.9724 1.4074, -0.0131 2.9724 1.4059, -0.0477 2.9724 1.4044, -0.0467 2.9724 1.3977, -0.0113 2.9724 1.4036, -0.0445 2.9724 1.3923, -0.0121 2.9724 1.3863, -0.0133 2.9724 1.385, -0.0393 2.9724 1.3861, -0.0104 2.9724 1.3888, -0.035 2.9724 1.3832, -0.0304 2.9724 1.3816, -0.0248 2.9724 1.381, -0.0099 2.9724 1.4008, -0.0092 2.9724 1.3974, -0.0412 2.9724 1.3879, -0.009 2.9724 1.395, -0.0094 2.9724 1.3916, -0.0163 2.9724 1.3829, -0.0197 2.9724 1.3816, -0.0197 2.9724 1.3816
            ]
        }
        coordIndex [
            0,1,2,-1,2,1,3,-1,3,4,2,-1,2,4,5,-1,2,5,6,-1,6,5,7,-1,7,5,8,-1,7,8,9,-1,10,11,12,-1,10,12,13,-1,14,12,15,-1,15,12,16,-1,8,17,9,-1,9,17,18,-1,9,18,19,-1,19,18,20,-1,19,20,12,-1,12,20,21,-1,12,21,13,-1,11,22,12,-1,12,22,23,-1,12,23,16,-1,
        ]
    }
}
Shape{
    appearance Appearance {
        material  Material 	{
            diffuseColor 0.0 0.0 0.0
            specularColor 0.0 0.0 0.0
            ambientIntensity 0.2
            transparency 0
            shininess 0.5
        }
    }
    geometry IndexedFaceSet {
        ccw TRUE
        solid FALSE
        coord DEF co Coordinate {
            point [
                -0.083 2.9724 1.3888, -0.083 2.9728 1.3888, -0.0889 2.9728 1.3852, -0.1077 2.9728 1.3804, -0.1077 2.9724 1.3804, -0.0983 2.9724 1.3815, -0.0983 2.9728 1.3815, -0.0906 2.9724 1.3845, -0.0889 2.9724 1.3852, -0.0829 2.9728 1.3733, -0.0829 2.9724 1.3733, -0.1062 2.9724 1.3681, -0.1062 2.9728 1.3681, -0.0937 2.9728 1.3695, -0.0906 2.9724 1.3706, -0.0937 2.9724 1.3695, -0.1193 2.9724 1.3695, -0.1193 2.9728 1.3695, -0.1273 2.9724 1.3724, -0.1273 2.9728 1.3724, -0.1312 2.9724 1.3747, -0.1312 2.9728 1.3747, -0.1355 2.9724 1.3785, -0.1355 2.9728 1.3785, -0.1384 2.9724 1.3824, -0.1384 2.9728 1.3824, -0.1403 2.9724 1.3872, -0.1403 2.9728 1.3872, -0.141 2.9724 1.3932, -0.141 2.9728 1.3932, -0.1404 2.9724 1.3988, -0.1404 2.9728 1.3988, -0.1389 2.9724 1.4033, -0.1389 2.9728 1.4033, -0.1361 2.9724 1.4074, -0.1361 2.9728 1.4074, -0.1325 2.9724 1.4107, -0.1325 2.9728 1.4107, -0.1226 2.9724 1.4163, -0.1226 2.9728 1.4163, -0.1168 2.9724 1.4187, -0.1168 2.9728 1.4187, -0.1075 2.9724 1.4228, -0.1075 2.9728 1.4228, -0.1022 2.9724 1.4262, -0.1022 2.9728 1.4262, -0.1007 2.9724 1.4278, -0.1007 2.9728 1.4278, -0.0997 2.9724 1.4298, -0.0997 2.9728 1.4298, -0.0991 2.9724 1.4322, -0.0991 2.9728 1.4322, -0.099 2.9724 1.4342, -0.099 2.9728 1.4342, -0.0993 2.9724 1.4366, -0.0993 2.9728 1.4366, -0.1 2.9724 1.4386, -0.1 2.9728 1.4386, -0.1013 2.9724 1.4405, -0.1013 2.9728 1.4405, -0.1036 2.9724 1.4425, -0.1036 2.9728 1.4425, -0.107 2.9724 1.4443, -0.107 2.9728 1.4443, -0.111 2.9724 1.4453, -0.111 2.9728 1.4453, -0.1155 2.9724 1.4456, -0.1155 2.9728 1.4456, -0.1254 2.9724 1.4444, -0.1254 2.9728 1.4444, -0.1338 2.9724 1.4412, -0.1338 2.9728 1.4412, -0.1372 2.9724 1.4392, -0.1372 2.9728 1.4392, -0.1373 2.9728 1.4539, -0.1373 2.9724 1.4539, -0.1259 2.9724 1.4571, -0.1259 2.9728 1.4571, -0.117 2.9724 1.4578, -0.117 2.9728 1.4578, -0.1049 2.9724 1.4564, -0.1049 2.9728 1.4564, -0.0968 2.9724 1.4533, -0.0968 2.9728 1.4533, -0.0932 2.9724 1.4512, -0.0932 2.9728 1.4512, -0.0887 2.9728 1.4472, -0.0906 2.9724 1.4488, -0.0887 2.9724 1.4472, -0.0859 2.9724 1.4431, -0.0859 2.9728 1.4431, -0.0841 2.9724 1.4383, -0.0841 2.9728 1.4383, -0.0835 2.9724 1.4329, -0.0835 2.9728 1.4329, -0.0841 2.9724 1.4271, -0.0841 2.9728 1.4271, -0.0857 2.9724 1.4225, -0.0857 2.9728 1.4225, -0.0876 2.9724 1.4193, -0.0876 2.9728 1.4193, -0.1061 2.9724 1.4078, -0.1061 2.9728 1.4078, -0.0971 2.9728 1.412, -0.0901 2.9724 1.4167, -0.0901 2.9728 1.4167, -0.0906 2.9724 1.4164, -0.0971 2.9724 1.412, -0.1159 2.9724 1.4036, -0.1159 2.9728 1.4036, -0.1217 2.9724 1.4001, -0.1217 2.9728 1.4001, -0.1236 2.9724 1.3981, -0.1236 2.9728 1.3981, -0.1248 2.9724 1.3961, -0.1248 2.9728 1.3961, -0.1254 2.9724 1.3937, -0.1254 2.9728 1.3937, -0.1256 2.9724 1.3919, -0.1256 2.9728 1.3919, -0.1252 2.9724 1.389, -0.1252 2.9728 1.389, -0.1244 2.9724 1.3869, -0.1244 2.9728 1.3869, -0.1231 2.9724 1.3849, -0.1231 2.9728 1.3849, -0.1214 2.9724 1.3834, -0.1214 2.9728 1.3834, -0.12 2.9724 1.3826, -0.12 2.9728 1.3826, -0.1161 2.9724 1.3812, -0.1161 2.9728 1.3812, -0.1084 2.9724 1.3804, -0.1084 2.9728 1.3804, -0.216 2.9728 1.4551, -0.2316 2.9728 1.455, -0.216 2.9724 1.4551, -0.2316 2.9724 1.455, -0.1921 2.9728 1.3907, -0.1921 2.9724 1.3907, -0.191 2.9724 1.3867, -0.191 2.9728 1.3867, -0.1903 2.9724 1.3838, -0.1903 2.9728 1.3838, -0.1899 2.9728 1.3838, -0.1899 2.9724 1.3838, -0.1881 2.9728 1.3909, -0.1881 2.9724 1.3909, -0.1661 2.9724 1.4555, -0.1661 2.9728 1.4555, -0.1742 2.9724 1.4318, -0.1493 2.9728 1.4556, -0.1493 2.9724 1.4556, -0.1823 2.9724 1.3698, -0.1823 2.9728 1.3698, -0.1742 2.9724 1.391, -0.1756 2.9728 1.3542, -0.1756 2.9724 1.3542, -0.1742 2.9724 1.3516, -0.1726 2.9728 1.3489, -0.1726 2.9724 1.3489, -0.1698 2.9724 1.3457, -0.1698 2.9728 1.3457, -0.167 2.9724 1.3438, -0.167 2.9728 1.3438, -0.1637 2.9724 1.3426, -0.1637 2.9728 1.3426, -0.1601 2.9724 1.3422, -0.1601 2.9728 1.3422, -0.1547 2.9724 1.343, -0.1547 2.9728 1.343, -0.1516 2.9724 1.344, -0.1516 2.9728 1.344, -0.1515 2.9728 1.3306, -0.1515 2.9724 1.3306, -0.1579 2.9724 1.3295, -0.1579 2.9728 1.3295, -0.1612 2.9724 1.3293, -0.1612 2.9728 1.3293, -0.1673 2.9724 1.33, -0.1673 2.9728 1.33, -0.1732 2.9724 1.3322, -0.1732 2.9728 1.3322, -0.1742 2.9724 1.3329, -0.1785 2.9728 1.3358, -0.1785 2.9724 1.3358, -0.1795 2.9724 1.3368, -0.1795 2.9728 1.3368, -0.1851 2.9724 1.3434, -0.1851 2.9728 1.3434, -0.192 2.9724 1.3566, -0.192 2.9728 1.3566, -0.3119 2.9728 1.3824, -0.3118 2.9728 1.3687, -0.3119 2.9724 1.3824, -0.3118 2.9724 1.3687, -0.2628 2.9724 1.3827, -0.2628 2.9728 1.3827, -0.2868 2.9724 1.3825, -0.2631 2.9728 1.4231, -0.2631 2.9724 1.4231, -0.3061 2.9724 1.4228, -0.3061 2.9728 1.4228, -0.2868 2.9724 1.423, -0.3062 2.9728 1.4366, -0.3062 2.9724 1.4366, -0.2632 2.9724 1.4369, -0.2632 2.9728 1.4369, -0.2868 2.9724 1.4367, -0.2635 2.9728 1.4753, -0.2635 2.9724 1.4753, -0.3098 2.9724 1.475, -0.3098 2.9728 1.475, -0.2868 2.9724 1.4751, -0.3099 2.9728 1.4888, -0.3099 2.9724 1.4881, -0.3099 2.9724 1.4888, -0.2481 2.9724 1.4892, -0.2481 2.9728 1.4892, -0.2868 2.9724 1.489, -0.2472 2.9724 1.3691, -0.2472 2.9728 1.3691, -0.2481 2.9724 1.4881, -0.2868 2.9724 1.3689, -0.4097 2.9728 1.4021, -0.4033 2.9728 1.3942, -0.4143 2.9728 1.3848, -0.4007 2.9728 1.392, -0.4015 2.9728 1.3758, -0.3927 2.9728 1.3869, -0.3877 2.9728 1.3706, -0.3822 2.9728 1.3834, -0.3675 2.9728 1.3683, -0.3675 2.9728 1.382, -0.3345 2.9728 1.3685, -0.3501 2.9728 1.3821, -0.3354 2.9728 1.4886, -0.3508 2.9728 1.4747, -0.3696 2.9728 1.4884, -0.3689 2.9728 1.4746, -0.3896 2.9728 1.4858, -0.3838 2.9728 1.4729, -0.4039 2.9728 1.48, -0.3943 2.9728 1.4691, -0.4149 2.9728 1.4721, -0.4035 2.9728 1.463, -0.4203 2.9728 1.4666, -0.4074 2.9728 1.459, -0.4273 2.9728 1.4557, -0.4118 2.9728 1.4521, -0.4313 2.9728 1.4439, -0.415 2.9728 1.443, -0.4327 2.9728 1.4294, -0.4164 2.9728 1.4291, -0.4322 2.9728 1.4207, -0.4161 2.9728 1.4223, -0.429 2.9728 1.4069, -0.4138 2.9728 1.4111, -0.4228 2.9728 1.3946, -0.3675 2.9724 1.3683, -0.3345 2.9724 1.3685, -0.3877 2.9724 1.3706, -0.4015 2.9724 1.3758, -0.4143 2.9724 1.3848, -0.4228 2.9724 1.3946, -0.429 2.9724 1.4069, -0.4322 2.9724 1.4207, -0.4327 2.9724 1.4294, -0.4313 2.9724 1.4439, -0.4273 2.9724 1.4557, -0.4203 2.9724 1.4666, -0.4149 2.9724 1.4721, -0.3696 2.9724 1.4884, -0.3719 2.9724 1.4881, -0.3896 2.9724 1.4858, -0.4039 2.9724 1.48, -0.3354 2.9724 1.4886, -0.3354 2.9724 1.4881, -0.3689 2.9724 1.4746, -0.3508 2.9724 1.4747, -0.3501 2.9724 1.3821, -0.3675 2.9724 1.382, -0.4033 2.9724 1.3942, -0.4007 2.9724 1.392, -0.3927 2.9724 1.3869, -0.3822 2.9724 1.3834, -0.4164 2.9724 1.4291, -0.4161 2.9724 1.4223, -0.4138 2.9724 1.4111, -0.4097 2.9724 1.4021, -0.4035 2.9724 1.463, -0.4074 2.9724 1.459, -0.4118 2.9724 1.4521, -0.415 2.9724 1.443, -0.3838 2.9724 1.4729, -0.3943 2.9724 1.4691, -0.3943 2.9724 1.4691
            ]
        }
        coordIndex [
            0,1,2,-1,3,4,5,-1,3,5,6,-1,6,5,7,-1,6,7,2,-1,2,7,8,-1,2,8,0,-1,9,1,10,-1,10,1,0,-1,11,12,13,-1,9,10,14,-1,9,14,13,-1,13,14,15,-1,13,15,11,-1,12,11,16,-1,12,16,17,-1,17,16,18,-1,17,18,19,-1,19,18,20,-1,19,20,21,-1,21,20,22,-1,21,22,23,-1,23,22,24,-1,23,24,25,-1,25,24,26,-1,25,26,27,-1,27,26,28,-1,27,28,29,-1,29,28,30,-1,29,30,31,-1,31,30,32,-1,31,32,33,-1,33,32,34,-1,33,34,35,-1,35,34,36,-1,35,36,37,-1,37,36,38,-1,37,38,39,-1,39,38,40,-1,39,40,41,-1,41,40,42,-1,41,42,43,-1,43,42,44,-1,43,44,45,-1,45,44,46,-1,45,46,47,-1,47,46,48,-1,47,48,49,-1,49,48,50,-1,49,50,51,-1,51,50,52,-1,51,52,53,-1,53,52,54,-1,53,54,55,-1,55,54,56,-1,55,56,57,-1,57,56,58,-1,57,58,59,-1,59,58,60,-1,59,60,61,-1,61,60,62,-1,61,62,63,-1,63,62,64,-1,63,64,65,-1,65,64,66,-1,65,66,67,-1,67,66,68,-1,67,68,69,-1,69,68,70,-1,69,70,71,-1,71,70,72,-1,71,72,73,-1,74,73,75,-1,75,73,72,-1,74,75,76,-1,74,76,77,-1,77,76,78,-1,77,78,79,-1,79,78,80,-1,79,80,81,-1,81,80,82,-1,81,82,83,-1,83,82,84,-1,83,84,85,-1,86,85,87,-1,87,85,84,-1,87,88,86,-1,86,88,89,-1,86,89,90,-1,90,89,91,-1,90,91,92,-1,92,91,93,-1,92,93,94,-1,94,93,95,-1,94,95,96,-1,96,95,97,-1,96,97,98,-1,98,97,99,-1,98,99,100,-1,101,102,103,-1,100,99,104,-1,100,104,105,-1,105,104,106,-1,105,106,103,-1,103,106,107,-1,103,107,101,-1,102,101,108,-1,102,108,109,-1,109,108,110,-1,109,110,111,-1,111,110,112,-1,111,112,113,-1,113,112,114,-1,113,114,115,-1,115,114,116,-1,115,116,117,-1,117,116,118,-1,117,118,119,-1,119,118,120,-1,119,120,121,-1,121,120,122,-1,121,122,123,-1,123,122,124,-1,123,124,125,-1,125,124,126,-1,125,126,127,-1,127,126,128,-1,127,128,129,-1,129,128,130,-1,129,130,131,-1,131,130,132,-1,131,132,133,-1,133,132,4,-1,133,4,3,-1,59,61,83,-1,83,61,81,-1,109,41,102,-1,102,41,43,-1,19,21,125,-1,125,21,23,-1,125,23,123,-1,123,23,25,-1,123,25,121,-1,121,25,27,-1,121,27,119,-1,119,27,29,-1,119,29,117,-1,117,29,31,-1,117,31,115,-1,115,31,33,-1,115,33,113,-1,113,33,35,-1,113,35,111,-1,111,35,37,-1,111,37,109,-1,109,37,39,-1,109,39,41,-1,12,3,13,-1,13,3,6,-1,13,6,9,-1,9,6,2,-1,9,2,1,-1,61,63,81,-1,81,63,65,-1,81,65,79,-1,79,65,67,-1,79,67,77,-1,77,67,69,-1,77,69,74,-1,74,69,71,-1,74,71,73,-1,125,127,19,-1,19,127,129,-1,19,129,17,-1,17,129,131,-1,17,131,12,-1,12,131,133,-1,12,133,3,-1,83,85,59,-1,59,85,86,-1,59,86,57,-1,57,86,90,-1,57,90,55,-1,55,90,92,-1,55,92,53,-1,53,92,94,-1,53,94,51,-1,51,94,96,-1,51,96,49,-1,49,96,98,-1,49,98,47,-1,47,98,100,-1,47,100,45,-1,45,100,105,-1,45,105,43,-1,43,105,103,-1,43,103,102,-1,134,135,136,-1,136,135,137,-1,138,134,139,-1,139,134,136,-1,138,139,140,-1,138,140,141,-1,141,140,142,-1,141,142,143,-1,144,143,145,-1,145,143,142,-1,146,144,147,-1,147,144,145,-1,148,149,150,-1,150,149,146,-1,150,146,147,-1,151,149,152,-1,152,149,148,-1,153,154,155,-1,155,154,151,-1,155,151,152,-1,156,154,157,-1,157,154,153,-1,156,157,158,-1,156,158,159,-1,158,160,159,-1,159,160,161,-1,159,161,162,-1,162,161,163,-1,162,163,164,-1,164,163,165,-1,164,165,166,-1,166,165,167,-1,166,167,168,-1,168,167,169,-1,168,169,170,-1,170,169,171,-1,170,171,172,-1,173,172,174,-1,174,172,171,-1,173,174,175,-1,173,175,176,-1,176,175,177,-1,176,177,178,-1,178,177,179,-1,178,179,180,-1,180,179,181,-1,180,181,182,-1,182,181,183,-1,182,183,184,-1,183,185,184,-1,184,185,186,-1,184,186,187,-1,187,186,188,-1,187,188,189,-1,189,188,190,-1,189,190,191,-1,135,191,137,-1,137,191,190,-1,141,143,191,-1,135,134,191,-1,191,134,138,-1,191,138,141,-1,149,151,146,-1,146,151,154,-1,146,154,144,-1,189,159,187,-1,187,159,162,-1,172,173,170,-1,170,173,176,-1,170,176,168,-1,168,176,178,-1,168,178,166,-1,166,178,180,-1,166,180,164,-1,164,180,182,-1,164,182,162,-1,162,182,184,-1,162,184,187,-1,143,144,191,-1,191,144,154,-1,191,154,189,-1,189,154,156,-1,189,156,159,-1,192,193,194,-1,194,193,195,-1,196,197,198,-1,198,197,192,-1,198,192,194,-1,199,197,200,-1,200,197,196,-1,201,202,203,-1,203,202,199,-1,203,199,200,-1,204,202,205,-1,205,202,201,-1,206,207,208,-1,208,207,204,-1,208,204,205,-1,209,207,210,-1,210,207,206,-1,211,212,213,-1,213,212,209,-1,213,209,210,-1,212,211,214,-1,214,211,215,-1,214,215,216,-1,217,218,219,-1,219,218,214,-1,219,214,216,-1,220,221,222,-1,222,221,218,-1,222,218,217,-1,195,193,223,-1,223,193,221,-1,223,221,220,-1,221,193,192,-1,192,197,221,-1,221,197,199,-1,221,199,218,-1,212,214,209,-1,209,214,218,-1,209,218,207,-1,207,218,199,-1,207,199,204,-1,204,199,202,-1,224,225,226,-1,226,225,227,-1,226,227,228,-1,228,227,229,-1,228,229,230,-1,230,229,231,-1,230,231,232,-1,232,231,233,-1,232,233,234,-1,234,233,235,-1,234,235,236,-1,236,235,237,-1,236,237,238,-1,238,237,239,-1,238,239,240,-1,240,239,241,-1,240,241,242,-1,242,241,243,-1,242,243,244,-1,244,243,245,-1,244,245,246,-1,246,245,247,-1,246,247,248,-1,248,247,249,-1,248,249,250,-1,250,249,251,-1,250,251,252,-1,252,251,253,-1,252,253,254,-1,254,253,255,-1,254,255,256,-1,256,255,257,-1,256,257,258,-1,258,257,224,-1,258,224,226,-1,232,234,259,-1,259,234,260,-1,232,259,261,-1,232,261,230,-1,230,261,262,-1,230,262,228,-1,228,262,263,-1,228,263,226,-1,226,263,264,-1,226,264,258,-1,258,264,265,-1,258,265,256,-1,256,265,266,-1,256,266,254,-1,254,266,267,-1,254,267,252,-1,252,267,268,-1,252,268,250,-1,250,268,269,-1,250,269,248,-1,248,269,270,-1,248,270,246,-1,246,270,271,-1,246,271,244,-1,272,238,273,-1,273,238,240,-1,273,240,274,-1,274,240,242,-1,274,242,275,-1,275,242,244,-1,275,244,271,-1,236,238,276,-1,276,238,272,-1,260,234,277,-1,277,234,236,-1,277,236,276,-1,239,237,278,-1,278,237,279,-1,237,235,279,-1,279,235,280,-1,235,233,280,-1,280,233,281,-1,225,282,283,-1,225,283,227,-1,227,283,284,-1,227,284,229,-1,229,284,285,-1,229,285,231,-1,231,285,281,-1,231,281,233,-1,253,286,287,-1,253,287,255,-1,255,287,288,-1,255,288,257,-1,257,288,289,-1,257,289,224,-1,224,289,282,-1,224,282,225,-1,245,290,291,-1,245,291,247,-1,247,291,292,-1,247,292,249,-1,249,292,293,-1,249,293,251,-1,251,293,286,-1,251,286,253,-1,239,278,294,-1,239,294,241,-1,241,294,295,-1,241,295,243,-1,243,295,290,-1,243,290,245,-1,
        ]
    }
}
Shape{
    appearance Appearance {
        material  Material 	{
            diffuseColor 0.8509803921568627 0.8509803921568627 0.8509803921568627
            specularColor 0.4235294117647059 0.4235294117647059 0.4235294117647059
            ambientIntensity 0.2
            transparency 0
            shininess 0.5
        }
    }
    geometry IndexedFaceSet {
        ccw TRUE
        solid FALSE
        coord DEF co Coordinate {
            point [
                -0.3508 2.9724 1.4747, -0.3501 2.9724 1.3821, -0.3689 2.9724 1.4746, -0.3675 2.9724 1.382, -0.3822 2.9724 1.3834, -0.3927 2.9724 1.3869, -0.4007 2.9724 1.392, -0.4033 2.9724 1.3942, -0.4097 2.9724 1.4021, -0.4138 2.9724 1.4111, -0.4161 2.9724 1.4223, -0.4164 2.9724 1.4291, -0.415 2.9724 1.443, -0.4118 2.9724 1.4521, -0.4074 2.9724 1.459, -0.4035 2.9724 1.463, -0.3838 2.9724 1.4729, -0.3943 2.9724 1.4691, -0.3943 2.9724 1.4691
            ]
        }
        coordIndex [
            0,1,2,-1,2,1,3,-1,2,3,4,-1,4,5,2,-1,2,5,6,-1,2,6,7,-1,7,8,2,-1,2,8,9,-1,2,9,10,-1,10,11,2,-1,2,11,12,-1,2,12,13,-1,13,14,2,-1,2,14,15,-1,2,15,16,-1,16,15,17,-1,
        ]
    }
}
Shape{
    appearance Appearance {
        material  Material 	{
            diffuseColor 0.0 0.0 0.0
            specularColor 0.0 0.0 0.0
            ambientIntensity 0.2
            transparency 0
            shininess 0.5
        }
    }
    geometry IndexedFaceSet {
        ccw TRUE
        solid FALSE
        coord DEF co Coordinate {
            point [
                -0.4729 2.9728 1.414, -0.4912 2.9728 1.4637, -0.4855 2.9728 1.4876, -0.439 2.9728 1.3678, -0.4561 2.9728 1.3677, -0.4679 2.9728 1.4004, -0.4922 2.9728 1.4673, -0.4932 2.9728 1.4721, -0.5021 2.9728 1.4874, -0.4936 2.9728 1.4721, -0.4945 2.9728 1.4671, -0.4954 2.9728 1.4637, -0.5132 2.9728 1.4137, -0.547 2.9728 1.367, -0.5299 2.9728 1.3671, -0.5179 2.9728 1.4001, -0.5021 2.9724 1.4874, -0.547 2.9724 1.367, -0.4855 2.9724 1.4876, -0.439 2.9724 1.3678, -0.4561 2.9724 1.3677, -0.4679 2.9724 1.4004, -0.5179 2.9724 1.4001, -0.5299 2.9724 1.3671, -0.4729 2.9724 1.414, -0.5132 2.9724 1.4137, -0.4954 2.9724 1.4637, -0.4936 2.9724 1.4721, -0.4945 2.9724 1.4671, -0.4932 2.9724 1.4721, -0.4912 2.9724 1.4637, -0.4922 2.9724 1.4673, -0.4922 2.9724 1.4673
            ]
        }
        coordIndex [
            0,1,2,-1,3,4,5,-1,1,6,2,-1,2,6,7,-1,2,7,8,-1,8,7,9,-1,8,9,10,-1,10,11,8,-1,8,11,12,-1,8,12,13,-1,14,13,15,-1,15,13,12,-1,15,12,5,-1,5,12,0,-1,5,0,3,-1,3,0,2,-1,8,13,16,-1,16,13,17,-1,2,8,18,-1,18,8,16,-1,3,2,19,-1,19,2,18,-1,4,3,20,-1,20,3,19,-1,5,4,21,-1,21,4,20,-1,15,5,22,-1,22,5,21,-1,14,15,23,-1,23,15,22,-1,13,14,17,-1,17,14,23,-1,0,12,24,-1,24,12,25,-1,12,11,25,-1,25,11,26,-1,9,27,28,-1,9,28,10,-1,10,28,26,-1,10,26,11,-1,9,7,27,-1,27,7,29,-1,1,30,31,-1,1,31,6,-1,6,31,29,-1,6,29,7,-1,1,0,30,-1,30,0,24,-1,
        ]
    }
}
Shape{
    appearance Appearance {
        material  Material 	{
            diffuseColor 0.8509803921568627 0.8509803921568627 0.8509803921568627
            specularColor 0.4235294117647059 0.4235294117647059 0.4235294117647059
            ambientIntensity 0.2
            transparency 0
            shininess 0.5
        }
    }
    geometry IndexedFaceSet {
        ccw TRUE
        solid FALSE
        coord DEF co Coordinate {
            point [
                -0.4936 2.9724 1.4721, -0.4932 2.9724 1.4721, -0.4945 2.9724 1.4671, -0.4922 2.9724 1.4673, -0.4954 2.9724 1.4637, -0.4912 2.9724 1.4637, -0.5132 2.9724 1.4137, -0.4729 2.9724 1.414, -0.4729 2.9724 1.414
            ]
        }
        coordIndex [
            0,1,2,-1,2,1,3,-1,2,3,4,-1,4,3,5,-1,4,5,6,-1,6,5,7,-1,
        ]
    }
}
Shape{
    appearance Appearance {
        material  Material 	{
            diffuseColor 0.0 0.0 0.0
            specularColor 0.0 0.0 0.0
            ambientIntensity 0.2
            transparency 0
            shininess 0.5
        }
    }
    geometry IndexedFaceSet {
        ccw TRUE
        solid FALSE
        coord DEF co Coordinate {
            point [
                0.6159 2.9728 1.3582, 0.6033 2.9728 1.3424, 0.6231 2.9728 1.4338, 0.4576 2.9728 1.4113, 0.3376 2.9728 1.4736, 0.5108 2.9728 1.4063, 0.5127 2.9728 1.4142, 0.637 2.9728 1.5822, 0.6179 2.9728 1.5922, 0.622 2.9728 1.6448, 0.4786 2.9728 1.4601, 0.5437 2.9728 1.4358, 0.5366 2.9728 1.435, 0.5686 2.9728 1.6469, 0.5426 2.9728 1.5844, 0.5294 2.9728 1.6113, 0.5286 2.9728 1.4321, 0.5218 2.9728 1.4274, 0.5164 2.9728 1.4212, 0.6417 2.9728 1.4454, 0.6352 2.9728 1.3799, 0.6244 2.9728 1.3766, 0.5883 2.9728 1.6488, 0.3637 2.9728 1.5191, 0.4576 2.9728 1.4028, 0.5108 2.9728 1.3984, 0.4582 2.9728 1.3937, 0.552 2.9728 1.4348, 0.5629 2.9728 1.4872, 0.5595 2.9728 1.4319, 0.5818 2.9728 1.4801, 0.5662 2.9728 1.4272, 0.5993 2.9728 1.4681, 0.5696 2.9728 1.4237, 0.6136 2.9728 1.4521, 0.5741 2.9728 1.4166, 0.5766 2.9728 1.4086, 0.5771 2.9728 1.4003, 0.5115 2.9728 1.4837, 0.5321 2.9728 1.4889, 0.5424 2.9728 1.4896, 0.3088 2.9728 1.558, 0.302 2.9728 1.5579, 0.2666 2.9728 1.6038, 0.2857 2.9728 1.5558, 0.2625 2.9728 1.6024, 0.2708 2.9728 1.5499, 0.2372 2.9728 1.5896, 0.2142 2.9728 1.5698, 0.551 2.9728 1.6672, 0.51 2.9728 1.6341, 0.5308 2.9728 1.6842, 0.4871 2.9728 1.6506, 0.5099 2.9728 1.697, 0.5968 2.9728 1.5971, 0.5878 2.9728 1.5975, 0.5784 2.9728 1.6482, 0.5676 2.9728 1.5948, 0.5485 2.9728 1.5877, 0.2151 2.9728 1.4104, 0.2546 2.9728 1.4447, 0.2384 2.9728 1.3909, 0.2672 2.9728 1.4344, 0.2646 2.9728 1.3784, 0.2823 2.9728 1.4275, 0.293 2.9728 1.3725, 0.2978 2.9728 1.4247, 0.3434 2.9728 1.3729, 0.3362 2.9728 1.4249, 0.3482 2.9728 1.3737, 0.4935 2.9728 1.4738, 0.2577 2.9728 1.5406, 0.248 2.9728 1.5297, 0.1969 2.9728 1.5454, 0.2402 2.9728 1.5149, 0.1866 2.9728 1.5193, 0.2362 2.9728 1.4985, 0.1829 2.9728 1.4913, 0.2359 2.9728 1.4908, 0.187 2.9728 1.4609, 0.238 2.9728 1.4742, 0.1979 2.9728 1.434, 0.244 2.9728 1.459, 0.2535 2.9728 1.4458, 0.3123 2.9728 1.6716, 0.3461 2.9728 1.6327, 0.2842 2.9728 1.6386, 0.327 2.9728 1.6095, 0.3139 2.9728 1.582, 0.6711 2.9728 1.5334, 0.7273 2.9728 1.5196, 0.6738 2.9728 1.5127, 0.7276 2.9728 1.5114, 0.6728 2.9728 1.4994, 0.7237 2.9728 1.4779, 0.6668 2.9728 1.4785, 0.7117 2.9728 1.446, 0.6569 2.9728 1.4613, 0.6924 2.9728 1.4181, 0.6659 2.9728 1.3952, 0.5756 2.9728 1.3923, 0.5723 2.9728 1.3851, 0.4704 2.9728 1.7119, 0.4591 2.9728 1.6617, 0.4281 2.9728 1.7168, 0.4276 2.9728 1.6656, 0.3929 2.9728 1.7128, 0.3986 2.9728 1.6618, 0.3502 2.9728 1.6974, 0.3719 2.9728 1.6513, 0.3481 2.9728 1.6345, 0.6537 2.9728 1.6328, 0.681 2.9728 1.6139, 0.6516 2.9728 1.5693, 0.6868 2.9728 1.6085, 0.6636 2.9728 1.5524, 0.7075 2.9728 1.5823, 0.7213 2.9728 1.5516, 0.4634 2.9728 1.3727, 0.5129 2.9728 1.3903, 0.4737 2.9728 1.3537, 0.517 2.9728 1.383, 0.4867 2.9728 1.3393, 0.5216 2.9728 1.3778, 0.5038 2.9728 1.3276, 0.5282 2.9728 1.3732, 0.5229 2.9728 1.3204, 0.5356 2.9728 1.3702, 0.5436 2.9728 1.318, 0.5441 2.9728 1.3692, 0.5469 2.9728 1.318, 0.5456 2.9728 1.3692, 0.567 2.9728 1.3213, 0.5532 2.9728 1.3706, 0.5867 2.9728 1.3297, 0.5609 2.9728 1.3739, 0.5674 2.9728 1.379, 0.3405 2.9728 1.4258, 0.3613 2.9728 1.382, 0.3594 2.9728 1.38, 0.338 2.9728 1.4252, 0.3539 2.9728 1.376, 0.368 2.9728 1.3996, 0.3672 2.9728 1.3932, 0.365 2.9728 1.3874, 0.348 2.9728 1.425, 0.3538 2.9728 1.4228, 0.3678 2.9728 1.4029, 0.3591 2.9728 1.4191, 0.3627 2.9728 1.4152, 0.366 2.9728 1.4094, 0.3413 2.9728 1.4258, 0.1829 2.9724 1.4913, 0.1866 2.9724 1.5193, 0.2068 2.9724 1.5594, 0.1889 2.9724 1.5251, 0.1969 2.9724 1.5454, 0.2142 2.9724 1.5698, 0.2372 2.9724 1.5896, 0.2625 2.9724 1.6024, 0.2666 2.9724 1.6038, 0.2842 2.9724 1.6386, 0.3123 2.9724 1.6716, 0.4281 2.9724 1.7168, 0.3268 2.9724 1.6815, 0.3502 2.9724 1.6974, 0.3575 2.9724 1.7001, 0.3929 2.9724 1.7128, 0.5308 2.9724 1.6842, 0.4704 2.9724 1.7119, 0.5017 2.9724 1.7001, 0.5099 2.9724 1.697, 0.5686 2.9724 1.6469, 0.534 2.9724 1.6815, 0.551 2.9724 1.6672, 0.5784 2.9724 1.6482, 0.5883 2.9724 1.6488, 0.622 2.9724 1.6448, 0.6537 2.9724 1.6328, 0.681 2.9724 1.6139, 0.6868 2.9724 1.6085, 0.7276 2.9724 1.5114, 0.7075 2.9724 1.5823, 0.7178 2.9724 1.5594, 0.7213 2.9724 1.5516, 0.7263 2.9724 1.5251, 0.7273 2.9724 1.5196, 0.7249 2.9724 1.4881, 0.7251 2.9724 1.4904, 0.7237 2.9724 1.4779, 0.7117 2.9724 1.446, 0.6924 2.9724 1.4181, 0.6659 2.9724 1.3952, 0.6352 2.9724 1.3799, 0.6244 2.9724 1.3766, 0.6159 2.9724 1.3582, 0.6033 2.9724 1.3424, 0.5867 2.9724 1.3297, 0.567 2.9724 1.3213, 0.5469 2.9724 1.318, 0.5436 2.9724 1.318, 0.5229 2.9724 1.3204, 0.5038 2.9724 1.3276, 0.4867 2.9724 1.3393, 0.4737 2.9724 1.3537, 0.4634 2.9724 1.3727, 0.4582 2.9724 1.3937, 0.4576 2.9724 1.4028, 0.4576 2.9724 1.4113, 0.3376 2.9724 1.4736, 0.3459 2.9724 1.4881, 0.3473 2.9724 1.4904, 0.3637 2.9724 1.5191, 0.4241 2.9724 1.4881, 0.4786 2.9724 1.4601, 0.4196 2.9724 1.4904, 0.5424 2.9724 1.4896, 0.4935 2.9724 1.4738, 0.5115 2.9724 1.4837, 0.5288 2.9724 1.4881, 0.5321 2.9724 1.4889, 0.5555 2.9724 1.4881, 0.5629 2.9724 1.4872, 0.5818 2.9724 1.4801, 0.5993 2.9724 1.4681, 0.6136 2.9724 1.4521, 0.6231 2.9724 1.4338, 0.6702 2.9724 1.4904, 0.6696 2.9724 1.4881, 0.6668 2.9724 1.4785, 0.6569 2.9724 1.4613, 0.6417 2.9724 1.4454, 0.6728 2.9724 1.4994, 0.6738 2.9724 1.5127, 0.6722 2.9724 1.5251, 0.6711 2.9724 1.5334, 0.6636 2.9724 1.5524, 0.6586 2.9724 1.5594, 0.6516 2.9724 1.5693, 0.637 2.9724 1.5822, 0.6179 2.9724 1.5922, 0.5968 2.9724 1.5971, 0.5878 2.9724 1.5975, 0.5676 2.9724 1.5948, 0.5485 2.9724 1.5877, 0.5426 2.9724 1.5844, 0.5294 2.9724 1.6113, 0.51 2.9724 1.6341, 0.4871 2.9724 1.6506, 0.4591 2.9724 1.6617, 0.4276 2.9724 1.6656, 0.3088 2.9724 1.558, 0.3091 2.9724 1.5594, 0.3139 2.9724 1.582, 0.327 2.9724 1.6095, 0.3461 2.9724 1.6327, 0.3481 2.9724 1.6345, 0.3719 2.9724 1.6513, 0.3986 2.9724 1.6618, 0.302 2.9724 1.5579, 0.2857 2.9724 1.5558, 0.2708 2.9724 1.5499, 0.2577 2.9724 1.5406, 0.248 2.9724 1.5297, 0.2456 2.9724 1.5251, 0.2402 2.9724 1.5149, 0.2362 2.9724 1.4985, 0.2359 2.9724 1.4908, 0.2359 2.9724 1.4904, 0.2362 2.9724 1.4881, 0.238 2.9724 1.4742, 0.244 2.9724 1.459, 0.2535 2.9724 1.4458, 0.2546 2.9724 1.4447, 0.2672 2.9724 1.4344, 0.2823 2.9724 1.4275, 0.2978 2.9724 1.4247, 0.3362 2.9724 1.4249, 0.338 2.9724 1.4252, 0.3405 2.9724 1.4258, 0.3413 2.9724 1.4258, 0.348 2.9724 1.425, 0.3538 2.9724 1.4228, 0.3591 2.9724 1.4191, 0.3627 2.9724 1.4152, 0.366 2.9724 1.4094, 0.3678 2.9724 1.4029, 0.368 2.9724 1.3996, 0.3672 2.9724 1.3932, 0.365 2.9724 1.3874, 0.3613 2.9724 1.382, 0.3594 2.9724 1.38, 0.3539 2.9724 1.376, 0.3482 2.9724 1.3737, 0.3434 2.9724 1.3729, 0.293 2.9724 1.3725, 0.2646 2.9724 1.3784, 0.2384 2.9724 1.3909, 0.2151 2.9724 1.4104, 0.1979 2.9724 1.434, 0.187 2.9724 1.4609, 0.1833 2.9724 1.4881, 0.183 2.9724 1.4904, 0.5437 2.9724 1.4358, 0.5366 2.9724 1.435, 0.5286 2.9724 1.4321, 0.5218 2.9724 1.4274, 0.5164 2.9724 1.4212, 0.5127 2.9724 1.4142, 0.5108 2.9724 1.4063, 0.5108 2.9724 1.3984, 0.5129 2.9724 1.3903, 0.517 2.9724 1.383, 0.5216 2.9724 1.3778, 0.5282 2.9724 1.3732, 0.5356 2.9724 1.3702, 0.5441 2.9724 1.3692, 0.5456 2.9724 1.3692, 0.5532 2.9724 1.3706, 0.5609 2.9724 1.3739, 0.5674 2.9724 1.379, 0.5723 2.9724 1.3851, 0.5756 2.9724 1.3923, 0.5771 2.9724 1.4003, 0.5766 2.9724 1.4086, 0.5741 2.9724 1.4166, 0.5696 2.9724 1.4237, 0.5662 2.9724 1.4272, 0.5595 2.9724 1.4319, 0.552 2.9724 1.4348, 0.552 2.9724 1.4348
            ]
        }
        coordIndex [
            0,1,2,-1,3,4,5,-1,5,4,6,-1,7,8,9,-1,10,11,12,-1,13,14,15,-1,12,16,10,-1,10,16,17,-1,10,17,18,-1,19,20,2,-1,2,20,21,-1,2,21,0,-1,9,8,22,-1,6,4,18,-1,18,4,23,-1,18,23,10,-1,3,5,24,-1,24,5,25,-1,24,25,26,-1,27,28,29,-1,29,28,30,-1,29,30,31,-1,31,30,32,-1,31,32,33,-1,33,32,34,-1,33,34,35,-1,35,34,2,-1,35,2,36,-1,36,2,37,-1,38,39,27,-1,27,39,40,-1,27,40,28,-1,41,42,43,-1,43,42,44,-1,43,44,45,-1,45,44,46,-1,45,46,47,-1,47,46,48,-1,13,15,49,-1,49,15,50,-1,49,50,51,-1,51,50,52,-1,51,52,53,-1,8,54,22,-1,22,54,55,-1,22,55,56,-1,56,55,57,-1,56,57,13,-1,13,57,58,-1,13,58,14,-1,59,60,61,-1,61,60,62,-1,61,62,63,-1,63,62,64,-1,63,64,65,-1,65,64,66,-1,65,66,67,-1,67,66,68,-1,67,68,69,-1,11,10,27,-1,27,10,70,-1,27,70,38,-1,46,71,48,-1,48,71,72,-1,48,72,73,-1,73,72,74,-1,73,74,75,-1,75,74,76,-1,75,76,77,-1,77,76,78,-1,77,78,79,-1,79,78,80,-1,79,80,81,-1,81,80,82,-1,81,82,59,-1,59,82,83,-1,59,83,60,-1,84,85,86,-1,86,85,87,-1,86,87,43,-1,43,87,88,-1,43,88,41,-1,89,90,91,-1,91,90,92,-1,91,92,93,-1,93,92,94,-1,93,94,95,-1,95,94,96,-1,95,96,97,-1,97,96,98,-1,97,98,19,-1,19,98,99,-1,19,99,20,-1,37,2,100,-1,100,2,1,-1,100,1,101,-1,53,52,102,-1,102,52,103,-1,102,103,104,-1,104,103,105,-1,104,105,106,-1,106,105,107,-1,106,107,108,-1,108,107,109,-1,108,109,84,-1,84,109,110,-1,84,110,85,-1,9,111,7,-1,7,111,112,-1,7,112,113,-1,113,112,114,-1,113,114,115,-1,115,114,116,-1,115,116,89,-1,89,116,117,-1,89,117,90,-1,26,25,118,-1,118,25,119,-1,118,119,120,-1,120,119,121,-1,120,121,122,-1,122,121,123,-1,122,123,124,-1,124,123,125,-1,124,125,126,-1,126,125,127,-1,126,127,128,-1,128,127,129,-1,128,129,130,-1,130,129,131,-1,130,131,132,-1,132,131,133,-1,132,133,134,-1,134,133,135,-1,134,135,1,-1,1,135,136,-1,1,136,101,-1,137,138,139,-1,68,140,69,-1,69,140,137,-1,69,137,141,-1,141,137,139,-1,142,143,137,-1,137,143,144,-1,137,144,138,-1,145,146,147,-1,146,148,147,-1,147,148,149,-1,147,149,150,-1,142,137,147,-1,147,137,151,-1,147,151,145,-1,77,152,153,-1,154,48,73,-1,77,153,75,-1,75,153,155,-1,75,155,73,-1,73,155,156,-1,73,156,154,-1,154,157,48,-1,48,157,158,-1,48,158,47,-1,47,158,159,-1,47,159,45,-1,45,159,160,-1,45,160,43,-1,43,160,161,-1,43,161,86,-1,86,161,162,-1,86,162,84,-1,163,104,106,-1,84,162,164,-1,84,164,108,-1,164,165,108,-1,108,165,166,-1,108,166,106,-1,106,166,167,-1,106,167,163,-1,168,51,53,-1,104,163,169,-1,104,169,102,-1,102,169,170,-1,102,170,53,-1,53,170,171,-1,53,171,168,-1,172,13,49,-1,51,168,173,-1,51,173,49,-1,49,173,174,-1,49,174,172,-1,13,172,175,-1,13,175,56,-1,56,175,176,-1,56,176,22,-1,22,176,177,-1,22,177,9,-1,9,177,178,-1,9,178,111,-1,111,178,179,-1,111,179,112,-1,112,179,180,-1,112,180,114,-1,181,92,90,-1,114,180,182,-1,114,182,116,-1,116,182,183,-1,116,183,117,-1,183,184,117,-1,117,184,185,-1,117,185,90,-1,90,185,186,-1,90,186,181,-1,187,94,188,-1,188,94,92,-1,188,92,181,-1,187,189,94,-1,94,189,190,-1,94,190,96,-1,96,190,191,-1,96,191,98,-1,98,191,192,-1,98,192,99,-1,99,192,193,-1,99,193,20,-1,20,193,194,-1,20,194,21,-1,21,194,195,-1,21,195,0,-1,0,195,196,-1,0,196,1,-1,1,196,197,-1,1,197,134,-1,134,197,198,-1,134,198,132,-1,132,198,199,-1,132,199,130,-1,130,199,200,-1,130,200,128,-1,128,200,201,-1,128,201,126,-1,126,201,202,-1,126,202,124,-1,124,202,203,-1,124,203,122,-1,122,203,204,-1,122,204,120,-1,120,204,205,-1,120,205,118,-1,118,205,206,-1,118,206,26,-1,26,206,207,-1,26,207,24,-1,3,24,208,-1,208,24,207,-1,4,3,209,-1,209,3,208,-1,209,210,4,-1,4,210,211,-1,4,211,23,-1,23,211,212,-1,213,214,10,-1,213,10,215,-1,215,10,23,-1,215,23,212,-1,216,40,39,-1,10,214,217,-1,10,217,70,-1,70,217,218,-1,70,218,38,-1,38,218,219,-1,38,219,39,-1,39,219,220,-1,39,220,216,-1,28,40,221,-1,221,40,216,-1,221,222,28,-1,28,222,223,-1,28,223,30,-1,30,223,224,-1,30,224,32,-1,32,224,225,-1,32,225,34,-1,34,225,226,-1,34,226,2,-1,227,93,228,-1,228,93,95,-1,228,95,229,-1,229,95,97,-1,229,97,230,-1,230,97,19,-1,230,19,231,-1,231,19,2,-1,231,2,226,-1,227,232,93,-1,93,232,233,-1,93,233,91,-1,89,91,234,-1,234,91,233,-1,234,235,89,-1,89,235,236,-1,89,236,115,-1,115,236,237,-1,115,237,113,-1,237,238,113,-1,113,238,239,-1,113,239,7,-1,7,239,240,-1,7,240,8,-1,8,240,241,-1,8,241,54,-1,54,241,242,-1,54,242,55,-1,55,242,243,-1,55,243,57,-1,57,243,244,-1,57,244,58,-1,58,244,245,-1,58,245,14,-1,14,245,246,-1,14,246,15,-1,15,246,247,-1,15,247,50,-1,50,247,248,-1,50,248,52,-1,52,248,249,-1,52,249,103,-1,103,249,250,-1,103,250,105,-1,251,41,252,-1,252,41,88,-1,252,88,253,-1,253,88,87,-1,253,87,254,-1,254,87,85,-1,254,85,255,-1,255,85,110,-1,255,110,256,-1,256,110,109,-1,256,109,257,-1,257,109,107,-1,257,107,258,-1,258,107,105,-1,258,105,250,-1,42,41,259,-1,259,41,251,-1,42,259,260,-1,42,260,44,-1,44,260,261,-1,44,261,46,-1,46,261,262,-1,46,262,71,-1,71,262,263,-1,71,263,72,-1,72,263,264,-1,72,264,74,-1,264,265,74,-1,74,265,266,-1,74,266,76,-1,76,266,267,-1,76,267,78,-1,267,268,78,-1,78,268,269,-1,78,269,80,-1,269,270,80,-1,80,270,271,-1,80,271,82,-1,82,271,272,-1,82,272,83,-1,83,272,273,-1,83,273,60,-1,60,273,274,-1,60,274,62,-1,62,274,275,-1,62,275,64,-1,64,275,276,-1,64,276,66,-1,68,66,277,-1,277,66,276,-1,68,277,278,-1,68,278,140,-1,140,278,279,-1,140,279,137,-1,137,279,280,-1,137,280,151,-1,151,280,281,-1,151,281,145,-1,145,281,282,-1,145,282,146,-1,146,282,283,-1,146,283,148,-1,148,283,284,-1,148,284,149,-1,149,284,285,-1,149,285,150,-1,150,285,286,-1,150,286,147,-1,147,286,287,-1,147,287,142,-1,142,287,288,-1,142,288,143,-1,143,288,289,-1,143,289,144,-1,144,289,290,-1,144,290,138,-1,138,290,291,-1,138,291,139,-1,139,291,292,-1,139,292,141,-1,141,292,293,-1,141,293,69,-1,69,293,294,-1,69,294,67,-1,65,67,295,-1,295,67,294,-1,65,295,296,-1,65,296,63,-1,63,296,297,-1,63,297,61,-1,61,297,298,-1,61,298,59,-1,59,298,299,-1,59,299,81,-1,81,299,300,-1,81,300,79,-1,79,300,301,-1,79,301,77,-1,77,301,302,-1,77,302,152,-1,11,303,304,-1,11,304,12,-1,12,304,305,-1,12,305,16,-1,16,305,306,-1,16,306,17,-1,17,306,307,-1,17,307,18,-1,18,307,308,-1,18,308,6,-1,6,308,309,-1,6,309,5,-1,5,309,310,-1,5,310,25,-1,25,310,311,-1,25,311,119,-1,119,311,312,-1,119,312,121,-1,121,312,313,-1,121,313,123,-1,123,313,314,-1,123,314,125,-1,125,314,315,-1,125,315,127,-1,127,315,316,-1,127,316,129,-1,129,316,317,-1,129,317,131,-1,131,317,318,-1,131,318,133,-1,133,318,319,-1,133,319,135,-1,135,319,320,-1,135,320,136,-1,136,320,321,-1,136,321,101,-1,101,321,322,-1,101,322,100,-1,100,322,323,-1,100,323,37,-1,37,323,324,-1,37,324,36,-1,36,324,325,-1,36,325,35,-1,35,325,326,-1,35,326,33,-1,33,326,327,-1,33,327,31,-1,31,327,328,-1,31,328,29,-1,29,328,329,-1,29,329,27,-1,27,329,303,-1,27,303,11,-1,
        ]
    }
}
Shape{
    appearance Appearance {
        material  Material 	{
            diffuseColor 0.8509803921568627 0.8509803921568627 0.8509803921568627
            specularColor 0.4235294117647059 0.4235294117647059 0.4235294117647059
            ambientIntensity 0.2
            transparency 0
            shininess 0.5
        }
    }
    geometry IndexedFaceSet {
        ccw TRUE
        solid FALSE
        coord DEF co Coordinate {
            point [
                0.5456 2.9724 1.3692, 0.5662 2.9724 1.4272, 0.5696 2.9724 1.4237, 0.5356 2.9724 1.3702, 0.5282 2.9724 1.3732, 0.5366 2.9724 1.435, 0.5437 2.9724 1.4358, 0.552 2.9724 1.4348, 0.5595 2.9724 1.4319, 0.5756 2.9724 1.3923, 0.5723 2.9724 1.3851, 0.5674 2.9724 1.379, 0.5441 2.9724 1.3692, 0.5741 2.9724 1.4166, 0.5766 2.9724 1.4086, 0.5771 2.9724 1.4003, 0.5609 2.9724 1.3739, 0.5532 2.9724 1.3706, 0.5216 2.9724 1.3778, 0.517 2.9724 1.383, 0.5129 2.9724 1.3903, 0.5108 2.9724 1.3984, 0.5108 2.9724 1.4063, 0.5127 2.9724 1.4142, 0.5164 2.9724 1.4212, 0.5218 2.9724 1.4274, 0.5286 2.9724 1.4321, 0.5286 2.9724 1.4321
            ]
        }
        coordIndex [
            0,1,2,-1,3,4,5,-1,6,7,0,-1,0,7,8,-1,0,8,1,-1,9,10,2,-1,2,10,11,-1,6,0,5,-1,5,0,12,-1,5,12,3,-1,13,14,2,-1,2,14,15,-1,2,15,9,-1,11,16,2,-1,2,16,17,-1,2,17,0,-1,4,18,5,-1,5,18,19,-1,5,19,20,-1,20,21,5,-1,5,21,22,-1,5,22,23,-1,23,24,5,-1,5,24,25,-1,5,25,26,-1,
        ]
    }
}