#VRML V2.0 utf8
# 3D model generated by easyeda2kicad.py (https://github.com/uPesy/easyeda2kicad.py)

Shape{
    appearance Appearance {
        material  Material 	{
            diffuseColor 0.8509803921568627 0.8509803921568627 0.8509803921568627
            specularColor 0.4235294117647059 0.4235294117647059 0.4235294117647059
            ambientIntensity 0.2
            transparency 0
            shininess 0.5
        }
    }
    geometry IndexedFaceSet {
        ccw TRUE
        solid FALSE
        coord DEF co Coordinate {
            point [
                -0.8864 1.2402 0.6454, -0.9251 1.2402 0.6451, -0.9251 1.2402 0.6812, -0.7318 1.2402 0.5257, -0.7289 1.2402 0.5267, -0.7289 1.2402 0.5243, -0.6674 1.2402 0.8374, -0.6697 1.2402 0.8376, -0.6275 1.2402 0.8376, -0.6975 1.2402 0.7169, -0.683 1.2402 0.7156, -0.7289 1.2402 0.7156, -0.1751 1.2402 0.5291, -0.1725 1.2402 0.5243, -0.5042 1.2402 0.5243, -0.1649 1.2402 0.5101, -0.1596 1.2402 0.5043, -0.5042 1.2402 0.5043, 0.0888 1.2402 0.6773, 0.088 1.2402 0.6812, 0.714 1.2402 0.6812, -0.4018 1.2402 0.7453, -0.4247 1.2402 0.7254, -0.5042 1.2402 0.8376, -0.5042 1.2402 0.7156, -0.3116 1.2402 0.8376, -0.3261 1.2402 0.8277, -0.3537 1.2402 0.7954, -0.3717 1.2402 0.7599, -0.3765 1.2402 0.7582, -0.2882 1.2402 0.8536, -0.5042 1.2402 1.9685, -0.2454 1.2402 0.869, 0.714 1.2402 0.8376, -0.1043 1.2402 0.8376, 0.714 1.2402 1.9685, -0.1076 1.2402 0.8404, -0.1284 1.2402 0.8531, -0.1678 1.2402 0.868, -0.2103 1.2402 0.8729, 0.0484 1.2402 0.7646, 0.0409 1.2402 0.7715, 0.0122 1.2402 0.7905, -0.0198 1.2402 0.8018, -0.0501 1.2402 0.8049, -0.0874 1.2402 0.8233, -0.0599 1.2402 0.8043, -0.0697 1.2402 0.8031, 0.714 1.2402 0.7156, 0.0819 1.2402 0.7109, 0.0797 1.2402 0.7156, 0.0674 1.2402 0.7412, -0.0179 1.2402 0.5243, -0.014 1.2402 0.5327, 0.714 1.2402 0.5243, 0.0005 1.2402 0.5374, 0.0308 1.2402 0.5535, 0.054 1.2402 0.5742, 0.057 1.2402 0.5777, 0.0749 1.2402 0.6053, 0.0861 1.2402 0.6374, 0.0892 1.2402 0.6675, -0.0224 1.2402 0.5144, 0.714 1.2402 0.5043, -0.0305 1.2402 0.5043, -0.0914 1.2402 0.4742, -0.0712 1.2402 0.4775, 0.1969 1.2402 0.0, 0.714 1.2402 0.0, 0.689 1.2402 0.0, -0.035 1.2402 0.4986, -0.0516 1.2402 0.4859, -0.1516 1.2402 0.4954, -0.1345 1.2402 0.4837, -0.5042 1.2402 0.0, -0.1154 1.2402 0.4765, -0.0947 1.2402 0.4741, -0.1598 1.2402 0.6163, -0.2746 1.2402 0.6752, -0.145 1.2402 0.6299, -0.1269 1.2402 0.6398, -0.4233 1.2402 0.5666, -0.3991 1.2402 0.5465, -0.3729 1.2402 0.5342, -0.4021 1.2402 0.6544, -0.3983 1.2402 0.6708, -0.3928 1.2402 0.6812, 0.0338 1.2402 0.6812, -0.4554 1.2402 0.644, -0.451 1.2402 0.616, -0.4399 1.2402 0.5892, -0.2907 1.2402 0.5812, -0.3008 1.2402 0.6298, -0.2848 1.2402 0.579, -0.2795 1.2402 0.5754, 0.0286 1.2402 0.6349, 0.0184 1.2402 0.6173, -0.0249 1.2402 0.6083, 0.0032 1.2402 0.6015, -0.0153 1.2402 0.5899, -0.0566 1.2402 0.6363, -0.0391 1.2402 0.6243, 0.0354 1.2402 0.6689, 0.0345 1.2402 0.6558, -0.297 1.2402 0.582, -0.2978 1.2402 0.5819, -0.3004 1.2402 0.5813, -0.5042 1.2402 0.6812, -0.4519 1.2402 0.6747, -0.4554 1.2402 0.6475, -0.2849 1.2402 0.5319, -0.2793 1.2402 0.5358, -0.2769 1.2402 0.5383, -0.0756 1.2402 0.6434, -0.0959 1.2402 0.6457, -0.1063 1.2402 0.645, -0.3453 1.2402 0.5287, -0.2949 1.2402 0.529, -0.2906 1.2402 0.5297, -0.2703 1.2402 0.5557, -0.2705 1.2402 0.5581, -0.1808 1.2402 0.5674, -0.272 1.2402 0.5647, -0.2751 1.2402 0.5706, -0.3849 1.2402 0.602, -0.3944 1.2402 0.6152, -0.4003 1.2402 0.6304, -0.4025 1.2402 0.647, -0.2732 1.2402 0.5437, -0.2711 1.2402 0.5495, -0.1802 1.2402 0.5501, -0.1807 1.2402 0.5589, -0.3021 1.2402 0.5811, -0.3405 1.2402 0.5808, -0.3558 1.2402 0.5836, -0.3709 1.2402 0.5905, -0.3837 1.2402 0.6007, -0.3295 1.2402 0.7141, 0.0253 1.2402 0.7085, 0.0327 1.2402 0.6895, -0.3364 1.2402 0.7141, -0.3905 1.2402 0.6856, -0.3806 1.2402 0.6968, -0.3674 1.2402 0.7061, -0.3526 1.2402 0.7119, -0.295 1.2402 0.7861, -0.2893 1.2402 0.7915, -0.0957 1.2402 0.7405, -0.3134 1.2402 0.7624, 0.0203 1.2402 0.7156, -0.0895 1.2402 0.744, -0.3292 1.2402 0.7156, -0.3256 1.2402 0.7344, -0.2653 1.2402 0.808, -0.2385 1.2402 0.8182, -0.1082 1.2402 0.7662, -0.2107 1.2402 0.8217, -0.0704 1.2402 0.7511, -0.0506 1.2402 0.7537, -0.0418 1.2402 0.7533, -0.179 1.2402 0.8178, -0.151 1.2402 0.8066, -0.1272 1.2402 0.7892, -0.0207 1.2402 0.7485, -0.0016 1.2402 0.7385, 0.0133 1.2402 0.7254, -0.4316 1.2402 0.7156, -0.4418 1.2402 0.7009, -0.4494 1.2402 0.6812, -0.5538 1.2402 0.6477, -0.6157 1.2402 0.6473, -0.6203 1.2402 0.6812, -0.5692 1.2402 0.6338, -0.5689 1.2402 0.5954, -0.6156 1.2402 0.6335, -0.6119 1.2402 0.5951, -0.6177 1.2402 0.5409, -0.6203 1.2402 0.5243, -0.6176 1.2402 0.5272, -0.5536 1.2402 0.5243, -0.5689 1.2402 0.5816, -0.5686 1.2402 0.5412, -0.6118 1.2402 0.5813, -0.5536 1.2402 0.5276, -0.553 1.2402 0.5276, -0.9616 1.2402 0.8376, -0.9748 1.2402 0.8353, -0.9914 1.2402 0.8352, -0.9251 1.2402 0.7156, -0.9283 1.2402 0.7156, -0.9616 1.2402 0.8011, -0.9455 1.2402 0.7156, -0.9454 1.2402 0.7154, -0.9616 1.2402 0.6812, -0.9283 1.2402 0.7155, -0.9616 1.2402 0.7156, -0.9616 1.2402 0.7481, -0.9572 1.2402 0.7482, -1.0363 1.2402 0.7147, -1.7717 1.2402 0.6812, -1.036 1.2402 0.7156, -1.7717 1.2402 0.7156, -1.7717 1.2402 0.8376, -1.0072 1.2402 0.7478, -1.0189 1.2402 0.7156, -1.0192 1.2402 0.7149, -0.7524 1.2402 0.7709, -0.7521 1.2402 0.7304, -0.7835 1.2402 0.7706, -0.7835 1.2402 0.7302, -0.7954 1.2402 0.7705, -0.8012 1.2402 0.7301, -0.8125 1.2402 0.7156, -0.8011 1.2402 0.7164, -0.7835 1.2402 0.7156, -0.7835 1.2402 0.8376, -0.7835 1.2402 0.8366, -0.7992 1.2402 0.8365, -0.7835 1.2402 0.7844, -0.7955 1.2402 0.7843, -0.7991 1.2402 0.8227, -0.8125 1.2402 0.8376, -0.7835 1.2402 0.8228, -0.7528 1.2402 0.823, -0.7525 1.2402 0.7846, -0.7374 1.2402 0.837, -0.7289 1.2402 0.8376, -0.7365 1.2402 0.7169, -0.702 1.2402 0.8376, -0.7133 1.2402 0.8343, -0.7835 1.2402 0.7165, -0.7132 1.2402 0.818, -0.7105 1.2402 0.721, -0.6872 1.2402 0.7292, -0.7008 1.2402 0.7317, -0.7126 1.2402 0.7369, -0.7125 1.2402 0.722, -0.6997 1.2402 0.8235, -0.6849 1.2402 0.8254, -0.6393 1.2402 0.7763, -0.645 1.2402 0.7501, -0.6508 1.2402 0.7419, -0.6531 1.2402 0.7396, -0.6609 1.2402 0.734, -0.6695 1.2402 0.7306, -0.6816 1.2402 0.729, -0.6521 1.2402 0.8123, -0.6455 1.2402 0.8032, -0.6604 1.2402 0.819, -0.6698 1.2402 0.8233, -0.6803 1.2402 0.8252, -0.6414 1.2402 0.7929, -0.7119 1.2402 0.8188, -0.6393 1.2402 0.7718, -0.6412 1.2402 0.7598, -0.7289 1.2402 1.9685, -0.7007 1.2402 0.838, -0.6275 1.2402 1.9685, -0.6849 1.2402 0.8394, -0.6851 1.2402 0.8394, -0.6319 1.2402 0.8107, -0.6406 1.2402 0.822, -0.6436 1.2402 0.8247, -0.6548 1.2402 0.8326, -0.6275 1.2402 0.7498, -0.6252 1.2402 0.7557, -0.6203 1.2402 0.7156, -0.623 1.2402 0.7755, -0.6232 1.2402 0.7817, -0.6203 1.2402 0.8376, -0.6261 1.2402 0.7974, -0.6275 1.2402 0.8007, -0.672 1.2402 0.7156, -0.659 1.2402 0.7184, -0.6275 1.2402 0.7156, -0.6477 1.2402 0.7238, -0.6381 1.2402 0.7319, -0.6301 1.2402 0.7432, -0.673 1.2402 0.7156, -0.6275 1.2402 0.6812, -0.6792 1.2402 0.7152, -0.5707 1.2402 0.8382, -0.5707 1.2402 0.8376, -0.5699 1.2402 0.7317, -0.6177 1.2402 0.7314, -0.6177 1.2402 0.7177, -0.5543 1.2402 0.7182, -0.5536 1.2402 0.7156, -0.5536 1.2402 0.8376, -0.6203 1.2402 1.9685, -0.5536 1.2402 1.9685, -0.5552 1.2402 0.8383, -0.5552 1.2402 0.8376, -1.7717 1.2402 -1.3287, -1.3516 1.2402 -1.5027, -1.4026 1.2402 -1.5418, -1.4619 1.2402 -1.5664, -1.5256 1.2402 -1.5748, -1.5893 1.2402 -1.5664, -1.2795 1.2402 -1.3287, -1.2879 1.2402 -1.3924, -1.3125 1.2402 -1.4518, -1.6486 1.2402 -1.5418, -1.6996 1.2402 -1.5027, -1.7387 1.2402 -1.4518, -1.7633 1.2402 -1.3924, -1.2795 1.2402 -0.5504, -1.7717 1.2402 -0.5504, -1.2795 1.2402 0.0, -1.7717 1.2402 0.5043, -0.9616 1.2402 0.0, -0.9616 1.2402 0.5043, -0.9251 1.2402 0.5043, -0.9251 1.2402 0.0, -0.8778 1.2402 0.5043, -0.8778 1.2402 0.0, -0.7898 1.2402 0.4868, -0.7899 1.2402 0.5002, -0.7835 1.2402 0.5043, -0.8234 1.2402 0.4994, -0.8171 1.2402 0.4922, -0.8125 1.2402 0.0, -0.8125 1.2402 0.4889, -0.812 1.2402 0.4886, -0.793 1.2402 0.4991, -0.7985 1.2402 0.4984, -0.8105 1.2402 0.5043, -0.8013 1.2402 0.4986, -0.8075 1.2402 0.5013, -0.8047 1.2402 0.4996, -0.8061 1.2402 0.4862, -0.7995 1.2402 0.4855, -0.7835 1.2402 0.0, -0.7962 1.2402 0.4856, -0.7289 1.2402 0.5043, -0.7289 1.2402 0.0, -0.6275 1.2402 0.5043, -0.6275 1.2402 0.0, -0.6203 1.2402 0.5043, -0.6203 1.2402 0.0, -0.5536 1.2402 0.5043, -0.5536 1.2402 0.0, 0.1969 1.2402 -0.5504, 0.689 1.2402 -0.5504, 0.1969 1.2402 -1.3287, 0.689 1.2402 -1.3287, 0.5066 1.2402 -1.5664, 0.2689 1.2402 -1.5027, 0.2298 1.2402 -1.4518, 0.6806 1.2402 -1.3924, 0.656 1.2402 -1.4518, 0.6169 1.2402 -1.5027, 0.3199 1.2402 -1.5418, 0.4429 1.2402 -1.5748, 0.3792 1.2402 -1.5664, 0.5659 1.2402 -1.5418, 0.2052 1.2402 -1.3924, -0.9186 1.2402 0.7555, -0.9126 1.2402 0.7431, -0.9216 1.2402 0.7695, -0.8778 1.2402 0.8376, -0.8778 1.2402 0.8338, -0.9251 1.2402 0.8376, -0.8917 1.2402 0.8286, -0.9157 1.2402 0.8053, -0.9201 1.2402 0.7938, -0.922 1.2402 0.7771, -0.8778 1.2402 0.7185, -0.8778 1.2402 0.7156, -0.8911 1.2402 0.7237, -0.9036 1.2402 0.7325, -0.9042 1.2402 0.8199, -0.9084 1.2402 0.8158, -0.8589 1.2402 0.8361, -0.8772 1.2402 0.834, -0.8774 1.2402 0.7184, -0.8568 1.2402 0.716, -0.8238 1.2402 0.7162, -0.8247 1.2402 0.8363, -0.6383 1.2402 0.5679, -0.6408 1.2402 0.5922, -0.6353 1.2402 0.5636, -0.6332 1.2402 0.5583, -0.6784 1.2402 0.5313, -0.6729 1.2402 0.5278, -0.6858 1.2402 0.5267, -0.724 1.2402 0.5786, -0.7224 1.2402 0.5832, -0.7214 1.2402 0.545, -0.7009 1.2402 0.5266, -0.7213 1.2402 0.5294, -0.6741 1.2402 0.6018, -0.669 1.2402 0.6023, -0.6608 1.2402 0.5778, -0.7289 1.2402 0.5407, -0.7289 1.2402 0.5725, -0.7268 1.2402 0.5416, -0.7284 1.2402 0.5729, -0.726 1.2402 0.5755, -0.6429 1.2402 0.5719, -0.6493 1.2402 0.5751, -0.6513 1.2402 0.5986, -0.6607 1.2402 0.6016, -0.6859 1.2402 0.54, -0.6855 1.2402 0.54, -0.6832 1.2402 0.5364, -0.6275 1.2402 0.5243, -0.6444 1.2402 0.5282, -0.6394 1.2402 0.5317, -0.6591 1.2402 0.5249, -0.6502 1.2402 0.526, -0.6379 1.2402 0.5333, -0.6347 1.2402 0.5378, -0.6329 1.2402 0.5429, -0.6862 1.2402 0.5812, -0.6858 1.2402 0.5878, -0.6843 1.2402 0.5932, -0.6825 1.2402 0.5963, -0.7218 1.2402 0.5891, -0.6999 1.2402 0.5945, -0.7013 1.2402 0.5818, -0.6803 1.2402 0.5988, -0.6776 1.2402 0.6005, -0.6321 1.2402 0.55, -0.6322 1.2402 0.5518, -0.6409 1.2402 0.6068, -0.644 1.2402 0.6085, -0.6552 1.2402 0.6128, -0.6705 1.2402 0.6145, -0.6668 1.2402 0.5256, -0.6706 1.2402 0.6145, -0.6811 1.2402 0.6133, -0.6871 1.2402 0.6111, -0.7289 1.2402 0.6812, -0.7267 1.2402 0.6028, -0.6918 1.2402 0.6081, -0.7223 1.2402 0.5939, -0.724 1.2402 0.5987, -0.6974 1.2402 0.601, -0.6943 1.2402 0.6056, -0.7449 1.2402 0.5243, -0.7445 1.2402 0.5242, -0.7442 1.2402 0.5243, -0.7582 1.2402 0.5258, -0.7835 1.2402 0.5243, -0.7757 1.2402 0.61, -0.7756 1.2402 0.5954, -0.7289 1.2402 0.6049, -0.7316 1.2402 0.6073, -0.7353 1.2402 0.6095, -0.7786 1.2402 0.5433, -0.7767 1.2402 0.5386, -0.7739 1.2402 0.5346, -0.7433 1.2402 0.6126, -0.7554 1.2402 0.6139, -0.7835 1.2402 0.6812, -0.7659 1.2402 0.6129, -0.7744 1.2402 0.5636, -0.7772 1.2402 0.5594, -0.7788 1.2402 0.555, -0.7794 1.2402 0.5494, -0.7696 1.2402 0.5309, -0.7661 1.2402 0.5288, -0.7538 1.2402 0.6017, -0.7494 1.2402 0.6014, -0.7373 1.2402 0.5903, -0.7453 1.2402 0.6004, -0.7419 1.2402 0.5986, -0.7374 1.2402 0.5883, -0.738 1.2402 0.586, -0.7391 1.2402 0.5839, -0.7405 1.2402 0.5823, -0.7458 1.2402 0.5789, -0.7643 1.2402 0.6004, -0.7551 1.2402 0.5748, -0.7728 1.2402 0.597, -0.7609 1.2402 0.5724, -0.7709 1.2402 0.5668, -0.7397 1.2402 0.5966, -0.7384 1.2402 0.5947, -0.7376 1.2402 0.5927, -0.7362 1.2402 0.5378, -0.7444 1.2402 0.564, -0.7355 1.2402 0.5681, -0.7461 1.2402 0.5365, -0.7467 1.2402 0.5365, -0.7543 1.2402 0.5598, -0.7545 1.2402 0.5373, -0.7639 1.2402 0.548, -0.7638 1.2402 0.5499, -0.7584 1.2402 0.5387, -0.7597 1.2402 0.5395, -0.7615 1.2402 0.5411, -0.7628 1.2402 0.543, -0.7636 1.2402 0.5451, -0.7631 1.2402 0.5522, -0.762 1.2402 0.5542, -0.7601 1.2402 0.5562, -0.835 1.2402 0.5243, -0.8778 1.2402 0.5243, -0.87 1.2402 0.6112, -0.8778 1.2402 0.6812, -0.8544 1.2402 0.6113, -0.8264 1.2402 0.547, -0.8282 1.2402 0.5399, -0.8286 1.2402 0.5399, -0.8125 1.2402 0.6812, -0.8125 1.2402 0.5879, -0.8305 1.2402 0.5468, -0.8293 1.2402 0.5429, -0.8125 1.2402 0.5471, -0.7876 1.2402 0.6117, -0.8045 1.2402 0.6116, -0.82 1.2402 0.5243, -0.8207 1.2402 0.5259, -0.8125 1.2402 0.5243, -0.814 1.2402 0.5104, -0.8125 1.2402 0.5078, -0.8303 1.2402 0.5127, -0.8259 1.2402 0.5043, -0.9483 1.2402 0.6449, -0.9482 1.2402 0.6311, -0.9503 1.2402 0.5385, -0.9616 1.2402 0.5243, -0.9502 1.2402 0.5248, -0.9251 1.2402 0.5243, -0.9015 1.2402 0.5793, -0.9012 1.2402 0.5389, -0.9251 1.2402 0.5791, -0.9251 1.2402 0.5387, -0.9444 1.2402 0.579, -0.9445 1.2402 0.5927, -0.9251 1.2402 0.5928, -0.9251 1.2402 0.6313, -0.9018 1.2402 0.6314, -0.9016 1.2402 0.593, -0.9251 1.2402 0.525, -0.8856 1.2402 0.5253, -1.1239 1.2402 0.6437, -1.1405 1.2402 0.6436, -1.0677 1.2402 0.5639, -1.0774 1.2402 0.5243, -1.0707 1.2402 0.5779, -1.0711 1.2402 0.5855, -1.0692 1.2402 0.6022, -1.0617 1.2402 0.5515, -1.0526 1.2402 0.5409, -1.0402 1.2402 0.5321, -0.9737 1.2402 0.6448, -0.9729 1.2402 0.5247, -1.0059 1.2402 0.5244, -1.0265 1.2402 0.5268, -1.0533 1.2402 0.6283, -1.0574 1.2402 0.6242, -1.0648 1.2402 0.6137, -1.008 1.2402 0.6445, -1.0263 1.2402 0.6424, -1.0407 1.2402 0.637, -1.0944 1.2402 0.5238, -1.0773 1.2402 0.5239, -1.0946 1.2402 0.5243, -1.1682 1.2402 0.5233, -1.1854 1.2402 0.5231, -1.1849 1.2402 0.5243, -1.7717 1.2402 0.5243, -1.1679 1.2402 0.5243, -1.1562 1.2402 0.5562, -1.1062 1.2402 0.5566, -0.7835 1.2402 1.9685, -0.8125 1.2402 1.9685, -0.8778 1.2402 1.9685, -0.9251 1.2402 1.9685, -0.9616 1.2402 1.9685, -1.7717 1.2402 1.9685, -0.5536 1.2402 0.6812, -0.5536 1.2402 0.6229, 1.3386 1.2402 1.9685, 1.3386 1.2402 0.8376, 1.3386 1.2402 0.7156, 1.3386 1.2402 0.6812, 1.3386 1.2402 0.5243, 1.3386 1.2402 0.5043, 1.3386 1.2402 0.0, 1.6142 0.2603 1.4019, 1.6142 0.2454 1.4092, 1.5978 0.2455 1.4095, 1.4689 -0.4908 0.9481, 1.4665 -0.4906 0.9842, 1.5157 -0.492 0.9843, 1.5157 -0.4921 0.9853, 1.4014 0.2402 1.4138, 1.4009 0.2458 1.41, 1.4501 0.2456 1.4096, 1.4491 0.2591 1.4026, 1.1417 0.2452 0.5595, 1.188 0.2499 0.5603, 1.1417 0.2874 0.5848, 1.193 0.3123 0.6039, 1.146 0.3374 0.6266, 1.1952 0.3367 0.6273, 1.1464 0.3424 0.6308, 1.1512 0.3923 0.6872, 1.1979 0.3666 0.6559, 1.2024 0.4111 0.7138, 1.1531 0.41 0.7146, 1.2024 0.4113 0.7141, 1.1556 0.4321 0.7486, 1.2066 0.4463 0.7769, 1.16 0.4624 0.8159, 1.2093 0.4612 0.8164, 1.16 0.4625 0.816, 1.2113 0.4723 0.8459, 1.1649 0.4828 0.8891, 1.2162 0.4879 0.9197, 1.1675 0.4873 0.9273, 1.2167 0.4883 0.9271, 1.17 0.4918 0.9657, 1.2212 0.492 0.9958, 1.1751 0.4887 1.0414, 1.2243 0.4874 1.0412, 1.1752 0.4886 1.0429, 1.2263 0.4843 1.0715, 1.1802 0.4736 1.118, 1.2311 0.4654 1.1441, 1.1824 0.4611 1.1521, 1.2317 0.4619 1.1523, 1.1849 0.4478 1.1884, 1.2356 0.4366 1.2113, 1.1892 0.4127 1.2523, 1.2386 0.4102 1.2541, 1.1893 0.411 1.2546, 1.2399 0.3988 1.2726, 1.1938 0.3676 1.3114, 1.2445 0.3511 1.3291, 1.1965 0.3367 1.3412, 1.2457 0.337 1.3414, 1.1987 0.3127 1.3643, 1.2494 0.2942 1.3788, 1.2038 0.2494 1.4085, 1.2533 0.2455 1.4095, 1.2041 0.2459 1.4102, 1.2545 0.2298 1.4195, 1.2089 0.18 1.4423, 1.2596 0.16 1.4496, 1.2116 0.1407 1.4543, 1.2608 0.1409 1.4546, 1.2139 0.107 1.4646, 1.2644 0.0875 1.4685, 1.2185 0.0332 1.4753, 1.268 0.0285 1.4747, 1.2188 0.0286 1.4752, 1.2688 0.015 1.4761, 1.2228 -0.0397 1.4748, 1.2731 -0.057 1.4731, 1.2257 -0.0852 1.4676, 1.2749 -0.0852 1.4676, 1.2275 -0.1136 1.4631, 1.2778 -0.1298 1.4589, 1.2325 -0.1864 1.4397, 1.2823 -0.1948 1.4357, 1.2331 -0.1946 1.4356, 1.2827 -0.201 1.4335, 1.2376 -0.2553 1.4049, 1.2878 -0.268 1.397, 1.2407 -0.293 1.3778, 1.2899 -0.293 1.3779, 1.2427 -0.318 1.3599, 1.2928 -0.3283 1.3509, 1.2476 -0.372 1.3064, 1.2973 -0.3767 1.3004, 1.2481 -0.3766 1.3003, 1.2976 -0.38 1.2969, 1.2522 -0.4162 1.2468, 1.302 -0.422 1.2375, 1.255 -0.4387 1.2045, 1.3042 -0.4386 1.2045, 1.2565 -0.4505 1.1824, 1.3063 -0.4545 1.173, 1.2612 -0.4754 1.1115, 1.311 -0.4777 1.1024, 1.2621 -0.478 1.0976, 1.3113 -0.4785 1.0977, 1.2662 -0.4894 1.0361, 1.316 -0.4902 1.0277, 1.2697 -0.4908 0.9842, 1.3189 -0.4907 0.9842, 1.2714 -0.4915 0.9588, 1.3211 -0.491 0.9515, 1.2765 -0.4815 0.8824, 1.3261 -0.4802 0.8764, 1.2772 -0.4781 0.871, 1.3265 -0.4785 0.8709, 1.2813 -0.4601 0.8097, 1.3308 -0.4584 0.8051, 1.2844 -0.4387 0.7639, 1.3336 -0.4387 0.7639, 1.2858 -0.4289 0.743, 1.3352 -0.4271 0.7397, 1.2902 -0.3883 0.6819, 1.3395 -0.3865 0.6797, 1.2913 -0.3762 0.6686, 1.3405 -0.3763 0.6685, 1.2949 -0.3375 0.6261, 1.3443 -0.3361 0.6248, 1.2987 -0.2932 0.5904, 1.3479 -0.2932 0.5904, 1.3 -0.2776 0.5779, 1.3493 -0.2769 0.5774, 1.3052 -0.2105 0.5394, 1.3544 -0.2108 0.5395, 1.3063 -0.1946 0.5333, 1.3555 -0.1946 0.5333, 1.3102 -0.1387 0.5121, 1.3593 -0.14 0.5125, 1.3137 -0.0852 0.5007, 1.3629 -0.0852 0.5006, 1.315 -0.0649 0.4964, 1.3641 -0.0673 0.4967, 1.3194 0.0082 0.4922, 1.3684 0.0049 0.4922, 1.3206 0.0285 0.4941, 1.3698 0.0285 0.4941, 1.3238 0.0817 0.499, 1.3728 0.0773 0.4982, 1.3278 0.1409 0.5137, 1.377 0.141 0.5134, 1.3287 0.1553 0.5173, 1.3775 0.1499 0.5155, 1.3338 0.2263 0.5472, 1.3826 0.2202 0.5441, 1.3353 0.2454 0.5591, 1.3845 0.2453 0.5593, 1.3389 0.2919 0.588, 1.3876 0.2855 0.5834, 1.3429 0.337 0.6271, 1.3921 0.3374 0.6267, 1.344 0.3499 0.6382, 1.3926 0.3436 0.6319, 1.3487 0.3984 0.6954, 1.3973 0.3927 0.6876, 1.35 0.4102 0.7144, 1.3992 0.4101 0.7145, 1.353 0.4368 0.7575, 1.4016 0.4318 0.7482, 1.3569 0.4618 0.8162, 1.406 0.4619 0.8146, 1.4061 0.4623 0.816, 1.3575 0.4659 0.8258, 1.4108 0.4823 0.8865, 1.3625 0.4848 0.8995, 1.3676 0.4921 0.9764, 1.4209 0.4892 1.0381, 1.3719 0.488 1.0413, 1.4211 0.4886 1.0413, 1.3727 0.4872 1.0535, 1.3643 0.4874 0.9273, 1.4135 0.4874 0.9273, 1.4158 0.4916 0.9619, 1.3777 0.4707 1.128, 1.4259 0.4751 1.1124, 1.3793 0.4613 1.1521, 1.4285 0.4612 1.1521, 1.3823 0.4435 1.1976, 1.4305 0.4505 1.1823, 1.3862 0.4107 1.2544, 1.4348 0.4168 1.2459, 1.4354 0.4106 1.2543, 1.3866 0.4071 1.2608, 1.4393 0.3735 1.3047, 1.4441 0.3205 1.3577, 1.3962 0.3044 1.3709, 1.4426 0.3369 1.3413, 1.3934 0.3367 1.3411, 1.3913 0.3606 1.3192, 1.4114 0.0968 1.4668, 1.4637 0.047 1.4741, 1.4156 0.0286 1.4752, 1.4648 0.0286 1.4745, 1.416 0.0231 1.4758, 1.4065 0.1701 1.4461, 1.4542 0.1915 1.4376, 1.4085 0.1408 1.4543, 1.4577 0.1408 1.4546, 1.4591 0.1199 1.4616, 1.4203 -0.0499 1.4738, 1.468 -0.0248 1.4757, 1.4225 -0.0852 1.4675, 1.4717 -0.0854 1.4681, 1.4725 -0.0975 1.4666, 1.425 -0.1237 1.4606, 1.4773 -0.1698 1.4462, 1.4299 -0.1949 1.436, 1.4791 -0.1944 1.4349, 1.43 -0.1962 1.4356, 1.4824 -0.239 1.4145, 1.4352 -0.2644 1.3993, 1.4403 -0.326 1.353, 1.4924 -0.3582 1.3217, 1.4449 -0.3768 1.3004, 1.4941 -0.376 1.2998, 1.4451 -0.3787 1.2985, 1.4375 -0.293 1.3778, 1.4867 -0.2935 1.3784, 1.4875 -0.3025 1.3724, 1.4496 -0.4215 1.2383, 1.497 -0.4046 1.2644, 1.4518 -0.4386 1.2045, 1.501 -0.4396 1.205, 1.5012 -0.4411 1.2025, 1.5106 -0.4861 1.0612, 1.4638 -0.4904 1.0255, 1.5082 -0.4775 1.0974, 1.459 -0.4786 1.0977, 1.5057 -0.4687 1.1344, 1.4587 -0.478 1.1013, 1.454 -0.4545 1.1729, 1.5233 -0.4775 0.8711, 1.4741 -0.4788 0.8708, 1.474 -0.4792 0.8721, 1.5207 -0.4864 0.9094, 1.4788 -0.4564 0.8001, 1.5256 -0.4693 0.8361, 1.4812 -0.4386 0.764, 1.6142 0.4605 1.152, 1.5752 0.4675 1.138, 1.6142 0.4821 1.0833, 1.5703 0.4856 1.064, 1.6142 0.4863 1.0411, 1.5688 0.4875 1.0413, 1.6142 0.4921 0.9843, 1.5651 0.4921 0.987, 1.6104 0.4889 0.9282, 1.5612 0.4877 0.9272, 1.6104 0.4887 0.9271, 1.56 0.4865 0.91, 1.6055 0.4746 0.854, 1.5551 0.4692 0.8357, 1.603 0.4611 0.8164, 1.5538 0.4614 0.8164, 1.6008 0.4497 0.7843, 1.5504 0.4413 0.7665, 1.5966 0.4157 0.7209, 1.5469 0.4105 0.7142, 1.5961 0.4107 0.7142, 1.5461 0.4043 0.7037, 1.5921 0.3721 0.6622, 1.5415 0.3572 0.6457, 1.5889 0.3368 0.6272, 1.5397 0.3368 0.6273, 1.5873 0.3188 0.6094, 1.5365 0.3004 0.5945, 1.5822 0.2573 0.5647, 1.5321 0.2456 0.5587, 1.5814 0.2457 0.5588, 1.5314 0.2357 0.5522, 1.5772 0.1894 0.5301, 1.5262 0.1653 0.5207, 1.5738 0.1407 0.514, 1.5246 0.1408 0.5141, 1.5722 0.1178 0.5064, 1.5213 0.0919 0.5008, 1.5676 0.045 0.4942, 1.5174 0.0285 0.4936, 1.5667 0.0286 0.4939, 1.5168 0.0183 0.4925, 1.5634 -0.0269 0.4929, 1.5125 -0.0547 0.4952, 1.5598 -0.0853 0.5005, 1.5105 -0.0852 0.501, 1.5589 -0.0996 0.5023, 1.5078 -0.1286 0.5092, 1.554 -0.1718 0.5231, 1.5031 -0.1948 0.5328, 1.5524 -0.1944 0.5335, 1.5027 -0.2008 0.535, 1.549 -0.2409 0.5551, 1.4976 -0.2687 0.572, 1.5448 -0.2934 0.5902, 1.4955 -0.293 0.5907, 1.5439 -0.3042 0.5974, 1.4925 -0.3297 0.6189, 1.539 -0.3597 0.6484, 1.4881 -0.3766 0.6683, 1.5374 -0.376 0.6687, 1.4876 -0.3819 0.6738, 1.5344 -0.4058 0.7058, 1.4832 -0.4239 0.7343, 1.5305 -0.4395 0.7636, 1.5302 -0.442 0.7679, 1.6142 0.3376 1.3421, 1.5938 0.296 1.3774, 1.5902 0.3369 1.3413, 1.6142 0.3391 1.3409, 1.5888 0.3534 1.3267, 1.6142 0.4039 1.2654, 1.5841 0.4013 1.2691, 1.6142 0.4102 1.2541, 1.5831 0.4103 1.2542, 1.6142 0.4522 1.1783, 1.5798 0.439 1.2067, 1.5762 0.4616 1.1522, 1.6142 -0.0 1.4764, 1.6134 0.013 1.4762, 1.6142 0.0285 1.4742, 1.6125 0.0285 1.4746, 1.6142 0.0745 1.4707, 1.6089 0.0866 1.4687, 1.6142 0.1406 1.4536, 1.6053 0.1409 1.4546, 1.6142 0.1709 1.4457, 1.604 0.1601 1.4496, 1.5989 0.2308 1.4189, 1.1417 -0.0852 0.5006, 1.166 -0.0853 0.5008, 1.1417 -0.0745 0.4978, 1.1692 -0.035 0.4934, 1.1417 0.0249 0.4928, 1.1729 0.0286 0.4935, 1.1417 0.0286 0.4933, 1.1734 0.0368 0.4935, 1.1417 0.1234 0.5078, 1.178 0.1096 0.5045, 1.1417 0.1406 0.5142, 1.1801 0.1407 0.5142, 1.1417 0.2167 0.5424, 1.1829 0.1815 0.5268, 1.1877 0.2459 0.5584, 1.1417 -0.396 0.6921, 1.1436 -0.3766 0.6683, 1.1417 -0.3757 0.6691, 1.1448 -0.3654 0.6545, 1.1417 -0.3391 0.6276, 1.1496 -0.3109 0.6027, 1.1417 -0.2924 0.5914, 1.1511 -0.2932 0.5905, 1.1417 -0.2603 0.5666, 1.1547 -0.2483 0.5594, 1.1417 -0.1941 0.5341, 1.1587 -0.1945 0.5333, 1.1417 -0.1709 0.5228, 1.1597 -0.1798 0.5261, 1.1646 -0.1078 0.5041, 1.0526 0.434 0.5976, 1.0529 0.4404 0.6061, 0.9843 0.4929 0.5611, 1.0594 0.5354 0.7772, 1.0606 0.5466 0.8127, 0.9843 0.6198 0.7898, 1.064 0.5643 0.9047, 1.0648 0.5655 0.9267, 0.9843 0.6463 0.9185, 1.0885 0.2535 1.4671, 1.0891 0.2399 1.4733, 0.9843 0.2861 1.5675, 1.0998 -0.0514 1.5158, 1.1009 -0.0806 1.5104, 0.9843 -0.0984 1.6264, 1.1117 -0.3292 1.3895, 1.1133 -0.3583 1.3612, 0.9843 -0.4476 1.4551, 1.1203 -0.4634 1.2056, 1.1211 -0.4706 1.1862, 0.9843 -0.597 1.2404, 1.1368 -0.4629 0.8033, 1.1374 -0.4556 0.7888, 0.9843 -0.597 0.7281, 0.9843 -0.4476 0.5134, 0.9843 -0.5332 0.6132, 1.0352 -0.4293 0.567, 1.1381 -0.4483 0.774, 1.1388 -0.4394 0.7563, 1.1408 -0.4114 0.7124, 1.1334 -0.4895 0.8837, 1.1343 -0.4846 0.8631, 0.9843 -0.6363 0.8535, 1.1352 -0.4774 0.8425, 1.1364 -0.467 0.813, 1.1288 -0.5044 0.9942, 1.1293 -0.5044 0.9843, 0.9843 -0.6496 0.9843, 1.1294 -0.5045 0.981, 1.1299 -0.5037 0.9678, 1.1321 -0.4971 0.9166, 1.1321 -0.4969 0.9147, 1.1251 -0.4984 1.0868, 1.1251 -0.4984 1.0867, 0.9843 -0.6363 1.115, 1.1256 -0.5 1.0724, 1.1272 -0.5042 1.0341, 1.1223 -0.4819 1.1559, 1.1226 -0.4841 1.1485, 1.1229 -0.4869 1.1391, 1.1197 -0.4565 1.2196, 0.9843 -0.5332 1.3554, 1.1184 -0.4398 1.2531, 1.1139 -0.368 1.3517, 1.1141 -0.372 1.3469, 1.1159 -0.4026 1.3101, 1.1164 -0.411 1.2985, 1.117 -0.4195 1.2852, 1.1173 -0.4234 1.279, 1.111 -0.3138 1.4017, 0.9843 -0.3436 1.5355, 1.1096 -0.2864 1.4234, 1.1077 -0.247 1.448, 1.1089 -0.2728 1.4327, 1.1092 -0.2775 1.4295, 1.1046 -0.1739 1.484, 1.1047 -0.177 1.483, 0.9843 -0.2256 1.5934, 1.105 -0.1836 1.4799, 1.1068 -0.2262 1.4603, 1.1015 -0.0966 1.5074, 1.1018 -0.1046 1.5059, 1.1026 -0.1253 1.5005, 1.0987 -0.0182 1.5185, 0.9843 0.0329 1.633, 1.098 0.0026 1.5201, 1.096 0.0603 1.5187, 1.0961 0.0573 1.519, 1.0971 0.0272 1.5196, 1.093 0.1406 1.506, 1.0932 0.1354 1.5074, 0.9843 0.1628 1.6131, 1.0934 0.1299 1.5089, 1.0954 0.0753 1.5174, 1.0892 0.2355 1.4753, 1.0899 0.2201 1.4811, 1.0914 0.1833 1.4948, 1.0849 0.3357 1.4179, 1.0864 0.3021 1.4408, 0.9843 0.3976 1.4979, 1.0866 0.2961 1.4441, 1.0885 0.2542 1.4667, 1.0804 0.4255 1.337, 1.0808 0.4192 1.3441, 0.9843 0.4929 1.4074, 1.0813 0.4084 1.3563, 1.0823 0.3904 1.374, 1.0835 0.3652 1.3951, 1.0843 0.3478 1.4098, 0.9843 0.568 1.2995, 1.0775 0.4772 1.2701, 1.0776 0.4758 1.2721, 1.0794 0.445 1.315, 1.075 0.5147 1.2021, 1.0749 0.5153 1.2005, 0.9843 0.6198 1.1787, 1.0757 0.5051 1.2218, 1.0769 0.4864 1.2542, 1.0719 0.5443 1.121, 1.073 0.5358 1.1499, 1.0731 0.535 1.1521, 1.0688 0.5626 1.0363, 1.0689 0.5622 1.0402, 0.9843 0.6463 1.05, 1.069 0.5619 1.0414, 1.071 0.5517 1.0959, 1.0656 0.5667 0.9486, 1.066 0.5674 0.9609, 1.0681 0.5648 1.0171, 1.0609 0.549 0.8203, 1.0619 0.5556 0.8486, 1.0624 0.5576 0.8612, 1.0566 0.5014 0.6994, 1.0568 0.5042 0.7044, 0.9843 0.568 0.669, 1.0571 0.5099 0.7149, 1.059 0.5321 0.7666, 1.0538 0.4564 0.6273, 1.0545 0.4685 0.6434, 1.0553 0.4825 0.6651, 0.9843 0.3976 0.4706, 1.0506 0.3953 0.5554, 1.0508 0.3996 0.5601, 1.0477 0.3317 0.501, 1.0486 0.3523 0.5169, 1.0489 0.3579 0.5219, 1.0445 0.2542 0.4532, 1.0447 0.2592 0.4559, 0.9843 0.2861 0.401, 1.0456 0.2837 0.4689, 1.0477 0.3313 0.5007, 1.0388 0.0989 0.3975, 1.0405 0.1487 0.4101, 0.9843 0.1628 0.3554, 1.0407 0.1544 0.4115, 1.0413 0.1707 0.4169, 1.0416 0.1797 0.4199, 1.0436 0.2331 0.442, 1.0383 0.0835 0.3951, 0.9843 0.0329 0.3355, 1.037 0.0422 0.3888, 0.9843 -0.0984 0.3421, 1.0352 -0.0907 0.3925, 1.0352 -0.0155 0.3858, 1.0355 -0.0038 0.3864, 1.0366 0.0302 0.3882, 1.0352 -0.2432 0.4401, 1.0352 -0.2079 0.4228, 0.9843 -0.2256 0.3751, 1.0352 -0.1879 0.4177, 1.0352 -0.0998 0.3948, 1.0352 -0.2723 0.4544, 0.9843 -0.3436 0.433, 1.0352 -0.3167 0.4762, 1.0352 -0.4225 0.5603, 1.0352 -0.4125 0.5503, 1.0352 -0.3509 0.5027, 1.1408 -0.4111 0.712, 1.1412 -0.4042 0.7029, 1.0369 -0.4185 0.5587, 1.0382 -0.4104 0.5525, 1.0382 -0.4103 0.5524, 1.0454 -0.3631 0.5212, 1.0486 -0.3416 0.509, 1.0488 -0.3404 0.5085, 1.0537 -0.3066 0.4925, 1.0561 -0.2905 0.4848, 1.073 -0.1695 0.4501, 1.0789 -0.1259 0.4438, 1.0713 -0.1819 0.452, 1.0694 -0.1959 0.4554, 1.0637 -0.2372 0.4658, 1.061 -0.256 0.4725, 1.0949 -0.0019 0.4453, 1.0949 -0.0023 0.4453, 1.0936 -0.0126 0.4441, 1.0885 -0.0525 0.442, 1.0863 -0.0694 0.4411, 1.0845 -0.0832 0.4418, 1.0844 -0.0838 0.4418, 1.0987 0.027 0.4504, 1.1016 0.0498 0.4544, 1.1054 0.0766 0.462, 1.1178 0.1592 0.4934, 1.1167 0.1526 0.4902, 1.1163 0.1497 0.4888, 1.1133 0.1302 0.4809, 1.1087 0.1005 0.4688, 1.1409 0.2836 0.5813, 1.1336 0.2478 0.5497, 1.1287 0.2221 0.5313, 1.1287 0.2221 0.5313, 1.1256 0.205 0.5192, 1.7051 0.5778 0.9088, 1.7036 0.5693 0.8673, 1.7717 0.6363 0.8535, 1.7005 0.5417 0.7814, 1.6996 0.5301 0.7568, 1.7717 0.597 0.7281, 1.6764 -0.0063 0.43, 1.6756 -0.028 0.432, 1.7717 -0.0329 0.3355, 1.6598 -0.3989 0.6237, 1.6593 -0.4072 0.6346, 1.7717 -0.4929 0.5611, 1.6559 -0.4603 0.7138, 1.6555 -0.4659 0.7256, 1.7717 -0.568 0.669, 1.6441 -0.5209 1.0167, 1.6433 -0.5179 1.0369, 1.7717 -0.6463 1.05, 1.6191 -0.1255 1.4651, 1.619 -0.1246 1.4653, 1.7717 -0.1628 1.6131, 1.6165 -0.0603 1.4744, 1.6151 -0.025 1.4764, 1.7717 -0.0329 1.633, 1.7717 0.0984 1.6264, 1.7207 0.0846 1.5769, 1.7193 0.0962 1.5734, 1.713 0.1443 1.5573, 1.6149 -0.0202 1.4767, 1.72 0.0905 1.5753, 1.7199 0.0909 1.5752, 1.7058 0.1957 1.5342, 1.7079 0.1807 1.541, 1.6961 0.259 1.4963, 1.7028 0.2162 1.5233, 1.7048 0.2024 1.5307, 1.6953 0.2637 1.4933, 1.6892 0.2997 1.4652, 1.6878 0.308 1.4588, 1.6722 0.3865 1.3757, 1.6723 0.3859 1.3765, 1.6736 0.3797 1.3837, 1.68 0.349 1.4197, 1.6841 0.3276 1.4401, 1.6613 0.431 1.3071, 1.6646 0.4185 1.3296, 1.6674 0.4067 1.3466, 1.6572 0.446 1.2801, 1.6588 0.4401 1.2907, 1.6495 0.4698 1.224, 1.6511 0.4648 1.2359, 1.6563 0.4492 1.2734, 1.6447 0.4798 1.1902, 1.6424 0.4847 1.1735, 1.6406 0.487 1.1609, 1.6301 0.4972 1.0885, 1.635 0.4942 1.1216, 1.6292 0.4973 1.0828, 1.6298 0.4973 1.0865, 1.6173 0.4942 1.0046, 1.6223 0.4975 1.0364, 1.6169 -0.0731 1.4737, 1.6232 -0.2205 1.4336, 1.6227 -0.2092 1.4383, 1.7717 -0.2861 1.5675, 1.6216 -0.1862 1.4478, 1.6195 -0.1354 1.4629, 1.6288 -0.3374 1.3624, 1.6274 -0.3089 1.3834, 1.7717 -0.3976 1.4979, 1.6267 -0.2948 1.3938, 1.626 -0.282 1.402, 1.6259 -0.2798 1.4031, 1.6238 -0.2351 1.4275, 1.6291 -0.3437 1.3566, 1.7717 -0.4929 1.4074, 1.6309 -0.3764 1.3266, 1.6354 -0.451 1.2295, 1.6353 -0.4486 1.2332, 1.7717 -0.568 1.2995, 1.635 -0.4442 1.2398, 1.6335 -0.4218 1.2736, 1.6329 -0.4118 1.2866, 1.6322 -0.3989 1.3012, 1.6315 -0.3861 1.3157, 1.6394 -0.4958 1.1322, 1.6391 -0.4931 1.1389, 1.7717 -0.6198 1.1787, 1.6378 -0.4799 1.1718, 1.6374 -0.4758 1.1823, 1.6421 -0.5135 1.0666, 1.6409 -0.5058 1.0966, 1.64 -0.5001 1.119, 1.7717 -0.6463 0.9185, 1.6475 -0.5223 0.9311, 1.6473 -0.5227 0.9344, 1.6471 -0.5232 0.9403, 1.6464 -0.5237 0.9587, 1.6442 -0.5214 1.0131, 1.6516 -0.5049 0.8258, 1.6513 -0.5073 0.8336, 1.7717 -0.6198 0.7898, 1.6505 -0.5113 0.853, 1.6492 -0.518 0.8865, 1.654 -0.4836 0.7626, 1.6536 -0.4886 0.7752, 1.6533 -0.4911 0.7815, 1.6592 -0.4091 0.6371, 1.6578 -0.4321 0.6675, 1.6563 -0.4542 0.7039, 1.6634 -0.3309 0.5567, 1.6625 -0.3485 0.5712, 1.7717 -0.3976 0.4706, 1.6623 -0.353 0.5757, 1.6604 -0.3873 0.6103, 1.6688 -0.212 0.481, 1.6676 -0.2402 0.4945, 1.7717 -0.2861 0.401, 1.6676 -0.2407 0.4947, 1.6674 -0.2432 0.4961, 1.6667 -0.2597 0.5054, 1.6655 -0.2864 0.5232, 1.6646 -0.3059 0.5362, 1.6719 -0.1322 0.4508, 1.6717 -0.1378 0.4522, 1.7717 -0.1628 0.3554, 1.6717 -0.1391 0.4525, 1.6696 -0.191 0.4711, 1.6749 -0.05 0.4341, 1.6745 -0.0611 0.4352, 1.6737 -0.0851 0.4392, 1.6776 0.032 0.4302, 1.7717 0.0984 0.3421, 1.6782 0.049 0.4303, 1.6805 0.1159 0.438, 1.6801 0.1046 0.4361, 1.6794 0.0843 0.4339, 1.6837 0.1998 0.4601, 1.6835 0.1948 0.4583, 1.7717 0.2256 0.3751, 1.6829 0.1804 0.4532, 1.6809 0.1259 0.4398, 1.6877 0.2991 0.5043, 1.6871 0.2845 0.4961, 1.7717 0.3436 0.433, 1.6869 0.2812 0.4945, 1.685 0.2333 0.472, 1.6902 0.3563 0.542, 1.69 0.3532 0.5394, 1.7717 0.4476 0.5134, 1.688 0.3064 0.5084, 1.6933 0.4224 0.6006, 1.692 0.3967 0.575, 1.6918 0.3924 0.5715, 1.6962 0.4779 0.6671, 1.6958 0.4704 0.6569, 1.7717 0.5332 0.6132, 1.695 0.4553 0.6365, 1.694 0.4368 0.615, 1.699 0.5221 0.7399, 1.6986 0.5174 0.73, 1.6968 0.4886 0.6816, 1.7033 0.5678 0.8598, 1.7019 0.5559 0.8211, 1.7013 0.5509 0.8052, 1.7083 0.586 1.0003, 1.7078 0.5856 0.9843, 1.7717 0.6496 0.9843, 1.7074 0.5852 0.9732, 1.7053 0.5793 0.9159, 1.712 0.5774 1.1029, 1.7116 0.5789 1.0922, 1.7717 0.6363 1.115, 1.7104 0.5836 1.0588, 1.7084 0.5861 1.0017, 1.7171 0.5313 1.2524, 1.716 0.5452 1.2182, 1.7717 0.597 1.2404, 1.7153 0.5529 1.1995, 1.7147 0.5588 1.1812, 1.7143 0.5619 1.1715, 1.7124 0.5756 1.1154, 1.7717 0.5332 1.3554, 1.7189 0.5046 1.303, 1.7175 0.5251 1.264, 1.7207 0.4729 1.3514, 1.7207 0.4177 1.4123, 1.7717 0.4476 1.4551, 1.7203 0.4801 1.3403, 1.7197 0.49 1.3253, 1.7717 0.3436 1.5355, 1.7207 0.3459 1.4697, 1.7207 0.4125 1.4182, 1.7717 0.2256 1.5934, 1.7207 0.2079 1.5457, 1.7207 0.2666 1.5169, 1.7207 0.2998 1.5006, 1.7207 0.3167 1.4923, 1.7207 0.0907 1.576, 1.7207 0.0938 1.5752, 1.7207 0.1818 1.5524, 1.4567 0.2209 0.208, 1.4567 0.3597 0.2618, 1.4567 0.8071 0.0, 1.4567 -0.4864 0.3402, 1.4567 -0.3597 0.2618, 1.4567 -0.8071 0.0, 1.4567 0.4864 0.3402, 1.4567 0.5964 0.4405, 1.4567 0.6862 0.5594, 1.4567 0.7526 0.6927, 1.4567 0.7933 0.8359, 1.4567 0.8071 0.9843, 1.4567 -0.8071 0.9843, 1.4567 -0.7933 0.8359, 1.4567 -0.7526 0.6927, 1.4567 -0.2209 0.208, 1.4567 -0.0745 0.1806, 1.4567 0.0745 0.1806, 1.4567 -0.6862 0.5594, 1.4567 -0.5964 0.4405, 1.4349 1.2293 1.9685, 1.4349 1.2293 0.0, 1.5265 1.1973 1.9685, 1.5265 1.1973 0.0, 1.6086 1.1457 1.9685, 1.6086 1.1457 0.0, 1.6772 1.0771 1.9685, 1.6772 1.0771 0.0, 1.7288 0.995 1.9685, 1.7288 0.995 0.0, 1.7608 0.9035 1.9685, 1.7608 0.9035 0.0, 1.7717 0.8071 1.9685, 1.7717 0.8071 0.0, 1.7717 -0.8071 0.0, 1.7717 -0.8071 1.9685, 1.7608 -0.9035 1.9685, 1.7608 -0.9035 0.0, 1.7288 -0.995 1.9685, 1.7288 -0.995 0.0, 1.6772 -1.0771 1.9685, 1.6772 -1.0771 0.0, 1.6086 -1.1457 1.9685, 1.6086 -1.1457 0.0, 1.5265 -1.1973 1.9685, 1.5265 -1.1973 0.0, 1.4349 -1.2293 1.9685, 1.4349 -1.2293 0.0, 1.3386 -1.2402 1.9685, 1.3386 -1.2402 0.0, 0.6806 -1.2402 -1.3924, 0.689 -1.2402 -1.3287, 0.1969 -1.2402 -1.3287, 0.689 -1.2402 0.0, -1.7717 -1.2402 1.9685, -1.7387 -1.2402 -1.4518, -1.6996 -1.2402 -1.5027, -1.2795 -1.2402 -1.3287, 0.1969 -1.2402 0.0, -1.2795 -1.2402 0.0, -1.7717 -1.2402 -1.3287, -1.7633 -1.2402 -1.3924, -1.3516 -1.2402 -1.5027, -1.3125 -1.2402 -1.4518, -1.4026 -1.2402 -1.5418, -1.2879 -1.2402 -1.3924, -1.4619 -1.2402 -1.5664, 0.4429 -1.2402 -1.5748, 0.5066 -1.2402 -1.5664, 0.5659 -1.2402 -1.5418, -1.6486 -1.2402 -1.5418, -1.5893 -1.2402 -1.5664, -1.5256 -1.2402 -1.5748, 0.656 -1.2402 -1.4518, 0.2052 -1.2402 -1.3924, 0.2298 -1.2402 -1.4518, 0.3792 -1.2402 -1.5664, 0.6169 -1.2402 -1.5027, 0.2689 -1.2402 -1.5027, 0.3199 -1.2402 -1.5418, -1.7717 -0.9252 -1.3287, -1.7717 -0.9252 1.9685, -1.5256 -0.9252 -1.5748, -1.5893 -0.9252 -1.5664, -1.2795 -0.9252 -1.3287, 0.656 -0.9252 -1.4518, 0.3792 -0.9252 -1.5664, 0.6806 -0.9252 -1.3924, 0.689 -0.9252 -1.3287, 0.3199 -0.9252 -1.5418, 0.2689 -0.9252 -1.5027, 0.2298 -0.9252 -1.4518, -1.6486 -0.9252 -1.5418, -1.6996 -0.9252 -1.5027, -1.7387 -0.9252 -1.4518, 0.6169 -0.9252 -1.5027, 0.5659 -0.9252 -1.5418, 0.4429 -0.9252 -1.5748, 0.5066 -0.9252 -1.5664, 0.1969 -0.9252 0.0, 0.689 -0.9252 0.0, 0.1969 -0.9252 -1.3287, 0.2052 -0.9252 -1.3924, -1.3516 -0.9252 -1.5027, -1.4026 -0.9252 -1.5418, -1.3125 -0.9252 -1.4518, -1.2879 -0.9252 -1.3924, -1.4619 -0.9252 -1.5664, 1.3386 -0.9252 0.0, 1.3386 -0.9252 1.9685, -1.2795 -0.9252 0.0, -1.7633 -0.9252 -1.3924, 1.4527 -0.8377 0.0, 1.3692 -0.9212 0.0, 1.3692 -0.9212 1.9685, 1.3976 -0.9094 0.0, 1.3976 -0.9094 1.9685, 1.4221 -0.8906 0.0, 1.4221 -0.8906 1.9685, 1.4409 -0.8661 0.0, 1.4409 -0.8661 1.9685, 1.4527 -0.8377 1.9685, 1.4567 -0.8071 1.9685, 1.4567 0.7933 1.1326, 1.4567 0.8071 1.9685, 1.4567 0.7526 1.2758, 1.4567 0.6862 1.4091, 1.4567 0.5964 1.528, 1.4567 0.4864 1.6283, 1.4567 0.3597 1.7067, 1.4567 -0.6862 1.4091, 1.4567 -0.7526 1.2758, 1.4567 -0.7933 1.1326, 1.4567 -0.2209 1.7605, 1.4567 -0.3597 1.7067, 1.4567 0.2209 1.7605, 1.4567 0.0745 1.7879, 1.4567 -0.0745 1.7879, 1.4567 -0.4864 1.6283, 1.4567 -0.5964 1.528, 1.4527 0.8377 1.9685, 1.4527 0.8377 0.0, 1.4409 0.8661 0.0, 1.4409 0.8661 1.9685, 1.4221 0.8906 0.0, 1.4221 0.8906 1.9685, 1.3976 0.9094 0.0, 1.3976 0.9094 1.9685, 1.3692 0.9212 0.0, 1.3692 0.9212 1.9685, 1.3386 0.9252 0.0, 1.3386 0.9252 1.9685, -1.2795 0.9252 0.0, 0.1969 0.9252 0.0, -1.7387 0.9252 -1.4518, -1.6996 0.9252 -1.5027, -1.2795 0.9252 -1.3287, -1.6486 0.9252 -1.5418, -1.5893 0.9252 -1.5664, -1.7717 0.9252 1.9685, -1.7717 0.9252 -1.3287, -1.7633 0.9252 -1.3924, -1.3516 0.9252 -1.5027, -1.3125 0.9252 -1.4518, -1.4026 0.9252 -1.5418, -1.4619 0.9252 -1.5664, -1.5256 0.9252 -1.5748, -1.2879 0.9252 -1.3924, 0.6169 0.9252 -1.5027, 0.656 0.9252 -1.4518, 0.1969 0.9252 -1.3287, 0.689 0.9252 0.0, 0.689 0.9252 -1.3287, 0.6806 0.9252 -1.3924, 0.2052 0.9252 -1.3924, 0.2298 0.9252 -1.4518, 0.5066 0.9252 -1.5664, 0.2689 0.9252 -1.5027, 0.4429 0.9252 -1.5748, 0.3199 0.9252 -1.5418, 0.3792 0.9252 -1.5664, 0.5659 0.9252 -1.5418, 0.9843 0.7933 1.1326, 0.9843 0.7526 1.2758, 0.9843 0.6862 1.4091, 0.9843 0.5964 1.528, 0.9843 0.4864 1.6283, 0.9843 0.3597 1.7067, 0.9843 0.2209 1.7605, 0.9843 0.0745 1.7879, 0.9843 -0.0745 1.7879, 0.9843 -0.2209 1.7605, 0.9843 -0.3597 1.7067, 0.9843 -0.4864 1.6283, 0.9843 -0.5964 1.528, 0.9843 -0.6862 1.4091, 0.9843 -0.7526 1.2758, 0.9843 -0.7933 1.1326, 0.9843 -0.8071 0.9843, 0.9843 -0.7933 0.8359, 0.9843 -0.7526 0.6927, 0.9843 -0.6862 0.5594, 0.9843 -0.5964 0.4405, 0.9843 -0.4864 0.3402, 0.9843 -0.3597 0.2618, 0.9843 -0.2209 0.208, 0.9843 -0.0745 0.1806, 0.9843 0.0745 0.1806, 0.9843 0.2209 0.208, 0.9843 0.3597 0.2618, 0.9843 0.4864 0.3402, 0.9843 0.5964 0.4405, 0.9843 0.6862 0.5594, 0.9843 0.7526 0.6927, 0.9843 0.7933 0.8359, 0.9843 0.8071 0.9843, 1.7112 0.5641 1.1831, 1.7116 0.5621 1.1903, 1.6993 0.5621 1.1903, 1.3635 -0.1505 1.5634, 1.3637 -0.1546 1.5626, 1.3514 -0.1546 1.5626, 1.3588 -0.0606 1.5795, 1.359 -0.0659 1.5793, 1.3467 -0.0659 1.5793, 1.3544 0.028 1.5818, 1.3548 0.0217 1.5825, 1.3425 0.0217 1.5825, 1.6913 0.5265 1.2692, 1.687 0.562 1.1902, 1.6612 0.3891 0.5292, 1.666 0.4537 0.5937, 1.6536 0.4527 0.5925, 1.6511 0.2318 0.4323, 1.6561 0.3143 0.4747, 1.6438 0.313 0.4739, 1.6415 0.0559 0.3882, 1.6461 0.1446 0.4033, 1.6338 0.1433 0.403, 1.6327 -0.1201 0.3978, 1.6373 -0.0316 0.3864, 1.6249 -0.0327 0.3865, 1.6228 -0.2922 0.4617, 1.6279 -0.2081 0.4229, 1.6155 -0.209 0.4233, 1.6128 -0.437 0.5751, 1.6178 -0.3694 0.5131, 1.6054 -0.3701 0.5136, 1.604 -0.5374 0.7205, 1.6083 -0.4933 0.645, 1.5959 -0.4936 0.6455, 1.5946 -0.5916 0.8927, 1.5995 -0.5707 0.8035, 1.5871 -0.5709 0.8041, 1.5845 -0.5914 1.0776, 1.5895 -0.5987 0.9852, 1.5772 -0.5987 0.9856, 1.5662 -0.4358 1.3947, 1.5708 -0.4923 1.325, 1.5585 -0.4922 1.3251, 1.5562 -0.2906 1.5077, 1.5613 -0.3679 1.4565, 1.549 -0.368 1.4565, 1.5463 -0.1184 1.5711, 1.5512 -0.2063 1.5462, 1.5389 -0.2065 1.5462, 1.5375 0.0577 1.5801, 1.5418 -0.0299 1.5822, 1.5295 -0.0302 1.5822, 1.528 0.2335 1.5355, 1.5329 0.1463 1.5648, 1.5206 0.1458 1.5649, 1.5179 0.3905 1.4381, 1.5229 0.3158 1.4928, 1.5106 0.3153 1.4932, 1.5086 0.5075 1.3018, 1.513 0.4549 1.3735, 1.5008 0.4544 1.3741, 1.4996 0.5783 1.1391, 1.5043 0.5485 1.2243, 1.492 0.5481 1.2251, 1.4896 0.598 0.9559, 1.4947 0.5952 1.0486, 1.4824 0.5951 1.0498, 1.4798 0.5615 0.7766, 1.4846 0.5865 0.8641, 1.4723 0.5868 0.8654, 1.471 0.4768 0.6222, 1.4753 0.5247 0.6959, 1.4631 0.5253 0.6971, 1.4614 0.3459 0.4957, 1.4663 0.4168 0.5545, 1.4541 0.418 0.5557, 1.3678 -0.5529 1.2139, 1.3677 -0.5516 1.2165, 1.38 -0.5518 1.2166, 1.3393 -0.1579 1.5617, 1.3391 -0.1546 1.5624, 1.2017 -0.4992 0.6538, 1.2015 -0.5018 0.6585, 1.2138 -0.5022 0.6583, 1.0461 -0.2676 0.4492, 1.0508 -0.1883 0.416, 1.0388 -0.1879 0.4176, 1.0357 -0.4226 0.5602, 1.0359 -0.4196 0.5576, 1.0406 -0.3526 0.5004, 1.0409 -0.3481 0.4977, 1.0457 -0.2736 0.4517, 1.0477 -0.0118 0.3857, 1.0433 -0.1 0.394, 1.7202 0.0939 1.5755, 1.7201 0.0965 1.5751, 1.7155 0.1823 1.5543, 1.7153 0.1848 1.5537, 1.7105 0.2678 1.5195, 1.7103 0.2702 1.5185, 1.7177 0.3475 1.4718, 1.7127 0.4182 1.4127, 1.0397 0.076 0.391, 1.0357 -0.0038 0.3856, 1.0354 -0.0118 0.3857, 1.0401 0.084 0.3915, 1.052 0.076 0.3904, 1.0444 0.1645 0.4092, 1.0567 0.1646 0.4087, 1.0448 0.1725 0.411, 1.0494 0.2508 0.4413, 1.0498 0.2585 0.4443, 1.0617 0.251 0.4407, 1.0544 0.3317 0.4866, 1.0667 0.332 0.4861, 1.0549 0.3388 0.4907, 1.0594 0.4044 0.5435, 1.0599 0.4106 0.5485, 1.0718 0.4047 0.5431, 1.0642 0.4664 0.6098, 1.0765 0.4668 0.6094, 1.0646 0.4716 0.6155, 1.0686 0.5165 0.6824, 1.0689 0.5206 0.6886, 1.0809 0.5169 0.6822, 1.0729 0.5551 0.7615, 1.0852 0.5556 0.7613, 1.0733 0.5584 0.7684, 1.0777 0.5824 0.8479, 1.09 0.5829 0.8478, 1.0781 0.5846 0.8553, 1.095 0.597 0.939, 1.0827 0.5964 0.9391, 1.0831 0.5975 0.9467, 1.0975 0.5543 1.2091, 1.0931 0.5806 1.1302, 1.105 0.5824 1.123, 1.0927 0.5819 1.1229, 1.1 0.5968 1.0318, 1.0882 0.5961 1.0394, 1.0877 0.5962 1.0318, 1.0978 0.552 1.2159, 1.1098 0.5548 1.2093, 1.1018 0.5153 1.288, 1.1141 0.5158 1.2882, 1.1021 0.5122 1.2942, 1.1062 0.465 1.3606, 1.1185 0.4654 1.3609, 1.1065 0.4609 1.3663, 1.1233 0.403 1.427, 1.111 0.4026 1.4266, 1.1113 0.3977 1.4318, 1.126 0.1622 1.56, 1.1214 0.2425 1.5316, 1.1334 0.2489 1.5287, 1.1211 0.2487 1.5283, 1.1283 0.3301 1.4837, 1.1164 0.3241 1.4876, 1.116 0.3298 1.4833, 1.1264 0.1557 1.5623, 1.1383 0.1624 1.5605, 1.1307 0.0737 1.5779, 1.143 0.0738 1.5784, 1.1311 0.0672 1.5791, 1.135 -0.014 1.5823, 1.1398 -0.1087 1.573, 1.1395 -0.1022 1.5737, 1.1517 -0.1022 1.5741, 1.1353 -0.0204 1.5826, 1.1473 -0.0139 1.5828, 1.1443 -0.1904 1.5514, 1.1565 -0.1905 1.5518, 1.1446 -0.1968 1.5497, 1.1616 -0.2757 1.5157, 1.1544 -0.3542 1.4663, 1.1496 -0.2815 1.5126, 1.1493 -0.2755 1.5153, 1.1547 -0.3597 1.4628, 1.1667 -0.3545 1.4667, 1.1593 -0.4239 1.4063, 1.1716 -0.4242 1.4067, 1.1596 -0.4287 1.4021, 1.164 -0.4826 1.3379, 1.1643 -0.4865 1.3332, 1.1763 -0.4829 1.3381, 1.1682 -0.529 1.2636, 1.1805 -0.5294 1.2638, 1.1685 -0.5321 1.2586, 1.1727 -0.5646 1.1821, 1.185 -0.565 1.1823, 1.173 -0.5669 1.1766, 1.1898 -0.5885 1.0941, 1.1775 -0.5881 1.094, 1.1779 -0.5896 1.0881, 1.1926 -0.5751 0.8195, 1.188 -0.5932 0.9035, 1.2 -0.594 0.9094, 1.1877 -0.5935 0.9094, 1.1949 -0.5984 1.0021, 1.1829 -0.5986 0.996, 1.1826 -0.598 1.002, 1.2095 -0.5443 0.735, 1.1972 -0.544 0.7352, 1.2049 -0.5755 0.8194, 1.1929 -0.5739 0.8138, 1.1975 -0.542 0.73, 1.206 -0.4478 0.5875, 1.2183 -0.4481 0.5873, 1.2063 -0.4445 0.5832, 1.2231 -0.3825 0.5237, 1.2108 -0.3822 0.524, 1.2111 -0.3782 0.5201, 1.2259 -0.1362 0.4017, 1.2213 -0.2187 0.427, 1.2333 -0.2237 0.429, 1.221 -0.2236 0.4293, 1.2282 -0.3068 0.4702, 1.2162 -0.3021 0.4674, 1.2159 -0.3066 0.4705, 1.2262 -0.1312 0.4001, 1.2382 -0.1363 0.4013, 1.2305 -0.0476 0.3878, 1.2428 -0.0476 0.3875, 1.2307 -0.0426 0.3871, 1.2347 0.0398 0.3872, 1.2395 0.1333 0.4006, 1.2393 0.1284 0.3999, 1.2516 0.1284 0.3995, 1.2349 0.0448 0.3873, 1.247 0.0398 0.3869, 1.2441 0.216 0.4263, 1.2564 0.2162 0.426, 1.2444 0.2208 0.4278, 1.2615 0.2997 0.466, 1.2543 0.3759 0.5188, 1.2495 0.304 0.4685, 1.2492 0.2996 0.4663, 1.2545 0.3799 0.5216, 1.2666 0.3761 0.5185, 1.2591 0.4426 0.5816, 1.2715 0.4428 0.5813, 1.2594 0.4459 0.5848, 1.2637 0.4976 0.652, 1.2639 0.5004 0.6556, 1.276 0.4979 0.6518, 1.2679 0.5408 0.7281, 1.2802 0.541 0.7279, 1.2682 0.5429 0.732, 1.2725 0.573 0.8118, 1.2848 0.5733 0.8117, 1.2728 0.5745 0.816, 1.2897 0.5929 0.9013, 1.2774 0.5926 0.9014, 1.2777 0.5935 0.9058, 1.2924 0.5673 1.1747, 1.2878 0.5892 1.0904, 1.2999 0.5899 1.0861, 1.2876 0.5896 1.0861, 1.2948 0.5986 0.9939, 1.2828 0.5985 0.9983, 1.2825 0.5983 0.9939, 1.2926 0.5662 1.1787, 1.3047 0.5676 1.1747, 1.2969 0.5327 1.2569, 1.3092 0.533 1.257, 1.2971 0.5311 1.2605, 1.3012 0.4872 1.3316, 1.306 0.4271 1.4038, 1.3058 0.4297 1.4007, 1.3181 0.4299 1.4009, 1.3014 0.4852 1.335, 1.3135 0.4875 1.3318, 1.3107 0.3609 1.4616, 1.323 0.361 1.4618, 1.311 0.3579 1.4642, 1.3281 0.2829 1.5119, 1.3209 0.1981 1.5489, 1.316 0.2795 1.5137, 1.3158 0.2828 1.5116, 1.3211 0.1946 1.5504, 1.3332 0.1982 1.5492, 1.3257 0.11 1.5725, 1.338 0.1101 1.5727, 1.3259 0.1065 1.5734, 1.3302 0.0216 1.5823, 1.3344 -0.0659 1.579, 1.3303 0.0182 1.5826, 1.3441 -0.2413 1.5319, 1.3564 -0.2414 1.5321, 1.3442 -0.2445 1.5307, 1.3614 -0.3232 1.4882, 1.3491 -0.3231 1.488, 1.3665 -0.397 1.4324, 1.3713 -0.4603 1.367, 1.359 -0.4602 1.3669, 1.3543 -0.3994 1.4303, 1.3542 -0.3968 1.4322, 1.3493 -0.326 1.4864, 1.3757 -0.5118 1.2948, 1.3635 -0.5133 1.2923, 1.3634 -0.5116 1.2947, 1.3591 -0.4623 1.3646, 1.3724 -0.5803 1.1308, 1.3847 -0.5805 1.1308, 1.3725 -0.5812 1.128, 1.3897 -0.5961 1.04, 1.3774 -0.5959 1.04, 1.3775 -0.5963 1.0371, 1.3922 -0.5583 0.7687, 1.3876 -0.5841 0.8531, 1.3998 -0.5847 0.8557, 1.3875 -0.5845 0.8557, 1.3947 -0.5975 0.9472, 1.3826 -0.5973 0.9444, 1.3824 -0.5973 0.9472, 1.3924 -0.5576 0.7663, 1.4045 -0.5585 0.7687, 1.3966 -0.5205 0.6889, 1.4089 -0.5207 0.6888, 1.3967 -0.5195 0.6867, 1.4009 -0.4716 0.6157, 1.4058 -0.4089 0.547, 1.4057 -0.4105 0.5487, 1.418 -0.4106 0.5486, 1.4011 -0.4702 0.6137, 1.4132 -0.4717 0.6156, 1.4107 -0.3387 0.4908, 1.423 -0.3388 0.4907, 1.4108 -0.3369 0.4894, 1.4281 -0.2584 0.4442, 1.4207 -0.1723 0.4111, 1.4159 -0.2564 0.4433, 1.4158 -0.2584 0.4444, 1.4209 -0.1703 0.4103, 1.4331 -0.1724 0.4109, 1.4255 -0.0838 0.3916, 1.4378 -0.0838 0.3915, 1.4256 -0.0818 0.3912, 1.4298 0.0041 0.3857, 1.4343 0.094 0.393, 1.4342 0.0921 0.3928, 1.4465 0.0921 0.3927, 1.4299 0.0059 0.3856, 1.4421 0.0041 0.3856, 1.439 0.1806 0.4136, 1.4513 0.1806 0.4135, 1.4391 0.1823 0.414, 1.4563 0.2663 0.448, 1.4492 0.3473 0.4966, 1.4441 0.2678 0.4488, 1.444 0.2662 0.4482, 1.4588 0.4777 0.6234, 1.4675 0.562 0.7778, 1.4774 0.5981 0.9571, 1.4874 0.578 1.1401, 1.4963 0.5071 1.3025, 1.5056 0.3899 1.4386, 1.5157 0.2329 1.5358, 1.5253 0.0572 1.5802, 1.534 -0.1187 1.571, 1.5439 -0.2907 1.5076, 1.5539 -0.4358 1.3948, 1.5627 -0.5366 1.2497, 1.575 -0.5367 1.2496, 1.5673 -0.5701 1.1669, 1.5796 -0.5702 1.1667, 1.5721 -0.5913 1.0779, 1.5823 -0.5917 0.8932, 1.5917 -0.5377 0.721, 1.6005 -0.4376 0.5756, 1.6105 -0.293 0.4622, 1.6204 -0.1212 0.398, 1.6291 0.0547 0.3881, 1.6387 0.2305 0.4317, 1.6488 0.3879 0.5282, 1.6581 0.5057 0.6639, 1.667 0.5773 0.8258, 1.6624 0.5476 0.7427, 1.6747 0.5477 0.7426, 1.6624 0.547 0.741, 1.6705 0.5066 0.6652, 1.6671 0.5777 0.8277, 1.6794 0.5778 0.8276, 1.672 0.5948 0.9161, 1.6844 0.595 0.918, 1.6721 0.5949 0.918, 1.677 0.5982 1.0087, 1.6771 0.5979 1.0108, 1.6894 0.5981 1.0108, 1.6821 0.5873 1.1005, 1.6945 0.5869 1.1026, 1.6822 0.5867 1.1026, 1.6869 0.5628 1.1883, 1.6914 0.5254 1.271, 1.7037 0.5255 1.2711, 1.6956 0.4793 1.343, 1.708 0.4779 1.3448, 1.6957 0.4778 1.3447, 1.7003 0.4199 1.411, 1.7054 0.3474 1.4716, 1.7052 0.3495 1.4703, 1.7004 0.418 1.4126, 1.0512 -0.1809 0.4141, 1.06 -0.0118 0.3857, 1.056 -0.0913 0.3932, 1.0556 -0.1 0.394, 1.0604 -0.0022 0.3862, 1.069 0.1646 0.4087, 1.0648 0.0868 0.3926, 1.0643 0.076 0.3904, 1.0697 0.1764 0.413, 1.079 0.332 0.4861, 1.0747 0.2632 0.4476, 1.074 0.251 0.4407, 1.0799 0.344 0.4955, 1.0888 0.4668 0.6094, 1.0849 0.4158 0.5549, 1.0841 0.4047 0.5431, 1.0897 0.4765 0.6234, 1.0975 0.5556 0.7613, 1.0941 0.5247 0.6981, 1.0932 0.5169 0.6822, 1.0985 0.5615 0.7799, 1.1073 0.597 0.939, 1.1034 0.5861 0.8687, 1.1023 0.5829 0.8478, 1.1085 0.5969 0.9616, 1.1173 0.5824 1.123, 1.1136 0.5931 1.0554, 1.1124 0.5968 1.0318, 1.1186 0.5748 1.1465, 1.1264 0.5158 1.2882, 1.1233 0.5435 1.232, 1.1221 0.5548 1.2093, 1.1277 0.5009 1.3096, 1.1356 0.403 1.427, 1.1323 0.4461 1.3813, 1.1308 0.4654 1.3609, 1.1372 0.3794 1.4453, 1.1457 0.2489 1.5287, 1.1423 0.3027 1.4989, 1.1406 0.3301 1.4837, 1.1474 0.2184 1.5399, 1.1553 0.0738 1.5784, 1.1524 0.1298 1.5671, 1.1506 0.1624 1.5605, 1.157 0.0403 1.58, 1.164 -0.1022 1.5741, 1.1613 -0.0482 1.5794, 1.1596 -0.0139 1.5828, 1.166 -0.1377 1.5652, 1.1739 -0.2757 1.5157, 1.1709 -0.226 1.5367, 1.1689 -0.1905 1.5518, 1.1761 -0.3097 1.4945, 1.1839 -0.4242 1.4067, 1.1812 -0.3856 1.4399, 1.179 -0.3545 1.4667, 1.1861 -0.4513 1.375, 1.1928 -0.5294 1.2638, 1.1906 -0.505 1.3028, 1.1886 -0.4829 1.3381, 1.195 -0.5465 1.2246, 1.2047 -0.5936 1.0471, 1.1973 -0.565 1.1823, 1.1997 -0.5766 1.1386, 1.2021 -0.5885 1.0941, 1.2149 -0.584 0.8607, 1.2072 -0.5984 1.0021, 1.2099 -0.5961 0.9534, 1.2123 -0.594 0.9094, 1.2172 -0.5755 0.8194, 1.2198 -0.5582 0.7725, 1.2218 -0.5443 0.735, 1.2242 -0.5204 0.6915, 1.2261 -0.5022 0.6583, 1.2287 -0.4711 0.6175, 1.2306 -0.4481 0.5873, 1.2335 -0.4094 0.5497, 1.2354 -0.3825 0.5237, 1.2385 -0.3367 0.4913, 1.2405 -0.3068 0.4702, 1.2436 -0.2553 0.4446, 1.2456 -0.2237 0.429, 1.2487 -0.1682 0.4114, 1.2505 -0.1363 0.4013, 1.2535 -0.0787 0.3923, 1.2551 -0.0476 0.3875, 1.2579 0.01 0.3871, 1.2593 0.0398 0.3869, 1.2624 0.0992 0.3954, 1.2639 0.1284 0.3995, 1.2672 0.1885 0.4176, 1.2687 0.2162 0.426, 1.2723 0.2746 0.454, 1.2738 0.2997 0.466, 1.2774 0.3543 0.5035, 1.2789 0.3761 0.5185, 1.2824 0.4247 0.5643, 1.2838 0.4428 0.5813, 1.2871 0.4837 0.6337, 1.2883 0.4979 0.6518, 1.2915 0.5303 0.709, 1.2925 0.541 0.7279, 1.2961 0.5657 0.7919, 1.2971 0.5733 0.8117, 1.301 0.5886 0.8815, 1.302 0.5929 0.9013, 1.3061 0.5974 0.9747, 1.3071 0.5986 0.9939, 1.3112 0.5916 1.0683, 1.3122 0.5899 1.0861, 1.3162 0.5716 1.1589, 1.317 0.5676 1.1747, 1.3208 0.5386 1.2434, 1.3215 0.533 1.257, 1.3251 0.4945 1.3202, 1.3258 0.4875 1.3318, 1.3298 0.438 1.3911, 1.3304 0.4299 1.4009, 1.3347 0.3698 1.4541, 1.3354 0.361 1.4618, 1.3399 0.2918 1.5062, 1.3404 0.2829 1.5119, 1.345 0.2066 1.5455, 1.3455 0.1982 1.5492, 1.3499 0.1176 1.5707, 1.3503 0.1101 1.5727, 1.3346 -0.0693 1.5789, 1.3685 -0.2386 1.5331, 1.3687 -0.2414 1.5321, 1.3736 -0.3216 1.489, 1.3737 -0.3232 1.4882, 1.3788 -0.397 1.4324, 1.3836 -0.4603 1.367, 1.3923 -0.5518 1.2166, 1.3881 -0.5126 1.2932, 1.388 -0.5118 1.2948, 1.3924 -0.5527 1.2137, 1.402 -0.5961 1.04, 1.3972 -0.5812 1.1266, 1.397 -0.5805 1.1308, 1.4023 -0.5962 1.0344, 1.4121 -0.5847 0.8557, 1.4074 -0.5966 0.9404, 1.4071 -0.5975 0.9472, 1.4125 -0.5824 0.848, 1.4212 -0.5207 0.6888, 1.4173 -0.5546 0.7605, 1.4168 -0.5585 0.7687, 1.4217 -0.5152 0.6806, 1.4303 -0.4106 0.5486, 1.4261 -0.464 0.6072, 1.4255 -0.4717 0.6156, 1.431 -0.4006 0.5405, 1.4404 -0.2584 0.4442, 1.4361 -0.3264 0.4835, 1.4353 -0.3388 0.4907, 1.4412 -0.2439 0.4386, 1.4501 -0.0838 0.3915, 1.4462 -0.1562 0.4074, 1.4454 -0.1724 0.4109, 1.4509 -0.0665 0.3903, 1.4588 0.0921 0.3927, 1.4553 0.0221 0.3871, 1.4544 0.0041 0.3856, 1.4598 0.1115 0.3973, 1.4686 0.2663 0.448, 1.4647 0.2006 0.4215, 1.4636 0.1806 0.4135, 1.4698 0.286 0.4599, 1.4786 0.4168 0.5545, 1.475 0.3646 0.5111, 1.4737 0.3459 0.4957, 1.4799 0.4335 0.5733, 1.4876 0.5247 0.6959, 1.4846 0.4908 0.6437, 1.4833 0.4768 0.6222, 1.489 0.5356 0.72, 1.4969 0.5865 0.8641, 1.4936 0.5693 0.8039, 1.4921 0.5615 0.7766, 1.4985 0.5903 0.8941, 1.507 0.5952 1.0486, 1.5036 0.597 0.9876, 1.5019 0.598 0.9559, 1.5087 0.5892 1.0809, 1.5166 0.5485 1.2243, 1.5137 0.5672 1.1708, 1.5119 0.5783 1.1391, 1.5182 0.5327 1.2541, 1.5253 0.4549 1.3735, 1.5226 0.4869 1.3299, 1.5209 0.5075 1.3018, 1.5273 0.4287 1.3997, 1.5352 0.3158 1.4928, 1.5323 0.359 1.4611, 1.5302 0.3905 1.4381, 1.5374 0.2799 1.5114, 1.5452 0.1463 1.5648, 1.5425 0.1942 1.5487, 1.5403 0.2335 1.5355, 1.5474 0.105 1.5719, 1.5541 -0.0299 1.5822, 1.5519 0.0158 1.5811, 1.5498 0.0577 1.5801, 1.5563 -0.0728 1.5768, 1.5661 -0.2497 1.5264, 1.5586 -0.1184 1.5711, 1.561 -0.1624 1.5587, 1.5635 -0.2063 1.5462, 1.5763 -0.4049 1.4229, 1.5685 -0.2906 1.5077, 1.5712 -0.3316 1.4806, 1.5736 -0.3679 1.4565, 1.5785 -0.4358 1.3947, 1.5811 -0.4674 1.3557, 1.5831 -0.4923 1.325, 1.5855 -0.5176 1.282, 1.5873 -0.5367 1.2496, 1.59 -0.5561 1.2016, 1.5919 -0.5702 1.1667, 1.5948 -0.5828 1.1137, 1.5968 -0.5914 1.0776, 1.5998 -0.5958 1.0213, 1.6018 -0.5987 0.9852, 1.605 -0.5943 0.9275, 1.6069 -0.5916 0.8927, 1.61 -0.5783 0.8358, 1.6118 -0.5707 0.8035, 1.6147 -0.549 0.7493, 1.6163 -0.5374 0.7205, 1.6191 -0.5082 0.6705, 1.6206 -0.4933 0.645, 1.6237 -0.4554 0.5979, 1.6251 -0.437 0.5751, 1.6285 -0.3905 0.5324, 1.6301 -0.3694 0.5131, 1.6336 -0.3151 0.477, 1.6351 -0.2922 0.4617, 1.6388 -0.2318 0.4339, 1.6402 -0.2081 0.4229, 1.6437 -0.1437 0.4045, 1.645 -0.1201 0.3978, 1.6484 -0.0541 0.3893, 1.6496 -0.0316 0.3864, 1.6528 0.0344 0.3878, 1.6538 0.0559 0.3882, 1.6574 0.124 0.3998, 1.6584 0.1446 0.4033, 1.6623 0.2128 0.426, 1.6634 0.2318 0.4323, 1.6674 0.2975 0.4661, 1.6684 0.3143 0.4747, 1.6725 0.375 0.5189, 1.6735 0.3891 0.5292, 1.6775 0.4424 0.5824, 1.6783 0.4537 0.5937, 1.6821 0.4981 0.6537, 1.6828 0.5066 0.6652, 1.6864 0.5415 0.7309, 1.6871 0.5477 0.7426, 1.6911 0.5737 0.816, 1.6917 0.5778 0.8276, 1.6961 0.5929 0.9069, 1.6967 0.595 0.918, 1.7012 0.5977 1.0007, 1.7017 0.5981 1.0108, 1.7063 0.5879 1.0938, 1.7068 0.5869 1.1026, 1.7157 0.528 1.2656, 1.716 0.5255 1.2711, 1.7201 0.4806 1.3407, 1.7203 0.4779 1.3448, 1.602 -0.303 1.4378, 1.6255 -0.5324 1.1026, 1.1106 0.3139 0.5383, 1.1157 0.3795 0.5925, 1.1004 0.1609 0.4631, 1.1055 0.2402 0.4946, 1.0956 0.0792 0.4446, 1.0912 -0.002 0.4389, 1.6644 -0.2878 0.521, 1.6593 -0.3566 0.5716, 1.6544 -0.4159 0.6314, 1.6499 -0.4641 0.6978, 1.6408 -0.5283 0.8487, 1.6455 -0.5014 0.7697, 1.6357 -0.5429 0.9324, 1.6306 -0.5443 1.0181, 1.6207 -0.508 1.1828, 1.6163 -0.4727 1.2562, 1.6119 -0.427 1.3236, 1.607 -0.3699 1.385, 1.5968 -0.2282 1.4796, 1.5918 -0.1484 1.5091, 1.587 -0.0665 1.5256, 1.1204 0.4348 0.655, 1.1248 0.4788 0.7231, 1.1293 0.5125 0.7978, 1.1342 0.5351 0.8788, 1.1393 0.545 0.9637, 1.1444 0.5415 1.0493, 1.1494 0.5249 1.1325, 1.1541 0.4963 1.2105, 1.1584 0.4574 1.2813, 1.163 0.4074 1.3469, 1.1679 0.3465 1.4054, 1.1731 0.2764 1.4544, 1.1782 0.1995 1.4919, 1.1831 0.1186 1.5166, 1.1878 0.0368 1.5284, 1.1921 -0.044 1.5279, 1.1967 -0.1258 1.5149, 1.2017 -0.2065 1.489, 1.2068 -0.283 1.4505, 1.212 -0.3524 1.4005, 1.2169 -0.4123 1.3413, 1.2214 -0.4613 1.2753, 1.2257 -0.4993 1.2038, 1.2304 -0.5269 1.1252, 1.2355 -0.5424 1.0417, 1.2406 -0.5447 0.956, 1.2457 -0.5336 0.8714, 1.2506 -0.51 0.7908, 1.255 -0.4754 0.7169, 1.2594 -0.4303 0.6492, 1.2642 -0.374 0.5873, 1.2693 -0.3076 0.5339, 1.2744 -0.2333 0.4913, 1.2795 -0.1537 0.461, 1.2842 -0.0719 0.4436, 1.2886 0.0091 0.4389, 1.2931 0.0905 0.4464, 1.2979 0.1721 0.4667, 1.303 0.2507 0.4999, 1.3082 0.3235 0.5452, 1.3132 0.3878 0.6007, 1.3179 0.4416 0.6641, 1.3222 0.4841 0.733, 1.3268 0.5164 0.8086, 1.3317 0.5373 0.8904, 1.3368 0.5453 0.9755, 1.342 0.54 1.0609, 1.3469 0.5216 1.1436, 1.3516 0.4915 1.2207, 1.3559 0.4512 1.2907, 1.3605 0.3996 1.3554, 1.3655 0.3374 1.4128, 1.3706 0.2662 1.4603, 1.3757 0.1885 1.4961, 1.3807 0.1073 1.519, 1.3852 0.0256 1.5291, 1.3895 -0.0553 1.5268, 1.3942 -0.1371 1.5121, 1.3992 -0.2174 1.4845, 1.4044 -0.293 1.4442, 1.4095 -0.3612 1.3929, 1.4144 -0.4197 1.3325, 1.4188 -0.4671 1.2658, 1.4232 -0.5037 1.1934, 1.428 -0.5298 1.1139, 1.433 -0.5435 1.0299, 1.4382 -0.5439 0.9442, 1.4433 -0.5311 0.86, 1.4481 -0.5058 0.7802, 1.4524 -0.4698 0.7073, 1.4569 -0.4232 0.6402, 1.4617 -0.3654 0.5794, 1.4668 -0.2978 0.5273, 1.472 -0.2226 0.4863, 1.477 -0.1425 0.4578, 1.4817 -0.0607 0.4422, 1.4861 0.0202 0.4392, 1.4906 0.1018 0.4484, 1.4955 0.1832 0.4705, 1.5006 0.2612 0.5055, 1.5057 0.3329 0.5523, 1.5107 0.3958 0.609, 1.5154 0.4481 0.6734, 1.5197 0.4891 0.743, 1.5243 0.52 0.8196, 1.5293 0.5392 0.902, 1.5344 0.5454 0.9873, 1.5395 0.5382 1.0726, 1.5445 0.5181 1.1546, 1.549 0.4865 1.2308, 1.5533 0.4447 1.3, 1.558 0.3916 1.3638, 1.563 0.328 1.42, 1.5682 0.2558 1.466, 1.5733 0.1774 1.5, 1.5782 0.096 1.5211, 1.5827 0.0144 1.5295, 1.4035 0.0856 0.4456, 1.3992 0.0054 0.4389, 1.3948 -0.0745 0.444, 1.3901 -0.1552 0.4614, 1.3851 -0.2336 0.4914, 1.38 -0.3069 0.5334, 1.375 -0.3725 0.5859, 1.3703 -0.4284 0.6467, 1.366 -0.4733 0.7132, 1.3616 -0.508 0.7857, 1.3568 -0.5321 0.8647, 1.3518 -0.5442 0.9479, 1.3468 -0.5433 1.0324, 1.3418 -0.5294 1.1152, 1.3236 -0.3638 1.3906, 1.3186 -0.297 1.4417, 1.2996 0.0166 1.5294, 1.2951 0.097 1.521, 1.2903 0.1773 1.5, 1.2853 0.2546 1.4666, 1.2664 0.4839 1.2359, 1.2619 0.5158 1.1614, 1.257 0.5368 1.0809, 1.252 0.5452 0.9971, 1.2332 0.4558 0.6848, 1.2286 0.4063 0.6204, 1.2238 0.3461 0.5627, 1.2187 0.277 0.5144, 1.2137 0.2012 0.4773, 1.2088 0.1215 0.4526, 1.2042 0.0408 0.4404, 1.2 -0.0388 0.4402, 1.1954 -0.1195 0.4521, 1.1905 -0.1993 0.4766, 1.1854 -0.2752 0.5134, 1.1804 -0.3445 0.5614, 1.1755 -0.4049 0.6189, 1.171 -0.4548 0.6832, 1.1667 -0.4938 0.7526, 1.1621 -0.5228 0.829, 1.1572 -0.5404 0.9107, 1.1522 -0.5453 0.995, 1.1471 -0.5371 1.0789, 1.1423 -0.5165 1.1595, 1.1378 -0.4848 1.2342, 1.1335 -0.4432 1.3021, 1.1289 -0.3905 1.365, 1.124 -0.3277 1.4202, 1.1189 -0.2565 1.4656, 1.1138 -0.1793 1.4993, 1.109 -0.099 1.5206, 1.1046 -0.0186 1.5293, 1.1003 0.0612 1.5262, 1.0956 0.1419 1.5109, 1.6363 0.526 0.8399, 1.5365 -0.5194 1.1507, 1.532 -0.4888 1.2261, 1.2469 0.5407 0.9127, 1.6648 0.4366 1.3111, 1.0907 0.2209 1.4829, 1.0886 0.2522 1.4679, 1.0887 0.2501 1.4689, 1.089 0.246 1.471, 1.0896 0.2377 1.4751, 1.6412 0.5419 0.9222, 1.6463 0.5449 1.0066, 1.6513 0.535 1.0902, 1.6561 0.5128 1.1701, 1.6605 0.4797 1.2438, 1.2374 0.4946 0.7544, 1.242 0.5234 0.831, 1.2706 0.442 1.3038, 1.2753 0.3891 1.3664, 1.2802 0.326 1.4215, 1.3038 -0.0632 1.526, 1.3085 -0.1439 1.5103, 1.3135 -0.2228 1.4821, 1.3284 -0.4212 1.3308, 1.3328 -0.4676 1.2649, 1.3371 -0.5037 1.1935, 1.4083 0.1661 0.4648, 1.4133 0.244 0.4965, 1.4184 0.3164 0.54, 1.4234 0.3808 0.5938, 1.4323 0.4786 0.7227, 1.4281 0.4352 0.6555, 1.4416 0.5345 0.876, 1.4368 0.512 0.7962, 1.4466 0.5448 0.9595, 1.4566 0.5266 1.1263, 1.4517 0.5421 1.044, 1.4613 0.4993 1.2037, 1.47 0.4139 1.3394, 1.4655 0.4619 1.2742, 1.4748 0.3552 1.3981, 1.4849 0.2122 1.4867, 1.4799 0.2872 1.4479, 1.4899 0.1328 1.5132, 1.4987 -0.0275 1.529, 1.4945 0.0521 1.5272, 1.5033 -0.1081 1.5188, 1.5132 -0.2648 1.461, 1.5081 -0.1882 1.4962, 1.5182 -0.3352 1.4145, 1.5277 -0.4484 1.2947, 1.5231 -0.397 1.3582, 1.5414 -0.5387 1.0696, 1.5464 -0.5454 0.9855, 1.5515 -0.5391 0.9013, 1.5652 -0.4497 0.6757, 1.5609 -0.4898 0.7444, 1.5564 -0.5201 0.8201, 1.5697 -0.3986 0.612, 1.5797 -0.2669 0.5086, 1.5746 -0.3371 0.5555, 1.5848 -0.1904 0.4732, 1.5941 -0.0298 0.4397, 1.5896 -0.1104 0.4501, 1.5984 0.0498 0.4411, 1.6079 0.21 0.4809, 1.603 0.1305 0.4547, 1.613 0.2851 0.5193, 1.6229 0.4124 0.6273, 1.618 0.3534 0.5688, 1.6273 0.4607 0.6924, 1.6316 0.4984 0.7627, 1.6316 0.4984 0.7627
            ]
        }
        coordIndex [
            0,1,2,-1,3,4,5,-1,6,7,8,-1,9,10,11,-1,12,13,14,-1,15,16,17,-1,18,19,20,-1,21,22,23,-1,23,22,24,-1,25,26,23,-1,23,26,27,-1,27,28,23,-1,23,28,29,-1,23,29,21,-1,25,23,30,-1,30,23,31,-1,30,31,32,-1,33,34,35,-1,35,34,36,-1,36,37,35,-1,35,37,38,-1,35,38,31,-1,31,38,39,-1,31,39,32,-1,40,41,33,-1,41,42,33,-1,33,42,43,-1,33,43,34,-1,34,43,44,-1,34,44,45,-1,45,44,46,-1,45,46,47,-1,20,19,48,-1,19,49,48,-1,48,49,50,-1,48,50,33,-1,33,50,51,-1,33,51,40,-1,52,53,54,-1,54,53,55,-1,55,56,54,-1,54,56,57,-1,54,57,58,-1,58,59,54,-1,54,59,60,-1,54,60,20,-1,20,60,61,-1,20,61,18,-1,52,54,62,-1,62,54,63,-1,62,63,64,-1,65,66,67,-1,63,68,64,-1,64,68,69,-1,64,69,70,-1,70,69,71,-1,72,73,74,-1,74,73,75,-1,74,75,67,-1,67,75,76,-1,67,76,65,-1,15,17,13,-1,77,78,79,-1,79,78,80,-1,81,82,14,-1,14,82,83,-1,84,85,78,-1,78,85,86,-1,78,86,87,-1,88,89,14,-1,14,89,90,-1,14,90,81,-1,91,92,93,-1,93,92,94,-1,95,96,97,-1,97,96,98,-1,97,98,99,-1,100,87,101,-1,101,87,102,-1,101,102,97,-1,97,102,103,-1,97,103,95,-1,91,104,92,-1,92,104,105,-1,92,105,106,-1,107,108,109,-1,110,111,12,-1,12,111,112,-1,100,113,87,-1,87,113,114,-1,87,114,78,-1,78,114,115,-1,78,115,80,-1,83,116,14,-1,14,116,117,-1,14,117,12,-1,12,117,118,-1,12,118,110,-1,119,120,121,-1,121,120,122,-1,121,122,92,-1,92,122,123,-1,92,123,94,-1,124,125,92,-1,92,125,126,-1,92,126,78,-1,78,126,127,-1,78,127,84,-1,112,128,12,-1,12,128,129,-1,12,129,130,-1,130,129,119,-1,130,119,131,-1,131,119,121,-1,106,132,92,-1,92,132,133,-1,92,133,134,-1,134,135,92,-1,92,135,136,-1,92,136,124,-1,137,138,139,-1,139,87,137,-1,137,87,86,-1,137,86,140,-1,140,86,141,-1,141,142,140,-1,140,142,143,-1,140,143,144,-1,145,146,147,-1,145,147,148,-1,149,147,150,-1,138,137,149,-1,149,137,151,-1,149,151,147,-1,147,151,152,-1,147,152,148,-1,146,153,147,-1,147,153,154,-1,147,154,155,-1,155,154,156,-1,150,157,149,-1,149,157,158,-1,149,158,159,-1,160,161,156,-1,156,161,162,-1,156,162,155,-1,163,164,159,-1,159,164,165,-1,159,165,149,-1,22,166,24,-1,24,166,167,-1,24,167,107,-1,107,167,168,-1,107,168,108,-1,169,170,171,-1,172,173,174,-1,174,173,175,-1,171,176,177,-1,177,176,178,-1,177,178,179,-1,180,181,182,-1,182,181,176,-1,182,176,175,-1,175,176,171,-1,175,171,174,-1,174,171,170,-1,178,183,179,-1,179,183,184,-1,179,184,14,-1,14,184,107,-1,14,107,88,-1,88,107,109,-1,185,186,187,-1,188,189,190,-1,191,192,193,-1,192,194,2,-1,193,195,191,-1,191,195,196,-1,191,196,197,-1,198,199,200,-1,200,199,201,-1,200,201,187,-1,187,201,202,-1,187,202,185,-1,203,196,204,-1,204,196,195,-1,204,195,205,-1,205,195,193,-1,206,207,208,-1,208,207,209,-1,208,209,210,-1,210,209,211,-1,210,211,212,-1,212,211,213,-1,212,213,214,-1,215,216,217,-1,218,219,220,-1,215,217,221,-1,221,217,220,-1,221,220,212,-1,212,220,219,-1,212,219,210,-1,220,222,218,-1,218,222,223,-1,218,223,224,-1,216,215,225,-1,225,215,226,-1,225,226,227,-1,226,228,229,-1,213,230,214,-1,214,230,227,-1,214,227,11,-1,11,227,226,-1,11,226,231,-1,231,226,229,-1,9,11,232,-1,233,234,231,-1,231,234,235,-1,231,235,11,-1,11,235,236,-1,11,236,232,-1,237,238,239,-1,240,241,231,-1,231,241,242,-1,231,242,243,-1,243,244,231,-1,231,244,245,-1,231,245,233,-1,246,247,248,-1,248,247,249,-1,238,250,239,-1,239,250,249,-1,239,249,251,-1,251,249,247,-1,237,239,252,-1,252,239,253,-1,252,253,231,-1,231,253,254,-1,231,254,240,-1,255,256,228,-1,257,258,255,-1,255,258,259,-1,255,259,256,-1,8,260,261,-1,261,262,8,-1,8,262,263,-1,8,263,6,-1,264,265,266,-1,267,268,269,-1,269,268,270,-1,269,270,8,-1,8,270,271,-1,8,271,260,-1,272,273,274,-1,273,275,274,-1,274,275,276,-1,274,276,277,-1,272,274,278,-1,278,274,279,-1,278,279,280,-1,281,282,269,-1,269,282,283,-1,283,284,269,-1,269,284,266,-1,269,266,267,-1,267,266,265,-1,285,286,287,-1,287,286,288,-1,289,290,288,-1,281,289,291,-1,291,289,288,-1,291,288,292,-1,292,288,286,-1,293,294,295,-1,295,296,293,-1,293,296,297,-1,293,297,298,-1,299,300,293,-1,293,300,301,-1,293,301,294,-1,298,302,303,-1,303,304,298,-1,298,304,305,-1,298,305,293,-1,299,293,306,-1,306,293,307,-1,306,307,308,-1,308,307,309,-1,308,309,310,-1,309,311,310,-1,310,311,312,-1,310,312,313,-1,313,312,314,-1,313,314,315,-1,316,317,318,-1,314,319,315,-1,315,319,320,-1,315,320,321,-1,321,320,322,-1,321,322,323,-1,324,325,326,-1,326,325,327,-1,326,327,328,-1,328,327,329,-1,323,330,321,-1,321,330,331,-1,321,331,332,-1,332,331,333,-1,332,334,335,-1,335,334,336,-1,335,336,337,-1,337,336,338,-1,337,338,339,-1,339,338,340,-1,339,340,341,-1,341,340,17,-1,341,17,74,-1,74,17,16,-1,74,16,72,-1,66,71,67,-1,67,71,69,-1,67,69,342,-1,342,69,343,-1,342,343,344,-1,344,343,345,-1,346,347,348,-1,345,349,344,-1,344,349,350,-1,344,350,351,-1,347,346,352,-1,352,346,353,-1,352,353,354,-1,351,355,344,-1,344,355,346,-1,344,346,356,-1,356,346,348,-1,357,358,188,-1,357,188,359,-1,360,361,362,-1,362,361,363,-1,364,365,362,-1,362,365,366,-1,367,368,369,-1,369,368,188,-1,369,188,370,-1,370,188,358,-1,363,371,362,-1,362,371,372,-1,362,372,364,-1,186,185,190,-1,190,185,362,-1,190,362,188,-1,188,362,366,-1,188,366,359,-1,221,373,360,-1,360,373,374,-1,360,374,361,-1,367,375,368,-1,368,375,376,-1,368,376,212,-1,212,376,377,-1,212,377,221,-1,221,377,378,-1,221,378,373,-1,379,380,381,-1,381,380,382,-1,383,384,385,-1,386,387,388,-1,388,387,389,-1,388,389,390,-1,391,392,393,-1,394,395,396,-1,396,395,397,-1,396,397,388,-1,388,397,398,-1,388,398,386,-1,379,399,380,-1,380,399,400,-1,380,400,401,-1,401,400,393,-1,401,393,402,-1,402,393,392,-1,403,404,385,-1,385,404,405,-1,385,405,383,-1,406,407,408,-1,5,409,406,-1,406,409,410,-1,406,410,407,-1,408,411,406,-1,406,411,412,-1,406,412,413,-1,414,415,393,-1,393,415,416,-1,393,416,417,-1,418,419,387,-1,387,419,420,-1,387,420,389,-1,417,421,393,-1,393,421,422,-1,393,422,391,-1,413,423,406,-1,406,423,424,-1,406,424,279,-1,279,424,382,-1,279,382,425,-1,425,382,380,-1,425,426,279,-1,279,426,427,-1,279,427,428,-1,384,429,385,-1,385,429,409,-1,385,409,389,-1,389,409,5,-1,389,5,390,-1,390,5,4,-1,428,430,279,-1,279,430,431,-1,279,431,432,-1,10,280,433,-1,433,280,279,-1,433,279,434,-1,434,279,432,-1,434,432,435,-1,418,436,419,-1,419,436,437,-1,419,437,438,-1,438,437,434,-1,438,434,439,-1,439,434,435,-1,440,441,334,-1,334,441,442,-1,443,440,444,-1,444,440,334,-1,444,334,318,-1,318,334,332,-1,318,332,316,-1,316,332,333,-1,445,446,444,-1,434,447,433,-1,433,447,448,-1,433,448,449,-1,450,451,444,-1,444,451,452,-1,449,453,433,-1,433,453,454,-1,433,454,455,-1,455,454,456,-1,455,456,445,-1,457,458,446,-1,446,458,459,-1,446,459,444,-1,444,459,460,-1,444,460,450,-1,452,461,444,-1,444,461,462,-1,444,462,443,-1,463,464,465,-1,465,464,466,-1,465,466,467,-1,465,468,463,-1,463,468,469,-1,463,469,470,-1,470,471,463,-1,463,471,472,-1,463,472,473,-1,473,472,474,-1,473,474,475,-1,475,474,476,-1,475,476,446,-1,446,476,477,-1,446,477,457,-1,478,479,467,-1,467,479,480,-1,467,480,465,-1,481,482,394,-1,394,482,483,-1,394,483,395,-1,481,484,482,-1,482,484,485,-1,482,485,486,-1,486,485,487,-1,486,488,489,-1,487,490,486,-1,486,490,491,-1,486,491,492,-1,492,493,486,-1,486,493,494,-1,486,494,488,-1,489,495,486,-1,486,495,496,-1,486,496,497,-1,498,499,500,-1,500,499,501,-1,500,501,502,-1,503,504,505,-1,501,506,502,-1,502,506,507,-1,502,507,508,-1,508,507,503,-1,508,503,509,-1,509,503,505,-1,510,511,444,-1,445,444,455,-1,455,444,511,-1,455,511,506,-1,506,511,512,-1,506,512,507,-1,513,514,510,-1,513,515,516,-1,516,515,517,-1,513,510,515,-1,515,510,444,-1,515,444,517,-1,517,444,318,-1,517,318,326,-1,326,318,317,-1,326,317,324,-1,498,518,314,-1,314,518,519,-1,314,519,319,-1,192,2,193,-1,193,2,1,-1,193,1,520,-1,520,521,193,-1,193,521,522,-1,193,522,523,-1,523,522,524,-1,523,524,525,-1,526,527,528,-1,528,527,529,-1,528,529,530,-1,530,529,522,-1,530,522,531,-1,531,522,521,-1,531,521,532,-1,521,533,532,-1,532,533,534,-1,532,534,535,-1,524,536,525,-1,525,536,537,-1,525,537,499,-1,499,537,0,-1,499,0,501,-1,501,0,2,-1,193,538,539,-1,540,541,542,-1,542,541,538,-1,542,538,543,-1,543,538,544,-1,540,545,541,-1,541,545,546,-1,541,546,547,-1,548,193,549,-1,549,193,523,-1,549,523,550,-1,550,523,541,-1,550,541,551,-1,551,541,547,-1,552,553,538,-1,538,553,554,-1,538,554,544,-1,548,555,193,-1,193,555,556,-1,193,556,538,-1,538,556,557,-1,538,557,552,-1,558,559,311,-1,560,558,561,-1,561,558,311,-1,561,311,562,-1,562,311,309,-1,562,309,563,-1,563,309,564,-1,563,564,539,-1,539,564,199,-1,539,199,193,-1,193,199,198,-1,193,198,205,-1,561,565,560,-1,560,565,566,-1,560,566,567,-1,228,226,255,-1,255,226,215,-1,255,215,568,-1,568,215,221,-1,568,221,569,-1,569,221,360,-1,569,360,570,-1,570,360,362,-1,570,362,571,-1,571,362,185,-1,571,185,572,-1,572,185,202,-1,572,202,573,-1,281,269,289,-1,289,269,8,-1,289,8,257,-1,257,8,7,-1,257,7,258,-1,10,433,11,-1,11,433,455,-1,11,455,214,-1,214,455,506,-1,214,506,212,-1,212,506,501,-1,212,501,368,-1,368,501,2,-1,368,2,188,-1,188,2,194,-1,188,194,189,-1,284,285,266,-1,266,285,287,-1,266,287,171,-1,171,287,574,-1,171,574,169,-1,169,574,575,-1,290,31,288,-1,288,31,23,-1,288,23,287,-1,287,23,24,-1,287,24,574,-1,574,24,107,-1,574,107,575,-1,575,107,184,-1,277,264,274,-1,274,264,266,-1,274,266,279,-1,279,266,171,-1,279,171,406,-1,406,171,177,-1,498,314,499,-1,499,314,312,-1,499,312,525,-1,525,312,311,-1,525,311,523,-1,523,311,559,-1,523,559,541,-1,13,17,14,-1,14,17,340,-1,14,340,179,-1,179,340,338,-1,179,338,177,-1,177,338,336,-1,177,336,406,-1,406,336,334,-1,406,334,5,-1,5,334,442,-1,5,442,3,-1,35,576,33,-1,33,576,577,-1,33,577,48,-1,48,577,578,-1,48,578,20,-1,20,578,579,-1,20,579,54,-1,54,579,580,-1,54,580,63,-1,63,580,581,-1,63,581,68,-1,68,581,582,-1,583,584,585,-1,586,587,588,-1,588,587,589,-1,590,591,592,-1,592,591,593,-1,594,595,596,-1,596,595,597,-1,596,597,598,-1,598,597,599,-1,598,599,600,-1,600,599,601,-1,599,602,601,-1,601,602,603,-1,601,603,604,-1,604,603,605,-1,604,605,606,-1,606,605,607,-1,606,607,608,-1,608,607,609,-1,608,609,610,-1,610,609,611,-1,610,611,612,-1,612,611,613,-1,612,613,614,-1,614,613,615,-1,614,615,616,-1,616,615,617,-1,616,617,618,-1,618,617,619,-1,618,619,620,-1,620,619,621,-1,620,621,622,-1,622,621,623,-1,622,623,624,-1,624,623,625,-1,624,625,626,-1,626,625,627,-1,626,627,628,-1,628,627,629,-1,628,629,630,-1,630,629,631,-1,630,631,632,-1,632,631,633,-1,632,633,634,-1,634,633,635,-1,634,635,636,-1,636,635,637,-1,636,637,638,-1,638,637,639,-1,638,639,640,-1,640,639,641,-1,640,641,642,-1,642,641,643,-1,642,643,644,-1,644,643,645,-1,644,645,646,-1,646,645,647,-1,646,647,648,-1,648,647,649,-1,648,649,650,-1,650,649,651,-1,650,651,652,-1,652,651,653,-1,652,653,654,-1,654,653,655,-1,654,655,656,-1,656,655,657,-1,656,657,658,-1,658,657,659,-1,658,659,660,-1,660,659,661,-1,660,661,662,-1,662,661,663,-1,662,663,664,-1,664,663,665,-1,664,665,666,-1,666,665,667,-1,666,667,668,-1,668,667,669,-1,668,669,670,-1,670,669,671,-1,670,671,672,-1,672,671,673,-1,672,673,674,-1,674,673,675,-1,674,675,676,-1,676,675,677,-1,676,677,678,-1,678,677,679,-1,678,679,680,-1,680,679,681,-1,680,681,682,-1,682,681,683,-1,682,683,684,-1,684,683,685,-1,684,685,686,-1,686,685,687,-1,686,687,688,-1,688,687,689,-1,688,689,690,-1,690,689,691,-1,690,691,692,-1,692,691,693,-1,692,693,694,-1,694,693,695,-1,694,695,696,-1,696,695,697,-1,696,697,698,-1,698,697,699,-1,698,699,700,-1,700,699,701,-1,700,701,702,-1,702,701,703,-1,702,703,704,-1,704,703,705,-1,704,705,706,-1,706,705,707,-1,706,707,708,-1,708,707,709,-1,708,709,710,-1,710,709,711,-1,710,711,712,-1,712,711,713,-1,712,713,714,-1,714,713,715,-1,714,715,716,-1,716,715,717,-1,716,717,718,-1,718,717,719,-1,718,719,720,-1,720,719,721,-1,720,721,722,-1,722,721,723,-1,722,723,724,-1,724,723,725,-1,724,725,726,-1,726,725,727,-1,726,727,728,-1,728,727,729,-1,728,729,730,-1,730,729,731,-1,730,731,732,-1,732,731,733,-1,732,733,734,-1,734,733,735,-1,734,735,736,-1,736,735,737,-1,736,737,738,-1,738,737,739,-1,738,739,740,-1,740,739,741,-1,740,741,742,-1,742,741,743,-1,742,743,744,-1,743,745,744,-1,744,745,746,-1,744,746,747,-1,747,746,748,-1,747,748,749,-1,750,751,752,-1,752,751,753,-1,752,753,754,-1,749,748,755,-1,755,748,756,-1,755,756,750,-1,750,756,757,-1,750,757,751,-1,754,753,758,-1,758,753,759,-1,758,759,760,-1,760,759,761,-1,760,761,762,-1,762,761,763,-1,762,763,764,-1,763,765,764,-1,764,765,766,-1,764,766,767,-1,767,766,768,-1,593,591,769,-1,769,591,770,-1,769,770,771,-1,771,770,772,-1,771,772,768,-1,768,772,773,-1,768,773,767,-1,774,775,776,-1,776,775,777,-1,776,777,778,-1,590,592,779,-1,779,592,780,-1,779,780,781,-1,781,780,782,-1,781,782,774,-1,774,782,783,-1,774,783,775,-1,778,777,784,-1,784,777,785,-1,784,785,786,-1,785,787,786,-1,786,787,788,-1,786,788,789,-1,789,788,790,-1,789,790,791,-1,791,790,792,-1,791,792,793,-1,793,792,794,-1,793,794,795,-1,796,797,798,-1,798,797,799,-1,798,799,800,-1,795,794,801,-1,801,794,802,-1,801,802,796,-1,796,802,803,-1,796,803,797,-1,800,799,804,-1,804,799,805,-1,804,805,806,-1,806,805,807,-1,806,807,808,-1,589,587,809,-1,809,587,810,-1,809,810,811,-1,811,810,812,-1,811,812,813,-1,813,812,814,-1,813,814,808,-1,808,814,815,-1,808,815,806,-1,816,817,818,-1,586,588,818,-1,818,588,819,-1,818,819,816,-1,817,816,820,-1,820,816,821,-1,820,821,822,-1,823,824,825,-1,825,824,826,-1,825,826,827,-1,827,826,828,-1,827,828,829,-1,829,828,830,-1,829,830,831,-1,831,830,832,-1,831,832,833,-1,833,832,834,-1,833,834,835,-1,835,834,836,-1,835,836,837,-1,837,836,838,-1,837,838,839,-1,839,838,840,-1,839,840,841,-1,841,840,842,-1,841,842,843,-1,843,842,844,-1,843,844,845,-1,845,844,846,-1,845,846,847,-1,847,846,848,-1,847,848,849,-1,849,848,850,-1,849,850,851,-1,851,850,852,-1,851,852,853,-1,853,852,854,-1,853,854,855,-1,855,854,856,-1,855,856,857,-1,857,856,858,-1,857,858,859,-1,859,858,860,-1,859,860,861,-1,861,860,862,-1,861,862,863,-1,863,862,864,-1,863,864,865,-1,865,864,866,-1,865,866,867,-1,867,866,868,-1,867,868,869,-1,869,868,870,-1,869,870,871,-1,871,870,872,-1,871,872,873,-1,873,872,874,-1,873,874,875,-1,875,874,876,-1,875,876,877,-1,877,876,878,-1,877,878,879,-1,879,878,880,-1,879,880,881,-1,881,880,882,-1,881,882,883,-1,883,882,884,-1,883,884,885,-1,885,884,886,-1,885,886,887,-1,887,886,822,-1,887,822,888,-1,888,822,821,-1,583,585,889,-1,585,890,889,-1,889,890,891,-1,889,891,892,-1,892,891,893,-1,892,893,894,-1,894,893,895,-1,894,895,896,-1,896,895,897,-1,896,897,898,-1,898,897,899,-1,898,899,823,-1,823,899,900,-1,823,900,824,-1,901,902,903,-1,903,902,904,-1,903,904,905,-1,905,904,906,-1,905,906,907,-1,907,906,908,-1,907,908,909,-1,909,908,910,-1,909,910,584,-1,584,910,911,-1,584,911,585,-1,912,913,914,-1,914,913,915,-1,914,915,916,-1,916,915,917,-1,916,917,918,-1,918,917,919,-1,918,919,920,-1,920,919,921,-1,920,921,922,-1,922,921,923,-1,922,923,924,-1,924,923,925,-1,924,925,594,-1,594,925,926,-1,594,926,595,-1,927,928,929,-1,929,928,930,-1,929,930,931,-1,931,930,932,-1,931,932,933,-1,933,932,934,-1,933,934,935,-1,935,934,936,-1,935,936,937,-1,937,936,938,-1,937,938,939,-1,939,938,940,-1,939,940,912,-1,912,940,941,-1,912,941,913,-1,942,943,944,-1,945,946,947,-1,948,949,950,-1,951,952,953,-1,954,955,956,-1,957,958,959,-1,960,961,962,-1,963,964,965,-1,966,967,968,-1,964,969,965,-1,965,969,970,-1,965,970,967,-1,967,970,971,-1,972,973,974,-1,974,973,975,-1,974,975,965,-1,965,975,976,-1,965,976,963,-1,977,978,979,-1,979,978,980,-1,980,981,979,-1,979,981,982,-1,979,982,974,-1,974,982,983,-1,974,983,972,-1,984,985,986,-1,986,985,987,-1,986,987,979,-1,979,987,988,-1,979,988,977,-1,961,989,962,-1,962,989,990,-1,962,990,986,-1,986,990,991,-1,986,991,984,-1,960,962,992,-1,992,962,993,-1,992,993,994,-1,958,995,959,-1,959,995,996,-1,959,996,993,-1,993,996,997,-1,993,997,998,-1,998,999,993,-1,993,999,1000,-1,993,1000,994,-1,957,959,1001,-1,1001,959,1002,-1,1001,1002,1003,-1,1004,1005,1002,-1,1002,1005,1006,-1,1002,1006,1003,-1,1007,1008,1009,-1,1009,1008,1010,-1,1009,1010,1002,-1,1002,1010,1011,-1,1002,1011,1004,-1,955,1012,956,-1,956,1012,1013,-1,956,1013,1009,-1,1009,1013,1014,-1,1009,1014,1007,-1,954,956,1015,-1,1015,956,1016,-1,1015,1016,1017,-1,1018,1019,1016,-1,1016,1019,1020,-1,1016,1020,1017,-1,1021,1022,1023,-1,1023,1022,1024,-1,1023,1024,1016,-1,1016,1024,1025,-1,1016,1025,1018,-1,952,1026,953,-1,953,1026,1027,-1,953,1027,1023,-1,1023,1027,1028,-1,1023,1028,1021,-1,1029,1030,1031,-1,1031,1030,1032,-1,1031,1032,953,-1,953,1032,1033,-1,953,1033,951,-1,1034,1035,1036,-1,1036,1035,1037,-1,1037,1038,1036,-1,1036,1038,1039,-1,1036,1039,1031,-1,1031,1039,1040,-1,1031,1040,1029,-1,1041,1042,1043,-1,1041,1043,1036,-1,1036,1043,1044,-1,1036,1044,1034,-1,1045,1041,1046,-1,1046,1041,1047,-1,1045,1048,1041,-1,1041,1048,1049,-1,1041,1049,1042,-1,1050,1051,1047,-1,1047,1051,1052,-1,1047,1052,1046,-1,1053,1054,1055,-1,1055,1054,1056,-1,1055,1056,1047,-1,1047,1056,1057,-1,1047,1057,1050,-1,949,1058,950,-1,950,1058,1059,-1,950,1059,1055,-1,1055,1059,1060,-1,1055,1060,1053,-1,946,1061,947,-1,947,1061,1062,-1,947,1062,950,-1,950,1062,1063,-1,950,1063,948,-1,1064,1065,1066,-1,1066,1065,1067,-1,1066,1067,947,-1,947,1067,1068,-1,947,1068,945,-1,943,1069,944,-1,944,1069,1070,-1,944,1070,1066,-1,1066,1070,1071,-1,1066,1071,1064,-1,1072,1073,944,-1,944,1073,1074,-1,944,1074,942,-1,1075,1076,1072,-1,1072,1076,1077,-1,1072,1077,1073,-1,1078,1079,1080,-1,1080,1079,1081,-1,1080,1081,1072,-1,1072,1081,1082,-1,1072,1082,1075,-1,1083,1084,1085,-1,1085,1084,1086,-1,1086,1087,1085,-1,1085,1087,1088,-1,1085,1088,1080,-1,1080,1088,1089,-1,1080,1089,1078,-1,1083,1085,1090,-1,1090,1085,1091,-1,1090,1091,1092,-1,1093,1094,1091,-1,1091,1094,1095,-1,1095,1096,1091,-1,1091,1096,1097,-1,1091,1097,1092,-1,1098,1099,1100,-1,1100,1099,1101,-1,1100,1101,1093,-1,1093,1101,1102,-1,1093,1102,1094,-1,1098,1100,1103,-1,1103,1100,1104,-1,1103,1104,1105,-1,968,1106,966,-1,966,1106,1107,-1,966,1107,1104,-1,1104,1107,1108,-1,1104,1108,1105,-1,971,1109,967,-1,967,1109,1110,-1,967,1110,968,-1,968,1110,927,-1,968,927,1111,-1,1111,927,929,-1,1111,929,1112,-1,1112,929,931,-1,1112,931,1113,-1,1113,931,1114,-1,1114,931,1115,-1,1115,931,933,-1,1115,933,1116,-1,1116,933,1117,-1,1117,933,935,-1,1117,935,1118,-1,1119,939,1120,-1,1120,939,912,-1,1119,1121,939,-1,939,1121,1122,-1,939,1122,937,-1,937,1122,1123,-1,937,1123,935,-1,935,1123,1124,-1,935,1124,1118,-1,1125,1126,914,-1,914,1126,1127,-1,914,1127,1128,-1,1128,1129,914,-1,914,1129,1130,-1,914,1130,912,-1,912,1130,1131,-1,912,1131,1120,-1,1125,914,1132,-1,1132,914,916,-1,1132,916,1133,-1,1133,916,918,-1,1133,918,1134,-1,1135,1136,920,-1,1136,1137,920,-1,920,1137,1138,-1,920,1138,918,-1,918,1138,1139,-1,918,1139,1134,-1,596,1140,594,-1,594,1140,1141,-1,594,1141,924,-1,924,1141,1142,-1,924,1142,922,-1,922,1142,1143,-1,922,1143,920,-1,920,1143,1144,-1,920,1144,1135,-1,1145,1146,1147,-1,1148,1149,1150,-1,1151,1152,1153,-1,1154,1155,1156,-1,1157,1158,1159,-1,1160,1161,1162,-1,1163,1164,1165,-1,1166,1167,1168,-1,1169,1168,1170,-1,1171,905,1172,-1,1172,905,907,-1,1167,1173,1168,-1,1168,1173,901,-1,1168,901,1170,-1,1170,901,903,-1,1170,903,1174,-1,1174,903,905,-1,1174,905,1175,-1,1175,905,1171,-1,909,1176,907,-1,907,1176,1177,-1,907,1177,1172,-1,1178,1179,909,-1,909,1179,1180,-1,909,1180,1176,-1,1178,909,1181,-1,1181,909,584,-1,1181,584,1182,-1,1182,584,583,-1,1182,583,1183,-1,1184,1185,892,-1,892,1185,1186,-1,892,1186,889,-1,889,1186,1187,-1,889,1187,583,-1,583,1187,1188,-1,583,1188,1183,-1,894,1189,1190,-1,894,1190,892,-1,892,1190,1191,-1,892,1191,1184,-1,896,1192,894,-1,894,1192,1193,-1,894,1193,1189,-1,1194,1195,896,-1,896,1195,1196,-1,896,1196,1192,-1,1194,896,1197,-1,1197,896,898,-1,1197,898,1198,-1,1198,898,823,-1,1198,823,1199,-1,825,1200,823,-1,823,1200,1201,-1,823,1201,1199,-1,827,1202,825,-1,825,1202,1203,-1,825,1203,1200,-1,829,1204,827,-1,827,1204,1205,-1,827,1205,1202,-1,1165,1164,1168,-1,1168,1164,1206,-1,1168,1206,1166,-1,1207,1208,1209,-1,1209,1208,1210,-1,1209,1210,1165,-1,1165,1210,1211,-1,1165,1211,1163,-1,1212,1213,1214,-1,1214,1213,1215,-1,1215,1216,1214,-1,1214,1216,1217,-1,1214,1217,1209,-1,1209,1217,1218,-1,1209,1218,1207,-1,1212,1214,1219,-1,1219,1214,1220,-1,1219,1220,1221,-1,1222,1223,1224,-1,1224,1223,1225,-1,1224,1225,1220,-1,1220,1225,1226,-1,1220,1226,1227,-1,1227,1228,1220,-1,1220,1228,1229,-1,1220,1229,1221,-1,1230,1231,1232,-1,1232,1231,1233,-1,1232,1233,1224,-1,1224,1233,1234,-1,1224,1234,1222,-1,1161,1235,1162,-1,1162,1235,1236,-1,1162,1236,1232,-1,1232,1236,1237,-1,1232,1237,1230,-1,1238,1239,1240,-1,1240,1241,1238,-1,1238,1241,1242,-1,1238,1242,1162,-1,1162,1242,1243,-1,1162,1243,1160,-1,1244,1245,1246,-1,1246,1245,1247,-1,1246,1247,1238,-1,1238,1247,1248,-1,1238,1248,1239,-1,1158,1249,1159,-1,1159,1249,1250,-1,1159,1250,1246,-1,1246,1250,1251,-1,1246,1251,1244,-1,1155,1252,1156,-1,1156,1252,1253,-1,1156,1253,1159,-1,1159,1253,1254,-1,1159,1254,1157,-1,1255,1256,1257,-1,1257,1256,1258,-1,1257,1258,1156,-1,1156,1258,1259,-1,1156,1259,1154,-1,1260,1261,1262,-1,1262,1261,1263,-1,1262,1263,1264,-1,1264,1265,1262,-1,1262,1265,1266,-1,1262,1266,1257,-1,1257,1266,1267,-1,1257,1267,1255,-1,1268,1269,1270,-1,1270,1269,1271,-1,1270,1271,1262,-1,1262,1271,1272,-1,1262,1272,1260,-1,1152,1273,1153,-1,1153,1273,1274,-1,1153,1274,1270,-1,1270,1274,1275,-1,1270,1275,1268,-1,1151,1153,1276,-1,1276,1153,1277,-1,1276,1277,1278,-1,1279,1280,1277,-1,1277,1280,1281,-1,1277,1281,1278,-1,1282,1283,1284,-1,1284,1283,1285,-1,1284,1285,1277,-1,1277,1285,1286,-1,1277,1286,1279,-1,1287,1288,1289,-1,1289,1288,1290,-1,1289,1290,1284,-1,1284,1290,1291,-1,1284,1291,1282,-1,1292,1293,1294,-1,1294,1293,1289,-1,1289,1293,1295,-1,1289,1295,1287,-1,1296,1297,1294,-1,1294,1297,1298,-1,1294,1298,1292,-1,1299,1300,1301,-1,1301,1300,1302,-1,1301,1302,1294,-1,1294,1302,1303,-1,1294,1303,1296,-1,1149,1304,1150,-1,1150,1304,1305,-1,1150,1305,1301,-1,1301,1305,1306,-1,1301,1306,1299,-1,1146,1307,1147,-1,1147,1307,1308,-1,1147,1308,1150,-1,1150,1308,1309,-1,1150,1309,1148,-1,1310,1311,1312,-1,1312,1311,1313,-1,1312,1313,1147,-1,1147,1313,1314,-1,1147,1314,1145,-1,1315,1316,1317,-1,1317,1316,1318,-1,1317,1318,1312,-1,1312,1318,1319,-1,1312,1319,1310,-1,1320,1321,1322,-1,1322,1321,1323,-1,1323,1324,1322,-1,1322,1324,1325,-1,1322,1325,1317,-1,1317,1325,1326,-1,1317,1326,1315,-1,1327,1328,1322,-1,1322,1328,1329,-1,1322,1329,1320,-1,1330,1327,1331,-1,1331,1327,1332,-1,1330,1333,1327,-1,1327,1333,1334,-1,1327,1334,1328,-1,1335,1336,1332,-1,1332,1336,1337,-1,1332,1337,1331,-1,1338,1339,1335,-1,1335,1339,1340,-1,1340,1341,1335,-1,1335,1341,1342,-1,1335,1342,1336,-1,1170,1343,1169,-1,1169,1343,1344,-1,1169,1344,1338,-1,1338,1344,1345,-1,1338,1345,1339,-1,1346,1347,1348,-1,1349,1350,1351,-1,1347,1352,1348,-1,1348,1352,1353,-1,1348,1353,1354,-1,1354,1355,1348,-1,1348,1355,1356,-1,1348,1356,1357,-1,1358,1359,1351,-1,1351,1359,1360,-1,1350,1361,1351,-1,1351,1361,1362,-1,1351,1362,1348,-1,1348,1362,1363,-1,1348,1363,1346,-1,1360,1364,1351,-1,1351,1364,1365,-1,1351,1365,1349,-1,582,576,1366,-1,582,1366,1367,-1,1367,1366,1368,-1,1367,1368,1369,-1,1369,1368,1370,-1,1369,1370,1371,-1,1371,1370,1372,-1,1371,1372,1373,-1,1373,1372,1374,-1,1373,1374,1375,-1,1375,1374,1376,-1,1375,1376,1377,-1,1377,1376,1378,-1,1377,1378,1379,-1,1338,1335,1378,-1,1378,1335,1332,-1,1378,1332,1327,-1,1378,1312,1379,-1,1379,1312,1147,-1,1379,1147,1150,-1,1150,1301,1379,-1,1379,1301,1294,-1,1379,1294,1289,-1,1327,1322,1378,-1,1378,1322,1317,-1,1378,1317,1312,-1,1270,1262,1380,-1,1262,1257,1380,-1,1380,1257,1156,-1,1380,1156,1159,-1,1159,1246,1380,-1,1380,1246,1238,-1,1380,1238,1381,-1,1238,1162,1381,-1,1381,1162,1232,-1,1381,1232,1224,-1,1289,1284,1379,-1,1379,1284,1277,-1,1379,1277,1380,-1,1380,1277,1153,-1,1380,1153,1270,-1,1224,1220,1381,-1,1381,1220,1214,-1,1381,1214,1209,-1,1209,1165,1381,-1,1381,1165,1168,-1,1381,1168,1378,-1,1378,1168,1169,-1,1378,1169,1338,-1,1380,1381,1382,-1,1380,1382,1383,-1,1383,1382,1384,-1,1383,1384,1385,-1,1385,1384,1386,-1,1385,1386,1387,-1,1387,1386,1388,-1,1387,1388,1389,-1,1389,1388,1390,-1,1389,1390,1391,-1,1391,1390,1392,-1,1391,1392,1393,-1,1393,1392,1394,-1,1393,1394,1395,-1,1396,1397,1398,-1,1395,1394,1399,-1,1399,1394,1400,-1,1401,1402,1403,-1,1398,1397,1404,-1,1397,1399,1404,-1,1404,1399,1400,-1,1404,1400,1405,-1,1405,1400,1406,-1,1405,1406,1403,-1,1403,1406,1407,-1,1403,1407,1401,-1,1408,1409,1410,-1,1410,1409,1411,-1,1410,1411,1412,-1,1413,1414,1415,-1,1402,1416,1403,-1,1403,1416,1417,-1,1403,1417,1411,-1,1411,1417,1418,-1,1411,1418,1412,-1,1396,1398,1419,-1,1419,1398,1420,-1,1419,1420,1421,-1,1413,1415,1422,-1,1422,1415,1423,-1,1422,1423,1419,-1,1421,1424,1419,-1,1419,1424,1425,-1,1419,1425,1422,-1,1406,1400,1426,-1,1426,1400,1427,-1,1428,1429,1430,-1,1431,1432,1433,-1,1433,1432,1434,-1,1432,1435,1434,-1,1434,1435,1436,-1,1434,1436,1437,-1,1429,1438,1430,-1,1430,1438,1439,-1,1430,1439,1440,-1,1431,1441,1432,-1,1432,1441,1442,-1,1432,1442,1443,-1,1443,1442,1444,-1,1445,1446,1447,-1,1447,1446,1434,-1,1447,1434,1448,-1,1448,1434,1437,-1,1449,1450,1451,-1,1451,1450,1452,-1,1452,1450,1430,-1,1430,1450,1453,-1,1430,1453,1428,-1,1454,1446,1455,-1,1455,1446,1445,-1,1455,1445,1427,-1,1427,1445,1456,-1,1427,1456,1426,-1,1426,1456,1430,-1,1426,1430,1457,-1,1457,1430,1440,-1,1358,1351,1458,-1,1454,1455,1459,-1,1459,1455,1460,-1,1459,1460,1461,-1,1461,1460,1462,-1,1461,1462,1463,-1,1463,1462,1464,-1,1463,1464,1465,-1,1465,1464,1466,-1,1465,1466,1458,-1,1458,1466,1467,-1,1458,1467,1358,-1,1358,1467,1468,-1,1357,1469,1470,-1,1470,1469,1471,-1,1470,1471,1472,-1,1472,1473,1470,-1,1470,1473,1474,-1,1470,1474,1475,-1,1476,1477,1468,-1,1468,1477,1478,-1,1468,1478,1358,-1,1479,1480,1468,-1,1475,1481,1470,-1,1470,1481,1482,-1,1470,1482,1468,-1,1468,1482,1483,-1,1468,1483,1479,-1,1480,1484,1468,-1,1468,1484,1485,-1,1468,1485,1476,-1,1357,1470,1486,-1,1348,1357,1487,-1,1487,1357,1486,-1,1487,1486,1488,-1,1488,1486,1489,-1,1488,1489,1490,-1,1490,1489,1491,-1,1490,1491,1492,-1,1492,1491,1493,-1,1492,1493,1494,-1,1494,1493,1495,-1,1494,1495,1496,-1,1496,1495,1497,-1,1498,1499,1497,-1,1500,1501,1502,-1,1502,1501,1503,-1,1502,1503,1504,-1,1497,1505,1498,-1,1498,1505,1506,-1,1498,1506,1502,-1,1502,1506,1507,-1,1502,1507,1500,-1,1508,1509,1510,-1,1510,1509,1511,-1,1504,1512,1502,-1,1502,1512,1511,-1,1502,1511,1513,-1,1513,1511,1509,-1,1514,1515,1516,-1,1496,1497,1517,-1,1517,1497,1499,-1,1517,1499,1518,-1,1518,1499,1516,-1,1518,1516,1519,-1,1519,1516,1515,-1,1520,1521,1522,-1,1522,1521,1523,-1,1522,1523,1524,-1,1524,1523,1525,-1,1524,1525,1526,-1,1520,1522,1516,-1,1516,1522,1527,-1,1516,1527,1514,-1,1506,1505,293,-1,293,1505,573,-1,1427,1400,1455,-1,1455,1400,1394,-1,1455,1394,1460,-1,1460,1394,1392,-1,1460,1392,1462,-1,1462,1392,1390,-1,1462,1390,1464,-1,573,1505,576,-1,576,1505,1497,-1,576,1497,1366,-1,1366,1497,1495,-1,1366,1495,1368,-1,1368,1495,1493,-1,1368,1493,1370,-1,1370,1493,1491,-1,1370,1491,1372,-1,1372,1491,1489,-1,1390,1388,1464,-1,1464,1388,1386,-1,1464,1386,1466,-1,1466,1386,1384,-1,1466,1384,1467,-1,1467,1384,1382,-1,1467,1382,1468,-1,1468,1382,1381,-1,1468,1381,1470,-1,1470,1381,1378,-1,1470,1378,1486,-1,1486,1378,1376,-1,1486,1376,1489,-1,1489,1376,1374,-1,1489,1374,1372,-1,1465,1387,1463,-1,1463,1387,1389,-1,1463,1389,1461,-1,1461,1389,1391,-1,1461,1391,1459,-1,1459,1391,1393,-1,1459,1393,1454,-1,1454,1393,1395,-1,1454,1395,1446,-1,1446,1395,1399,-1,1490,1373,1488,-1,1488,1373,1375,-1,1488,1375,1487,-1,1487,1375,1377,-1,1487,1377,1348,-1,1348,1377,1379,-1,1348,1379,1351,-1,1351,1379,1380,-1,1351,1380,1458,-1,1458,1380,1383,-1,1458,1383,1465,-1,1465,1383,1385,-1,1465,1385,1387,-1,1517,69,1496,-1,1496,69,582,-1,1496,582,1494,-1,1494,582,1367,-1,1494,1367,1492,-1,1492,1367,1369,-1,1492,1369,1490,-1,1490,1369,1371,-1,1490,1371,1373,-1,1434,1446,1397,-1,1397,1446,1399,-1,345,69,1518,-1,1518,69,1517,-1,1516,1499,344,-1,344,1499,67,-1,299,308,1502,-1,1502,308,1498,-1,67,1499,308,-1,308,1499,1498,-1,1405,1456,1404,-1,1404,1456,1445,-1,1430,1456,1403,-1,1403,1456,1405,-1,1398,1404,1447,-1,1447,1404,1445,-1,299,1502,1513,-1,299,1513,300,-1,300,1513,1509,-1,300,1509,301,-1,301,1509,1508,-1,301,1508,294,-1,294,1508,1510,-1,294,1510,295,-1,295,1510,1511,-1,295,1511,296,-1,296,1511,1512,-1,296,1512,297,-1,1506,293,305,-1,1506,305,1507,-1,1507,305,304,-1,1507,304,1500,-1,1500,304,303,-1,1500,303,1501,-1,1501,303,302,-1,1501,302,1503,-1,1503,302,298,-1,1503,298,1504,-1,1504,298,297,-1,1504,297,1512,-1,345,1518,1519,-1,345,1519,349,-1,349,1519,1515,-1,349,1515,350,-1,350,1515,1514,-1,350,1514,351,-1,351,1514,1527,-1,351,1527,355,-1,355,1527,1522,-1,355,1522,346,-1,346,1522,1524,-1,346,1524,353,-1,353,1524,1526,-1,353,1526,354,-1,354,1526,1525,-1,354,1525,352,-1,352,1525,1523,-1,352,1523,347,-1,347,1523,1521,-1,347,1521,348,-1,348,1521,1520,-1,348,1520,356,-1,356,1520,1516,-1,356,1516,344,-1,1398,1447,1448,-1,1398,1448,1420,-1,1420,1448,1437,-1,1420,1437,1421,-1,1421,1437,1436,-1,1421,1436,1424,-1,1424,1436,1435,-1,1424,1435,1425,-1,1425,1435,1432,-1,1425,1432,1422,-1,1422,1432,1443,-1,1422,1443,1413,-1,1434,1397,1396,-1,1434,1396,1433,-1,1433,1396,1419,-1,1433,1419,1431,-1,1431,1419,1423,-1,1431,1423,1441,-1,1441,1423,1415,-1,1441,1415,1442,-1,1442,1415,1414,-1,1442,1414,1444,-1,1444,1414,1413,-1,1444,1413,1443,-1,1406,1426,1457,-1,1406,1457,1407,-1,1407,1457,1440,-1,1407,1440,1401,-1,1401,1440,1439,-1,1401,1439,1402,-1,1402,1439,1438,-1,1402,1438,1416,-1,1416,1438,1429,-1,1416,1429,1417,-1,1417,1429,1428,-1,1417,1428,1418,-1,1430,1403,1411,-1,1430,1411,1452,-1,1452,1411,1409,-1,1452,1409,1451,-1,1451,1409,1408,-1,1451,1408,1449,-1,1449,1408,1410,-1,1449,1410,1450,-1,1450,1410,1412,-1,1450,1412,1453,-1,1453,1412,1418,-1,1453,1418,1428,-1,1357,1528,1469,-1,1469,1528,1529,-1,1469,1529,1471,-1,1471,1529,1530,-1,1471,1530,1472,-1,1472,1530,1531,-1,1472,1531,1473,-1,1473,1531,1532,-1,1473,1532,1474,-1,1474,1532,1533,-1,1474,1533,1475,-1,1475,1533,1534,-1,1475,1534,1481,-1,1481,1534,1535,-1,1481,1535,1482,-1,1482,1535,1536,-1,1482,1536,1483,-1,1483,1536,1537,-1,1483,1537,1479,-1,1479,1537,1538,-1,1479,1538,1480,-1,1480,1538,1539,-1,1480,1539,1484,-1,1484,1539,1540,-1,1484,1540,1485,-1,1485,1540,1541,-1,1485,1541,1476,-1,1476,1541,1542,-1,1476,1542,1477,-1,1477,1542,1543,-1,1477,1543,1478,-1,1478,1543,1544,-1,1478,1544,1358,-1,1358,1544,1545,-1,1358,1545,1359,-1,1359,1545,1546,-1,1359,1546,1360,-1,1360,1546,1547,-1,1360,1547,1364,-1,1364,1547,1548,-1,1364,1548,1365,-1,1365,1548,1549,-1,1365,1549,1349,-1,1349,1549,1550,-1,1349,1550,1350,-1,1350,1550,1551,-1,1350,1551,1361,-1,1361,1551,1552,-1,1361,1552,1362,-1,1362,1552,1553,-1,1362,1553,1363,-1,1363,1553,1554,-1,1363,1554,1346,-1,1346,1554,1555,-1,1346,1555,1347,-1,1347,1555,1556,-1,1347,1556,1352,-1,1352,1556,1557,-1,1352,1557,1353,-1,1353,1557,1558,-1,1353,1558,1354,-1,1354,1558,1559,-1,1354,1559,1355,-1,1355,1559,1560,-1,1355,1560,1356,-1,1356,1560,1561,-1,1356,1561,1357,-1,1357,1561,1528,-1,1100,1550,1104,-1,1104,1550,1549,-1,1104,1549,966,-1,966,1549,1548,-1,966,1548,967,-1,967,1548,1547,-1,967,1547,965,-1,965,1547,1546,-1,965,1546,974,-1,974,1546,1545,-1,974,1545,979,-1,979,1545,1544,-1,979,1544,986,-1,986,1544,1543,-1,986,1543,962,-1,962,1543,1542,-1,962,1542,993,-1,993,1542,1541,-1,993,1541,959,-1,959,1541,1540,-1,959,1540,1002,-1,1055,1561,950,-1,950,1561,1560,-1,950,1560,947,-1,947,1560,1559,-1,947,1559,1066,-1,1066,1559,1558,-1,1066,1558,944,-1,944,1558,1557,-1,944,1557,1072,-1,1072,1557,1556,-1,1072,1556,1080,-1,1080,1556,1555,-1,1080,1555,1085,-1,1085,1555,1554,-1,1085,1554,1091,-1,1091,1554,1553,-1,1091,1553,1093,-1,1093,1553,1552,-1,1093,1552,1100,-1,1100,1552,1551,-1,1100,1551,1550,-1,1540,1539,1002,-1,1002,1539,1538,-1,1002,1538,1009,-1,1009,1538,1537,-1,1009,1537,956,-1,956,1537,1536,-1,956,1536,1016,-1,1016,1536,1535,-1,1016,1535,1023,-1,1023,1535,1534,-1,1023,1534,953,-1,953,1534,1533,-1,953,1533,1031,-1,1031,1533,1532,-1,1031,1532,1036,-1,1036,1532,1531,-1,1036,1531,1041,-1,1041,1531,1530,-1,1041,1530,1047,-1,1047,1530,1529,-1,1047,1529,1055,-1,1055,1529,1528,-1,1055,1528,1561,-1,1562,1563,1564,-1,1565,1566,1567,-1,1568,1569,1570,-1,1571,1572,1573,-1,1574,1575,1564,-1,1576,1577,1578,-1,1579,1580,1581,-1,1582,1583,1584,-1,1585,1586,1587,-1,1588,1589,1590,-1,1591,1592,1593,-1,1594,1595,1596,-1,1597,1598,1599,-1,1600,1601,1602,-1,1603,1604,1605,-1,1606,1607,1608,-1,1609,1610,1611,-1,1612,1613,1614,-1,1615,1616,1617,-1,1618,1619,1620,-1,1621,1622,1623,-1,1624,1625,1626,-1,1627,1628,1629,-1,1630,1631,1632,-1,1633,1634,1635,-1,1636,1637,1638,-1,1639,1640,1641,-1,1642,1643,1567,-1,1644,1645,1646,-1,1647,1648,1649,-1,968,1650,1106,-1,1106,1650,1651,-1,1106,1651,1107,-1,1107,1651,1652,-1,1107,1652,1108,-1,1108,1652,1653,-1,1108,1653,1105,-1,1105,1653,1654,-1,1105,1654,1103,-1,1103,1654,1647,-1,1103,1647,1098,-1,1098,1647,1649,-1,1098,1649,1099,-1,1099,1649,1101,-1,1655,1095,1656,-1,1656,1095,1094,-1,1656,1094,1102,-1,1343,1170,1657,-1,1343,1657,1344,-1,1344,1657,1658,-1,1344,1658,1345,-1,1658,1659,1345,-1,1345,1659,1660,-1,1345,1660,1339,-1,1339,1660,1661,-1,1339,1661,1340,-1,1340,1661,1662,-1,1340,1662,1341,-1,1341,1662,1663,-1,1341,1663,1342,-1,1330,1331,1664,-1,1664,1331,1337,-1,1664,1337,1663,-1,1663,1337,1336,-1,1663,1336,1342,-1,1665,1666,1655,-1,1655,1666,1667,-1,1655,1667,1095,-1,1668,1669,1670,-1,1670,1669,1671,-1,1670,1671,1672,-1,1672,1671,1673,-1,1674,1675,1676,-1,1676,1675,1677,-1,1676,1677,1678,-1,1678,1677,1679,-1,1680,1681,1682,-1,1682,1681,1683,-1,1682,1683,1684,-1,1684,1683,1685,-1,1686,1687,1688,-1,1688,1687,1689,-1,1688,1689,1690,-1,1691,1692,1693,-1,1693,1692,1694,-1,1693,1694,1695,-1,1695,1694,1696,-1,1697,1698,1699,-1,1699,1698,1700,-1,1699,1700,1701,-1,1701,1700,1702,-1,1701,1702,1703,-1,1704,1705,1706,-1,1706,1705,1707,-1,1706,1707,1708,-1,1709,1710,1711,-1,1711,1710,1712,-1,1711,1712,1713,-1,1713,1712,1714,-1,1715,1716,1717,-1,1717,1716,1718,-1,1717,1718,1719,-1,1719,1718,1720,-1,1719,1720,1721,-1,1722,1723,1724,-1,1724,1723,1725,-1,1724,1725,1726,-1,1726,1725,1727,-1,1728,1729,1730,-1,1730,1729,1731,-1,1730,1731,1732,-1,1733,1734,1735,-1,1735,1734,1736,-1,1737,1738,1736,-1,1736,1738,1739,-1,1736,1739,1735,-1,1740,1741,1742,-1,1742,1741,1743,-1,1742,1743,1744,-1,1744,1743,1745,-1,1746,1747,1748,-1,1748,1747,1749,-1,1748,1749,1750,-1,1751,1752,1753,-1,1753,1752,1754,-1,1753,1754,1755,-1,1755,1754,1756,-1,1757,1758,1759,-1,1759,1758,1760,-1,1759,1760,1761,-1,1761,1760,1762,-1,1761,1762,1763,-1,1764,1765,1766,-1,1766,1765,1767,-1,1646,1645,1764,-1,1764,1645,1768,-1,1764,1768,1765,-1,1769,1770,1771,-1,1771,1770,1772,-1,1771,1772,1773,-1,1773,1772,1774,-1,1775,1776,1777,-1,1777,1776,1778,-1,1777,1778,1779,-1,1779,1778,1780,-1,1779,1780,1781,-1,1782,1783,1784,-1,1784,1783,1785,-1,1784,1785,1786,-1,1786,1785,1787,-1,1788,1789,1790,-1,1790,1789,1791,-1,1790,1791,1792,-1,1793,1794,1795,-1,1795,1794,1796,-1,1797,1798,1796,-1,1796,1798,1799,-1,1796,1799,1795,-1,1800,1801,1802,-1,1802,1801,1803,-1,1802,1803,1804,-1,1804,1803,1805,-1,1806,1807,1808,-1,1808,1807,1809,-1,1808,1809,1810,-1,1811,1812,1813,-1,1813,1812,1814,-1,1813,1814,1815,-1,1815,1814,1816,-1,1817,1818,1819,-1,1819,1818,1820,-1,1819,1820,1821,-1,1821,1820,1822,-1,1821,1822,1823,-1,1824,1825,1826,-1,1826,1825,1827,-1,1826,1827,1828,-1,1828,1827,1829,-1,1830,1831,1832,-1,1832,1831,1833,-1,1832,1833,1834,-1,1835,1836,1837,-1,1837,1836,1838,-1,1839,1840,1838,-1,1838,1840,1841,-1,1838,1841,1837,-1,1842,1843,1844,-1,1844,1843,1845,-1,1844,1845,1846,-1,1846,1845,1847,-1,1848,1849,1573,-1,1850,1851,1852,-1,1852,1851,1853,-1,1852,1853,1854,-1,1855,1856,1857,-1,1857,1858,1855,-1,1855,1858,1859,-1,1855,1859,1853,-1,1853,1859,1860,-1,1853,1860,1854,-1,1641,1640,1861,-1,1640,1862,1861,-1,1861,1862,1863,-1,1861,1863,1856,-1,1856,1863,1864,-1,1856,1864,1857,-1,1865,1866,1867,-1,1867,1866,1868,-1,1867,1868,1869,-1,1869,1868,1870,-1,1871,1872,1873,-1,1873,1872,1874,-1,1873,1874,1875,-1,1875,1874,1876,-1,1875,1876,1877,-1,1878,1879,1880,-1,1880,1879,1881,-1,1880,1881,1882,-1,1882,1881,1883,-1,1884,1885,1886,-1,1886,1885,1887,-1,1886,1887,1888,-1,1889,1890,1891,-1,1891,1890,1892,-1,1893,1894,1892,-1,1892,1894,1895,-1,1892,1895,1891,-1,1896,1897,1898,-1,1898,1897,1899,-1,1898,1899,1900,-1,1900,1899,1901,-1,1902,1903,1904,-1,1904,1903,1905,-1,1904,1905,1906,-1,1907,1908,1909,-1,1909,1908,1910,-1,1911,1912,1910,-1,1910,1912,1913,-1,1910,1913,1909,-1,1638,1637,1914,-1,1635,1634,1915,-1,1632,1631,1916,-1,1629,1628,1917,-1,1626,1625,1918,-1,1623,1622,1919,-1,1620,1619,1920,-1,1617,1616,1921,-1,1614,1613,1922,-1,1611,1610,1923,-1,1608,1607,1924,-1,1605,1604,1925,-1,1925,1604,1926,-1,1925,1926,1927,-1,1927,1926,1928,-1,1927,1928,1929,-1,1602,1601,1930,-1,1599,1598,1931,-1,1596,1595,1932,-1,1593,1592,1933,-1,1590,1589,1934,-1,1587,1586,1935,-1,1584,1583,1936,-1,1581,1580,1937,-1,1578,1577,1938,-1,1939,1940,1941,-1,1941,1940,1942,-1,1941,1942,1943,-1,1944,1945,1946,-1,1946,1945,1947,-1,1946,1947,1948,-1,1948,1947,1949,-1,1950,1951,1952,-1,1952,1951,1953,-1,1952,1953,1954,-1,1954,1953,1955,-1,1956,1957,1958,-1,1958,1957,1959,-1,1958,1959,1960,-1,1330,1664,1959,-1,1959,1664,1961,-1,1959,1961,1960,-1,1662,1962,1663,-1,1663,1962,1963,-1,1663,1963,1664,-1,1664,1963,1964,-1,1664,1964,1961,-1,1648,1965,1649,-1,1649,1965,1656,-1,1649,1656,1101,-1,1101,1656,1102,-1,1966,1655,1967,-1,1967,1655,1656,-1,1967,1656,1968,-1,1968,1656,1965,-1,1966,1969,1655,-1,1655,1969,1669,-1,1655,1669,1665,-1,1665,1669,1668,-1,1970,1671,1971,-1,1971,1671,1669,-1,1971,1669,1972,-1,1972,1669,1969,-1,1970,1973,1671,-1,1671,1973,1675,-1,1671,1675,1673,-1,1673,1675,1674,-1,1974,1677,1975,-1,1975,1677,1675,-1,1975,1675,1976,-1,1976,1675,1973,-1,1974,1977,1677,-1,1677,1977,1681,-1,1677,1681,1679,-1,1679,1681,1680,-1,1978,1683,1979,-1,1979,1683,1681,-1,1979,1681,1980,-1,1980,1681,1977,-1,1978,1981,1683,-1,1683,1981,1687,-1,1683,1687,1685,-1,1685,1687,1686,-1,1982,1689,1983,-1,1983,1689,1687,-1,1983,1687,1984,-1,1984,1687,1981,-1,1982,1985,1689,-1,1689,1985,1692,-1,1689,1692,1690,-1,1690,1692,1691,-1,1986,1694,1987,-1,1987,1694,1692,-1,1987,1692,1988,-1,1988,1692,1985,-1,1986,1989,1694,-1,1694,1989,1701,-1,1694,1701,1696,-1,1696,1701,1703,-1,1990,1699,1991,-1,1991,1699,1701,-1,1991,1701,1992,-1,1992,1701,1989,-1,1990,1993,1699,-1,1699,1993,1705,-1,1699,1705,1697,-1,1697,1705,1704,-1,1994,1707,1995,-1,1995,1707,1705,-1,1995,1705,1996,-1,1996,1705,1993,-1,1994,1997,1707,-1,1707,1997,1710,-1,1707,1710,1708,-1,1708,1710,1709,-1,1998,1712,1999,-1,1999,1712,1710,-1,1999,1710,2000,-1,2000,1710,1997,-1,1998,2001,1712,-1,1712,2001,1719,-1,1712,1719,1714,-1,1714,1719,1721,-1,2002,1717,2003,-1,2003,1717,1719,-1,2003,1719,2004,-1,2004,1719,2001,-1,2002,2005,1717,-1,1717,2005,1723,-1,1717,1723,1715,-1,1715,1723,1722,-1,2006,1725,2007,-1,2007,1725,1723,-1,2007,1723,2008,-1,2008,1723,2005,-1,2006,2009,1725,-1,1725,2009,1732,-1,1725,1732,1727,-1,1727,1732,1731,-1,2010,1730,2011,-1,2011,1730,1732,-1,2011,1732,2012,-1,2012,1732,2009,-1,2010,2013,1730,-1,1730,2013,1734,-1,1730,1734,1728,-1,1728,1734,1733,-1,2014,1736,2015,-1,2015,1736,1734,-1,2015,1734,2016,-1,2016,1734,2013,-1,2014,2017,1736,-1,1736,2017,1741,-1,1736,1741,1737,-1,1737,1741,1740,-1,2018,1743,2019,-1,2019,1743,1741,-1,2019,1741,2020,-1,2020,1741,2017,-1,2018,2021,1743,-1,1743,2021,1747,-1,1743,1747,1745,-1,1745,1747,1746,-1,2022,1749,2023,-1,2023,1749,1747,-1,2023,1747,2024,-1,2024,1747,2021,-1,2022,2025,1749,-1,1749,2025,1752,-1,1749,1752,1750,-1,1750,1752,1751,-1,1763,1756,1761,-1,1761,1756,1754,-1,1761,1754,2026,-1,2025,2027,1752,-1,1752,2027,2028,-1,1752,2028,1754,-1,1754,2028,2029,-1,1754,2029,2026,-1,1767,1757,1766,-1,1766,1757,1759,-1,1766,1759,2030,-1,2026,2031,1761,-1,1761,2031,2032,-1,1761,2032,1759,-1,1759,2032,2033,-1,1759,2033,2030,-1,2030,2034,1766,-1,1766,2034,2035,-1,1766,2035,1764,-1,1764,2035,2036,-1,1764,2036,1646,-1,1646,2036,2037,-1,2037,2038,1646,-1,1646,2038,1770,-1,1646,1770,1644,-1,1644,1770,1769,-1,2038,2039,1770,-1,1770,2039,2040,-1,1770,2040,1772,-1,1772,2040,2041,-1,2041,2042,1772,-1,1772,2042,1779,-1,1772,1779,1774,-1,1774,1779,1781,-1,2042,2043,1779,-1,1779,2043,2044,-1,1779,2044,1777,-1,1777,2044,2045,-1,2045,2046,1777,-1,1777,2046,1783,-1,1777,1783,1775,-1,1775,1783,1782,-1,2046,2047,1783,-1,1783,2047,2048,-1,1783,2048,1785,-1,1785,2048,2049,-1,2049,2050,1785,-1,1785,2050,1792,-1,1785,1792,1787,-1,1787,1792,1791,-1,2050,2051,1792,-1,1792,2051,2052,-1,1792,2052,1790,-1,1790,2052,2053,-1,2053,2054,1790,-1,1790,2054,1794,-1,1790,1794,1788,-1,1788,1794,1793,-1,2054,2055,1794,-1,1794,2055,2056,-1,1794,2056,1796,-1,1796,2056,2057,-1,2057,2058,1796,-1,1796,2058,1801,-1,1796,1801,1797,-1,1797,1801,1800,-1,2058,2059,1801,-1,1801,2059,2060,-1,1801,2060,1803,-1,1803,2060,2061,-1,2061,2062,1803,-1,1803,2062,1807,-1,1803,1807,1805,-1,1805,1807,1806,-1,2062,2063,1807,-1,1807,2063,2064,-1,1807,2064,1809,-1,1809,2064,2065,-1,2065,2066,1809,-1,1809,2066,1812,-1,1809,1812,1810,-1,1810,1812,1811,-1,2066,2067,1812,-1,1812,2067,2068,-1,1812,2068,1814,-1,1814,2068,2069,-1,2069,2070,1814,-1,1814,2070,1821,-1,1814,1821,1816,-1,1816,1821,1823,-1,2070,2071,1821,-1,1821,2071,2072,-1,1821,2072,1819,-1,1819,2072,2073,-1,2073,2074,1819,-1,1819,2074,1825,-1,1819,1825,1817,-1,1817,1825,1824,-1,2074,2075,1825,-1,1825,2075,2076,-1,1825,2076,1827,-1,1827,2076,2077,-1,2077,2078,1827,-1,1827,2078,1834,-1,1827,1834,1829,-1,1829,1834,1833,-1,2078,2079,1834,-1,1834,2079,2080,-1,1834,2080,1832,-1,1832,2080,2081,-1,2081,2082,1832,-1,1832,2082,1836,-1,1832,1836,1830,-1,1830,1836,1835,-1,2082,2083,1836,-1,1836,2083,2084,-1,1836,2084,1838,-1,1838,2084,2085,-1,2085,2086,1838,-1,1838,2086,1843,-1,1838,1843,1839,-1,1839,1843,1842,-1,2086,2087,1843,-1,1843,2087,2088,-1,1843,2088,1845,-1,1845,2088,2089,-1,1845,2089,2090,-1,2090,1571,1845,-1,1845,1571,1573,-1,1845,1573,1847,-1,1847,1573,1849,-1,1572,1568,1573,-1,1573,1568,1570,-1,1573,1570,1848,-1,1848,1570,2091,-1,1569,1565,1570,-1,1570,1565,1567,-1,1570,1567,2091,-1,2091,1567,1643,-1,1566,2092,1567,-1,1567,2092,1851,-1,1567,1851,1642,-1,1642,1851,1850,-1,2092,2093,1851,-1,1851,2093,2094,-1,1851,2094,1853,-1,1853,2094,2095,-1,1853,2095,1855,-1,1855,2095,2096,-1,1855,2096,1856,-1,1856,2096,2097,-1,1856,2097,1861,-1,2098,1641,2099,-1,2099,1641,1861,-1,2099,1861,2100,-1,2100,1861,2097,-1,2098,2101,1641,-1,1641,2101,1866,-1,1641,1866,1639,-1,1639,1866,1865,-1,2102,1868,2103,-1,2103,1868,1866,-1,2103,1866,2104,-1,2104,1866,2101,-1,2102,2105,1868,-1,1868,2105,1875,-1,1868,1875,1870,-1,1870,1875,1877,-1,2106,1873,2107,-1,2107,1873,1875,-1,2107,1875,2108,-1,2108,1875,2105,-1,2106,2109,1873,-1,1873,2109,1879,-1,1873,1879,1871,-1,1871,1879,1878,-1,2110,1881,2111,-1,2111,1881,1879,-1,2111,1879,2112,-1,2112,1879,2109,-1,2110,2113,1881,-1,1881,2113,1888,-1,1881,1888,1883,-1,1883,1888,1887,-1,2114,1886,2115,-1,2115,1886,1888,-1,2115,1888,2116,-1,2116,1888,2113,-1,2114,2117,1886,-1,1886,2117,1890,-1,1886,1890,1884,-1,1884,1890,1889,-1,2118,1892,2119,-1,2119,1892,1890,-1,2119,1890,2120,-1,2120,1890,2117,-1,2118,2121,1892,-1,1892,2121,1897,-1,1892,1897,1893,-1,1893,1897,1896,-1,2122,1899,2123,-1,2123,1899,1897,-1,2123,1897,2124,-1,2124,1897,2121,-1,2122,2125,1899,-1,1899,2125,1906,-1,1899,1906,1901,-1,1901,1906,1905,-1,2126,1904,2127,-1,2127,1904,1906,-1,2127,1906,2128,-1,2128,1906,2125,-1,2126,2129,1904,-1,1904,2129,1908,-1,1904,1908,1902,-1,1902,1908,1907,-1,2130,1910,2131,-1,2131,1910,1908,-1,2131,1908,2132,-1,2132,1908,2129,-1,2130,2133,1910,-1,1910,2133,1636,-1,1910,1636,1911,-1,1911,1636,1638,-1,2134,1637,2135,-1,2135,1637,1636,-1,2135,1636,2136,-1,2136,1636,2133,-1,2134,2137,1637,-1,1637,2137,1633,-1,1637,1633,1914,-1,1914,1633,1635,-1,2138,1634,2139,-1,2139,1634,1633,-1,2139,1633,2140,-1,2140,1633,2137,-1,2138,2141,1634,-1,1634,2141,1630,-1,1634,1630,1915,-1,1915,1630,1632,-1,2142,1631,2143,-1,2143,1631,1630,-1,2143,1630,2144,-1,2144,1630,2141,-1,2142,2145,1631,-1,1631,2145,1627,-1,1631,1627,1916,-1,1916,1627,1629,-1,2146,1628,2147,-1,2147,1628,1627,-1,2147,1627,2148,-1,2148,1627,2145,-1,2146,2149,1628,-1,1628,2149,1624,-1,1628,1624,1917,-1,1917,1624,1626,-1,2150,1625,2151,-1,2151,1625,1624,-1,2151,1624,2152,-1,2152,1624,2149,-1,2150,2153,1625,-1,1625,2153,1621,-1,1625,1621,1918,-1,1918,1621,1623,-1,2154,1622,2155,-1,2155,1622,1621,-1,2155,1621,2156,-1,2156,1621,2153,-1,2154,2157,1622,-1,1622,2157,1618,-1,1622,1618,1919,-1,1919,1618,1620,-1,2158,1619,2159,-1,2159,1619,1618,-1,2159,1618,2160,-1,2160,1618,2157,-1,2158,2161,1619,-1,1619,2161,1615,-1,1619,1615,1920,-1,1920,1615,1617,-1,2162,1616,2163,-1,2163,1616,1615,-1,2163,1615,2164,-1,2164,1615,2161,-1,2162,2165,1616,-1,1616,2165,1612,-1,1616,1612,1921,-1,1921,1612,1614,-1,2166,1613,2167,-1,2167,1613,1612,-1,2167,1612,2168,-1,2168,1612,2165,-1,2166,2169,1613,-1,1613,2169,1609,-1,1613,1609,1922,-1,1922,1609,1611,-1,1608,1923,1606,-1,1606,1923,1610,-1,1606,1610,2170,-1,2169,2171,1609,-1,1609,2171,2172,-1,1609,2172,1610,-1,1610,2172,2173,-1,1610,2173,2170,-1,1605,1924,1603,-1,1603,1924,1607,-1,1603,1607,2174,-1,2170,2175,1606,-1,1606,2175,2176,-1,1606,2176,1607,-1,1607,2176,2177,-1,1607,2177,2174,-1,2174,2178,1603,-1,1603,2178,2179,-1,1603,2179,1604,-1,1604,2179,2180,-1,1604,2180,1926,-1,2180,2181,1926,-1,1926,2181,2182,-1,1926,2182,1928,-1,1928,2182,2183,-1,2183,2184,1928,-1,1928,2184,1600,-1,1928,1600,1929,-1,1929,1600,1602,-1,2184,2185,1600,-1,1600,2185,2186,-1,1600,2186,1601,-1,1601,2186,2187,-1,2187,2188,1601,-1,1601,2188,1597,-1,1601,1597,1930,-1,1930,1597,1599,-1,2188,2189,1597,-1,1597,2189,2190,-1,1597,2190,1598,-1,1598,2190,2191,-1,2191,2192,1598,-1,1598,2192,1594,-1,1598,1594,1931,-1,1931,1594,1596,-1,2192,2193,1594,-1,1594,2193,2194,-1,1594,2194,1595,-1,1595,2194,2195,-1,2195,2196,1595,-1,1595,2196,1591,-1,1595,1591,1932,-1,1932,1591,1593,-1,2196,2197,1591,-1,1591,2197,2198,-1,1591,2198,1592,-1,1592,2198,2199,-1,2199,2200,1592,-1,1592,2200,1588,-1,1592,1588,1933,-1,1933,1588,1590,-1,2200,2201,1588,-1,1588,2201,2202,-1,1588,2202,1589,-1,1589,2202,2203,-1,2203,2204,1589,-1,1589,2204,1585,-1,1589,1585,1934,-1,1934,1585,1587,-1,2204,2205,1585,-1,1585,2205,2206,-1,1585,2206,1586,-1,1586,2206,2207,-1,2207,2208,1586,-1,1586,2208,1582,-1,1586,1582,1935,-1,1935,1582,1584,-1,2208,2209,1582,-1,1582,2209,2210,-1,1582,2210,1583,-1,1583,2210,2211,-1,2211,2212,1583,-1,1583,2212,1579,-1,1583,1579,1936,-1,1936,1579,1581,-1,2212,2213,1579,-1,1579,2213,2214,-1,1579,2214,1580,-1,1580,2214,2215,-1,2215,2216,1580,-1,1580,2216,1576,-1,1580,1576,1937,-1,1937,1576,1578,-1,2216,2217,1576,-1,1576,2217,2218,-1,1576,2218,1577,-1,1577,2218,2219,-1,2219,2220,1577,-1,1577,2220,1943,-1,1577,1943,1938,-1,1938,1943,1942,-1,2220,2221,1943,-1,1943,2221,2222,-1,1943,2222,1941,-1,1941,2222,2223,-1,2223,2224,1941,-1,1941,2224,1945,-1,1941,1945,1939,-1,1939,1945,1944,-1,2224,2225,1945,-1,1945,2225,2226,-1,1945,2226,1947,-1,1947,2226,2227,-1,2227,2228,1947,-1,1947,2228,1951,-1,1947,1951,1949,-1,1949,1951,1950,-1,2228,2229,1951,-1,1951,2229,2230,-1,1951,2230,1953,-1,1953,2230,2231,-1,1953,2231,2232,-1,2232,1562,1953,-1,1953,1562,1564,-1,1953,1564,1955,-1,1955,1564,1575,-1,1563,2233,1564,-1,1564,2233,1957,-1,1564,1957,1574,-1,1574,1957,1956,-1,2233,2234,1957,-1,1957,2234,2235,-1,1957,2235,1959,-1,1959,2235,2236,-1,1959,2236,1330,-1,1218,1217,2237,-1,1237,1236,2238,-1,1269,1268,2205,-1,1293,1292,2217,-1,1309,1308,2225,-1,1115,1116,1653,-1,2239,1140,596,-1,2239,596,2240,-1,1143,1142,2239,-1,2239,1142,1141,-1,2239,1141,1140,-1,1137,1136,2241,-1,2241,1136,1135,-1,2241,1135,2242,-1,2242,1135,1144,-1,2242,1144,1143,-1,1133,1134,2243,-1,2243,1134,1139,-1,2243,1139,2241,-1,2241,1139,1138,-1,2241,1138,1137,-1,2244,1125,2243,-1,2243,1125,1132,-1,2243,1132,1133,-1,1128,1127,2244,-1,2244,1127,1126,-1,2244,1126,1125,-1,1130,1129,1967,-1,1967,1129,1128,-1,1967,1128,1966,-1,1966,1128,2244,-1,1966,2244,1969,-1,1648,1647,1123,-1,1123,1122,1648,-1,1648,1122,1121,-1,1648,1121,1965,-1,1965,1121,1119,-1,1965,1119,1968,-1,1968,1119,1120,-1,1968,1120,1967,-1,1967,1120,1131,-1,1967,1131,1130,-1,1653,1116,1654,-1,1116,1117,1654,-1,1654,1117,1118,-1,1654,1118,1647,-1,1647,1118,1124,-1,1647,1124,1123,-1,1115,1653,1114,-1,1114,1653,1652,-1,1114,1652,1113,-1,1113,1652,1651,-1,1113,1651,1112,-1,1112,1651,1111,-1,1111,1651,1650,-1,1111,1650,968,-1,1330,2236,1333,-1,1333,2236,2235,-1,1333,2235,1334,-1,1334,2235,2234,-1,1334,2234,1328,-1,1328,2234,2233,-1,1328,2233,1329,-1,1563,1562,1324,-1,1324,1323,1563,-1,1563,1323,1321,-1,1563,1321,2233,-1,2233,1321,1320,-1,2233,1320,1329,-1,2231,1315,2232,-1,2232,1315,1326,-1,2232,1326,1562,-1,1562,1326,1325,-1,1562,1325,1324,-1,1311,1310,2229,-1,2229,1310,1319,-1,2229,1319,2230,-1,2230,1319,1318,-1,2230,1318,2231,-1,2231,1318,1316,-1,2231,1316,1315,-1,2225,1308,2226,-1,1308,1307,2226,-1,2226,1307,1146,-1,2226,1146,2227,-1,2227,1146,1145,-1,2227,1145,2228,-1,2228,1145,1314,-1,2228,1314,2229,-1,2229,1314,1313,-1,2229,1313,1311,-1,1309,2225,1148,-1,1148,2225,2224,-1,1148,2224,1149,-1,1149,2224,2223,-1,1149,2223,1304,-1,2221,2220,1302,-1,1302,1300,2221,-1,2221,1300,1299,-1,2221,1299,2222,-1,2222,1299,1306,-1,2222,1306,2223,-1,2223,1306,1305,-1,2223,1305,1304,-1,2217,1292,2218,-1,1292,1298,2218,-1,2218,1298,1297,-1,2218,1297,2219,-1,2219,1297,1296,-1,2219,1296,2220,-1,2220,1296,1303,-1,2220,1303,1302,-1,1293,2217,1295,-1,1295,2217,2216,-1,1295,2216,1287,-1,1287,2216,2215,-1,1287,2215,1288,-1,1285,2213,1286,-1,1286,2213,2212,-1,1286,2212,1279,-1,1279,2212,2211,-1,1279,2211,1280,-1,1285,1283,2213,-1,2213,1283,1282,-1,2213,1282,2214,-1,2214,1282,1291,-1,2214,1291,2215,-1,2215,1291,1290,-1,2215,1290,1288,-1,1280,2211,1281,-1,1281,2211,2210,-1,1281,2210,1278,-1,1278,2210,1276,-1,1276,2210,2209,-1,1276,2209,1151,-1,1151,2209,2208,-1,1151,2208,1152,-1,1152,2208,2207,-1,1152,2207,1273,-1,2205,1268,2206,-1,2206,1268,1275,-1,2206,1275,2207,-1,2207,1275,1274,-1,2207,1274,1273,-1,2202,1261,2203,-1,2203,1261,1260,-1,2203,1260,2204,-1,2204,1260,1272,-1,2204,1272,2205,-1,2205,1272,1271,-1,2205,1271,1269,-1,1265,1264,2245,-1,1259,1258,2246,-1,2246,1258,1256,-1,1256,1255,2246,-1,2246,1255,1267,-1,2246,1267,2245,-1,2245,1267,1266,-1,2245,1266,1265,-1,1154,2247,1155,-1,1155,2247,1252,-1,1252,2247,1253,-1,1253,2247,2248,-1,1253,2248,1254,-1,1249,1158,2248,-1,2248,1158,1157,-1,2248,1157,1254,-1,2249,1247,1245,-1,1244,1251,2250,-1,2250,1251,1250,-1,2250,1250,1249,-1,2251,1239,2249,-1,2249,1239,1248,-1,2249,1248,1247,-1,1243,1242,2251,-1,1242,1241,2251,-1,2251,1241,1240,-1,2251,1240,1239,-1,1235,1161,2252,-1,2252,1161,1160,-1,2252,1160,1243,-1,1237,2238,1230,-1,1230,2238,2253,-1,1230,2253,1231,-1,1222,1234,2253,-1,2253,1234,1233,-1,2253,1233,1231,-1,1226,1225,2254,-1,2254,1225,1223,-1,2254,1223,1222,-1,1229,1228,2255,-1,2255,1228,1227,-1,1213,1212,2256,-1,2256,1212,1219,-1,2256,1219,2255,-1,2255,1219,1221,-1,2255,1221,1229,-1,1217,1216,2237,-1,2237,1216,1215,-1,2237,1215,1213,-1,2257,1208,1207,-1,1164,1163,2258,-1,2258,1163,1211,-1,2258,1211,2257,-1,2257,1211,1210,-1,2257,1210,1208,-1,2259,1206,1164,-1,1173,1167,2259,-1,2259,1167,1166,-1,2259,1166,1206,-1,1969,2244,1972,-1,1972,2244,2243,-1,1972,2243,1971,-1,1971,2243,1970,-1,1970,2243,2241,-1,1970,2241,1973,-1,1973,2241,1976,-1,1976,2241,2242,-1,1976,2242,1975,-1,1143,2239,2242,-1,2242,2239,1974,-1,2242,1974,1975,-1,2240,1980,2239,-1,2239,1980,1977,-1,2239,1977,1974,-1,1984,1981,2260,-1,2260,1981,1978,-1,2260,1978,2240,-1,2240,1978,1979,-1,2240,1979,1980,-1,1983,2261,1982,-1,1982,2261,2262,-1,2263,1988,2262,-1,2262,1988,1985,-1,2262,1985,1982,-1,2264,1986,2263,-1,2263,1986,1987,-1,2263,1987,1988,-1,2265,1992,2264,-1,2264,1992,1989,-1,2264,1989,1986,-1,2266,1990,2265,-1,2265,1990,1991,-1,2265,1991,1992,-1,1994,1995,2267,-1,2267,1995,1996,-1,2267,1996,2266,-1,2266,1996,1993,-1,2266,1993,1990,-1,1997,2268,2000,-1,2000,2268,2269,-1,2004,2001,2270,-1,2270,2001,1998,-1,2270,1998,2269,-1,2269,1998,1999,-1,2269,1999,2000,-1,2003,2271,2002,-1,2002,2271,2272,-1,2273,2008,2272,-1,2272,2008,2005,-1,2272,2005,2002,-1,2012,2009,2274,-1,2274,2009,2006,-1,2274,2006,2273,-1,2273,2006,2007,-1,2273,2007,2008,-1,2011,2275,2010,-1,2010,2275,2276,-1,2014,2015,2277,-1,2277,2015,2016,-1,2277,2016,2276,-1,2276,2016,2013,-1,2276,2013,2010,-1,2017,2278,2020,-1,2020,2278,2279,-1,2024,2021,2280,-1,2280,2021,2018,-1,2280,2018,2279,-1,2279,2018,2019,-1,2279,2019,2020,-1,2023,2281,2022,-1,2022,2281,2282,-1,2029,2028,2283,-1,2283,2028,2027,-1,2283,2027,2282,-1,2282,2027,2025,-1,2282,2025,2022,-1,2026,2284,2031,-1,2031,2284,2285,-1,2034,2030,2286,-1,2286,2030,2033,-1,2286,2033,2285,-1,2285,2033,2032,-1,2285,2032,2031,-1,2035,2287,2036,-1,2036,2287,2288,-1,2040,2039,2289,-1,2289,2039,2038,-1,2289,2038,2288,-1,2288,2038,2037,-1,2288,2037,2036,-1,2041,2290,2042,-1,2042,2290,2291,-1,2046,2045,2292,-1,2292,2045,2044,-1,2292,2044,2291,-1,2291,2044,2043,-1,2291,2043,2042,-1,2047,2293,2048,-1,2048,2293,2294,-1,2052,2051,2295,-1,2295,2051,2050,-1,2295,2050,2294,-1,2294,2050,2049,-1,2294,2049,2048,-1,2053,2296,2054,-1,2054,2296,2297,-1,2058,2057,2298,-1,2298,2057,2056,-1,2298,2056,2297,-1,2297,2056,2055,-1,2297,2055,2054,-1,2059,2299,2060,-1,2060,2299,2300,-1,2064,2063,2301,-1,2301,2063,2062,-1,2301,2062,2300,-1,2300,2062,2061,-1,2300,2061,2060,-1,2065,2302,2066,-1,2066,2302,2303,-1,2070,2069,2304,-1,2304,2069,2068,-1,2304,2068,2303,-1,2303,2068,2067,-1,2303,2067,2066,-1,2071,2305,2072,-1,2072,2305,2306,-1,2076,2075,2307,-1,2307,2075,2074,-1,2307,2074,2306,-1,2306,2074,2073,-1,2306,2073,2072,-1,2077,2308,2078,-1,2078,2308,2309,-1,2082,2081,2310,-1,2310,2081,2080,-1,2310,2080,2309,-1,2309,2080,2079,-1,2309,2079,2078,-1,2083,2311,2084,-1,2084,2311,2312,-1,2088,2087,2313,-1,2313,2087,2086,-1,2313,2086,2312,-1,2312,2086,2085,-1,2312,2085,2084,-1,2089,2314,2090,-1,2090,2314,2315,-1,2316,1572,2315,-1,2315,1572,1571,-1,2315,1571,2090,-1,2317,1569,2316,-1,2316,1569,1568,-1,2316,1568,1572,-1,2318,1566,2317,-1,2317,1566,1565,-1,2317,1565,1569,-1,2095,2094,2319,-1,2319,2094,2093,-1,2319,2093,2318,-1,2318,2093,2092,-1,2318,2092,1566,-1,2096,2320,2097,-1,2097,2320,2321,-1,2097,2321,2100,-1,2100,2321,2322,-1,2104,2101,2323,-1,2323,2101,2098,-1,2323,2098,2322,-1,2322,2098,2099,-1,2322,2099,2100,-1,2103,2324,2102,-1,2102,2324,2325,-1,2326,2108,2325,-1,2325,2108,2105,-1,2325,2105,2102,-1,2112,2109,2327,-1,2327,2109,2106,-1,2327,2106,2326,-1,2326,2106,2107,-1,2326,2107,2108,-1,2111,2328,2110,-1,2110,2328,2329,-1,2114,2115,2330,-1,2330,2115,2116,-1,2330,2116,2329,-1,2329,2116,2113,-1,2329,2113,2110,-1,2117,2331,2120,-1,2120,2331,2332,-1,2124,2121,2333,-1,2333,2121,2118,-1,2333,2118,2332,-1,2332,2118,2119,-1,2332,2119,2120,-1,2123,2334,2122,-1,2122,2334,2335,-1,2126,2127,2336,-1,2336,2127,2128,-1,2336,2128,2335,-1,2335,2128,2125,-1,2335,2125,2122,-1,2129,2337,2132,-1,2132,2337,2338,-1,2136,2133,2339,-1,2339,2133,2130,-1,2339,2130,2338,-1,2338,2130,2131,-1,2338,2131,2132,-1,2135,2340,2134,-1,2134,2340,2341,-1,2138,2139,2342,-1,2342,2139,2140,-1,2342,2140,2341,-1,2341,2140,2137,-1,2341,2137,2134,-1,2141,2343,2144,-1,2144,2343,2344,-1,2148,2145,2345,-1,2345,2145,2142,-1,2345,2142,2344,-1,2344,2142,2143,-1,2344,2143,2144,-1,2147,2346,2146,-1,2146,2346,2347,-1,2150,2151,2348,-1,2348,2151,2152,-1,2348,2152,2347,-1,2347,2152,2149,-1,2347,2149,2146,-1,2153,2349,2156,-1,2156,2349,2350,-1,2160,2157,2351,-1,2351,2157,2154,-1,2351,2154,2350,-1,2350,2154,2155,-1,2350,2155,2156,-1,2159,2352,2158,-1,2158,2352,2353,-1,2162,2163,2354,-1,2354,2163,2164,-1,2354,2164,2353,-1,2353,2164,2161,-1,2353,2161,2158,-1,2165,2355,2168,-1,2168,2355,2356,-1,2168,2356,2167,-1,2167,2356,2166,-1,2169,2166,2259,-1,2259,2166,2356,-1,2259,2356,1173,-1,1173,2356,901,-1,1164,2258,2259,-1,2259,2258,2171,-1,2259,2171,2169,-1,2175,2170,2257,-1,2257,2170,2173,-1,2257,2173,2258,-1,2258,2173,2172,-1,2258,2172,2171,-1,2176,2175,2237,-1,2237,2175,2257,-1,2237,2257,1218,-1,1218,2257,1207,-1,1213,2256,2237,-1,2237,2256,2177,-1,2237,2177,2176,-1,2180,2179,2255,-1,2255,2179,2178,-1,2255,2178,2256,-1,2256,2178,2174,-1,2256,2174,2177,-1,2181,2180,2254,-1,2254,2180,2255,-1,2254,2255,1226,-1,1226,2255,1227,-1,1222,2253,2254,-1,2254,2253,2182,-1,2254,2182,2181,-1,2186,2185,2238,-1,2238,2185,2184,-1,2238,2184,2253,-1,2253,2184,2183,-1,2253,2183,2182,-1,2187,2186,2252,-1,2252,2186,2238,-1,2252,2238,1235,-1,1235,2238,1236,-1,1243,2251,2252,-1,2252,2251,2188,-1,2252,2188,2187,-1,2192,2191,2249,-1,2249,2191,2190,-1,2249,2190,2251,-1,2251,2190,2189,-1,2251,2189,2188,-1,2193,2192,2250,-1,2250,2192,2249,-1,2250,2249,1244,-1,1244,2249,1245,-1,1249,2248,2250,-1,2250,2248,2194,-1,2250,2194,2193,-1,2198,2197,2247,-1,2247,2197,2196,-1,2247,2196,2248,-1,2248,2196,2195,-1,2248,2195,2194,-1,2199,2198,2246,-1,2246,2198,2247,-1,2246,2247,1259,-1,1259,2247,1154,-1,2199,2246,2200,-1,2200,2246,2245,-1,2200,2245,2201,-1,2201,2245,1264,-1,2201,1264,2202,-1,2202,1264,1263,-1,2202,1263,1261,-1,601,2260,600,-1,600,2260,2240,-1,600,2240,598,-1,598,2240,596,-1,601,604,2260,-1,2260,604,2261,-1,2260,2261,1984,-1,1984,2261,1983,-1,604,606,2261,-1,2261,606,608,-1,2261,608,2262,-1,2262,608,610,-1,2262,610,2263,-1,2263,610,612,-1,2263,612,2264,-1,2264,612,614,-1,614,616,2264,-1,2264,616,618,-1,2264,618,2265,-1,2265,618,620,-1,2265,620,2266,-1,2266,620,622,-1,2266,622,2267,-1,2267,622,624,-1,624,626,2267,-1,2267,626,2268,-1,2267,2268,1994,-1,1994,2268,1997,-1,626,628,2268,-1,2268,628,630,-1,2268,630,2269,-1,2269,630,632,-1,2269,632,2270,-1,2270,632,634,-1,634,636,2270,-1,2270,636,2271,-1,2270,2271,2004,-1,2004,2271,2003,-1,636,638,2271,-1,2271,638,640,-1,2271,640,2272,-1,2272,640,642,-1,2272,642,2273,-1,648,2274,646,-1,646,2274,2273,-1,646,2273,644,-1,644,2273,642,-1,648,650,2274,-1,2274,650,2275,-1,2274,2275,2012,-1,2012,2275,2011,-1,658,2277,656,-1,656,2277,2276,-1,656,2276,654,-1,654,2276,2275,-1,654,2275,652,-1,652,2275,650,-1,658,660,2277,-1,2277,660,2278,-1,2277,2278,2014,-1,2014,2278,2017,-1,668,2280,666,-1,666,2280,2279,-1,666,2279,664,-1,664,2279,2278,-1,664,2278,662,-1,662,2278,660,-1,668,670,2280,-1,2280,670,2281,-1,2280,2281,2024,-1,2024,2281,2023,-1,678,2283,676,-1,676,2283,2282,-1,676,2282,674,-1,674,2282,2281,-1,674,2281,672,-1,672,2281,670,-1,678,680,2283,-1,2283,680,2284,-1,2283,2284,2029,-1,2029,2284,2026,-1,688,2286,686,-1,686,2286,2285,-1,686,2285,684,-1,684,2285,2284,-1,684,2284,682,-1,682,2284,680,-1,688,690,2286,-1,2286,690,2287,-1,2286,2287,2034,-1,2034,2287,2035,-1,698,2289,696,-1,696,2289,2288,-1,696,2288,694,-1,694,2288,2287,-1,694,2287,692,-1,692,2287,690,-1,698,700,2289,-1,2289,700,2290,-1,2289,2290,2040,-1,2040,2290,2041,-1,708,2292,706,-1,706,2292,2291,-1,706,2291,704,-1,704,2291,2290,-1,704,2290,702,-1,702,2290,700,-1,708,710,2292,-1,2292,710,2293,-1,2292,2293,2046,-1,2046,2293,2047,-1,718,2295,716,-1,716,2295,2294,-1,716,2294,714,-1,714,2294,2293,-1,714,2293,712,-1,712,2293,710,-1,718,720,2295,-1,2295,720,2296,-1,2295,2296,2052,-1,2052,2296,2053,-1,728,2298,726,-1,726,2298,2297,-1,726,2297,724,-1,724,2297,2296,-1,724,2296,722,-1,722,2296,720,-1,728,730,2298,-1,2298,730,2299,-1,2298,2299,2058,-1,2058,2299,2059,-1,738,2301,736,-1,736,2301,2300,-1,736,2300,734,-1,734,2300,2299,-1,734,2299,732,-1,732,2299,730,-1,738,740,2301,-1,2301,740,2302,-1,2301,2302,2064,-1,2064,2302,2065,-1,749,2304,747,-1,747,2304,2303,-1,747,2303,744,-1,744,2303,2302,-1,744,2302,742,-1,742,2302,740,-1,749,755,2304,-1,2304,755,2305,-1,2304,2305,2070,-1,2070,2305,2071,-1,758,2307,754,-1,754,2307,2306,-1,754,2306,752,-1,752,2306,2305,-1,752,2305,750,-1,750,2305,755,-1,758,760,2307,-1,2307,760,2308,-1,2307,2308,2076,-1,2076,2308,2077,-1,773,2310,767,-1,767,2310,2309,-1,767,2309,764,-1,764,2309,2308,-1,764,2308,762,-1,762,2308,760,-1,773,772,2310,-1,2310,772,2311,-1,2310,2311,2082,-1,2082,2311,2083,-1,779,2313,590,-1,590,2313,2312,-1,590,2312,591,-1,591,2312,2311,-1,591,2311,770,-1,770,2311,772,-1,779,781,2313,-1,2313,781,2314,-1,2313,2314,2088,-1,2088,2314,2089,-1,781,774,2314,-1,2314,774,776,-1,2314,776,2315,-1,2315,776,778,-1,2315,778,2316,-1,2316,778,784,-1,2316,784,2317,-1,2317,784,786,-1,795,2319,793,-1,793,2319,2318,-1,793,2318,791,-1,791,2318,2317,-1,791,2317,789,-1,789,2317,786,-1,795,801,2319,-1,2319,801,2320,-1,2319,2320,2095,-1,2095,2320,2096,-1,801,796,2320,-1,2320,796,798,-1,2320,798,2321,-1,2321,798,800,-1,2321,800,2322,-1,2322,800,804,-1,2322,804,2323,-1,2323,804,806,-1,806,815,2323,-1,2323,815,2324,-1,2323,2324,2104,-1,2104,2324,2103,-1,815,814,2324,-1,2324,814,812,-1,2324,812,2325,-1,2325,812,810,-1,2325,810,2326,-1,818,2327,586,-1,586,2327,2326,-1,586,2326,587,-1,587,2326,810,-1,818,817,2327,-1,2327,817,2328,-1,2327,2328,2112,-1,2112,2328,2111,-1,884,2330,886,-1,886,2330,2329,-1,886,2329,822,-1,822,2329,2328,-1,822,2328,820,-1,820,2328,817,-1,884,882,2330,-1,2330,882,2331,-1,2330,2331,2114,-1,2114,2331,2117,-1,874,2333,876,-1,876,2333,2332,-1,876,2332,878,-1,878,2332,2331,-1,878,2331,880,-1,880,2331,882,-1,874,872,2333,-1,2333,872,2334,-1,2333,2334,2124,-1,2124,2334,2123,-1,864,2336,866,-1,866,2336,2335,-1,866,2335,868,-1,868,2335,2334,-1,868,2334,870,-1,870,2334,872,-1,864,862,2336,-1,2336,862,2337,-1,2336,2337,2126,-1,2126,2337,2129,-1,854,2339,856,-1,856,2339,2338,-1,856,2338,858,-1,858,2338,2337,-1,858,2337,860,-1,860,2337,862,-1,854,852,2339,-1,2339,852,2340,-1,2339,2340,2136,-1,2136,2340,2135,-1,844,2342,846,-1,846,2342,2341,-1,846,2341,848,-1,848,2341,2340,-1,848,2340,850,-1,850,2340,852,-1,844,842,2342,-1,2342,842,2343,-1,2342,2343,2138,-1,2138,2343,2141,-1,834,2345,836,-1,836,2345,2344,-1,836,2344,838,-1,838,2344,2343,-1,838,2343,840,-1,840,2343,842,-1,834,832,2345,-1,2345,832,2346,-1,2345,2346,2148,-1,2148,2346,2147,-1,824,2348,826,-1,826,2348,2347,-1,826,2347,828,-1,828,2347,2346,-1,828,2346,830,-1,830,2346,832,-1,824,900,2348,-1,2348,900,2349,-1,2348,2349,2150,-1,2150,2349,2153,-1,893,2351,895,-1,895,2351,2350,-1,895,2350,897,-1,897,2350,2349,-1,897,2349,899,-1,899,2349,900,-1,893,891,2351,-1,2351,891,2352,-1,2351,2352,2160,-1,2160,2352,2159,-1,910,2354,911,-1,911,2354,2353,-1,911,2353,585,-1,585,2353,2352,-1,585,2352,890,-1,890,2352,891,-1,910,908,2354,-1,2354,908,2355,-1,2354,2355,2162,-1,2162,2355,2165,-1,908,906,2355,-1,2355,906,904,-1,2355,904,2356,-1,2356,904,902,-1,2356,902,901,-1,1903,1902,2357,-1,1901,1905,2358,-1,1898,1900,2359,-1,1893,1896,2360,-1,1895,1894,2361,-1,1889,1891,2362,-1,1885,1884,2363,-1,1883,1887,2364,-1,1880,1882,2365,-1,1871,1878,2366,-1,1874,1872,2367,-1,1877,1876,2368,-1,1869,1870,2369,-1,1865,1867,2370,-1,1859,1858,2371,-1,1854,1860,2372,-1,1847,1849,2373,-1,1844,1846,2374,-1,1839,1842,2375,-1,1841,1840,2376,-1,1826,1828,2377,-1,1817,1824,2378,-1,1820,1818,2379,-1,1823,1822,2380,-1,1805,1806,2381,-1,1802,1804,2382,-1,1797,1800,2383,-1,1799,1798,2384,-1,1793,1795,2385,-1,1789,1788,2386,-1,1787,1791,2387,-1,1784,1786,2388,-1,1775,1782,2389,-1,1778,1776,2390,-1,1781,1780,2391,-1,1773,1774,2392,-1,1769,1771,2393,-1,1645,1644,2394,-1,1765,1768,2395,-1,1757,1767,2396,-1,1760,1758,2397,-1,1763,1762,2398,-1,1755,1756,2399,-1,1751,1753,2400,-1,1748,1750,2401,-1,1745,1746,2402,-1,1742,1744,2403,-1,1737,1740,2404,-1,1739,1738,2405,-1,1733,1735,2406,-1,1729,1728,2407,-1,1727,1731,2408,-1,1724,1726,2409,-1,1715,1722,2410,-1,833,835,2411,-1,811,813,2412,-1,2412,813,2413,-1,725,723,2357,-1,715,713,2360,-1,705,703,2363,-1,695,693,2366,-1,685,683,2369,-1,669,667,2371,-1,649,647,2374,-1,629,627,2377,-1,619,617,2380,-1,615,613,2414,-1,926,925,2385,-1,917,915,2388,-1,938,936,2391,-1,1190,1189,2415,-1,976,975,2396,-1,960,992,2401,-1,957,1001,2404,-1,1019,1018,2409,-1,1028,1027,2416,-1,1033,1032,1720,-1,1045,1046,1704,-1,1070,1069,1684,-1,1095,1667,1096,-1,1096,1667,1666,-1,1096,1666,1097,-1,1097,1666,1665,-1,1672,1087,1670,-1,1670,1087,1086,-1,1086,1084,1670,-1,1670,1084,1083,-1,1670,1083,1668,-1,1668,1083,1090,-1,1668,1090,1665,-1,1665,1090,1092,-1,1665,1092,1097,-1,1076,1075,1678,-1,1678,1075,1082,-1,1678,1082,1676,-1,1676,1082,1081,-1,1676,1081,1674,-1,1081,1079,1674,-1,1674,1079,1078,-1,1674,1078,1673,-1,1673,1078,1089,-1,1673,1089,1672,-1,1672,1089,1088,-1,1672,1088,1087,-1,1684,1069,1682,-1,1069,943,1682,-1,1682,943,942,-1,1682,942,1680,-1,1680,942,1074,-1,1680,1074,1679,-1,1679,1074,1073,-1,1679,1073,1678,-1,1678,1073,1077,-1,1678,1077,1076,-1,1070,1684,1071,-1,1071,1684,1685,-1,1071,1685,1064,-1,1064,1685,1686,-1,1064,1686,1065,-1,1691,1062,1061,-1,1691,1061,1690,-1,1061,946,1690,-1,1690,946,945,-1,1690,945,1688,-1,1688,945,1068,-1,1688,1068,1686,-1,1686,1068,1067,-1,1686,1067,1065,-1,1062,1691,1063,-1,1063,1691,1693,-1,1063,1693,948,-1,948,1693,1695,-1,948,1695,949,-1,949,1695,1696,-1,949,1696,1058,-1,1702,1053,1703,-1,1703,1053,1060,-1,1703,1060,1696,-1,1696,1060,1059,-1,1696,1059,1058,-1,1700,1056,1702,-1,1702,1056,1054,-1,1702,1054,1053,-1,1052,1051,1698,-1,1698,1051,1050,-1,1698,1050,1700,-1,1700,1050,1057,-1,1700,1057,1056,-1,1052,1698,1046,-1,1046,1698,1697,-1,1046,1697,1704,-1,1708,1042,1706,-1,1706,1042,1049,-1,1706,1049,1704,-1,1704,1049,1048,-1,1704,1048,1045,-1,1714,1039,1713,-1,1713,1039,1038,-1,1713,1038,1711,-1,1711,1038,1037,-1,1037,1035,1711,-1,1711,1035,1034,-1,1711,1034,1709,-1,1709,1034,1044,-1,1709,1044,1708,-1,1708,1044,1043,-1,1708,1043,1042,-1,1720,1032,1721,-1,1032,1030,1721,-1,1721,1030,1029,-1,1721,1029,1714,-1,1714,1029,1040,-1,1714,1040,1039,-1,2417,1718,2418,-1,2418,1718,2419,-1,2416,1027,2420,-1,2420,1027,1026,-1,2420,1026,952,-1,1720,1718,1033,-1,1033,1718,2417,-1,1033,2417,951,-1,951,2417,2418,-1,951,2418,952,-1,952,2418,2419,-1,952,2419,2420,-1,2420,2419,1718,-1,2420,1718,2416,-1,2416,1718,1716,-1,1025,1024,2410,-1,2410,1024,1022,-1,2410,1022,1021,-1,954,1015,2408,-1,2408,1015,1017,-1,1019,2409,1020,-1,1007,1014,2407,-1,1014,1013,2407,-1,2407,1013,1012,-1,2407,1012,955,-1,1010,1008,2406,-1,1010,2406,1011,-1,1003,1006,2405,-1,2405,1006,1005,-1,2405,1005,1004,-1,957,2404,958,-1,997,996,2403,-1,2403,996,995,-1,994,1000,2402,-1,2402,1000,999,-1,2402,999,998,-1,960,2401,961,-1,988,987,2399,-1,2399,987,985,-1,984,991,2400,-1,2400,991,990,-1,2400,990,989,-1,982,981,2398,-1,981,980,2398,-1,2398,980,978,-1,2398,978,977,-1,972,983,2397,-1,972,2397,973,-1,976,2396,963,-1,971,970,2395,-1,2395,970,969,-1,2395,969,964,-1,928,927,2394,-1,2394,927,1110,-1,2394,1110,1109,-1,831,2421,829,-1,829,2421,2422,-1,1202,1205,2422,-1,2422,1205,1204,-1,2422,1204,829,-1,2423,2424,1199,-1,1199,1201,2423,-1,2423,1201,1200,-1,2423,1200,1203,-1,1194,1197,2424,-1,2424,1197,1198,-1,2424,1198,1199,-1,1189,1193,2415,-1,2415,1193,1192,-1,2415,1192,2425,-1,2425,1192,1196,-1,2425,1196,1195,-1,1961,1184,1191,-1,1190,2415,1191,-1,1191,2415,1960,-1,1191,1960,1961,-1,1964,1186,1961,-1,1961,1186,1185,-1,1961,1185,1184,-1,1962,1662,1181,-1,1181,1182,1962,-1,1962,1182,1183,-1,1962,1183,1963,-1,1963,1183,1188,-1,1963,1188,1964,-1,1964,1188,1187,-1,1964,1187,1186,-1,1660,1180,1661,-1,1661,1180,1179,-1,1661,1179,1662,-1,1662,1179,1178,-1,1662,1178,1181,-1,1657,1170,1174,-1,1174,1175,1657,-1,1657,1175,1171,-1,1657,1171,1658,-1,1658,1171,1172,-1,1658,1172,1659,-1,1659,1172,1177,-1,1659,1177,1660,-1,1660,1177,1176,-1,1660,1176,1180,-1,932,930,2393,-1,941,940,2390,-1,921,919,2387,-1,597,595,2384,-1,602,599,2383,-1,605,603,2382,-1,2426,2427,609,-1,2414,613,2427,-1,2427,613,611,-1,2427,611,609,-1,623,621,2379,-1,631,2428,633,-1,633,2428,2429,-1,633,2429,635,-1,635,2429,2430,-1,635,2430,637,-1,637,2430,639,-1,643,641,2376,-1,653,651,2373,-1,655,2431,2432,-1,663,661,2433,-1,2433,661,659,-1,2433,659,2432,-1,2432,659,657,-1,2432,657,655,-1,671,2434,673,-1,673,2434,2435,-1,673,2435,675,-1,675,2435,677,-1,677,2435,2436,-1,677,2436,679,-1,689,687,2368,-1,699,697,2365,-1,709,707,2362,-1,719,717,2359,-1,727,2437,729,-1,729,2437,2438,-1,729,2438,731,-1,731,2438,2439,-1,2440,735,2439,-1,2439,735,733,-1,2439,733,731,-1,2441,741,2442,-1,2442,741,739,-1,2442,739,2440,-1,2440,739,737,-1,2440,737,735,-1,2443,746,2444,-1,2444,746,745,-1,2444,745,2441,-1,2441,745,743,-1,2441,743,741,-1,2445,756,2443,-1,2443,756,748,-1,2443,748,746,-1,2446,753,2447,-1,2447,753,751,-1,2447,751,2445,-1,2445,751,757,-1,2445,757,756,-1,2448,761,2446,-1,2446,761,759,-1,2446,759,753,-1,2449,766,2450,-1,2450,766,765,-1,2450,765,2448,-1,2448,765,763,-1,2448,763,761,-1,2451,771,2449,-1,2449,771,768,-1,2449,768,766,-1,2452,592,2453,-1,2453,592,593,-1,2453,593,2451,-1,2451,593,769,-1,2451,769,771,-1,2454,782,2452,-1,2452,782,780,-1,2452,780,592,-1,2455,777,2456,-1,2456,777,775,-1,2456,775,2454,-1,2454,775,783,-1,2454,783,782,-1,2457,787,2455,-1,2455,787,785,-1,2455,785,777,-1,2458,792,2459,-1,2459,792,790,-1,2459,790,2457,-1,2457,790,788,-1,2457,788,787,-1,2460,802,2458,-1,2458,802,794,-1,2458,794,792,-1,2461,799,2462,-1,2462,799,797,-1,2462,797,2460,-1,2460,797,803,-1,2460,803,802,-1,813,808,2413,-1,2413,808,807,-1,2413,807,2461,-1,2461,807,805,-1,2461,805,799,-1,811,2412,809,-1,809,2412,2463,-1,809,2463,589,-1,589,2463,2464,-1,589,2464,588,-1,588,2464,2465,-1,588,2465,819,-1,2466,887,2467,-1,2467,887,888,-1,2467,888,2468,-1,2468,888,821,-1,2468,821,2465,-1,2465,821,816,-1,2465,816,819,-1,2469,883,2466,-1,2466,883,885,-1,2466,885,887,-1,2470,877,2471,-1,2471,877,879,-1,2471,879,2469,-1,2469,879,881,-1,2469,881,883,-1,2472,873,2470,-1,2470,873,875,-1,2470,875,877,-1,2473,867,2474,-1,2474,867,869,-1,2474,869,2472,-1,2472,869,871,-1,2472,871,873,-1,2475,863,2473,-1,2473,863,865,-1,2473,865,867,-1,2476,857,2477,-1,2477,857,859,-1,2477,859,2475,-1,2475,859,861,-1,2475,861,863,-1,2478,853,2476,-1,2476,853,855,-1,2476,855,857,-1,2479,847,2480,-1,2480,847,849,-1,2480,849,2478,-1,2478,849,851,-1,2478,851,853,-1,2481,843,2479,-1,2479,843,845,-1,2479,845,847,-1,2411,835,2482,-1,835,837,2482,-1,2482,837,839,-1,2482,839,2481,-1,2481,839,841,-1,2481,841,843,-1,1716,1715,2416,-1,2416,1715,2410,-1,2416,2410,1028,-1,1028,2410,1021,-1,1722,1724,2410,-1,2410,1724,2409,-1,2410,2409,1025,-1,1025,2409,1018,-1,1726,1727,2409,-1,2409,1727,2408,-1,2409,2408,1020,-1,1020,2408,1017,-1,1731,1729,2408,-1,2408,1729,2407,-1,2408,2407,954,-1,954,2407,955,-1,1728,1733,2407,-1,2407,1733,2406,-1,2407,2406,1007,-1,1007,2406,1008,-1,1735,1739,2406,-1,2406,1739,2405,-1,2406,2405,1011,-1,1011,2405,1004,-1,1738,1737,2405,-1,2405,1737,2404,-1,2405,2404,1003,-1,1003,2404,1001,-1,1740,1742,2404,-1,2404,1742,2403,-1,2404,2403,958,-1,958,2403,995,-1,1744,1745,2403,-1,2403,1745,2402,-1,2403,2402,997,-1,997,2402,998,-1,1746,1748,2402,-1,2402,1748,2401,-1,2402,2401,994,-1,994,2401,992,-1,1750,1751,2401,-1,2401,1751,2400,-1,2401,2400,961,-1,961,2400,989,-1,1753,1755,2400,-1,2400,1755,2399,-1,2400,2399,984,-1,984,2399,985,-1,1756,1763,2399,-1,2399,1763,2398,-1,2399,2398,988,-1,988,2398,977,-1,1762,1760,2398,-1,2398,1760,2397,-1,2398,2397,982,-1,982,2397,983,-1,1758,1757,2397,-1,2397,1757,2396,-1,2397,2396,973,-1,973,2396,975,-1,1767,1765,2396,-1,2396,1765,2395,-1,2396,2395,963,-1,963,2395,964,-1,1768,1645,2395,-1,2395,1645,2394,-1,2395,2394,971,-1,971,2394,1109,-1,1644,1769,2394,-1,2394,1769,2393,-1,2394,2393,928,-1,928,2393,930,-1,1771,1773,2393,-1,2393,1773,2392,-1,2393,2392,932,-1,932,2392,934,-1,1774,1781,2392,-1,2392,1781,2391,-1,2392,2391,934,-1,934,2391,936,-1,1780,1778,2391,-1,2391,1778,2390,-1,2391,2390,938,-1,938,2390,940,-1,1776,1775,2390,-1,2390,1775,2389,-1,2390,2389,941,-1,941,2389,913,-1,1782,1784,2389,-1,2389,1784,2388,-1,2389,2388,913,-1,913,2388,915,-1,1786,1787,2388,-1,2388,1787,2387,-1,2388,2387,917,-1,917,2387,919,-1,1791,1789,2387,-1,2387,1789,2386,-1,2387,2386,921,-1,921,2386,923,-1,1788,1793,2386,-1,2386,1793,2385,-1,2386,2385,923,-1,923,2385,925,-1,1795,1799,2385,-1,2385,1799,2384,-1,2385,2384,926,-1,926,2384,595,-1,1798,1797,2384,-1,2384,1797,2383,-1,2384,2383,597,-1,597,2383,599,-1,1800,1802,2383,-1,2383,1802,2382,-1,2383,2382,602,-1,602,2382,603,-1,1804,1805,2382,-1,2382,1805,2381,-1,2382,2381,605,-1,605,2381,607,-1,1806,1808,2381,-1,2381,1808,2426,-1,2381,2426,607,-1,607,2426,609,-1,1808,1810,2426,-1,2426,1810,1811,-1,2426,1811,2427,-1,2427,1811,1813,-1,2427,1813,2414,-1,2414,1813,1815,-1,2414,1815,1816,-1,1816,1823,2414,-1,2414,1823,2380,-1,2414,2380,615,-1,615,2380,617,-1,1822,1820,2380,-1,2380,1820,2379,-1,2380,2379,619,-1,619,2379,621,-1,1818,1817,2379,-1,2379,1817,2378,-1,2379,2378,623,-1,623,2378,625,-1,1824,1826,2378,-1,2378,1826,2377,-1,2378,2377,625,-1,625,2377,627,-1,1828,1829,2377,-1,2377,1829,2428,-1,2377,2428,629,-1,629,2428,631,-1,1829,1833,2428,-1,2428,1833,1831,-1,2428,1831,2429,-1,2429,1831,1830,-1,2429,1830,2430,-1,2430,1830,1835,-1,2430,1835,1837,-1,1837,1841,2430,-1,2430,1841,2376,-1,2430,2376,639,-1,639,2376,641,-1,1840,1839,2376,-1,2376,1839,2375,-1,2376,2375,643,-1,643,2375,645,-1,1842,1844,2375,-1,2375,1844,2374,-1,2375,2374,645,-1,645,2374,647,-1,1846,1847,2374,-1,2374,1847,2373,-1,2374,2373,649,-1,649,2373,651,-1,1849,1848,2373,-1,2373,1848,2431,-1,2373,2431,653,-1,653,2431,655,-1,1848,2091,2431,-1,2431,2091,1643,-1,2431,1643,2432,-1,2432,1643,1642,-1,2432,1642,2433,-1,2433,1642,1850,-1,2433,1850,1852,-1,1852,1854,2433,-1,2433,1854,2372,-1,2433,2372,663,-1,663,2372,665,-1,1860,1859,2372,-1,2372,1859,2371,-1,2372,2371,665,-1,665,2371,667,-1,1858,1857,2371,-1,2371,1857,2434,-1,2371,2434,669,-1,669,2434,671,-1,1857,1864,2434,-1,2434,1864,1863,-1,2434,1863,2435,-1,2435,1863,1862,-1,2435,1862,2436,-1,2436,1862,1640,-1,2436,1640,1639,-1,1639,1865,2436,-1,2436,1865,2370,-1,2436,2370,679,-1,679,2370,681,-1,1867,1869,2370,-1,2370,1869,2369,-1,2370,2369,681,-1,681,2369,683,-1,1870,1877,2369,-1,2369,1877,2368,-1,2369,2368,685,-1,685,2368,687,-1,1876,1874,2368,-1,2368,1874,2367,-1,2368,2367,689,-1,689,2367,691,-1,1872,1871,2367,-1,2367,1871,2366,-1,2367,2366,691,-1,691,2366,693,-1,1878,1880,2366,-1,2366,1880,2365,-1,2366,2365,695,-1,695,2365,697,-1,1882,1883,2365,-1,2365,1883,2364,-1,2365,2364,699,-1,699,2364,701,-1,1887,1885,2364,-1,2364,1885,2363,-1,2364,2363,701,-1,701,2363,703,-1,1884,1889,2363,-1,2363,1889,2362,-1,2363,2362,705,-1,705,2362,707,-1,1891,1895,2362,-1,2362,1895,2361,-1,2362,2361,709,-1,709,2361,711,-1,1894,1893,2361,-1,2361,1893,2360,-1,2361,2360,711,-1,711,2360,713,-1,1896,1898,2360,-1,2360,1898,2359,-1,2360,2359,715,-1,715,2359,717,-1,1900,1901,2359,-1,2359,1901,2358,-1,2359,2358,719,-1,719,2358,721,-1,1905,1903,2358,-1,2358,1903,2357,-1,2358,2357,721,-1,721,2357,723,-1,1902,1907,2357,-1,2357,1907,2437,-1,2357,2437,725,-1,725,2437,727,-1,1907,1909,2437,-1,2437,1909,1913,-1,2437,1913,2438,-1,2438,1913,1912,-1,2438,1912,2439,-1,2439,1912,1911,-1,2439,1911,2440,-1,2440,1911,1638,-1,2440,1638,2442,-1,2442,1638,1914,-1,2442,1914,2441,-1,2441,1914,1635,-1,2441,1635,2444,-1,2444,1635,1915,-1,2444,1915,2443,-1,2443,1915,1632,-1,2443,1632,2445,-1,2445,1632,1916,-1,2445,1916,2447,-1,2447,1916,1629,-1,2447,1629,2446,-1,2446,1629,1917,-1,2446,1917,2448,-1,2448,1917,1626,-1,2448,1626,2450,-1,2450,1626,1918,-1,2450,1918,2449,-1,2449,1918,1623,-1,2449,1623,2451,-1,2451,1623,1919,-1,2451,1919,2453,-1,2453,1919,1620,-1,2453,1620,2452,-1,2452,1620,1920,-1,2452,1920,2454,-1,2454,1920,1617,-1,2454,1617,2456,-1,2456,1617,1921,-1,2456,1921,2455,-1,2455,1921,1614,-1,2455,1614,2457,-1,2457,1614,1922,-1,2457,1922,2459,-1,2459,1922,1611,-1,2459,1611,2458,-1,2458,1611,1923,-1,2458,1923,2460,-1,2460,1923,1608,-1,2460,1608,2462,-1,2462,1608,1924,-1,2462,1924,2461,-1,2461,1924,1605,-1,2461,1605,2413,-1,2413,1605,1925,-1,2413,1925,2412,-1,2412,1925,1927,-1,2412,1927,2463,-1,2463,1927,1929,-1,2463,1929,2464,-1,2464,1929,1602,-1,2464,1602,2465,-1,2465,1602,1930,-1,2465,1930,2468,-1,2468,1930,1599,-1,2468,1599,2467,-1,2467,1599,1931,-1,2467,1931,2466,-1,2466,1931,1596,-1,2466,1596,2469,-1,2469,1596,1932,-1,2469,1932,2471,-1,2471,1932,1593,-1,2471,1593,2470,-1,2470,1593,1933,-1,2470,1933,2472,-1,2472,1933,1590,-1,2472,1590,2474,-1,2474,1590,1934,-1,2474,1934,2473,-1,2473,1934,1587,-1,2473,1587,2475,-1,2475,1587,1935,-1,2475,1935,2477,-1,2477,1935,1584,-1,2477,1584,2476,-1,2476,1584,1936,-1,2476,1936,2478,-1,2478,1936,1581,-1,2478,1581,2480,-1,2480,1581,1937,-1,2480,1937,2479,-1,2479,1937,1578,-1,2479,1578,2481,-1,2481,1578,1938,-1,2481,1938,2482,-1,1939,2411,1940,-1,1940,2411,2482,-1,1940,2482,1942,-1,1942,2482,1938,-1,1939,1944,2411,-1,2411,1944,2421,-1,2411,2421,833,-1,833,2421,831,-1,1949,2422,1948,-1,1948,2422,2421,-1,1948,2421,1946,-1,1946,2421,1944,-1,1949,1950,2422,-1,2422,1950,2423,-1,2422,2423,1202,-1,1202,2423,1203,-1,1955,2424,1954,-1,1954,2424,2423,-1,1954,2423,1952,-1,1952,2423,1950,-1,1955,1575,2424,-1,2424,1575,2425,-1,2424,2425,1194,-1,1194,2425,1195,-1,1575,1574,2425,-1,2425,1574,1956,-1,2425,1956,2415,-1,2415,1956,1958,-1,2415,1958,1960,-1,
        ]
    }
}
Shape{
    appearance Appearance {
        material  Material 	{
            diffuseColor 0.0 0.0 0.0
            specularColor 0.0 0.0 0.0
            ambientIntensity 0.2
            transparency 0
            shininess 0.5
        }
    }
    geometry IndexedFaceSet {
        ccw TRUE
        solid FALSE
        coord DEF co Coordinate {
            point [
                -0.6177 1.2406 0.7314, -0.6177 1.2406 0.7177, -0.6177 1.2402 0.7314, -0.6177 1.2402 0.7177, -0.5699 1.2406 0.7317, -0.5699 1.2402 0.7317, -0.5707 1.2406 0.8382, -0.5707 1.2402 0.8376, -0.5707 1.2402 0.8382, -0.5552 1.2406 0.8383, -0.5552 1.2402 0.8383, -0.5543 1.2402 0.7182, -0.5543 1.2406 0.7182, -0.5552 1.2402 0.8376, -0.6792 1.2406 0.7152, -0.6792 1.2402 0.7152, -0.683 1.2402 0.7156, -0.6975 1.2406 0.7169, -0.6975 1.2402 0.7169, -0.7105 1.2402 0.721, -0.7105 1.2406 0.721, -0.7125 1.2402 0.722, -0.7125 1.2406 0.722, -0.7126 1.2406 0.7369, -0.7126 1.2402 0.7369, -0.7008 1.2402 0.7317, -0.7008 1.2406 0.7317, -0.6872 1.2402 0.7292, -0.6872 1.2406 0.7292, -0.6816 1.2402 0.729, -0.6816 1.2406 0.729, -0.6695 1.2402 0.7306, -0.6695 1.2406 0.7306, -0.6609 1.2402 0.734, -0.6609 1.2406 0.734, -0.6531 1.2402 0.7396, -0.6531 1.2406 0.7396, -0.6508 1.2402 0.7419, -0.6508 1.2406 0.7419, -0.645 1.2402 0.7501, -0.645 1.2406 0.7501, -0.6412 1.2402 0.7598, -0.6412 1.2406 0.7598, -0.6393 1.2402 0.7718, -0.6393 1.2406 0.7718, -0.6393 1.2402 0.7763, -0.6393 1.2406 0.7763, -0.6414 1.2402 0.7929, -0.6414 1.2406 0.7929, -0.6455 1.2402 0.8032, -0.6455 1.2406 0.8032, -0.6521 1.2402 0.8123, -0.6521 1.2406 0.8123, -0.6604 1.2402 0.819, -0.6604 1.2406 0.819, -0.6698 1.2402 0.8233, -0.6698 1.2406 0.8233, -0.6803 1.2402 0.8252, -0.6803 1.2406 0.8252, -0.6849 1.2402 0.8254, -0.6849 1.2406 0.8254, -0.6997 1.2402 0.8235, -0.6997 1.2406 0.8235, -0.7119 1.2402 0.8188, -0.7119 1.2406 0.8188, -0.7132 1.2402 0.818, -0.7132 1.2406 0.818, -0.7133 1.2406 0.8343, -0.7133 1.2402 0.8343, -0.7007 1.2406 0.838, -0.702 1.2402 0.8376, -0.7007 1.2402 0.838, -0.6851 1.2402 0.8394, -0.6851 1.2406 0.8394, -0.6849 1.2402 0.8394, -0.6849 1.2406 0.8394, -0.6674 1.2406 0.8374, -0.6697 1.2402 0.8376, -0.6674 1.2402 0.8374, -0.6548 1.2402 0.8326, -0.6548 1.2406 0.8326, -0.6436 1.2402 0.8247, -0.6436 1.2406 0.8247, -0.6406 1.2402 0.822, -0.6406 1.2406 0.822, -0.6319 1.2402 0.8107, -0.6319 1.2406 0.8107, -0.6275 1.2402 0.8007, -0.6261 1.2406 0.7974, -0.6261 1.2402 0.7974, -0.6232 1.2402 0.7817, -0.6232 1.2406 0.7817, -0.623 1.2402 0.7755, -0.623 1.2406 0.7755, -0.6381 1.2402 0.7319, -0.6381 1.2406 0.7319, -0.6301 1.2406 0.7432, -0.6252 1.2402 0.7557, -0.6252 1.2406 0.7557, -0.6275 1.2402 0.7498, -0.6301 1.2402 0.7432, -0.673 1.2402 0.7156, -0.672 1.2406 0.7156, -0.672 1.2402 0.7156, -0.659 1.2406 0.7184, -0.659 1.2402 0.7184, -0.6477 1.2406 0.7238, -0.6477 1.2402 0.7238, -0.8012 1.2406 0.7301, -0.8011 1.2406 0.7164, -0.8012 1.2402 0.7301, -0.8011 1.2402 0.7164, -0.7521 1.2402 0.7304, -0.7521 1.2406 0.7304, -0.7835 1.2402 0.7302, -0.7524 1.2406 0.7709, -0.7524 1.2402 0.7709, -0.7954 1.2402 0.7705, -0.7954 1.2406 0.7705, -0.7835 1.2402 0.7706, -0.7955 1.2406 0.7843, -0.7955 1.2402 0.7843, -0.7525 1.2402 0.7846, -0.7525 1.2406 0.7846, -0.7835 1.2402 0.7844, -0.7528 1.2406 0.823, -0.7528 1.2402 0.823, -0.7991 1.2402 0.8227, -0.7991 1.2406 0.8227, -0.7835 1.2402 0.8228, -0.7992 1.2406 0.8365, -0.7992 1.2402 0.8365, -0.7374 1.2402 0.837, -0.7374 1.2406 0.837, -0.7835 1.2402 0.8366, -0.7365 1.2406 0.7169, -0.7365 1.2402 0.7169, -0.7835 1.2402 0.7165, -0.8987 1.2406 0.7494, -0.8926 1.2406 0.742, -0.9036 1.2406 0.7325, -0.8904 1.2406 0.74, -0.8911 1.2406 0.7237, -0.8824 1.2406 0.7348, -0.8774 1.2406 0.7184, -0.8721 1.2406 0.7312, -0.8568 1.2406 0.716, -0.8568 1.2406 0.7297, -0.8238 1.2406 0.7162, -0.8394 1.2406 0.7298, -0.8247 1.2406 0.8363, -0.8401 1.2406 0.8224, -0.8589 1.2406 0.8361, -0.8582 1.2406 0.8223, -0.8772 1.2406 0.834, -0.8736 1.2406 0.8205, -0.8917 1.2406 0.8286, -0.884 1.2406 0.8167, -0.9042 1.2406 0.8199, -0.8928 1.2406 0.8108, -0.9084 1.2406 0.8158, -0.896 1.2406 0.8075, -0.9157 1.2406 0.8053, -0.9007 1.2406 0.8008, -0.9201 1.2406 0.7938, -0.904 1.2406 0.792, -0.922 1.2406 0.7771, -0.9057 1.2406 0.7768, -0.9216 1.2406 0.7695, -0.9053 1.2406 0.7692, -0.9186 1.2406 0.7555, -0.9029 1.2406 0.7583, -0.9126 1.2406 0.7431, -0.8568 1.2402 0.716, -0.8238 1.2402 0.7162, -0.9036 1.2402 0.7325, -0.8774 1.2402 0.7184, -0.8778 1.2402 0.7185, -0.8911 1.2402 0.7237, -0.9126 1.2402 0.7431, -0.9186 1.2402 0.7555, -0.9216 1.2402 0.7695, -0.922 1.2402 0.7771, -0.9201 1.2402 0.7938, -0.9157 1.2402 0.8053, -0.9084 1.2402 0.8158, -0.9042 1.2402 0.8199, -0.8917 1.2402 0.8286, -0.8778 1.2402 0.8338, -0.8772 1.2402 0.834, -0.8589 1.2402 0.8361, -0.8247 1.2402 0.8363, -0.8582 1.2402 0.8223, -0.8401 1.2402 0.8224, -0.8394 1.2402 0.7298, -0.8568 1.2402 0.7297, -0.8926 1.2402 0.742, -0.8904 1.2402 0.74, -0.8824 1.2402 0.7348, -0.8721 1.2402 0.7312, -0.9057 1.2402 0.7768, -0.9053 1.2402 0.7692, -0.9029 1.2402 0.7583, -0.8987 1.2402 0.7494, -0.8928 1.2402 0.8108, -0.896 1.2402 0.8075, -0.9007 1.2402 0.8008, -0.904 1.2402 0.792, -0.8736 1.2402 0.8205, -0.884 1.2402 0.8167, -0.884 1.2402 0.8167
            ]
        }
        coordIndex [
            0,1,2,-1,2,1,3,-1,4,0,5,-1,5,0,2,-1,4,5,6,-1,6,5,7,-1,6,7,8,-1,9,6,10,-1,10,6,8,-1,11,12,13,-1,13,12,9,-1,13,9,10,-1,1,12,3,-1,3,12,11,-1,6,9,4,-1,4,9,12,-1,4,12,0,-1,0,12,1,-1,14,15,16,-1,14,16,17,-1,16,18,17,-1,17,18,19,-1,17,19,20,-1,20,19,21,-1,20,21,22,-1,23,22,24,-1,24,22,21,-1,23,24,25,-1,23,25,26,-1,26,25,27,-1,26,27,28,-1,28,27,29,-1,28,29,30,-1,30,29,31,-1,30,31,32,-1,32,31,33,-1,32,33,34,-1,34,33,35,-1,34,35,36,-1,36,35,37,-1,36,37,38,-1,38,37,39,-1,38,39,40,-1,40,39,41,-1,40,41,42,-1,42,41,43,-1,42,43,44,-1,44,43,45,-1,44,45,46,-1,46,45,47,-1,46,47,48,-1,48,47,49,-1,48,49,50,-1,50,49,51,-1,50,51,52,-1,52,51,53,-1,52,53,54,-1,54,53,55,-1,54,55,56,-1,56,55,57,-1,56,57,58,-1,58,57,59,-1,58,59,60,-1,60,59,61,-1,60,61,62,-1,62,61,63,-1,62,63,64,-1,64,63,65,-1,64,65,66,-1,67,66,68,-1,68,66,65,-1,69,67,70,-1,70,67,68,-1,70,71,69,-1,69,71,72,-1,69,72,73,-1,73,72,74,-1,73,74,75,-1,76,75,77,-1,77,75,74,-1,77,78,76,-1,76,78,79,-1,76,79,80,-1,80,79,81,-1,80,81,82,-1,82,81,83,-1,82,83,84,-1,84,83,85,-1,84,85,86,-1,86,85,87,-1,86,87,88,-1,87,89,88,-1,88,89,90,-1,88,90,91,-1,91,90,92,-1,91,92,93,-1,94,95,96,-1,93,92,97,-1,93,97,98,-1,98,97,99,-1,98,99,96,-1,96,99,100,-1,96,100,94,-1,15,14,101,-1,101,14,102,-1,101,102,103,-1,103,102,104,-1,103,104,105,-1,105,104,106,-1,105,106,107,-1,107,106,95,-1,107,95,94,-1,64,66,67,-1,54,82,52,-1,52,82,84,-1,52,84,50,-1,50,84,86,-1,50,86,48,-1,64,67,62,-1,62,67,69,-1,62,69,60,-1,60,69,73,-1,60,73,58,-1,58,73,75,-1,58,75,56,-1,56,75,76,-1,56,76,54,-1,54,76,80,-1,54,80,82,-1,93,46,91,-1,91,46,48,-1,91,48,88,-1,88,48,86,-1,22,23,20,-1,20,23,26,-1,20,26,17,-1,17,26,28,-1,17,28,14,-1,14,28,30,-1,14,30,102,-1,102,30,32,-1,102,32,104,-1,104,32,34,-1,104,34,106,-1,106,34,36,-1,106,36,95,-1,95,36,38,-1,95,38,96,-1,96,38,40,-1,96,40,98,-1,98,40,42,-1,98,42,93,-1,93,42,44,-1,93,44,46,-1,108,109,110,-1,110,109,111,-1,112,113,114,-1,114,113,108,-1,114,108,110,-1,115,113,116,-1,116,113,112,-1,117,118,119,-1,119,118,115,-1,119,115,116,-1,120,118,121,-1,121,118,117,-1,122,123,124,-1,124,123,120,-1,124,120,121,-1,125,123,126,-1,126,123,122,-1,127,128,129,-1,129,128,125,-1,129,125,126,-1,130,128,131,-1,131,128,127,-1,132,133,134,-1,134,133,130,-1,134,130,131,-1,135,133,136,-1,136,133,132,-1,111,109,137,-1,137,109,135,-1,137,135,136,-1,135,109,108,-1,108,113,135,-1,135,113,115,-1,135,115,133,-1,128,130,125,-1,125,130,133,-1,125,133,123,-1,123,133,115,-1,123,115,120,-1,120,115,118,-1,138,139,140,-1,140,139,141,-1,140,141,142,-1,142,141,143,-1,142,143,144,-1,144,143,145,-1,144,145,146,-1,146,145,147,-1,146,147,148,-1,148,147,149,-1,148,149,150,-1,150,149,151,-1,150,151,152,-1,152,151,153,-1,152,153,154,-1,154,153,155,-1,154,155,156,-1,156,155,157,-1,156,157,158,-1,158,157,159,-1,158,159,160,-1,160,159,161,-1,160,161,162,-1,162,161,163,-1,162,163,164,-1,164,163,165,-1,164,165,166,-1,166,165,167,-1,166,167,168,-1,168,167,169,-1,168,169,170,-1,170,169,171,-1,170,171,172,-1,172,171,138,-1,172,138,140,-1,146,148,173,-1,173,148,174,-1,175,140,142,-1,146,173,176,-1,146,176,144,-1,144,176,177,-1,144,177,142,-1,142,177,178,-1,142,178,175,-1,140,175,179,-1,140,179,172,-1,172,179,180,-1,172,180,170,-1,170,180,181,-1,170,181,168,-1,168,181,182,-1,168,182,166,-1,166,182,183,-1,166,183,164,-1,164,183,184,-1,164,184,162,-1,162,184,185,-1,162,185,160,-1,160,185,186,-1,160,186,158,-1,158,186,187,-1,188,154,187,-1,187,154,156,-1,187,156,158,-1,188,189,154,-1,154,189,190,-1,154,190,152,-1,150,152,191,-1,191,152,190,-1,148,150,174,-1,174,150,191,-1,153,151,192,-1,192,151,193,-1,151,149,193,-1,193,149,194,-1,149,147,194,-1,194,147,195,-1,139,196,197,-1,139,197,141,-1,141,197,198,-1,141,198,143,-1,143,198,199,-1,143,199,145,-1,145,199,195,-1,145,195,147,-1,167,200,201,-1,167,201,169,-1,169,201,202,-1,169,202,171,-1,171,202,203,-1,171,203,138,-1,138,203,196,-1,138,196,139,-1,159,204,205,-1,159,205,161,-1,161,205,206,-1,161,206,163,-1,163,206,207,-1,163,207,165,-1,165,207,200,-1,165,200,167,-1,153,192,208,-1,153,208,155,-1,155,208,209,-1,155,209,157,-1,157,209,204,-1,157,204,159,-1,
        ]
    }
}
Shape{
    appearance Appearance {
        material  Material 	{
            diffuseColor 0.8509803921568627 0.8509803921568627 0.8509803921568627
            specularColor 0.4235294117647059 0.4235294117647059 0.4235294117647059
            ambientIntensity 0.2
            transparency 0
            shininess 0.5
        }
    }
    geometry IndexedFaceSet {
        ccw TRUE
        solid FALSE
        coord DEF co Coordinate {
            point [
                -0.8401 1.2402 0.8224, -0.8394 1.2402 0.7298, -0.8582 1.2402 0.8223, -0.8568 1.2402 0.7297, -0.8721 1.2402 0.7312, -0.8824 1.2402 0.7348, -0.8904 1.2402 0.74, -0.8926 1.2402 0.742, -0.8987 1.2402 0.7494, -0.9029 1.2402 0.7583, -0.9053 1.2402 0.7692, -0.9057 1.2402 0.7768, -0.904 1.2402 0.792, -0.9007 1.2402 0.8008, -0.896 1.2402 0.8075, -0.8928 1.2402 0.8108, -0.8736 1.2402 0.8205, -0.884 1.2402 0.8167, -0.884 1.2402 0.8167
            ]
        }
        coordIndex [
            0,1,2,-1,2,1,3,-1,2,3,4,-1,4,5,2,-1,2,5,6,-1,2,6,7,-1,7,8,2,-1,2,8,9,-1,2,9,10,-1,10,11,2,-1,2,11,12,-1,2,12,13,-1,13,14,2,-1,2,14,15,-1,2,15,16,-1,16,15,17,-1,
        ]
    }
}
Shape{
    appearance Appearance {
        material  Material 	{
            diffuseColor 0.0 0.0 0.0
            specularColor 0.0 0.0 0.0
            ambientIntensity 0.2
            transparency 0
            shininess 0.5
        }
    }
    geometry IndexedFaceSet {
        ccw TRUE
        solid FALSE
        coord DEF co Coordinate {
            point [
                -0.9622 1.2406 0.7617, -0.9805 1.2406 0.8115, -0.9748 1.2406 0.8353, -0.9283 1.2406 0.7155, -0.9454 1.2406 0.7154, -0.9572 1.2406 0.7482, -0.9815 1.2406 0.8151, -0.9825 1.2406 0.8199, -0.9914 1.2406 0.8352, -0.9829 1.2406 0.8199, -0.9838 1.2406 0.8148, -0.9847 1.2406 0.8115, -1.0025 1.2406 0.7614, -1.0363 1.2406 0.7147, -1.0192 1.2406 0.7149, -1.0072 1.2406 0.7478, -0.9914 1.2402 0.8352, -1.036 1.2402 0.7156, -1.0363 1.2402 0.7147, -0.9748 1.2402 0.8353, -0.9283 1.2402 0.7156, -0.9283 1.2402 0.7155, -0.9616 1.2402 0.8011, -0.9454 1.2402 0.7154, -0.9572 1.2402 0.7482, -0.9455 1.2402 0.7156, -1.0072 1.2402 0.7478, -0.9616 1.2402 0.7481, -1.0189 1.2402 0.7156, -1.0192 1.2402 0.7149, -0.9622 1.2402 0.7617, -1.0025 1.2402 0.7614, -0.9847 1.2402 0.8115, -0.9829 1.2402 0.8199, -0.9838 1.2402 0.8148, -0.9825 1.2402 0.8199, -0.9805 1.2402 0.8115, -0.9815 1.2402 0.8151, -0.9815 1.2402 0.8151
            ]
        }
        coordIndex [
            0,1,2,-1,3,4,5,-1,1,6,2,-1,2,6,7,-1,2,7,8,-1,8,7,9,-1,8,9,10,-1,10,11,8,-1,8,11,12,-1,8,12,13,-1,14,13,15,-1,15,13,12,-1,15,12,5,-1,5,12,0,-1,5,0,3,-1,3,0,2,-1,16,8,17,-1,17,8,13,-1,17,13,18,-1,2,8,19,-1,19,8,16,-1,20,21,3,-1,20,3,22,-1,22,3,2,-1,22,2,19,-1,4,3,23,-1,23,3,21,-1,24,5,25,-1,25,5,4,-1,25,4,23,-1,26,15,27,-1,27,15,5,-1,27,5,24,-1,15,26,14,-1,14,26,28,-1,14,28,29,-1,13,14,18,-1,18,14,29,-1,0,12,30,-1,30,12,31,-1,12,11,31,-1,31,11,32,-1,9,33,34,-1,9,34,10,-1,10,34,32,-1,10,32,11,-1,9,7,33,-1,33,7,35,-1,1,36,37,-1,1,37,6,-1,6,37,35,-1,6,35,7,-1,1,0,36,-1,36,0,30,-1,
        ]
    }
}
Shape{
    appearance Appearance {
        material  Material 	{
            diffuseColor 0.8509803921568627 0.8509803921568627 0.8509803921568627
            specularColor 0.4235294117647059 0.4235294117647059 0.4235294117647059
            ambientIntensity 0.2
            transparency 0
            shininess 0.5
        }
    }
    geometry IndexedFaceSet {
        ccw TRUE
        solid FALSE
        coord DEF co Coordinate {
            point [
                -0.9829 1.2402 0.8199, -0.9825 1.2402 0.8199, -0.9838 1.2402 0.8148, -0.9815 1.2402 0.8151, -0.9847 1.2402 0.8115, -0.9805 1.2402 0.8115, -1.0025 1.2402 0.7614, -0.9622 1.2402 0.7617, -0.9622 1.2402 0.7617
            ]
        }
        coordIndex [
            0,1,2,-1,2,1,3,-1,2,3,4,-1,4,3,5,-1,4,5,6,-1,6,5,7,-1,
        ]
    }
}
Shape{
    appearance Appearance {
        material  Material 	{
            diffuseColor 0.0 0.0 0.0
            specularColor 0.0 0.0 0.0
            ambientIntensity 0.2
            transparency 0
            shininess 0.5
        }
    }
    geometry IndexedFaceSet {
        ccw TRUE
        solid FALSE
        coord DEF co Coordinate {
            point [
                -0.6177 1.2406 0.5409, -0.6176 1.2406 0.5272, -0.6177 1.2402 0.5409, -0.6176 1.2402 0.5272, -0.5686 1.2406 0.5412, -0.5686 1.2402 0.5412, -0.5689 1.2406 0.5816, -0.5689 1.2402 0.5816, -0.6118 1.2406 0.5813, -0.6118 1.2402 0.5813, -0.6119 1.2406 0.5951, -0.6119 1.2402 0.5951, -0.5689 1.2406 0.5954, -0.5689 1.2402 0.5954, -0.5692 1.2406 0.6338, -0.5692 1.2402 0.6338, -0.6156 1.2406 0.6335, -0.6156 1.2402 0.6335, -0.6157 1.2406 0.6473, -0.6157 1.2402 0.6473, -0.5538 1.2406 0.6477, -0.5538 1.2402 0.6477, -0.553 1.2402 0.5276, -0.553 1.2406 0.5276, -0.5536 1.2402 0.6229, -0.5536 1.2402 0.5276, -0.6858 1.2406 0.5267, -0.7009 1.2406 0.5266, -0.6859 1.2406 0.54, -0.7013 1.2406 0.5818, -0.6862 1.2406 0.5812, -0.6533 1.2406 0.5634, -0.6568 1.2406 0.5651, -0.6855 1.2406 0.54, -0.6776 1.2406 0.5422, -0.6832 1.2406 0.5364, -0.6734 1.2406 0.5394, -0.666 1.2406 0.5672, -0.6861 1.2406 0.5697, -0.6861 1.2406 0.5615, -0.6861 1.2406 0.5605, -0.685 1.2406 0.5538, -0.6828 1.2406 0.5484, -0.6795 1.2406 0.544, -0.6858 1.2406 0.5878, -0.6999 1.2406 0.5945, -0.6843 1.2406 0.5932, -0.6974 1.2406 0.601, -0.6825 1.2406 0.5963, -0.6943 1.2406 0.6056, -0.6803 1.2406 0.5988, -0.6409 1.2406 0.6068, -0.6408 1.2406 0.5922, -0.644 1.2406 0.6085, -0.6513 1.2406 0.5986, -0.6552 1.2406 0.6128, -0.6607 1.2406 0.6016, -0.6705 1.2406 0.6145, -0.669 1.2406 0.6023, -0.6706 1.2406 0.6145, -0.6741 1.2406 0.6018, -0.6811 1.2406 0.6133, -0.6776 1.2406 0.6005, -0.6871 1.2406 0.6111, -0.6918 1.2406 0.6081, -0.6504 1.2406 0.5424, -0.6394 1.2406 0.5317, -0.6517 1.2406 0.5411, -0.6444 1.2406 0.5282, -0.6547 1.2406 0.539, -0.6502 1.2406 0.526, -0.6581 1.2406 0.5378, -0.6591 1.2406 0.5249, -0.6631 1.2406 0.5372, -0.6668 1.2406 0.5256, -0.6688 1.2406 0.5378, -0.6729 1.2406 0.5278, -0.6784 1.2406 0.5313, -0.6475 1.2406 0.5535, -0.6322 1.2406 0.5518, -0.6474 1.2406 0.5512, -0.6321 1.2406 0.55, -0.6477 1.2406 0.5477, -0.6329 1.2406 0.5429, -0.6487 1.2406 0.545, -0.6347 1.2406 0.5378, -0.6379 1.2406 0.5333, -0.6608 1.2406 0.5778, -0.6493 1.2406 0.5751, -0.6515 1.2406 0.562, -0.6429 1.2406 0.5719, -0.6496 1.2406 0.5598, -0.6383 1.2406 0.5679, -0.6483 1.2406 0.557, -0.6353 1.2406 0.5636, -0.6332 1.2406 0.5583, -0.6705 1.2402 0.6145, -0.6552 1.2402 0.6128, -0.644 1.2402 0.6085, -0.6409 1.2402 0.6068, -0.6408 1.2402 0.5922, -0.6513 1.2402 0.5986, -0.6607 1.2402 0.6016, -0.669 1.2402 0.6023, -0.6741 1.2402 0.6018, -0.6776 1.2402 0.6005, -0.6803 1.2402 0.5988, -0.6825 1.2402 0.5963, -0.6843 1.2402 0.5932, -0.6858 1.2402 0.5878, -0.6862 1.2402 0.5812, -0.6608 1.2402 0.5778, -0.6493 1.2402 0.5751, -0.6429 1.2402 0.5719, -0.6383 1.2402 0.5679, -0.6353 1.2402 0.5636, -0.6332 1.2402 0.5583, -0.6322 1.2402 0.5518, -0.6321 1.2402 0.55, -0.6329 1.2402 0.5429, -0.6347 1.2402 0.5378, -0.6379 1.2402 0.5333, -0.6394 1.2402 0.5317, -0.6444 1.2402 0.5282, -0.6502 1.2402 0.526, -0.6591 1.2402 0.5249, -0.6668 1.2402 0.5256, -0.6729 1.2402 0.5278, -0.6784 1.2402 0.5313, -0.6832 1.2402 0.5364, -0.6855 1.2402 0.54, -0.6859 1.2402 0.54, -0.6858 1.2402 0.5267, -0.7009 1.2402 0.5266, -0.7013 1.2402 0.5818, -0.6999 1.2402 0.5945, -0.6974 1.2402 0.601, -0.6943 1.2402 0.6056, -0.6918 1.2402 0.6081, -0.6871 1.2402 0.6111, -0.6811 1.2402 0.6133, -0.6706 1.2402 0.6145, -0.6515 1.2402 0.562, -0.6533 1.2402 0.5634, -0.6568 1.2402 0.5651, -0.666 1.2402 0.5672, -0.6474 1.2402 0.5512, -0.6475 1.2402 0.5535, -0.6483 1.2402 0.557, -0.6496 1.2402 0.5598, -0.6517 1.2402 0.5411, -0.6504 1.2402 0.5424, -0.6487 1.2402 0.545, -0.6477 1.2402 0.5477, -0.6631 1.2402 0.5372, -0.6581 1.2402 0.5378, -0.6547 1.2402 0.539, -0.6795 1.2402 0.544, -0.6776 1.2402 0.5422, -0.6734 1.2402 0.5394, -0.6688 1.2402 0.5378, -0.6861 1.2402 0.5615, -0.6861 1.2402 0.5605, -0.685 1.2402 0.5538, -0.6828 1.2402 0.5484, -0.6861 1.2402 0.5697, -0.6861 1.2402 0.5697
            ]
        }
        coordIndex [
            0,1,2,-1,2,1,3,-1,4,0,5,-1,5,0,2,-1,6,4,7,-1,7,4,5,-1,8,6,9,-1,9,6,7,-1,10,8,11,-1,11,8,9,-1,12,10,13,-1,13,10,11,-1,14,12,15,-1,15,12,13,-1,16,14,17,-1,17,14,15,-1,18,16,19,-1,19,16,17,-1,20,18,21,-1,21,18,19,-1,22,23,24,-1,24,23,20,-1,24,20,21,-1,3,1,25,-1,25,1,23,-1,25,23,22,-1,23,1,0,-1,0,4,23,-1,23,4,6,-1,23,6,20,-1,16,18,14,-1,14,18,20,-1,14,20,12,-1,12,20,6,-1,12,6,10,-1,10,6,8,-1,26,27,28,-1,28,27,29,-1,30,31,32,-1,33,34,35,-1,35,34,36,-1,37,38,29,-1,29,38,39,-1,39,40,29,-1,29,40,41,-1,29,41,28,-1,28,41,42,-1,28,42,33,-1,33,42,43,-1,33,43,34,-1,32,37,30,-1,30,37,29,-1,30,29,44,-1,44,29,45,-1,44,45,46,-1,46,45,47,-1,46,47,48,-1,48,47,49,-1,48,49,50,-1,51,52,53,-1,53,52,54,-1,53,54,55,-1,55,54,56,-1,55,56,57,-1,57,56,58,-1,57,58,59,-1,59,58,60,-1,59,60,61,-1,61,60,62,-1,61,62,63,-1,63,62,50,-1,63,50,64,-1,64,50,49,-1,65,66,67,-1,67,66,68,-1,67,68,69,-1,69,68,70,-1,69,70,71,-1,71,70,72,-1,71,72,73,-1,73,72,74,-1,73,74,75,-1,75,74,76,-1,75,76,36,-1,36,76,77,-1,36,77,35,-1,78,79,80,-1,80,79,81,-1,80,81,82,-1,82,81,83,-1,82,83,84,-1,84,83,85,-1,84,85,65,-1,65,85,86,-1,65,86,66,-1,30,87,31,-1,31,87,88,-1,31,88,89,-1,89,88,90,-1,89,90,91,-1,91,90,92,-1,91,92,93,-1,93,92,94,-1,93,94,78,-1,78,94,95,-1,78,95,79,-1,57,96,97,-1,57,97,55,-1,55,97,98,-1,55,98,53,-1,53,98,99,-1,53,99,51,-1,52,51,100,-1,100,51,99,-1,52,100,101,-1,52,101,54,-1,54,101,102,-1,54,102,56,-1,56,102,103,-1,56,103,58,-1,58,103,104,-1,58,104,60,-1,60,104,105,-1,60,105,62,-1,62,105,106,-1,62,106,50,-1,50,106,107,-1,50,107,48,-1,48,107,108,-1,48,108,46,-1,46,108,109,-1,46,109,44,-1,44,109,110,-1,44,110,30,-1,87,30,111,-1,111,30,110,-1,87,111,112,-1,87,112,88,-1,88,112,113,-1,88,113,90,-1,90,113,114,-1,90,114,92,-1,92,114,115,-1,92,115,94,-1,94,115,116,-1,94,116,95,-1,95,116,117,-1,95,117,79,-1,79,117,118,-1,79,118,81,-1,81,118,119,-1,81,119,83,-1,83,119,120,-1,83,120,85,-1,85,120,121,-1,85,121,86,-1,86,121,122,-1,86,122,66,-1,66,122,123,-1,66,123,68,-1,68,123,124,-1,68,124,70,-1,70,124,125,-1,70,125,72,-1,72,125,126,-1,72,126,74,-1,74,126,127,-1,74,127,76,-1,76,127,128,-1,76,128,77,-1,77,128,129,-1,77,129,35,-1,35,129,130,-1,35,130,33,-1,28,33,131,-1,131,33,130,-1,26,28,132,-1,132,28,131,-1,27,26,133,-1,133,26,132,-1,29,27,134,-1,134,27,133,-1,29,134,135,-1,29,135,45,-1,45,135,136,-1,45,136,47,-1,47,136,137,-1,47,137,49,-1,49,137,138,-1,49,138,64,-1,64,138,139,-1,64,139,63,-1,63,139,140,-1,63,140,61,-1,61,140,141,-1,61,141,59,-1,59,141,96,-1,59,96,57,-1,89,142,143,-1,89,143,31,-1,31,143,144,-1,31,144,32,-1,32,144,145,-1,32,145,37,-1,80,146,147,-1,80,147,78,-1,78,147,148,-1,78,148,93,-1,93,148,149,-1,93,149,91,-1,91,149,142,-1,91,142,89,-1,67,150,151,-1,67,151,65,-1,65,151,152,-1,65,152,84,-1,84,152,153,-1,84,153,82,-1,82,153,146,-1,82,146,80,-1,73,154,155,-1,73,155,71,-1,71,155,156,-1,71,156,69,-1,69,156,150,-1,69,150,67,-1,43,157,158,-1,43,158,34,-1,34,158,159,-1,34,159,36,-1,36,159,160,-1,36,160,75,-1,75,160,154,-1,75,154,73,-1,39,161,162,-1,39,162,40,-1,40,162,163,-1,40,163,41,-1,41,163,164,-1,41,164,42,-1,42,164,157,-1,42,157,43,-1,39,38,161,-1,161,38,165,-1,38,37,165,-1,165,37,145,-1,
        ]
    }
}
Shape{
    appearance Appearance {
        material  Material 	{
            diffuseColor 0.8509803921568627 0.8509803921568627 0.8509803921568627
            specularColor 0.4235294117647059 0.4235294117647059 0.4235294117647059
            ambientIntensity 0.2
            transparency 0
            shininess 0.5
        }
    }
    geometry IndexedFaceSet {
        ccw TRUE
        solid FALSE
        coord DEF co Coordinate {
            point [
                -0.6861 1.2402 0.5605, -0.6861 1.2402 0.5615, -0.6515 1.2402 0.562, -0.6861 1.2402 0.5697, -0.666 1.2402 0.5672, -0.6568 1.2402 0.5651, -0.6533 1.2402 0.5634, -0.685 1.2402 0.5538, -0.6496 1.2402 0.5598, -0.6828 1.2402 0.5484, -0.6504 1.2402 0.5424, -0.6517 1.2402 0.5411, -0.6776 1.2402 0.5422, -0.6487 1.2402 0.545, -0.6734 1.2402 0.5394, -0.6688 1.2402 0.5378, -0.6631 1.2402 0.5372, -0.6483 1.2402 0.557, -0.6475 1.2402 0.5535, -0.6795 1.2402 0.544, -0.6474 1.2402 0.5512, -0.6477 1.2402 0.5477, -0.6547 1.2402 0.539, -0.6581 1.2402 0.5378, -0.6581 1.2402 0.5378
            ]
        }
        coordIndex [
            0,1,2,-1,1,3,4,-1,4,5,1,-1,1,5,6,-1,1,6,2,-1,0,2,7,-1,7,2,8,-1,7,8,9,-1,10,11,12,-1,10,12,13,-1,14,12,15,-1,15,12,16,-1,8,17,9,-1,9,17,18,-1,9,18,19,-1,19,18,20,-1,19,20,12,-1,12,20,21,-1,12,21,13,-1,11,22,12,-1,12,22,23,-1,12,23,16,-1,
        ]
    }
}
Shape{
    appearance Appearance {
        material  Material 	{
            diffuseColor 0.0 0.0 0.0
            specularColor 0.0 0.0 0.0
            ambientIntensity 0.2
            transparency 0
            shininess 0.5
        }
    }
    geometry IndexedFaceSet {
        ccw TRUE
        solid FALSE
        coord DEF co Coordinate {
            point [
                -0.7214 1.2402 0.545, -0.7214 1.2406 0.545, -0.7268 1.2406 0.5416, -0.7461 1.2406 0.5365, -0.7461 1.2402 0.5365, -0.7362 1.2402 0.5378, -0.7362 1.2406 0.5378, -0.7289 1.2402 0.5407, -0.7268 1.2402 0.5416, -0.7213 1.2406 0.5294, -0.7213 1.2402 0.5294, -0.7289 1.2402 0.5267, -0.7318 1.2406 0.5257, -0.7318 1.2402 0.5257, -0.7445 1.2406 0.5242, -0.7442 1.2402 0.5243, -0.7445 1.2402 0.5242, -0.7449 1.2402 0.5243, -0.7582 1.2406 0.5258, -0.7582 1.2402 0.5258, -0.7661 1.2402 0.5288, -0.7661 1.2406 0.5288, -0.7696 1.2402 0.5309, -0.7696 1.2406 0.5309, -0.7739 1.2402 0.5346, -0.7739 1.2406 0.5346, -0.7767 1.2402 0.5386, -0.7767 1.2406 0.5386, -0.7786 1.2402 0.5433, -0.7786 1.2406 0.5433, -0.7794 1.2402 0.5494, -0.7794 1.2406 0.5494, -0.7788 1.2402 0.555, -0.7788 1.2406 0.555, -0.7772 1.2402 0.5594, -0.7772 1.2406 0.5594, -0.7744 1.2402 0.5636, -0.7744 1.2406 0.5636, -0.7709 1.2402 0.5668, -0.7709 1.2406 0.5668, -0.7609 1.2402 0.5724, -0.7609 1.2406 0.5724, -0.7551 1.2402 0.5748, -0.7551 1.2406 0.5748, -0.7458 1.2402 0.5789, -0.7458 1.2406 0.5789, -0.7405 1.2402 0.5823, -0.7405 1.2406 0.5823, -0.7391 1.2402 0.5839, -0.7391 1.2406 0.5839, -0.738 1.2402 0.586, -0.738 1.2406 0.586, -0.7374 1.2402 0.5883, -0.7374 1.2406 0.5883, -0.7373 1.2402 0.5903, -0.7373 1.2406 0.5903, -0.7376 1.2402 0.5927, -0.7376 1.2406 0.5927, -0.7384 1.2402 0.5947, -0.7384 1.2406 0.5947, -0.7397 1.2402 0.5966, -0.7397 1.2406 0.5966, -0.7419 1.2402 0.5986, -0.7419 1.2406 0.5986, -0.7453 1.2402 0.6004, -0.7453 1.2406 0.6004, -0.7494 1.2402 0.6014, -0.7494 1.2406 0.6014, -0.7538 1.2402 0.6017, -0.7538 1.2406 0.6017, -0.7643 1.2402 0.6004, -0.7643 1.2406 0.6004, -0.7728 1.2402 0.597, -0.7728 1.2406 0.597, -0.7756 1.2402 0.5954, -0.7756 1.2406 0.5954, -0.7757 1.2406 0.61, -0.7757 1.2402 0.61, -0.7659 1.2402 0.6129, -0.7659 1.2406 0.6129, -0.7554 1.2402 0.6139, -0.7554 1.2406 0.6139, -0.7433 1.2402 0.6126, -0.7433 1.2406 0.6126, -0.7353 1.2402 0.6095, -0.7353 1.2406 0.6095, -0.7316 1.2402 0.6073, -0.7316 1.2406 0.6073, -0.7267 1.2406 0.6028, -0.7289 1.2402 0.6049, -0.7267 1.2402 0.6028, -0.724 1.2402 0.5987, -0.724 1.2406 0.5987, -0.7223 1.2402 0.5939, -0.7223 1.2406 0.5939, -0.7218 1.2402 0.5891, -0.7218 1.2406 0.5891, -0.7224 1.2402 0.5832, -0.7224 1.2406 0.5832, -0.724 1.2402 0.5786, -0.724 1.2406 0.5786, -0.726 1.2402 0.5755, -0.726 1.2406 0.5755, -0.7444 1.2402 0.564, -0.7444 1.2406 0.564, -0.7355 1.2406 0.5681, -0.7284 1.2402 0.5729, -0.7284 1.2406 0.5729, -0.7289 1.2402 0.5725, -0.7355 1.2402 0.5681, -0.7543 1.2402 0.5598, -0.7543 1.2406 0.5598, -0.7601 1.2402 0.5562, -0.7601 1.2406 0.5562, -0.762 1.2402 0.5542, -0.762 1.2406 0.5542, -0.7631 1.2402 0.5522, -0.7631 1.2406 0.5522, -0.7638 1.2402 0.5499, -0.7638 1.2406 0.5499, -0.7639 1.2402 0.548, -0.7639 1.2406 0.548, -0.7636 1.2402 0.5451, -0.7636 1.2406 0.5451, -0.7628 1.2402 0.543, -0.7628 1.2406 0.543, -0.7615 1.2402 0.5411, -0.7615 1.2406 0.5411, -0.7597 1.2402 0.5395, -0.7597 1.2406 0.5395, -0.7584 1.2402 0.5387, -0.7584 1.2406 0.5387, -0.7545 1.2402 0.5373, -0.7545 1.2406 0.5373, -0.7467 1.2402 0.5365, -0.7467 1.2406 0.5365, -0.8544 1.2406 0.6113, -0.87 1.2406 0.6112, -0.8544 1.2402 0.6113, -0.87 1.2402 0.6112, -0.8305 1.2406 0.5468, -0.8305 1.2402 0.5468, -0.8293 1.2402 0.5429, -0.8293 1.2406 0.5429, -0.8286 1.2402 0.5399, -0.8286 1.2406 0.5399, -0.8282 1.2406 0.5399, -0.8282 1.2402 0.5399, -0.8264 1.2406 0.547, -0.8264 1.2402 0.547, -0.8045 1.2402 0.6116, -0.8045 1.2406 0.6116, -0.8125 1.2402 0.5879, -0.7876 1.2406 0.6117, -0.7876 1.2402 0.6117, -0.8207 1.2402 0.5259, -0.8207 1.2406 0.5259, -0.8125 1.2402 0.5471, -0.814 1.2402 0.5104, -0.814 1.2406 0.5104, -0.82 1.2402 0.5243, -0.8125 1.2402 0.5078, -0.8105 1.2406 0.5043, -0.8105 1.2402 0.5043, -0.8075 1.2402 0.5013, -0.8075 1.2406 0.5013, -0.8047 1.2402 0.4996, -0.8047 1.2406 0.4996, -0.8013 1.2402 0.4986, -0.8013 1.2406 0.4986, -0.7985 1.2402 0.4984, -0.7985 1.2406 0.4984, -0.793 1.2402 0.4991, -0.793 1.2406 0.4991, -0.7899 1.2402 0.5002, -0.7899 1.2406 0.5002, -0.7898 1.2406 0.4868, -0.7898 1.2402 0.4868, -0.7962 1.2402 0.4856, -0.7962 1.2406 0.4856, -0.7995 1.2402 0.4855, -0.7995 1.2406 0.4855, -0.8061 1.2402 0.4862, -0.8061 1.2406 0.4862, -0.812 1.2402 0.4886, -0.812 1.2406 0.4886, -0.8125 1.2402 0.4889, -0.8171 1.2406 0.4922, -0.8303 1.2402 0.5127, -0.8303 1.2406 0.5127, -0.8259 1.2402 0.5043, -0.8234 1.2406 0.4994, -0.8234 1.2402 0.4994, -0.8171 1.2402 0.4922, -0.835 1.2402 0.5243, -0.9503 1.2406 0.5385, -0.9502 1.2406 0.5248, -0.9503 1.2402 0.5385, -0.9502 1.2402 0.5248, -0.9012 1.2402 0.5389, -0.9012 1.2406 0.5389, -0.9251 1.2402 0.5387, -0.9015 1.2406 0.5793, -0.9015 1.2402 0.5793, -0.9444 1.2402 0.579, -0.9444 1.2406 0.579, -0.9251 1.2402 0.5791, -0.9445 1.2406 0.5927, -0.9445 1.2402 0.5927, -0.9016 1.2402 0.593, -0.9016 1.2406 0.593, -0.9251 1.2402 0.5928, -0.9018 1.2406 0.6314, -0.9018 1.2402 0.6314, -0.9482 1.2402 0.6311, -0.9482 1.2406 0.6311, -0.9251 1.2402 0.6313, -0.9483 1.2406 0.6449, -0.9483 1.2402 0.6449, -0.8864 1.2402 0.6454, -0.8864 1.2406 0.6454, -0.9251 1.2402 0.6451, -0.8856 1.2406 0.5253, -0.8856 1.2402 0.5253, -0.9251 1.2402 0.525, -1.0477 1.2406 0.5578, -1.0417 1.2406 0.5504, -1.0526 1.2406 0.5409, -1.0395 1.2406 0.5484, -1.0402 1.2406 0.5321, -1.0315 1.2406 0.5432, -1.0265 1.2406 0.5268, -1.0212 1.2406 0.5396, -1.0059 1.2406 0.5244, -1.0059 1.2406 0.5381, -0.9729 1.2406 0.5247, -0.9885 1.2406 0.5382, -0.9737 1.2406 0.6448, -0.9891 1.2406 0.6308, -1.008 1.2406 0.6445, -1.0073 1.2406 0.6307, -1.0263 1.2406 0.6424, -1.0227 1.2406 0.6289, -1.0407 1.2406 0.637, -1.0331 1.2406 0.6251, -1.0533 1.2406 0.6283, -1.0418 1.2406 0.6192, -1.0574 1.2406 0.6242, -1.0451 1.2406 0.6159, -1.0648 1.2406 0.6137, -1.0497 1.2406 0.6092, -1.0692 1.2406 0.6022, -1.0531 1.2406 0.6004, -1.0711 1.2406 0.5855, -1.0548 1.2406 0.5852, -1.0707 1.2406 0.5779, -1.0543 1.2406 0.5777, -1.0677 1.2406 0.5639, -1.0519 1.2406 0.5667, -1.0617 1.2406 0.5515, -1.0059 1.2402 0.5244, -0.9729 1.2402 0.5247, -1.0265 1.2402 0.5268, -1.0402 1.2402 0.5321, -1.0526 1.2402 0.5409, -1.0617 1.2402 0.5515, -1.0677 1.2402 0.5639, -1.0707 1.2402 0.5779, -1.0711 1.2402 0.5855, -1.0692 1.2402 0.6022, -1.0648 1.2402 0.6137, -1.0574 1.2402 0.6242, -1.0533 1.2402 0.6283, -1.0407 1.2402 0.637, -1.0263 1.2402 0.6424, -1.008 1.2402 0.6445, -0.9737 1.2402 0.6448, -1.0073 1.2402 0.6307, -0.9891 1.2402 0.6308, -0.9885 1.2402 0.5382, -1.0059 1.2402 0.5381, -1.0417 1.2402 0.5504, -1.0395 1.2402 0.5484, -1.0315 1.2402 0.5432, -1.0212 1.2402 0.5396, -1.0548 1.2402 0.5852, -1.0543 1.2402 0.5777, -1.0519 1.2402 0.5667, -1.0477 1.2402 0.5578, -1.0418 1.2402 0.6192, -1.0451 1.2402 0.6159, -1.0497 1.2402 0.6092, -1.0531 1.2402 0.6004, -1.0227 1.2402 0.6289, -1.0331 1.2402 0.6251, -1.0331 1.2402 0.6251
            ]
        }
        coordIndex [
            0,1,2,-1,3,4,5,-1,3,5,6,-1,6,5,7,-1,6,7,2,-1,2,7,8,-1,2,8,0,-1,9,1,10,-1,10,1,0,-1,9,10,11,-1,9,11,12,-1,12,11,13,-1,12,13,14,-1,14,13,15,-1,14,15,16,-1,14,16,17,-1,14,17,18,-1,17,19,18,-1,18,19,20,-1,18,20,21,-1,21,20,22,-1,21,22,23,-1,23,22,24,-1,23,24,25,-1,25,24,26,-1,25,26,27,-1,27,26,28,-1,27,28,29,-1,29,28,30,-1,29,30,31,-1,31,30,32,-1,31,32,33,-1,33,32,34,-1,33,34,35,-1,35,34,36,-1,35,36,37,-1,37,36,38,-1,37,38,39,-1,39,38,40,-1,39,40,41,-1,41,40,42,-1,41,42,43,-1,43,42,44,-1,43,44,45,-1,45,44,46,-1,45,46,47,-1,47,46,48,-1,47,48,49,-1,49,48,50,-1,49,50,51,-1,51,50,52,-1,51,52,53,-1,53,52,54,-1,53,54,55,-1,55,54,56,-1,55,56,57,-1,57,56,58,-1,57,58,59,-1,59,58,60,-1,59,60,61,-1,61,60,62,-1,61,62,63,-1,63,62,64,-1,63,64,65,-1,65,64,66,-1,65,66,67,-1,67,66,68,-1,67,68,69,-1,69,68,70,-1,69,70,71,-1,71,70,72,-1,71,72,73,-1,73,72,74,-1,73,74,75,-1,76,75,77,-1,77,75,74,-1,76,77,78,-1,76,78,79,-1,79,78,80,-1,79,80,81,-1,81,80,82,-1,81,82,83,-1,83,82,84,-1,83,84,85,-1,85,84,86,-1,85,86,87,-1,88,87,89,-1,89,87,86,-1,89,90,88,-1,88,90,91,-1,88,91,92,-1,92,91,93,-1,92,93,94,-1,94,93,95,-1,94,95,96,-1,96,95,97,-1,96,97,98,-1,98,97,99,-1,98,99,100,-1,100,99,101,-1,100,101,102,-1,103,104,105,-1,102,101,106,-1,102,106,107,-1,107,106,108,-1,107,108,105,-1,105,108,109,-1,105,109,103,-1,104,103,110,-1,104,110,111,-1,111,110,112,-1,111,112,113,-1,113,112,114,-1,113,114,115,-1,115,114,116,-1,115,116,117,-1,117,116,118,-1,117,118,119,-1,119,118,120,-1,119,120,121,-1,121,120,122,-1,121,122,123,-1,123,122,124,-1,123,124,125,-1,125,124,126,-1,125,126,127,-1,127,126,128,-1,127,128,129,-1,129,128,130,-1,129,130,131,-1,131,130,132,-1,131,132,133,-1,133,132,134,-1,133,134,135,-1,135,134,4,-1,135,4,3,-1,59,61,87,-1,87,61,85,-1,85,61,63,-1,85,63,83,-1,125,25,27,-1,111,43,104,-1,104,43,45,-1,125,27,123,-1,123,27,29,-1,123,29,121,-1,121,29,31,-1,121,31,119,-1,119,31,33,-1,119,33,117,-1,117,33,35,-1,117,35,115,-1,115,35,37,-1,115,37,113,-1,113,37,39,-1,113,39,111,-1,111,39,41,-1,111,41,43,-1,25,125,23,-1,23,125,127,-1,23,127,21,-1,14,3,12,-1,12,3,6,-1,12,6,9,-1,9,6,2,-1,9,2,1,-1,63,65,83,-1,83,65,67,-1,83,67,81,-1,81,67,69,-1,81,69,79,-1,79,69,71,-1,79,71,76,-1,76,71,73,-1,76,73,75,-1,127,129,21,-1,21,129,131,-1,21,131,18,-1,18,131,133,-1,18,133,14,-1,14,133,135,-1,14,135,3,-1,87,88,59,-1,59,88,92,-1,59,92,57,-1,57,92,94,-1,57,94,55,-1,55,94,96,-1,55,96,53,-1,53,96,98,-1,53,98,51,-1,51,98,100,-1,51,100,49,-1,49,100,102,-1,49,102,47,-1,47,102,107,-1,47,107,45,-1,45,107,105,-1,45,105,104,-1,136,137,138,-1,138,137,139,-1,140,136,141,-1,141,136,138,-1,140,141,142,-1,140,142,143,-1,143,142,144,-1,143,144,145,-1,146,145,147,-1,147,145,144,-1,148,146,149,-1,149,146,147,-1,150,151,152,-1,152,151,148,-1,152,148,149,-1,153,151,154,-1,154,151,150,-1,155,156,157,-1,157,156,153,-1,157,153,154,-1,158,159,160,-1,160,159,156,-1,160,156,155,-1,159,158,161,-1,159,161,162,-1,161,163,162,-1,162,163,164,-1,162,164,165,-1,165,164,166,-1,165,166,167,-1,167,166,168,-1,167,168,169,-1,169,168,170,-1,169,170,171,-1,171,170,172,-1,171,172,173,-1,173,172,174,-1,173,174,175,-1,176,175,177,-1,177,175,174,-1,176,177,178,-1,176,178,179,-1,179,178,180,-1,179,180,181,-1,181,180,182,-1,181,182,183,-1,183,182,184,-1,183,184,185,-1,185,184,186,-1,185,186,187,-1,188,189,190,-1,190,189,191,-1,190,191,192,-1,192,191,187,-1,192,187,193,-1,193,187,186,-1,139,137,194,-1,194,137,189,-1,194,189,188,-1,143,145,189,-1,137,136,189,-1,189,136,140,-1,189,140,143,-1,151,153,148,-1,148,153,156,-1,148,156,146,-1,145,146,189,-1,189,146,156,-1,189,156,191,-1,156,159,191,-1,191,159,162,-1,191,162,187,-1,187,162,165,-1,187,165,185,-1,185,165,167,-1,185,167,183,-1,183,167,169,-1,183,169,181,-1,181,169,171,-1,181,171,179,-1,179,171,173,-1,179,173,176,-1,176,173,175,-1,195,196,197,-1,197,196,198,-1,199,200,201,-1,201,200,195,-1,201,195,197,-1,202,200,203,-1,203,200,199,-1,204,205,206,-1,206,205,202,-1,206,202,203,-1,207,205,208,-1,208,205,204,-1,209,210,211,-1,211,210,207,-1,211,207,208,-1,212,210,213,-1,213,210,209,-1,214,215,216,-1,216,215,212,-1,216,212,213,-1,217,215,218,-1,218,215,214,-1,219,220,221,-1,221,220,217,-1,221,217,218,-1,222,220,223,-1,223,220,219,-1,198,196,224,-1,224,196,222,-1,224,222,223,-1,222,196,195,-1,195,200,222,-1,222,200,202,-1,222,202,220,-1,215,217,212,-1,212,217,220,-1,212,220,210,-1,210,220,202,-1,210,202,207,-1,207,202,205,-1,225,226,227,-1,227,226,228,-1,227,228,229,-1,229,228,230,-1,229,230,231,-1,231,230,232,-1,231,232,233,-1,233,232,234,-1,233,234,235,-1,235,234,236,-1,235,236,237,-1,237,236,238,-1,237,238,239,-1,239,238,240,-1,239,240,241,-1,241,240,242,-1,241,242,243,-1,243,242,244,-1,243,244,245,-1,245,244,246,-1,245,246,247,-1,247,246,248,-1,247,248,249,-1,249,248,250,-1,249,250,251,-1,251,250,252,-1,251,252,253,-1,253,252,254,-1,253,254,255,-1,255,254,256,-1,255,256,257,-1,257,256,258,-1,257,258,259,-1,259,258,225,-1,259,225,227,-1,233,235,260,-1,260,235,261,-1,233,260,262,-1,233,262,231,-1,231,262,263,-1,231,263,229,-1,229,263,264,-1,229,264,227,-1,227,264,265,-1,227,265,259,-1,259,265,266,-1,259,266,257,-1,257,266,267,-1,257,267,255,-1,255,267,268,-1,255,268,253,-1,253,268,269,-1,253,269,251,-1,251,269,270,-1,251,270,249,-1,249,270,271,-1,249,271,247,-1,247,271,272,-1,247,272,245,-1,245,272,273,-1,245,273,243,-1,243,273,274,-1,243,274,241,-1,241,274,275,-1,241,275,239,-1,237,239,276,-1,276,239,275,-1,235,237,261,-1,261,237,276,-1,240,238,277,-1,277,238,278,-1,238,236,278,-1,278,236,279,-1,236,234,279,-1,279,234,280,-1,226,281,282,-1,226,282,228,-1,228,282,283,-1,228,283,230,-1,230,283,284,-1,230,284,232,-1,232,284,280,-1,232,280,234,-1,254,285,286,-1,254,286,256,-1,256,286,287,-1,256,287,258,-1,258,287,288,-1,258,288,225,-1,225,288,281,-1,225,281,226,-1,246,289,290,-1,246,290,248,-1,248,290,291,-1,248,291,250,-1,250,291,292,-1,250,292,252,-1,252,292,285,-1,252,285,254,-1,240,277,293,-1,240,293,242,-1,242,293,294,-1,242,294,244,-1,244,294,289,-1,244,289,246,-1,
        ]
    }
}
Shape{
    appearance Appearance {
        material  Material 	{
            diffuseColor 0.8509803921568627 0.8509803921568627 0.8509803921568627
            specularColor 0.4235294117647059 0.4235294117647059 0.4235294117647059
            ambientIntensity 0.2
            transparency 0
            shininess 0.5
        }
    }
    geometry IndexedFaceSet {
        ccw TRUE
        solid FALSE
        coord DEF co Coordinate {
            point [
                -0.9891 1.2402 0.6308, -0.9885 1.2402 0.5382, -1.0073 1.2402 0.6307, -1.0059 1.2402 0.5381, -1.0212 1.2402 0.5396, -1.0315 1.2402 0.5432, -1.0395 1.2402 0.5484, -1.0417 1.2402 0.5504, -1.0477 1.2402 0.5578, -1.0519 1.2402 0.5667, -1.0543 1.2402 0.5777, -1.0548 1.2402 0.5852, -1.0531 1.2402 0.6004, -1.0497 1.2402 0.6092, -1.0451 1.2402 0.6159, -1.0418 1.2402 0.6192, -1.0227 1.2402 0.6289, -1.0331 1.2402 0.6251, -1.0331 1.2402 0.6251
            ]
        }
        coordIndex [
            0,1,2,-1,2,1,3,-1,2,3,4,-1,4,5,2,-1,2,5,6,-1,2,6,7,-1,7,8,2,-1,2,8,9,-1,2,9,10,-1,10,11,2,-1,2,11,12,-1,2,12,13,-1,13,14,2,-1,2,14,15,-1,2,15,16,-1,16,15,17,-1,
        ]
    }
}
Shape{
    appearance Appearance {
        material  Material 	{
            diffuseColor 0.0 0.0 0.0
            specularColor 0.0 0.0 0.0
            ambientIntensity 0.2
            transparency 0
            shininess 0.5
        }
    }
    geometry IndexedFaceSet {
        ccw TRUE
        solid FALSE
        coord DEF co Coordinate {
            point [
                -1.1112 1.2406 0.5701, -1.1295 1.2406 0.6199, -1.1239 1.2406 0.6437, -1.0773 1.2406 0.5239, -1.0944 1.2406 0.5238, -1.1062 1.2406 0.5566, -1.1306 1.2406 0.6235, -1.1316 1.2406 0.6283, -1.1405 1.2406 0.6436, -1.1319 1.2406 0.6283, -1.1329 1.2406 0.6232, -1.1337 1.2406 0.6199, -1.1515 1.2406 0.5698, -1.1854 1.2406 0.5231, -1.1682 1.2406 0.5233, -1.1562 1.2406 0.5562, -1.1405 1.2402 0.6436, -1.1849 1.2402 0.5243, -1.1854 1.2402 0.5231, -1.1239 1.2402 0.6437, -1.0774 1.2402 0.5243, -1.0773 1.2402 0.5239, -1.0944 1.2402 0.5238, -1.1062 1.2402 0.5566, -1.0946 1.2402 0.5243, -1.1562 1.2402 0.5562, -1.1679 1.2402 0.5243, -1.1682 1.2402 0.5233, -1.1112 1.2402 0.5701, -1.1515 1.2402 0.5698, -1.1337 1.2402 0.6199, -1.1319 1.2402 0.6283, -1.1329 1.2402 0.6232, -1.1316 1.2402 0.6283, -1.1295 1.2402 0.6199, -1.1306 1.2402 0.6235, -1.1306 1.2402 0.6235
            ]
        }
        coordIndex [
            0,1,2,-1,3,4,5,-1,1,6,2,-1,2,6,7,-1,2,7,8,-1,8,7,9,-1,8,9,10,-1,10,11,8,-1,8,11,12,-1,8,12,13,-1,14,13,15,-1,15,13,12,-1,15,12,5,-1,5,12,0,-1,5,0,3,-1,3,0,2,-1,16,8,17,-1,17,8,13,-1,17,13,18,-1,2,8,19,-1,19,8,16,-1,2,19,3,-1,3,19,20,-1,3,20,21,-1,4,3,22,-1,22,3,21,-1,23,5,24,-1,24,5,4,-1,24,4,22,-1,15,5,25,-1,25,5,23,-1,15,25,14,-1,14,25,26,-1,14,26,27,-1,13,14,18,-1,18,14,27,-1,0,12,28,-1,28,12,29,-1,12,11,29,-1,29,11,30,-1,9,31,32,-1,9,32,10,-1,10,32,30,-1,10,30,11,-1,9,7,31,-1,31,7,33,-1,1,34,35,-1,1,35,6,-1,6,35,33,-1,6,33,7,-1,1,0,34,-1,34,0,28,-1,
        ]
    }
}
Shape{
    appearance Appearance {
        material  Material 	{
            diffuseColor 0.8509803921568627 0.8509803921568627 0.8509803921568627
            specularColor 0.4235294117647059 0.4235294117647059 0.4235294117647059
            ambientIntensity 0.2
            transparency 0
            shininess 0.5
        }
    }
    geometry IndexedFaceSet {
        ccw TRUE
        solid FALSE
        coord DEF co Coordinate {
            point [
                -1.1319 1.2402 0.6283, -1.1316 1.2402 0.6283, -1.1329 1.2402 0.6232, -1.1306 1.2402 0.6235, -1.1337 1.2402 0.6199, -1.1295 1.2402 0.6199, -1.1515 1.2402 0.5698, -1.1112 1.2402 0.5701, -1.1112 1.2402 0.5701
            ]
        }
        coordIndex [
            0,1,2,-1,2,1,3,-1,2,3,4,-1,4,3,5,-1,4,5,6,-1,6,5,7,-1,
        ]
    }
}
Shape{
    appearance Appearance {
        material  Material 	{
            diffuseColor 0.0 0.0 0.0
            specularColor 0.0 0.0 0.0
            ambientIntensity 0.2
            transparency 0
            shininess 0.5
        }
    }
    geometry IndexedFaceSet {
        ccw TRUE
        solid FALSE
        coord DEF co Coordinate {
            point [
                -0.0224 1.2406 0.5144, -0.035 1.2406 0.4986, -0.0153 1.2406 0.5899, -0.3008 1.2406 0.6298, -0.2746 1.2406 0.6752, -0.1598 1.2406 0.6163, -0.4025 1.2406 0.647, -0.4003 1.2406 0.6304, -0.451 1.2406 0.616, 0.0032 1.2406 0.6015, 0.0005 1.2406 0.5374, -0.014 1.2406 0.5327, -0.0947 1.2406 0.5919, -0.1018 1.2406 0.5911, -0.1097 1.2406 0.5882, -0.1808 1.2406 0.5674, -0.1165 1.2406 0.5836, -0.122 1.2406 0.5774, -0.0721 1.2406 0.534, -0.0788 1.2406 0.5293, -0.0516 1.2406 0.4859, -0.0867 1.2406 0.5263, -0.3295 1.2406 0.7141, -0.3364 1.2406 0.7141, -0.3717 1.2406 0.7599, -0.3526 1.2406 0.7119, -0.3765 1.2406 0.7582, -0.3674 1.2406 0.7061, -0.4018 1.2406 0.7453, -0.4247 1.2406 0.7254, -0.0895 1.2406 0.744, -0.0957 1.2406 0.7405, -0.0697 1.2406 0.8031, -0.1082 1.2406 0.7662, -0.0874 1.2406 0.8233, -0.1272 1.2406 0.7892, -0.1076 1.2406 0.8404, -0.151 1.2406 0.8066, -0.1284 1.2406 0.8531, -0.1256 1.2406 0.5704, -0.1275 1.2406 0.5624, -0.1807 1.2406 0.5589, -0.1275 1.2406 0.5546, -0.4399 1.2406 0.5892, -0.3944 1.2406 0.6152, -0.4233 1.2406 0.5666, -0.3261 1.2406 0.8277, -0.295 1.2406 0.7861, -0.3537 1.2406 0.7954, -0.3134 1.2406 0.7624, -0.3256 1.2406 0.7344, 0.0184 1.2406 0.6173, 0.054 1.2406 0.5742, 0.0308 1.2406 0.5535, 0.0327 1.2406 0.6895, 0.0888 1.2406 0.6773, 0.0354 1.2406 0.6689, 0.0892 1.2406 0.6675, 0.0345 1.2406 0.6558, 0.0861 1.2406 0.6374, 0.0286 1.2406 0.6349, 0.0749 1.2406 0.6053, 0.057 1.2406 0.5777, -0.1269 1.2406 0.6398, -0.1063 1.2406 0.645, -0.0959 1.2406 0.6457, -0.0875 1.2406 0.5912, -0.0756 1.2406 0.6434, -0.0799 1.2406 0.5886, -0.0566 1.2406 0.6363, -0.0731 1.2406 0.5842, -0.0391 1.2406 0.6243, -0.0674 1.2406 0.5781, -0.0249 1.2406 0.6083, -0.0634 1.2406 0.5707, -0.0614 1.2406 0.5625, -0.3806 1.2406 0.6968, -0.3905 1.2406 0.6856, -0.4418 1.2406 0.7009, -0.3983 1.2406 0.6708, -0.4519 1.2406 0.6747, -0.4021 1.2406 0.6544, -0.4554 1.2406 0.6475, -0.4554 1.2406 0.644, -0.3849 1.2406 0.602, -0.3837 1.2406 0.6007, -0.3991 1.2406 0.5465, -0.3709 1.2406 0.5905, -0.3729 1.2406 0.5342, -0.3558 1.2406 0.5836, -0.3453 1.2406 0.5287, -0.3405 1.2406 0.5808, -0.2949 1.2406 0.529, -0.3021 1.2406 0.5811, -0.2906 1.2406 0.5297, -0.1678 1.2406 0.868, -0.179 1.2406 0.8178, -0.2103 1.2406 0.8729, -0.2107 1.2406 0.8217, -0.2454 1.2406 0.869, -0.2385 1.2406 0.8182, -0.2882 1.2406 0.8536, -0.2653 1.2406 0.808, -0.2893 1.2406 0.7915, -0.0704 1.2406 0.7511, -0.0599 1.2406 0.8043, -0.0506 1.2406 0.7537, -0.0501 1.2406 0.8049, -0.0418 1.2406 0.7533, -0.0198 1.2406 0.8018, -0.0207 1.2406 0.7485, 0.0122 1.2406 0.7905, -0.0016 1.2406 0.7385, 0.0409 1.2406 0.7715, 0.0133 1.2406 0.7254, 0.0484 1.2406 0.7646, 0.0253 1.2406 0.7085, 0.0674 1.2406 0.7412, 0.0819 1.2406 0.7109, -0.0667 1.2406 0.5403, -0.0631 1.2406 0.5473, -0.0613 1.2406 0.5552, -0.145 1.2406 0.6299, -0.0712 1.2406 0.4775, -0.0914 1.2406 0.4742, -0.0942 1.2406 0.5253, -0.0947 1.2406 0.4741, -0.1015 1.2406 0.5261, -0.1154 1.2406 0.4765, -0.109 1.2406 0.5287, -0.1345 1.2406 0.4837, -0.1157 1.2406 0.533, -0.1516 1.2406 0.4954, -0.1214 1.2406 0.5391, -0.1649 1.2406 0.5101, -0.1254 1.2406 0.5464, -0.1751 1.2406 0.5291, -0.1802 1.2406 0.5501, -0.2978 1.2406 0.5819, -0.2769 1.2406 0.5383, -0.2793 1.2406 0.5358, -0.2907 1.2406 0.5812, -0.2848 1.2406 0.579, -0.2705 1.2406 0.5581, -0.2703 1.2406 0.5557, -0.2711 1.2406 0.5495, -0.2732 1.2406 0.5437, -0.3004 1.2406 0.5813, -0.2849 1.2406 0.5319, -0.297 1.2406 0.582, -0.2795 1.2406 0.5754, -0.2751 1.2406 0.5706, -0.272 1.2406 0.5647, -0.4554 1.2402 0.6475, -0.4519 1.2402 0.6747, -0.4316 1.2402 0.7156, -0.4494 1.2402 0.6812, -0.4418 1.2402 0.7009, -0.4247 1.2402 0.7254, -0.4018 1.2402 0.7453, -0.3765 1.2402 0.7582, -0.3717 1.2402 0.7599, -0.3537 1.2402 0.7954, -0.3261 1.2402 0.8277, -0.3116 1.2402 0.8376, -0.2882 1.2402 0.8536, -0.2454 1.2402 0.869, -0.2103 1.2402 0.8729, -0.1678 1.2402 0.868, -0.1284 1.2402 0.8531, -0.1076 1.2402 0.8404, -0.0697 1.2402 0.8031, -0.1043 1.2402 0.8376, -0.0874 1.2402 0.8233, -0.0599 1.2402 0.8043, -0.0501 1.2402 0.8049, -0.0198 1.2402 0.8018, 0.0122 1.2402 0.7905, 0.0409 1.2402 0.7715, 0.0484 1.2402 0.7646, 0.0892 1.2402 0.6675, 0.0674 1.2402 0.7412, 0.0797 1.2402 0.7156, 0.0819 1.2402 0.7109, 0.088 1.2402 0.6812, 0.0888 1.2402 0.6773, 0.0861 1.2402 0.6374, 0.0749 1.2402 0.6053, 0.057 1.2402 0.5777, 0.054 1.2402 0.5742, 0.0308 1.2402 0.5535, 0.0005 1.2402 0.5374, -0.014 1.2402 0.5327, -0.0179 1.2402 0.5243, -0.0305 1.2402 0.5043, -0.0224 1.2402 0.5144, -0.035 1.2402 0.4986, -0.0516 1.2402 0.4859, -0.0712 1.2402 0.4775, -0.0914 1.2402 0.4742, -0.0947 1.2402 0.4741, -0.1154 1.2402 0.4765, -0.1725 1.2402 0.5243, -0.1345 1.2402 0.4837, -0.1516 1.2402 0.4954, -0.1596 1.2402 0.5043, -0.1649 1.2402 0.5101, -0.1751 1.2402 0.5291, -0.1802 1.2402 0.5501, -0.1807 1.2402 0.5589, -0.1808 1.2402 0.5674, -0.3008 1.2402 0.6298, -0.2746 1.2402 0.6752, -0.1598 1.2402 0.6163, -0.145 1.2402 0.6299, -0.1269 1.2402 0.6398, -0.1063 1.2402 0.645, -0.0959 1.2402 0.6457, -0.0756 1.2402 0.6434, -0.0566 1.2402 0.6363, -0.0391 1.2402 0.6243, -0.0249 1.2402 0.6083, -0.0153 1.2402 0.5899, 0.0032 1.2402 0.6015, 0.0184 1.2402 0.6173, 0.0286 1.2402 0.6349, 0.0345 1.2402 0.6558, 0.0354 1.2402 0.6689, 0.0338 1.2402 0.6812, 0.0327 1.2402 0.6895, 0.0253 1.2402 0.7085, 0.0203 1.2402 0.7156, 0.0133 1.2402 0.7254, -0.0016 1.2402 0.7385, -0.0207 1.2402 0.7485, -0.0418 1.2402 0.7533, -0.0506 1.2402 0.7537, -0.0704 1.2402 0.7511, -0.0895 1.2402 0.744, -0.0957 1.2402 0.7405, -0.1082 1.2402 0.7662, -0.1272 1.2402 0.7892, -0.151 1.2402 0.8066, -0.179 1.2402 0.8178, -0.2107 1.2402 0.8217, -0.3295 1.2402 0.7141, -0.3292 1.2402 0.7156, -0.3256 1.2402 0.7344, -0.3134 1.2402 0.7624, -0.295 1.2402 0.7861, -0.2893 1.2402 0.7915, -0.2653 1.2402 0.808, -0.2385 1.2402 0.8182, -0.3364 1.2402 0.7141, -0.3526 1.2402 0.7119, -0.3674 1.2402 0.7061, -0.3806 1.2402 0.6968, -0.3905 1.2402 0.6856, -0.3928 1.2402 0.6812, -0.3983 1.2402 0.6708, -0.4021 1.2402 0.6544, -0.4025 1.2402 0.647, -0.4003 1.2402 0.6304, -0.3944 1.2402 0.6152, -0.3849 1.2402 0.602, -0.3837 1.2402 0.6007, -0.3709 1.2402 0.5905, -0.3558 1.2402 0.5836, -0.3405 1.2402 0.5808, -0.3021 1.2402 0.5811, -0.3004 1.2402 0.5813, -0.2978 1.2402 0.5819, -0.297 1.2402 0.582, -0.2907 1.2402 0.5812, -0.2848 1.2402 0.579, -0.2795 1.2402 0.5754, -0.2751 1.2402 0.5706, -0.272 1.2402 0.5647, -0.2705 1.2402 0.5581, -0.2703 1.2402 0.5557, -0.2711 1.2402 0.5495, -0.2732 1.2402 0.5437, -0.2769 1.2402 0.5383, -0.2793 1.2402 0.5358, -0.2849 1.2402 0.5319, -0.2906 1.2402 0.5297, -0.2949 1.2402 0.529, -0.3453 1.2402 0.5287, -0.3729 1.2402 0.5342, -0.3991 1.2402 0.5465, -0.4233 1.2402 0.5666, -0.4399 1.2402 0.5892, -0.451 1.2402 0.616, -0.4554 1.2402 0.644, -0.0947 1.2402 0.5919, -0.1018 1.2402 0.5911, -0.1097 1.2402 0.5882, -0.1165 1.2402 0.5836, -0.122 1.2402 0.5774, -0.1256 1.2402 0.5704, -0.1275 1.2402 0.5624, -0.1275 1.2402 0.5546, -0.1254 1.2402 0.5464, -0.1214 1.2402 0.5391, -0.1157 1.2402 0.533, -0.109 1.2402 0.5287, -0.1015 1.2402 0.5261, -0.0942 1.2402 0.5253, -0.0867 1.2402 0.5263, -0.0788 1.2402 0.5293, -0.0721 1.2402 0.534, -0.0667 1.2402 0.5403, -0.0631 1.2402 0.5473, -0.0613 1.2402 0.5552, -0.0614 1.2402 0.5625, -0.0634 1.2402 0.5707, -0.0674 1.2402 0.5781, -0.0731 1.2402 0.5842, -0.0799 1.2402 0.5886, -0.0875 1.2402 0.5912, -0.0875 1.2402 0.5912
            ]
        }
        coordIndex [
            0,1,2,-1,3,4,5,-1,6,7,8,-1,9,10,2,-1,2,10,11,-1,2,11,0,-1,12,13,3,-1,3,13,14,-1,3,14,15,-1,15,14,16,-1,15,16,17,-1,18,1,19,-1,19,1,20,-1,19,20,21,-1,22,23,24,-1,24,23,25,-1,24,25,26,-1,26,25,27,-1,26,27,28,-1,28,27,29,-1,30,31,32,-1,32,31,33,-1,32,33,34,-1,34,33,35,-1,34,35,36,-1,36,35,37,-1,36,37,38,-1,17,39,15,-1,15,39,40,-1,15,40,41,-1,41,40,42,-1,8,7,43,-1,43,7,44,-1,43,44,45,-1,46,47,48,-1,48,47,49,-1,48,49,24,-1,24,49,50,-1,24,50,22,-1,51,52,9,-1,9,52,53,-1,9,53,10,-1,54,55,56,-1,56,55,57,-1,56,57,58,-1,58,57,59,-1,58,59,60,-1,60,59,61,-1,60,61,51,-1,51,61,62,-1,51,62,52,-1,63,64,12,-1,12,64,65,-1,12,65,66,-1,66,65,67,-1,66,67,68,-1,68,67,69,-1,68,69,70,-1,70,69,71,-1,70,71,72,-1,72,71,73,-1,72,73,74,-1,74,73,2,-1,74,2,75,-1,27,76,29,-1,29,76,77,-1,29,77,78,-1,78,77,79,-1,78,79,80,-1,80,79,81,-1,80,81,82,-1,82,81,6,-1,82,6,83,-1,83,6,8,-1,44,84,45,-1,45,84,85,-1,45,85,86,-1,86,85,87,-1,86,87,88,-1,88,87,89,-1,88,89,90,-1,90,89,91,-1,90,91,92,-1,92,91,93,-1,92,93,94,-1,38,37,95,-1,95,37,96,-1,95,96,97,-1,97,96,98,-1,97,98,99,-1,99,98,100,-1,99,100,101,-1,101,100,102,-1,101,102,46,-1,46,102,103,-1,46,103,47,-1,30,32,104,-1,104,32,105,-1,104,105,106,-1,106,105,107,-1,106,107,108,-1,108,107,109,-1,108,109,110,-1,110,109,111,-1,110,111,112,-1,112,111,113,-1,112,113,114,-1,114,113,115,-1,114,115,116,-1,116,115,117,-1,116,117,54,-1,54,117,118,-1,54,118,55,-1,18,119,1,-1,1,119,120,-1,1,120,2,-1,2,120,121,-1,2,121,75,-1,3,5,12,-1,12,5,122,-1,12,122,63,-1,20,123,21,-1,21,123,124,-1,21,124,125,-1,125,124,126,-1,125,126,127,-1,127,126,128,-1,127,128,129,-1,129,128,130,-1,129,130,131,-1,131,130,132,-1,131,132,133,-1,133,132,134,-1,133,134,135,-1,135,134,136,-1,135,136,42,-1,42,136,137,-1,42,137,41,-1,138,139,140,-1,141,142,143,-1,144,145,138,-1,138,145,146,-1,138,146,139,-1,93,147,94,-1,94,147,138,-1,94,138,148,-1,148,138,140,-1,144,138,143,-1,143,138,149,-1,143,149,141,-1,142,150,143,-1,143,150,151,-1,143,151,152,-1,82,153,154,-1,155,29,78,-1,82,154,80,-1,80,154,156,-1,80,156,78,-1,78,156,157,-1,78,157,155,-1,155,158,29,-1,29,158,159,-1,29,159,28,-1,28,159,160,-1,28,160,26,-1,26,160,161,-1,26,161,24,-1,24,161,162,-1,24,162,48,-1,48,162,163,-1,48,163,46,-1,46,163,164,-1,46,164,101,-1,164,165,101,-1,101,165,166,-1,101,166,99,-1,99,166,167,-1,99,167,97,-1,97,167,168,-1,97,168,95,-1,95,168,169,-1,95,169,38,-1,38,169,170,-1,38,170,36,-1,171,32,34,-1,36,170,172,-1,36,172,34,-1,34,172,173,-1,34,173,171,-1,32,171,174,-1,32,174,105,-1,105,174,175,-1,105,175,107,-1,107,175,176,-1,107,176,109,-1,109,176,177,-1,109,177,111,-1,111,177,178,-1,111,178,113,-1,113,178,179,-1,113,179,115,-1,180,57,55,-1,115,179,181,-1,115,181,117,-1,117,181,182,-1,117,182,118,-1,182,183,118,-1,118,183,184,-1,118,184,55,-1,55,184,185,-1,55,185,180,-1,57,180,186,-1,57,186,59,-1,59,186,187,-1,59,187,61,-1,61,187,188,-1,61,188,62,-1,62,188,189,-1,62,189,52,-1,52,189,190,-1,52,190,53,-1,53,190,191,-1,53,191,10,-1,10,191,192,-1,10,192,11,-1,11,192,193,-1,194,1,0,-1,11,193,0,-1,0,193,195,-1,0,195,194,-1,194,196,1,-1,1,196,197,-1,1,197,20,-1,20,197,198,-1,20,198,123,-1,123,198,199,-1,123,199,124,-1,124,199,200,-1,124,200,126,-1,126,200,201,-1,202,136,134,-1,126,201,128,-1,128,201,203,-1,128,203,130,-1,130,203,204,-1,130,204,132,-1,132,204,205,-1,132,205,134,-1,134,205,206,-1,134,206,202,-1,202,207,136,-1,136,207,208,-1,136,208,137,-1,137,208,209,-1,137,209,41,-1,15,41,210,-1,210,41,209,-1,3,15,211,-1,211,15,210,-1,4,3,212,-1,212,3,211,-1,5,4,213,-1,213,4,212,-1,5,213,214,-1,5,214,122,-1,122,214,215,-1,122,215,63,-1,63,215,216,-1,63,216,64,-1,64,216,217,-1,64,217,65,-1,65,217,218,-1,65,218,67,-1,67,218,219,-1,67,219,69,-1,69,219,220,-1,69,220,71,-1,71,220,221,-1,71,221,73,-1,73,221,222,-1,73,222,2,-1,2,222,223,-1,2,223,9,-1,9,223,224,-1,9,224,51,-1,51,224,225,-1,51,225,60,-1,60,225,226,-1,60,226,58,-1,58,226,227,-1,58,227,56,-1,54,56,228,-1,228,56,227,-1,228,229,54,-1,54,229,230,-1,54,230,116,-1,116,230,231,-1,116,231,114,-1,231,232,114,-1,114,232,233,-1,114,233,112,-1,112,233,234,-1,112,234,110,-1,110,234,235,-1,110,235,108,-1,108,235,236,-1,108,236,106,-1,106,236,237,-1,106,237,104,-1,104,237,238,-1,104,238,30,-1,30,238,239,-1,30,239,31,-1,31,239,240,-1,31,240,33,-1,33,240,241,-1,33,241,35,-1,35,241,242,-1,35,242,37,-1,37,242,243,-1,37,243,96,-1,96,243,244,-1,96,244,98,-1,245,22,246,-1,246,22,50,-1,246,50,247,-1,247,50,49,-1,247,49,248,-1,248,49,47,-1,248,47,249,-1,249,47,103,-1,249,103,250,-1,250,103,102,-1,250,102,251,-1,251,102,100,-1,251,100,252,-1,252,100,98,-1,252,98,244,-1,23,22,253,-1,253,22,245,-1,23,253,254,-1,23,254,25,-1,25,254,255,-1,25,255,27,-1,27,255,256,-1,27,256,76,-1,76,256,257,-1,76,257,77,-1,77,257,258,-1,77,258,79,-1,258,259,79,-1,79,259,260,-1,79,260,81,-1,81,260,261,-1,81,261,6,-1,6,261,262,-1,6,262,7,-1,7,262,263,-1,7,263,44,-1,44,263,264,-1,44,264,84,-1,84,264,265,-1,84,265,85,-1,85,265,266,-1,85,266,87,-1,87,266,267,-1,87,267,89,-1,89,267,268,-1,89,268,91,-1,93,91,269,-1,269,91,268,-1,93,269,270,-1,93,270,147,-1,147,270,271,-1,147,271,138,-1,138,271,272,-1,138,272,149,-1,149,272,273,-1,149,273,141,-1,141,273,274,-1,141,274,142,-1,142,274,275,-1,142,275,150,-1,150,275,276,-1,150,276,151,-1,151,276,277,-1,151,277,152,-1,152,277,278,-1,152,278,143,-1,143,278,279,-1,143,279,144,-1,144,279,280,-1,144,280,145,-1,145,280,281,-1,145,281,146,-1,146,281,282,-1,146,282,139,-1,139,282,283,-1,139,283,140,-1,140,283,284,-1,140,284,148,-1,148,284,285,-1,148,285,94,-1,94,285,286,-1,94,286,92,-1,90,92,287,-1,287,92,286,-1,90,287,288,-1,90,288,88,-1,88,288,289,-1,88,289,86,-1,86,289,290,-1,86,290,45,-1,45,290,291,-1,45,291,43,-1,43,291,292,-1,43,292,8,-1,8,292,293,-1,8,293,83,-1,83,293,153,-1,83,153,82,-1,12,294,295,-1,12,295,13,-1,13,295,296,-1,13,296,14,-1,14,296,297,-1,14,297,16,-1,16,297,298,-1,16,298,17,-1,17,298,299,-1,17,299,39,-1,39,299,300,-1,39,300,40,-1,40,300,301,-1,40,301,42,-1,42,301,302,-1,42,302,135,-1,135,302,303,-1,135,303,133,-1,133,303,304,-1,133,304,131,-1,131,304,305,-1,131,305,129,-1,129,305,306,-1,129,306,127,-1,127,306,307,-1,127,307,125,-1,125,307,308,-1,125,308,21,-1,21,308,309,-1,21,309,19,-1,19,309,310,-1,19,310,18,-1,18,310,311,-1,18,311,119,-1,119,311,312,-1,119,312,120,-1,120,312,313,-1,120,313,121,-1,121,313,314,-1,121,314,75,-1,75,314,315,-1,75,315,74,-1,74,315,316,-1,74,316,72,-1,72,316,317,-1,72,317,70,-1,70,317,318,-1,70,318,68,-1,68,318,319,-1,68,319,66,-1,66,319,294,-1,66,294,12,-1,
        ]
    }
}
Shape{
    appearance Appearance {
        material  Material 	{
            diffuseColor 0.8509803921568627 0.8509803921568627 0.8509803921568627
            specularColor 0.4235294117647059 0.4235294117647059 0.4235294117647059
            ambientIntensity 0.2
            transparency 0
            shininess 0.5
        }
    }
    geometry IndexedFaceSet {
        ccw TRUE
        solid FALSE
        coord DEF co Coordinate {
            point [
                -0.0947 1.2402 0.5919, -0.0942 1.2402 0.5253, -0.1015 1.2402 0.5261, -0.0799 1.2402 0.5886, -0.0614 1.2402 0.5625, -0.0875 1.2402 0.5912, -0.0613 1.2402 0.5552, -0.1275 1.2402 0.5624, -0.1256 1.2402 0.5704, -0.122 1.2402 0.5774, -0.1165 1.2402 0.5836, -0.0631 1.2402 0.5473, -0.0667 1.2402 0.5403, -0.0721 1.2402 0.534, -0.1097 1.2402 0.5882, -0.1018 1.2402 0.5911, -0.0731 1.2402 0.5842, -0.0674 1.2402 0.5781, -0.0634 1.2402 0.5707, -0.0788 1.2402 0.5293, -0.0867 1.2402 0.5263, -0.109 1.2402 0.5287, -0.1157 1.2402 0.533, -0.1275 1.2402 0.5546, -0.1214 1.2402 0.5391, -0.1254 1.2402 0.5464, -0.1254 1.2402 0.5464
            ]
        }
        coordIndex [
            0,1,2,-1,3,4,5,-1,5,4,6,-1,5,6,0,-1,7,8,2,-1,2,8,9,-1,2,9,10,-1,6,11,0,-1,0,11,12,-1,0,12,13,-1,10,14,2,-1,2,14,15,-1,2,15,0,-1,3,16,4,-1,4,16,17,-1,4,17,18,-1,13,19,0,-1,0,19,20,-1,0,20,1,-1,2,21,7,-1,7,21,22,-1,7,22,23,-1,23,22,24,-1,23,24,25,-1,
        ]
    }
}